frame,timestamp_s,stone_id,x_m,y_m,tarkka,n_runkopistetta,n_reunapistetta,rms_px,rengas_r_cm
2560,102.400,0,0.55450,28.61999,0,22,0,2.250,
2561,102.440,0,0.54146,28.77674,0,29,0,3.195,
2562,102.480,0,0.49011,28.73972,0,21,0,2.304,
2563,102.520,0,0.47528,28.93309,0,31,0,3.654,
2564,102.560,0,0.44652,28.86230,0,54,0,7.257,
2567,102.680,0,0.48817,29.01539,0,32,0,3.629,
2568,102.720,0,0.40720,29.35322,0,33,0,3.766,
2570,102.800,0,0.30810,29.38723,0,40,0,2.185,
2571,102.840,0,0.30280,29.46945,0,23,0,2.429,
2572,102.880,0,0.29706,29.46435,0,39,0,2.172,
2573,102.920,0,0.30198,29.57806,0,41,0,5.882,
2576,103.040,0,0.33994,29.53289,0,39,0,2.190,
2584,103.360,0,0.41144,29.41829,0,39,0,2.195,
2585,103.400,0,0.36002,29.42767,0,39,0,2.188,
2586,103.440,0,0.28940,29.58611,0,499,0,42.063,
2580,103.200,1,0.59418,31.63689,1,24,0,0.854,6.999
2581,103.240,1,0.58074,31.74325,0,39,0,2.188,
2582,103.280,1,0.57871,31.59751,0,29,0,3.510,
2583,103.320,1,0.59071,31.61334,0,30,0,3.712,
2584,103.360,1,0.56988,31.63074,0,39,0,2.195,
2585,103.400,1,0.55523,31.88503,0,39,0,2.188,
2586,103.440,1,0.52027,31.98859,0,499,0,42.063,
2587,103.480,1,0.56097,32.29030,0,36,0,5.470,
2588,103.520,1,0.51652,32.52796,0,67,0,5.815,
2589,103.560,0,0.25517,29.60506,0,512,0,41.876,
2590,103.600,0,0.25287,29.56635,0,519,0,40.233,
2591,103.640,0,0.26487,29.58635,0,501,0,46.463,
2592,103.680,0,0.23362,29.57027,0,459,0,47.509,
2593,103.720,0,0.23926,29.57764,0,487,0,43.273,
2599,103.960,1,0.39853,32.40624,0,487,0,35.028,
2605,104.200,1,0.51750,32.59558,0,448,0,37.737,
2600,104.000,2,0.60069,30.35063,1,28,0,1.250,6.999
2601,104.040,2,0.60693,30.50708,0,139,0,30.564,
2602,104.080,2,0.60351,30.41404,0,137,0,30.602,
2603,104.120,2,0.54352,30.28117,0,137,0,30.250,
2604,104.160,2,0.57359,30.38525,0,136,0,30.189,
2605,104.200,2,0.50250,30.00639,0,139,0,30.273,
2606,104.240,1,0.59449,31.83131,0,613,0,45.137,
2606,104.240,2,0.47476,29.97319,0,613,0,44.977,
2607,104.280,2,0.49378,30.17496,0,623,0,43.691,
2608,104.320,2,0.50651,30.06214,0,637,0,44.868,
2609,104.360,2,0.50982,30.15354,0,167,0,27.074,
2610,104.400,2,0.51403,30.20925,0,22,0,0.758,
2611,104.440,2,0.50806,30.13847,0,23,0,0.702,
2612,104.480,2,0.51395,30.19672,0,23,0,0.707,
2613,104.520,2,0.52106,30.17039,0,21,0,0.554,
2614,104.560,2,0.51167,30.18627,0,21,0,0.494,
2615,104.600,2,0.52309,30.30078,0,22,0,0.717,
2616,104.640,2,0.52171,30.36308,0,22,0,0.717,
2617,104.680,2,0.52217,30.35119,0,22,0,0.462,
2619,104.760,2,0.51022,30.73009,0,22,0,0.566,
2610,104.400,3,0.16180,30.80209,1,22,0,0.697,6.999
2611,104.440,3,0.16352,30.74135,1,23,0,0.704,6.999
2612,104.480,3,0.15919,30.78165,1,23,0,0.707,6.999
2613,104.520,3,0.15091,30.80504,1,21,0,0.563,6.999
2614,104.560,3,0.15553,30.90176,1,21,0,0.173,6.999
2615,104.600,3,0.15203,30.82923,1,22,0,0.723,6.999
2616,104.640,3,0.15845,30.85024,1,22,0,0.717,6.999
2617,104.680,3,0.15725,30.87064,1,22,0,0.756,6.999
2618,104.720,3,0.15782,30.83616,0,21,0,0.779,
2619,104.760,3,0.16221,31.00562,0,22,0,0.785,
2620,104.800,3,0.16777,31.10487,1,22,0,0.682,6.999
2621,104.840,2,0.50642,30.60217,0,22,0,0.704,
2621,104.840,3,0.16484,31.12287,1,22,0,0.708,6.999
2620,104.800,4,0.57378,33.89139,0,25,0,0.445,
2621,104.840,4,0.57040,33.23974,0,572,0,44.284,
2622,104.880,2,0.50333,30.57120,0,21,0,0.195,
2622,104.880,3,0.14730,31.05142,1,21,0,0.756,6.999
2622,104.880,4,0.57203,33.04672,0,21,0,0.749,
2623,104.920,2,0.50530,30.60502,0,22,0,0.405,
2623,104.920,3,0.13746,31.04799,1,22,0,0.791,6.999
2623,104.920,4,0.56648,32.86172,0,612,0,43.768,
2624,104.960,2,0.50690,30.63681,0,23,0,0.566,
2624,104.960,3,0.13641,31.07435,0,23,0,0.710,
2624,104.960,4,0.55068,32.56428,0,593,0,43.192,
2625,105.000,2,0.50941,30.78206,0,22,0,0.419,
2625,105.000,3,0.14959,31.08371,0,22,0,0.754,
2625,105.000,4,0.52401,31.85540,0,22,0,0.419,
2626,105.040,2,0.51142,30.83709,0,21,0,0.435,
2626,105.040,3,0.14808,31.14079,1,21,0,0.766,6.999
2626,105.040,4,0.52354,31.06821,0,21,0,0.435,
2627,105.080,3,0.14834,31.17691,1,21,0,0.754,6.999
2627,105.080,4,0.52669,31.06158,0,21,0,0.541,
2628,105.120,2,0.51708,30.84084,0,22,0,0.335,
2628,105.120,3,0.14106,31.18275,1,22,0,0.731,6.999
2628,105.120,4,0.51636,30.83377,0,22,0,0.335,
2629,105.160,2,0.50634,30.77289,0,22,0,0.770,
2629,105.160,3,0.16202,31.32820,1,22,0,0.766,6.999
2629,105.160,4,0.50608,30.77987,0,22,0,0.770,
2630,105.200,3,0.16073,31.26697,1,22,0,0.720,6.999
2630,105.200,4,0.52207,31.02846,0,22,0,0.723,
2631,105.240,3,0.16346,31.36102,1,22,0,0.718,6.999
2631,105.240,4,0.52129,31.44235,0,22,0,0.341,
2630,105.200,5,0.56850,33.34166,1,39,0,2.906,6.999
2631,105.240,5,0.56901,33.86275,0,22,0,0.718,
2632,105.280,3,0.16467,31.35699,1,24,0,0.341,6.999
2632,105.280,5,0.57404,34.28561,0,24,0,0.652,
2633,105.320,3,0.15699,31.29059,1,24,0,0.713,6.999
2633,105.320,4,0.54145,31.72577,0,24,0,0.429,
2634,105.360,3,0.16285,31.29975,1,22,0,0.709,6.999
2634,105.360,4,0.50541,31.03560,0,22,0,0.397,
2635,105.400,3,0.15563,31.32302,1,22,0,0.755,6.999
2635,105.400,4,0.49401,31.03305,0,22,0,0.329,
2636,105.440,3,0.15595,31.33255,1,23,0,0.755,6.999
2636,105.440,4,0.49570,31.04451,0,23,0,0.398,
2637,105.480,0,0.82398,29.44718,0,168,0,29.235,
2637,105.480,3,0.16124,31.40299,1,25,0,0.714,6.999
2637,105.480,4,0.51238,31.21637,0,25,0,0.714,
2638,105.520,0,0.82914,28.83171,0,124,0,25.792,
2638,105.520,3,0.16539,31.41421,1,25,0,0.705,6.999
2638,105.520,4,0.52338,31.21161,0,25,0,0.562,
2639,105.560,0,0.82504,28.23894,0,141,0,24.664,
2639,105.560,3,0.16276,31.57642,1,23,0,0.609,6.999
2639,105.560,4,0.49762,31.21027,0,23,0,0.609,
2640,105.600,0,0.80340,27.96650,0,141,0,24.549,
2640,105.600,3,0.15301,31.52115,1,26,0,0.622,6.999
2640,105.600,4,0.51841,31.21311,0,26,0,0.622,
2641,105.640,0,0.82201,28.20519,0,142,0,24.637,
2641,105.640,3,0.15726,31.51574,1,27,0,0.568,6.999
2641,105.640,4,0.50271,31.24244,0,27,0,0.569,
2642,105.680,0,0.83703,28.57350,0,143,0,24.453,
2642,105.680,3,0.13219,31.51760,1,27,0,0.569,6.999
2642,105.680,4,0.48928,31.21451,0,27,0,0.569,
2643,105.720,0,0.82241,28.69011,0,137,0,24.459,
2643,105.720,3,0.13130,31.53377,1,26,0,0.516,6.999
2643,105.720,4,0.50040,31.24741,0,26,0,0.516,
2644,105.760,0,0.84476,28.62764,0,146,0,24.232,
2644,105.760,3,0.13079,31.53465,1,25,0,0.557,6.999
2644,105.760,4,0.49748,31.21265,0,25,0,0.558,
2645,105.800,0,0.85156,28.75318,0,143,0,23.792,
2645,105.800,3,0.13479,31.70776,1,25,0,0.571,6.999
2645,105.800,4,0.49802,31.21102,0,25,0,1.620,
2646,105.840,0,0.85889,28.88180,0,135,0,23.313,
2646,105.840,3,0.12639,31.63800,1,22,0,0.638,6.999
2646,105.840,4,0.46764,31.22099,0,22,0,0.695,
2647,105.880,0,0.84830,28.86415,0,165,0,26.988,
2647,105.880,3,0.12689,31.64424,1,23,0,0.687,6.999
2647,105.880,4,0.48093,31.44102,0,23,0,0.499,
2648,105.920,0,0.83301,28.87521,0,130,0,22.550,
2648,105.920,3,0.12690,31.64424,1,23,0,0.687,6.999
2648,105.920,4,0.46977,31.26198,0,23,0,0.499,
2649,105.960,0,0.83112,28.84757,0,162,0,26.923,
2649,105.960,3,0.11897,31.70875,1,27,0,0.635,6.999
2649,105.960,4,0.47593,31.22345,0,27,0,0.635,
2650,106.000,0,0.81953,28.76165,0,139,0,28.220,
2650,106.000,3,0.13134,31.71231,1,26,0,0.633,6.999
2650,106.000,4,0.47766,31.34107,0,26,0,0.633,
2651,106.040,0,0.82400,28.88191,0,497,0,36.373,
2651,106.040,4,0.48513,31.45868,0,24,0,0.472,
2652,106.080,4,0.47046,31.44726,0,24,0,0.541,
2653,106.120,4,0.45003,31.44592,0,24,0,0.472,
2654,106.160,0,0.82034,28.62941,0,108,0,23.664,
2654,106.160,3,0.10477,31.73243,0,304,0,25.678,
2654,106.160,4,0.40680,31.41837,0,108,0,23.664,
2655,106.200,0,0.79296,28.63607,0,110,0,24.026,
2655,106.200,4,0.45584,31.49158,0,110,0,24.026,
2656,106.240,3,0.09732,31.73550,0,255,0,24.210,
2656,106.240,4,0.38029,31.48602,0,114,0,23.988,
2657,106.280,2,0.81009,29.67617,0,122,0,22.067,
2657,106.280,3,0.12358,31.73531,0,304,0,25.477,
2658,106.320,2,0.76185,29.26716,0,132,0,21.878,
2660,106.400,3,0.12421,31.71852,0,327,0,25.027,
2660,106.400,5,0.46933,33.56414,0,327,0,25.027,
2661,106.440,0,0.89769,28.26896,0,126,0,21.302,
2661,106.440,3,0.15136,31.72836,0,126,0,21.302,
2662,106.480,0,0.87826,28.27909,0,418,0,30.885,
2662,106.480,3,0.14985,31.72878,0,418,0,30.885,
2662,106.480,5,0.47166,33.84466,0,418,0,30.885,
2663,106.520,0,0.87916,28.37536,0,428,0,30.104,
2664,106.560,0,0.86848,28.34733,0,423,0,30.432,
2664,106.560,2,0.87099,28.33866,0,423,0,29.992,
2664,106.560,5,0.48907,34.09120,0,423,0,30.285,
2665,106.600,2,0.87832,28.30222,0,127,0,20.678,
2665,106.600,5,0.48635,34.09380,0,313,0,25.176,
2666,106.640,2,0.85077,28.62736,0,128,0,20.710,
2666,106.640,5,0.47789,33.56858,0,284,0,25.204,
2667,106.680,2,0.77634,27.90158,0,408,0,30.383,
2667,106.680,5,0.47429,33.51954,0,408,0,30.383,
2668,106.720,5,0.48467,33.33078,0,368,0,31.702,
2669,106.760,2,0.75286,27.56500,0,365,0,35.217,
2669,106.760,5,0.51175,34.08365,0,365,0,35.217,
2670,106.800,2,0.76300,27.57742,0,441,0,39.694,
2670,106.800,5,0.47486,33.56071,0,441,0,39.694,
2671,106.840,2,0.73652,27.05341,0,442,0,39.614,
2671,106.840,5,0.60013,33.80037,0,442,0,39.614,
2672,106.880,2,0.75092,26.92394,0,0,0,,
2672,106.880,5,0.69778,33.44057,0,443,0,39.207,
2673,106.920,2,0.70222,26.49139,0,0,0,,
2673,106.920,5,0.65878,33.47527,0,376,0,38.898,
2674,106.960,2,0.67817,26.21496,0,0,0,,
2674,106.960,5,0.68483,33.65495,0,377,0,29.405,
2675,107.000,2,0.67237,26.48455,0,0,0,,
2675,107.000,5,0.71551,33.88652,0,373,0,38.940,
2676,107.040,2,0.74261,25.85552,0,0,0,,
2676,107.040,5,0.65392,33.76876,0,370,0,39.250,
2677,107.080,2,0.70288,25.73720,0,0,0,,
2677,107.080,5,0.64584,33.59640,0,455,0,34.503,
2678,107.120,2,0.73681,25.61522,0,0,0,,
2678,107.120,5,0.68346,34.03855,0,443,0,34.842,
2679,107.160,2,0.73495,25.66684,0,0,0,,
2679,107.160,5,0.67747,34.32592,0,446,0,33.713,
2680,107.200,2,0.71674,25.05688,0,0,0,,
2681,107.240,2,0.67928,24.63619,0,0,0,,
2680,107.200,8,0.46020,31.65128,1,22,0,0.366,6.999
2681,107.240,8,0.56501,31.91869,0,23,0,0.661,
2682,107.280,2,0.67194,24.67491,0,0,0,,
2682,107.280,8,0.45966,31.67455,0,23,0,1.643,
2683,107.320,2,0.67069,24.76053,0,0,0,,
2683,107.320,3,0.47636,31.71643,0,21,0,0.861,
2683,107.320,8,0.47166,31.67455,0,21,0,1.613,
2684,107.360,2,0.67235,24.81280,0,0,0,,
2684,107.360,5,0.60957,33.36578,0,341,0,38.556,
2680,107.200,7,0.03232,32.17931,1,22,0,0.607,6.999
2681,107.240,7,0.04675,32.39808,1,23,0,0.661,6.999
2682,107.280,7,0.06325,32.42139,1,23,0,0.655,6.999
2683,107.320,7,0.04748,32.42630,1,21,0,0.718,6.999
2684,107.360,7,0.05053,32.48005,1,21,0,0.638,6.999
2684,107.360,8,0.54914,31.78248,0,21,0,0.536,
2685,107.400,2,0.67295,24.76277,0,0,0,,
2685,107.400,5,0.58002,32.57632,0,21,0,0.638,
2685,107.400,7,0.04698,32.36075,1,21,0,0.638,6.999
2685,107.400,8,0.55321,31.84808,0,21,0,0.536,
2686,107.440,2,0.67356,24.76444,0,0,0,,
2686,107.440,5,0.54518,31.76500,0,21,0,0.537,
2686,107.440,7,0.04955,32.40905,1,21,0,0.537,6.999
2686,107.440,8,0.55275,31.82036,0,21,0,0.537,
2687,107.480,2,0.66760,24.81675,0,0,0,,
2687,107.480,3,0.44133,31.67263,0,21,0,0.431,
2687,107.480,5,0.44316,31.70871,0,21,0,0.472,
2687,107.480,7,0.02811,32.42910,1,21,0,0.698,6.999
2687,107.480,8,0.43159,31.63971,0,21,0,0.472,
2688,107.520,2,0.68034,24.88857,0,0,0,,
2688,107.520,5,0.44824,31.83169,0,22,0,0.268,
2688,107.520,7,0.02760,32.37509,1,22,0,0.268,6.999
2688,107.520,8,0.44120,31.91058,0,22,0,0.268,
2689,107.560,2,0.67220,24.90964,0,0,0,,
2689,107.560,5,0.43494,31.84382,0,21,0,0.122,
2689,107.560,7,0.02505,32.42536,1,21,0,0.817,6.999
2690,107.600,2,0.68142,24.93426,0,0,0,,
2690,107.600,5,0.44483,31.79141,0,21,0,0.206,
2690,107.600,7,0.01909,32.43863,1,21,0,0.308,6.999
2691,107.640,2,0.69691,24.96962,0,0,0,,
2691,107.640,5,0.44993,31.84454,0,21,0,0.396,
2691,107.640,7,0.02761,32.46192,1,21,0,0.688,6.999
2692,107.680,2,0.68153,24.91352,0,0,0,,
2692,107.680,5,0.43546,31.90966,0,23,0,0.863,
2692,107.680,7,0.03375,32.51320,1,23,0,0.712,6.999
2693,107.720,2,0.69787,25.11774,0,0,0,,
2693,107.720,7,0.01122,32.44152,0,487,0,26.645,
2694,107.760,2,0.71618,25.23913,0,0,0,,
2694,107.760,7,0.03383,32.50933,0,460,0,25.824,
2695,107.800,2,0.70622,25.37947,0,205,0,22.532,
2695,107.800,7,0.02536,32.45716,0,205,0,22.532,
2696,107.840,2,0.72648,25.28657,0,202,0,22.824,
2696,107.840,7,0.01771,32.48522,1,23,0,0.619,6.999
2697,107.880,2,0.73144,25.40855,0,0,0,,
2697,107.880,7,0.02206,32.43944,0,411,0,27.557,
2698,107.920,2,0.78868,25.33635,0,0,0,,
2698,107.920,5,0.24445,32.38870,0,433,0,27.173,
2698,107.920,7,0.02332,32.68146,0,433,0,27.173,
2699,107.960,2,0.77190,25.44333,0,0,0,,
2699,107.960,5,0.32894,32.42398,0,380,0,29.053,
2699,107.960,7,-0.00373,32.68844,0,380,0,28.919,
2700,108.000,2,0.79376,25.28736,0,0,0,,
2700,108.000,5,0.33579,32.40804,0,404,0,27.834,
2700,108.000,7,0.02870,32.67843,0,404,0,27.834,
2701,108.040,5,0.34067,32.43480,0,116,0,19.355,
2701,108.040,7,-0.00183,32.61460,0,336,0,23.384,
2702,108.080,5,0.37660,32.43021,0,20,0,0.432,
2702,108.080,7,-0.00040,32.74871,1,20,0,0.674,6.999
2703,108.120,5,0.38307,32.65977,0,20,0,0.432,
2703,108.120,7,-0.00430,32.63239,1,20,0,0.674,6.999
2704,108.160,5,0.37964,32.65876,0,22,0,0.556,
2704,108.160,7,-0.00291,32.67279,1,22,0,0.745,6.999
2705,108.200,5,0.36591,32.60062,0,22,0,0.726,
2705,108.200,7,-0.00256,32.70367,1,22,0,0.726,6.999
2706,108.240,5,0.35391,32.64892,0,23,0,0.724,
2706,108.240,7,0.00136,32.67533,1,23,0,0.723,6.999
2707,108.280,5,0.34324,32.62065,0,23,0,0.743,
2707,108.280,7,-0.00097,32.72228,1,23,0,0.742,6.999
2708,108.320,5,0.27969,32.62539,0,23,0,0.684,
2708,108.320,7,0.00541,32.90396,1,23,0,0.681,6.999
2709,108.360,5,0.25027,32.63844,0,23,0,0.666,
2709,108.360,7,0.00523,32.89297,1,23,0,0.662,6.999
2710,108.400,5,0.25814,32.63761,0,33,0,2.473,
2710,108.400,7,0.04159,32.82719,0,33,0,2.473,
2711,108.440,7,0.01530,32.91570,0,23,0,2.076,
2712,108.480,5,0.21526,32.63525,0,170,0,15.209,
2712,108.480,7,0.03843,32.71943,0,170,0,15.209,
2713,108.520,5,0.22423,32.69232,0,170,0,15.294,
2713,108.520,7,0.10237,32.89207,0,170,0,15.294,
2714,108.560,5,0.16509,32.64603,0,161,0,14.791,
2714,108.560,7,0.04818,32.92614,0,161,0,14.791,
2715,108.600,7,0.06668,32.93619,0,31,0,2.189,
2716,108.640,7,0.05116,32.89822,0,156,0,15.955,
2717,108.680,7,0.05253,32.95210,0,271,0,25.014,
2718,108.720,7,0.06100,32.90236,0,151,0,15.368,
2719,108.760,7,0.02049,32.83380,0,161,0,14.629,
2720,108.800,7,0.04834,32.91842,0,161,0,14.412,
2721,108.840,7,0.01675,32.82572,0,108,0,9.017,
2722,108.880,7,-0.00176,32.89888,0,92,0,8.330,
2723,108.920,7,0.02468,32.94849,0,92,0,8.400,
2724,108.960,7,0.01792,32.82931,0,78,0,8.835,
2730,109.200,9,-0.02302,32.85647,1,22,0,0.278,6.999
2731,109.240,9,-0.01102,32.91646,0,92,0,8.202,
2732,109.280,9,-0.06966,32.92407,0,91,0,8.944,
2733,109.320,9,-0.04521,32.89907,0,100,0,8.673,
2734,109.360,9,-0.04675,33.05333,0,90,0,8.178,
2735,109.400,9,-0.04338,33.10757,0,73,0,8.782,
2736,109.440,9,-0.07714,33.22061,0,102,0,8.536,
2737,109.480,9,-0.03644,33.15241,0,94,0,8.839,
2738,109.520,9,-0.01333,33.14285,0,87,0,8.346,
2739,109.560,9,-0.00133,33.15410,0,92,0,8.958,
2740,109.600,9,0.09589,33.11958,0,17,0,1.004,
2741,109.640,9,0.09438,33.13435,0,106,0,8.791,
2742,109.680,9,0.09166,33.13308,0,96,0,8.936,
2743,109.720,9,0.04494,33.18113,0,405,0,26.162,
2744,109.760,9,0.00062,33.16997,0,69,0,7.505,
2745,109.800,9,-0.05524,33.41872,0,70,0,7.453,
2746,109.840,9,0.00765,33.40136,0,83,0,8.729,
2747,109.880,9,0.00622,33.39594,0,99,0,8.728,
2748,109.920,9,0.18893,33.19720,1,28,0,3.518,6.999
2749,109.960,9,0.18775,33.31720,0,96,0,8.611,
2750,110.000,9,0.17728,33.14634,0,129,0,10.404,
2751,110.040,9,0.15352,33.16569,0,465,0,30.061,
2752,110.080,9,0.17783,33.14098,0,119,0,12.944,
2753,110.120,9,0.14971,33.09161,0,82,0,7.553,
2754,110.160,9,0.16021,33.12413,0,126,0,12.469,
2755,110.200,9,0.17020,33.34742,0,114,0,12.851,
2756,110.240,9,0.16124,33.45365,0,116,0,12.625,
2757,110.280,9,0.19624,33.40182,0,367,0,31.739,
2758,110.320,9,0.16924,33.64235,0,23,0,1.668,
2759,110.360,9,0.17872,33.66288,0,24,0,1.621,
2760,110.400,9,0.19746,33.65329,0,404,0,32.343,
2761,110.440,5,0.87148,32.24935,0,290,0,24.401,
2761,110.440,9,0.20680,33.61640,0,290,0,24.400,
2762,110.480,9,0.31586,33.39081,0,291,0,24.347,
2763,110.520,9,0.32269,33.59347,0,329,0,25.902,
2764,110.560,5,0.87954,31.97833,0,21,0,1.246,
2764,110.560,9,0.34480,33.57953,0,421,0,30.607,
2765,110.600,5,0.87943,31.57870,0,21,0,1.246,
2765,110.600,9,0.37482,33.57961,0,321,0,24.267,
2766,110.640,5,0.90319,31.82058,0,328,0,26.889,
2767,110.680,5,0.81385,31.83981,0,311,0,25.236,
2768,110.720,5,0.83900,31.83430,0,410,0,30.341,
2769,110.760,5,0.88636,31.87565,0,402,0,30.875,
2770,110.800,5,0.84867,31.92399,0,310,0,34.028,
2771,110.840,5,0.87585,31.60933,0,289,0,29.329,
2772,110.880,5,0.92024,31.66920,0,32,0,1.690,
2773,110.920,5,1.00529,31.92448,0,27,0,1.565,
2774,110.960,5,0.96861,31.15718,0,24,0,1.571,
2775,111.000,5,1.02709,31.56177,0,28,0,1.397,
2776,111.040,5,1.04139,31.65094,0,23,0,1.325,
2778,111.120,5,1.01328,30.96450,0,20,0,1.304,
2781,111.240,5,0.98374,31.00224,0,19,0,1.495,
2782,111.280,5,1.02559,31.65127,0,19,0,1.473,
2783,111.320,5,0.99973,31.66026,0,19,0,1.473,
2784,111.360,5,0.87456,31.02312,0,476,0,28.969,
2785,111.400,5,0.77513,30.89964,0,43,0,6.984,
2790,111.600,10,0.60038,29.66817,1,18,0,0.159,6.999
2791,111.640,10,0.57520,29.78042,0,0,0,,
2792,111.680,10,0.57171,29.71440,0,342,0,29.947,
2793,111.720,10,0.57222,29.71836,0,52,0,4.583,
2794,111.760,10,0.57742,29.82611,0,52,0,5.307,
2795,111.800,10,0.59207,30.13256,0,52,0,5.155,
2796,111.840,10,0.54010,30.19631,0,272,0,25.184,
2797,111.880,10,0.51635,30.24577,0,312,0,24.690,
2798,111.920,10,0.56782,29.92307,0,327,0,24.590,
2801,112.040,9,0.67957,32.92499,0,336,0,32.578,
2801,112.040,10,0.56724,30.16982,0,336,0,32.578,
2802,112.080,9,0.65609,32.19557,0,368,0,31.874,
2802,112.080,10,0.56387,30.14135,0,368,0,31.874,
2803,112.120,9,0.65752,32.12933,0,376,0,31.675,
2803,112.120,10,0.56450,30.15280,0,376,0,31.675,
2804,112.160,9,0.65894,32.13311,0,379,0,31.849,
2804,112.160,10,0.56514,30.16419,0,379,0,31.849,
2805,112.200,9,0.65493,32.09043,0,365,0,30.801,
2805,112.200,10,0.56577,30.15563,0,365,0,30.801,
2806,112.240,9,0.65559,32.14949,0,353,0,30.614,
2806,112.240,10,0.56640,30.16700,0,353,0,30.614,
2807,112.280,9,0.64773,32.12425,0,433,0,30.504,
2807,112.280,10,0.56703,30.17831,0,433,0,30.504,
2808,112.320,9,0.67495,32.42104,0,470,0,29.148,
2808,112.320,10,0.56766,30.18955,0,470,0,29.148,
2809,112.360,9,0.66996,32.39144,0,355,0,24.027,
2809,112.360,10,0.54033,30.21130,0,355,0,24.027,
2810,112.400,9,0.68945,32.56136,0,335,0,31.977,
2811,112.440,9,0.68411,32.62566,0,466,0,30.107,
2811,112.440,10,0.55961,30.33167,0,466,0,30.107,
2810,112.400,12,0.54476,30.64025,1,14,0,1.106,6.999
2811,112.440,12,0.54977,30.34563,0,466,0,30.107,
2812,112.480,9,0.68550,32.74331,0,361,0,31.544,
2812,112.480,10,0.55342,30.47516,0,361,0,31.544,
2812,112.480,12,0.55313,30.49490,0,361,0,31.544,
2813,112.520,9,0.69001,32.63582,0,342,0,31.882,
2813,112.520,10,0.57771,30.38375,0,342,0,31.882,
2813,112.520,12,0.57409,30.30774,0,342,0,31.882,
2814,112.560,5,0.59071,30.53060,0,431,0,28.854,
2814,112.560,9,0.71684,32.78834,0,431,0,28.854,
2814,112.560,10,0.55705,30.58353,0,431,0,28.854,
2815,112.600,5,0.55954,30.56996,0,303,0,30.763,
2815,112.600,10,0.55780,30.55265,0,303,0,30.763,
2816,112.640,5,0.55628,30.54910,0,498,0,34.807,
2816,112.640,10,0.57204,30.55940,0,498,0,34.807,
2817,112.680,5,0.56905,30.84389,0,243,0,20.431,
2818,112.720,5,0.55241,30.70871,0,195,0,18.462,
2819,112.760,5,0.47419,31.00207,0,235,0,19.403,
2820,112.800,5,0.48317,31.02483,0,247,0,19.483,
2821,112.840,5,0.47430,31.22271,0,143,0,18.178,
2822,112.880,5,0.47727,31.22620,0,244,0,19.027,
2824,112.960,5,0.48283,31.26016,0,425,0,31.512,
2825,113.000,5,0.56149,31.23344,0,512,0,34.579,
2826,113.040,5,0.53500,30.97773,0,441,0,28.920,
2826,113.040,9,0.65592,32.79097,0,441,0,28.920,
2827,113.080,5,0.54964,30.99631,0,427,0,28.010,
2828,113.120,5,0.53685,31.00514,0,434,0,27.753,
2829,113.160,5,0.52349,31.00599,0,395,0,29.240,
2830,113.200,5,0.53385,31.23485,0,388,0,28.514,
2831,113.240,5,0.51503,31.16865,0,437,0,27.499,
2832,113.280,5,0.52117,31.20936,0,412,0,26.686,
2833,113.320,5,0.53214,31.20464,0,370,0,34.712,
2834,113.360,5,0.52911,31.17012,0,384,0,33.688,
2835,113.400,5,0.53008,31.17557,0,379,0,34.987,
2836,113.440,5,0.53105,31.18099,0,271,0,27.065,
2837,113.480,5,0.50535,31.26335,0,271,0,26.742,
2838,113.520,5,0.47726,31.19444,0,264,0,25.885,
2890,115.600,13,0.38925,33.12272,1,16,0,0.556,6.999
2891,115.640,13,0.39377,33.08416,0,38,0,1.772,
2892,115.680,13,0.40295,33.24423,0,38,0,1.767,
2893,115.720,13,0.40244,33.38576,0,36,0,1.575,
2894,115.760,13,0.40666,33.39035,0,37,0,1.650,
2895,115.800,13,0.40072,33.37452,0,34,0,1.607,
2896,115.840,13,0.41272,33.29542,0,34,0,1.607,
2897,115.880,13,0.40113,33.37063,0,36,0,1.567,
2898,115.920,13,0.39396,33.34641,0,36,0,1.571,
2899,115.960,13,0.39618,33.37608,0,36,0,1.573,
2900,116.000,13,0.40168,33.35162,0,34,0,5.147,
2901,116.040,13,0.40901,33.31927,0,36,0,1.570,
2902,116.080,13,0.37960,33.38110,0,38,0,1.767,
2903,116.120,13,0.37249,33.35467,0,35,0,5.408,
2904,116.160,13,0.50507,33.37882,0,34,0,5.479,
2905,116.200,13,0.50839,33.13431,0,36,0,1.573,
2909,116.360,13,0.45453,33.59147,0,33,0,5.577,
2910,116.400,13,0.40297,33.57946,0,35,0,1.694,
2911,116.440,13,0.40090,33.56883,0,36,0,1.674,
2912,116.480,13,0.38257,33.69140,0,37,0,1.890,
2913,116.520,13,0.38992,33.59681,0,39,0,1.848,
2914,116.560,13,0.37395,33.62940,0,39,0,1.844,
2915,116.600,13,0.38716,33.84874,0,89,0,8.313,
2916,116.640,13,0.38455,33.78315,0,39,0,1.835,
2917,116.680,13,0.36334,33.79497,0,39,0,1.844,
2918,116.720,13,0.36074,33.80235,0,36,0,5.110,
2919,116.760,13,0.33031,33.78866,0,34,0,5.001,
2920,116.800,13,0.35815,33.66776,1,31,0,0.344,6.999
2921,116.840,13,0.32455,33.66247,1,19,0,0.881,6.999
2922,116.880,13,0.29406,33.69101,1,19,0,0.889,6.999
2923,116.920,13,0.33911,33.65989,1,19,0,0.881,6.999
2924,116.960,13,0.29664,33.67084,1,19,0,0.871,6.999
2925,117.000,13,0.27457,33.62904,0,31,0,1.249,
2926,117.040,13,0.26735,33.66876,1,20,0,1.412,6.999
2929,117.160,13,0.26647,33.72280,0,38,0,1.525,
2930,117.200,13,0.26420,33.71529,0,39,0,1.608,
2935,117.400,13,0.23678,33.63515,0,31,0,4.247,
3100,124.000,14,-0.57638,28.99305,1,20,0,1.045,6.999
3101,124.040,14,-0.57766,29.04166,1,22,0,0.927,6.999
3102,124.080,14,-0.57504,29.08171,1,21,0,1.147,6.999
3103,124.120,14,-0.57018,29.26824,1,22,0,1.083,6.999
3104,124.160,14,-0.55982,29.25683,1,22,0,1.127,6.999
3105,124.200,14,-0.56920,29.36428,1,22,0,0.810,6.999
3106,124.240,14,-0.55753,29.33329,1,24,0,0.449,6.999
3107,124.280,14,-0.55861,29.43924,1,23,0,0.887,6.999
3108,124.320,14,-0.56261,29.42643,1,24,0,0.834,6.999
3109,124.360,14,-0.55682,29.47802,1,23,0,1.011,6.999
3110,124.400,14,-0.54622,29.39067,1,24,0,1.035,6.999
3111,124.440,14,-0.55697,29.54916,1,24,0,1.014,6.999
3112,124.480,14,-0.55529,29.55905,1,22,0,0.686,6.999
3113,124.520,14,-0.54061,29.65731,1,24,0,0.984,6.999
3114,124.560,14,-0.54080,29.65721,1,24,0,0.873,6.999
3115,124.600,14,-0.54066,29.69221,1,24,0,0.928,6.999
3116,124.640,14,-0.54575,29.72053,1,22,0,0.887,6.999
3117,124.680,14,-0.53129,29.76793,1,22,0,0.762,6.999
3118,124.720,14,-0.53644,29.84153,1,22,0,0.775,6.999
3119,124.760,14,-0.54302,29.86683,1,22,0,0.985,6.999
3120,124.800,14,-0.54631,29.86718,1,22,0,0.985,6.999
3130,125.200,15,-0.52822,30.26109,1,24,0,0.773,6.999
3131,125.240,15,-0.52694,30.25107,1,24,0,0.790,6.999
3132,125.280,15,-0.51771,30.24497,1,24,0,0.781,6.999
3133,125.320,15,-0.51629,30.27308,1,24,0,0.854,6.999
3134,125.360,15,-0.52115,30.33727,1,22,0,0.814,6.999
3135,125.400,15,-0.50806,30.39240,1,22,0,0.846,6.999
3136,125.440,15,-0.50565,30.46781,1,23,0,0.811,6.999
3137,125.480,15,-0.50293,30.45011,1,22,0,0.643,6.999
3138,125.520,15,-0.49841,30.45284,1,22,0,0.797,6.999
3139,125.560,15,-0.50621,30.45878,1,23,0,0.735,6.999
3140,125.600,15,-0.50228,30.49273,1,22,0,1.028,6.999
3141,125.640,15,-0.50247,30.51788,1,20,0,1.134,6.999
3142,125.680,15,-0.49625,30.58867,1,20,0,1.228,6.999
3143,125.720,15,-0.49867,30.71203,1,20,0,1.083,6.999
3144,125.760,15,-0.50085,30.68344,1,21,0,0.814,6.999
3145,125.800,15,-0.49130,30.71031,1,21,0,0.963,6.999
3146,125.840,15,-0.48257,30.71936,1,20,0,1.019,6.999
3147,125.880,15,-0.47699,30.80781,1,20,0,1.206,6.999
3148,125.920,15,-0.47708,30.81175,1,20,0,1.259,6.999
3149,125.960,15,-0.47925,30.95536,1,19,0,1.092,6.999
3150,126.000,15,-0.48019,30.94630,1,20,0,1.112,6.999
3151,126.040,15,-0.47115,30.86885,1,19,0,0.905,6.999
3152,126.080,15,-0.47401,30.96393,1,20,0,0.593,6.999
3153,126.120,15,-0.47421,31.02571,1,21,0,0.856,6.999
3154,126.160,15,-0.46117,31.12590,1,21,0,0.856,6.999
3155,126.200,15,-0.45159,31.11300,1,22,0,0.717,6.999
3156,126.240,15,-0.45160,31.11301,1,22,0,0.717,6.999
3157,126.280,15,-0.45158,31.11301,1,22,0,0.717,6.999
3158,126.320,15,-0.45489,31.09324,1,22,0,0.797,6.999
3159,126.360,15,-0.45674,31.08720,1,21,0,1.113,6.999
3180,127.200,16,-0.40784,31.79505,1,22,0,0.643,6.999
3181,127.240,16,-0.41003,31.78728,1,23,0,0.615,6.999
3182,127.280,16,-0.41141,31.76504,1,23,0,0.649,6.999
3183,127.320,16,-0.40310,31.87948,1,22,0,0.719,6.999
3184,127.360,16,-0.39835,31.88213,1,23,0,0.366,6.999
3185,127.400,16,-0.38694,31.81965,1,23,0,0.702,6.999
3186,127.440,16,-0.37833,32.00773,1,22,0,0.776,6.999
3187,127.480,16,-0.38109,32.01318,1,23,0,0.643,6.999
3188,127.520,16,-0.38106,32.01316,1,23,0,0.643,6.999
3189,127.560,16,-0.39502,32.01559,1,22,0,0.643,6.999
3190,127.600,16,-0.39499,32.01554,1,22,0,0.643,6.999
3191,127.640,16,-0.38933,32.03240,1,22,0,0.716,6.999
3192,127.680,16,-0.40313,32.08993,1,21,0,0.702,6.999
3193,127.720,16,-0.37709,32.09901,1,22,0,0.647,6.999
3194,127.760,16,-0.37220,32.04934,1,22,0,0.642,6.999
3195,127.800,16,-0.37101,32.21607,1,22,0,0.653,6.999
3196,127.840,16,-0.37092,32.23654,1,22,0,0.604,6.999
3197,127.880,16,-0.38566,32.22024,1,23,0,0.613,6.999
3198,127.920,16,-0.37297,32.22837,1,23,0,0.603,6.999
3199,127.960,16,-0.37232,32.26428,1,23,0,0.572,6.999
3200,128.000,16,-0.35495,32.29331,1,22,0,0.651,6.999
3201,128.040,16,-0.33720,32.36909,1,22,0,0.657,6.999
3202,128.080,16,-0.36940,32.26780,0,146,0,18.608,
3203,128.120,16,-0.38355,32.19471,0,128,0,19.528,
3204,128.160,16,-0.37594,32.10188,0,141,0,18.379,
3205,128.200,16,-0.36887,32.04471,0,101,0,13.970,
3206,128.240,16,-0.33886,32.13740,0,87,0,14.010,
3207,128.280,16,-0.42158,31.90985,0,102,0,13.270,
3210,128.400,18,-0.58524,32.05814,1,17,0,0.374,6.999
3211,128.440,18,-0.59375,32.09589,0,86,0,11.839,
3212,128.480,18,-0.57075,32.04089,0,85,0,11.717,
3213,128.520,18,-0.58117,32.27021,0,118,0,18.663,
3214,128.560,18,-0.58970,32.30669,0,60,0,9.365,
3215,128.600,18,-0.56104,32.30325,0,76,0,11.106,
3216,128.640,18,-0.56136,32.37217,0,76,0,11.031,
3217,128.680,18,-0.56428,32.32580,0,81,0,11.082,
3218,128.720,18,-0.55234,32.31149,0,75,0,10.825,
3219,128.760,18,-0.56274,32.55005,0,71,0,10.563,
3220,128.800,18,-0.56236,32.54807,0,78,0,11.182,
3221,128.840,18,-0.56199,32.54797,0,96,0,11.783,
3222,128.880,18,-0.56161,32.49566,0,89,0,12.556,
3223,128.920,18,-0.54981,32.47946,0,70,0,10.644,
3224,128.960,18,-0.56181,32.59946,0,69,0,11.042,
3225,129.000,18,-0.56144,32.58134,0,71,0,10.714,
3226,129.040,18,-0.55173,32.50903,0,106,0,12.651,
3227,129.080,18,-0.55799,32.56760,0,116,0,13.029,
3228,129.120,18,-0.54712,32.65200,0,121,0,12.846,
3229,129.160,18,-0.52743,32.52049,0,96,0,12.738,
3230,129.200,18,-0.53044,32.52943,0,99,0,12.956,
3231,129.240,18,-0.53278,32.54748,0,121,0,13.693,
3232,129.280,18,-0.52999,32.83895,0,107,0,12.081,
3233,129.320,18,-0.52015,32.76656,0,108,0,12.056,
3234,129.360,18,-0.52040,33.00789,0,75,0,10.259,
3235,129.400,18,-0.52527,33.00816,0,98,0,12.500,
3236,129.440,18,-0.52948,33.00754,0,80,0,10.390,
3237,129.480,18,-0.51914,33.01348,0,116,0,12.573,
3238,129.520,18,-0.61499,33.02574,0,114,0,12.138,
3239,129.560,18,-0.64838,33.03040,0,119,0,12.075,
3240,129.600,19,-0.26600,33.04561,1,21,0,0.195,6.999
3241,129.640,19,-0.26836,33.14813,0,70,0,10.035,
3242,129.680,19,-0.25639,33.22086,0,91,0,9.910,
3243,129.720,19,-0.24777,33.19338,0,115,0,11.029,
3244,129.760,19,-0.25351,33.16842,0,121,0,10.932,
3245,129.800,19,-0.24449,33.20254,0,108,0,10.937,
3246,129.840,19,-0.24656,33.16645,0,112,0,11.106,
3247,129.880,19,-0.24894,33.20288,0,109,0,11.913,
3248,129.920,19,-0.26844,33.20384,0,118,0,11.317,
3249,129.960,19,-0.26227,33.21452,0,116,0,11.322,
3250,130.000,19,-0.26564,33.30402,0,109,0,11.803,
3251,130.040,19,-0.27068,33.24035,0,80,0,10.131,
3252,130.080,19,-0.29461,33.48720,0,106,0,11.996,
3253,130.120,19,-0.29017,33.45007,0,111,0,11.657,
3254,130.160,19,-0.29264,33.45143,0,86,0,9.484,
3255,130.200,19,-0.30954,33.39594,0,113,0,11.630,
3256,130.240,19,-0.31863,33.47339,0,77,0,9.835,
3257,130.280,19,-0.33559,33.48388,0,114,0,11.601,
3258,130.320,19,-0.35047,33.47069,0,57,0,8.419,
3259,130.360,19,-0.37927,33.46753,0,98,0,10.861,
3260,130.400,19,-0.40354,33.53628,0,69,0,7.463,
3261,130.440,19,-0.39373,33.46727,0,72,0,7.643,
3262,130.480,19,-0.44353,33.47152,0,60,0,7.719,
3263,130.520,19,-0.45939,33.55226,0,75,0,7.428,
3264,130.560,19,-0.46449,33.47258,0,64,0,7.139,
3265,130.600,19,-0.45299,33.56218,0,82,0,7.983,
3266,130.640,19,-0.45756,33.50475,0,84,0,7.967,
3267,130.680,19,-0.46211,33.50141,0,99,0,8.830,
3268,130.720,19,-0.46263,33.74984,0,99,0,8.826,
3269,130.760,19,-0.46315,33.77004,0,67,0,8.176,
3270,130.800,19,-0.46369,33.81185,0,75,0,8.150,
3271,130.840,19,-0.45039,33.75068,0,75,0,8.158,
3272,130.880,19,-0.44839,33.76989,0,39,0,2.528,
3273,130.920,19,-0.45887,33.83626,0,38,0,2.402,
3274,130.960,19,-0.45428,33.76188,0,51,0,6.921,
3460,138.400,20,0.60048,29.76275,0,31,0,1.438,
3461,138.440,20,0.57264,29.75899,0,53,0,8.639,
3464,138.560,20,0.59040,30.13144,0,26,0,4.761,
3460,138.400,21,-0.12682,32.96604,1,21,0,0.377,6.999
3461,138.440,21,-0.12057,32.93357,0,95,0,8.305,
3462,138.480,21,-0.12383,32.98741,0,110,0,11.123,
3463,138.520,21,-0.13309,32.76345,0,197,0,19.191,
3464,138.560,21,-0.12665,32.71231,0,62,0,6.617,
3465,138.600,20,0.53584,30.16061,0,26,0,4.754,
3465,138.600,21,-0.11564,32.71358,0,68,0,6.531,
3466,138.640,20,0.59034,30.11243,0,26,0,4.780,
3466,138.640,21,-0.13501,32.50664,0,86,0,7.876,
3467,138.680,20,0.61829,30.15572,0,102,0,12.212,
3467,138.680,21,-0.11478,32.46451,0,84,0,6.566,
3468,138.720,20,0.61961,30.18235,0,100,0,12.292,
3468,138.720,21,-0.14381,32.29712,0,97,0,7.915,
3469,138.760,20,0.65168,30.26826,0,79,0,12.872,
3469,138.760,21,-0.15103,32.27340,0,142,0,12.757,
3470,138.800,20,0.69537,30.34442,0,77,0,12.246,
3470,138.800,21,-0.14684,32.23810,0,74,0,7.139,
3471,138.840,20,0.82288,30.19887,0,87,0,11.636,
3471,138.840,21,-0.14485,32.01992,0,132,0,11.390,
3472,138.880,20,0.83791,30.21665,0,87,0,11.207,
3472,138.880,21,-0.14844,32.03940,0,107,0,11.332,
3473,138.920,20,0.85596,30.07683,0,83,0,11.209,
3473,138.920,21,-0.14391,32.00116,0,110,0,11.194,
3474,138.960,20,0.88156,30.09056,0,68,0,11.626,
3474,138.960,21,-0.14945,31.83638,0,132,0,11.932,
3475,139.000,20,0.92414,30.35354,0,72,0,11.524,
3475,139.000,21,-0.17275,31.79848,0,111,0,11.758,
3476,139.040,20,0.97741,30.28356,0,67,0,11.452,
3476,139.040,21,-0.16383,31.84974,0,75,0,8.725,
3477,139.080,20,1.00481,30.29521,0,74,0,11.024,
3477,139.080,21,-0.15464,31.79213,0,83,0,8.492,
3478,139.120,20,1.03214,30.29728,0,90,0,10.342,
3478,139.120,21,-0.17126,31.74219,0,79,0,8.528,
3479,139.160,20,1.11198,30.51826,0,92,0,10.342,
3479,139.160,21,-0.18276,31.57945,0,118,0,11.411,
3480,139.200,20,1.07017,30.47890,0,106,0,10.275,
3480,139.200,21,-0.16604,31.32639,0,95,0,9.460,
3481,139.240,20,1.04145,30.47298,0,107,0,10.631,
3481,139.240,21,-0.18620,31.33591,0,92,0,9.520,
3482,139.280,21,-0.17692,31.34301,0,95,0,9.535,
3483,139.320,21,-0.18822,31.12223,0,118,0,10.809,
3484,139.360,21,-0.19192,31.15638,0,84,0,10.587,
3485,139.400,21,-0.18690,31.05193,0,83,0,10.608,
3486,139.440,21,-0.19590,30.94213,0,87,0,10.737,
3487,139.480,21,-0.19787,30.91033,0,69,0,9.625,
3488,139.520,21,-0.19556,30.76434,0,70,0,9.741,
3489,139.560,21,-0.20371,30.68418,0,71,0,9.725,
3490,139.600,21,-0.21067,30.74764,0,78,0,9.906,
3491,139.640,21,-0.22728,30.48820,0,73,0,10.094,
3492,139.680,21,-0.20565,30.48595,0,79,0,10.400,
3493,139.720,21,-0.23634,30.26648,0,97,0,11.271,
3494,139.760,21,-0.24112,30.30104,0,98,0,11.383,
3495,139.800,21,-0.21871,30.30429,0,93,0,11.195,
3496,139.840,21,-0.21063,30.28737,0,105,0,11.342,
3497,139.880,21,-0.21180,30.10795,0,107,0,11.319,
3498,139.920,21,-0.20353,30.11939,0,111,0,11.304,
3499,139.960,21,-0.20741,30.07637,0,102,0,10.460,
3500,140.000,21,-0.21381,29.92259,0,103,0,10.037,
3501,140.040,21,-0.21757,29.85122,0,90,0,10.674,
3502,140.080,21,-0.22671,29.72104,0,106,0,10.412,
3503,140.120,21,-0.22930,29.72555,0,95,0,10.583,
3504,140.160,21,-0.22409,29.64060,0,82,0,11.112,
3505,140.200,21,-0.21457,29.47568,0,74,0,11.264,
3506,140.240,21,-0.22563,29.51346,0,86,0,11.040,
3507,140.280,21,-0.23251,29.29983,0,130,0,14.102,
3508,140.320,21,-0.22449,29.29726,0,118,0,13.737,
3509,140.360,21,-0.22863,29.32298,0,104,0,12.354,
3510,140.400,21,-0.24750,29.10921,0,0,0,,
3511,140.440,21,-0.24348,29.06366,0,95,0,12.235,
3512,140.480,21,-0.23649,29.03032,0,0,0,,
3513,140.520,21,-0.26370,28.87827,0,108,0,12.225,
3514,140.560,21,-0.24406,28.88666,0,112,0,12.192,
3515,140.600,21,-0.26601,28.68675,0,109,0,12.292,
3516,140.640,21,-0.25401,28.67685,0,116,0,12.361,
3510,140.400,22,-0.30531,32.46614,1,18,0,0.323,6.999
3511,140.440,22,-0.17264,32.23828,0,95,0,12.235,
3512,140.480,22,-0.13370,32.29073,0,418,0,27.230,
3513,140.520,22,-0.10479,32.47084,0,108,0,12.224,
3514,140.560,22,-0.15212,32.33539,0,112,0,12.192,
3515,140.600,22,-0.19592,32.71024,0,109,0,12.292,
3516,140.640,22,-0.28616,33.17229,0,116,0,12.361,
3517,140.680,21,-0.25325,28.66249,0,32,0,2.460,
3517,140.680,22,-0.21716,32.52222,0,117,0,13.071,
3518,140.720,21,-0.26723,28.55593,0,97,0,13.208,
3518,140.720,22,-0.20678,32.65191,0,97,0,13.210,
3519,140.760,21,-0.26466,28.48665,0,26,0,1.768,
3519,140.760,22,-0.16249,32.48416,0,125,0,13.539,
3520,140.800,21,-0.26994,28.30793,0,23,0,1.472,
3521,140.840,21,-0.26930,28.32513,0,20,0,1.202,
3522,140.880,21,-0.28852,28.26810,0,170,0,20.382,
3522,140.880,22,-0.16407,31.74927,0,170,0,20.382,
3523,140.920,21,-0.27609,28.17103,0,98,0,14.258,
3523,140.920,22,-0.13715,32.36247,0,98,0,14.258,
3524,140.960,21,-0.28809,28.09777,0,182,0,20.726,
3524,140.960,22,-0.13339,32.61925,0,182,0,20.726,
3525,141.000,21,-0.29463,27.99209,0,125,0,14.415,
3526,141.040,21,-0.28234,27.98957,0,122,0,14.235,
3527,141.080,21,-0.29532,27.90345,0,110,0,14.648,
3527,141.080,22,-0.15294,32.64800,0,110,0,14.648,
3528,141.120,21,-0.29269,27.77526,0,107,0,14.446,
3528,141.120,22,-0.16382,32.29417,0,107,0,14.446,
3529,141.160,21,-0.29305,27.78315,0,117,0,14.842,
3530,141.200,21,-0.29942,27.61016,0,104,0,14.956,
3530,141.200,22,-0.19716,31.76773,0,104,0,14.956,
3531,141.240,21,-0.29871,27.61284,0,112,0,15.400,
3531,141.240,22,-0.25262,32.30056,0,112,0,15.400,
3532,141.280,21,-0.30194,27.42301,0,0,0,,
3533,141.320,21,-0.30275,27.43212,0,169,0,21.179,
3533,141.320,22,-0.30727,32.27167,0,169,0,21.180,
3534,141.360,21,-0.28904,27.42004,0,182,0,20.625,
3534,141.360,22,-0.31271,32.30547,0,182,0,20.625,
3535,141.400,21,-0.32118,27.22307,0,125,0,16.248,
3535,141.400,22,-0.35301,31.60804,0,125,0,16.248,
3536,141.440,21,-0.30713,27.25315,0,128,0,15.802,
3536,141.440,22,-0.39575,30.86569,0,128,0,15.802,
3537,141.480,21,-0.33367,27.05825,0,128,0,16.847,
3537,141.480,22,-0.39587,30.14884,0,128,0,16.847,
3538,141.520,21,-0.30749,27.07931,0,128,0,16.922,
3538,141.520,22,-0.39815,30.12611,0,128,0,16.922,
3539,141.560,21,-0.31211,27.00475,0,119,0,16.899,
3539,141.560,22,-0.39638,30.23758,0,119,0,16.899,
3540,141.600,21,-0.31680,26.89195,0,166,0,22.184,
3540,141.600,22,-0.40682,29.65357,0,166,0,22.184,
3541,141.640,21,-0.30245,26.88422,0,152,0,22.559,
3541,141.640,22,-0.51080,28.92275,0,152,0,22.559,
3542,141.680,21,-0.31647,26.70098,0,150,0,22.326,
3542,141.680,22,-0.41181,29.52281,0,150,0,22.326,
3543,141.720,21,-0.31883,26.70082,0,162,0,22.492,
3543,141.720,22,-0.40328,29.85239,0,162,0,22.492,
3544,141.760,21,-0.33365,26.63091,0,159,0,22.496,
3544,141.760,22,-0.42153,29.55248,0,159,0,22.496,
3545,141.800,21,-0.32133,26.53280,0,172,0,22.443,
3545,141.800,22,-0.42187,29.24612,0,172,0,22.443,
3546,141.840,21,-0.31134,26.53287,0,167,0,22.620,
3546,141.840,22,-0.41694,29.14393,0,167,0,22.620,
3547,141.880,21,-0.32532,26.36745,0,154,0,22.829,
3547,141.880,22,-0.34181,29.70479,0,154,0,22.829,
3548,141.920,21,-0.31153,26.41197,0,100,0,17.187,
3548,141.920,22,-0.41398,29.13805,0,100,0,17.187,
3549,141.960,21,-0.34739,26.26457,0,168,0,23.285,
3549,141.960,22,-0.37754,29.73389,0,168,0,23.285,
3550,142.000,21,-0.33303,26.19897,0,167,0,23.341,
3550,142.000,22,-0.29689,29.24668,0,167,0,23.341,
3551,142.040,21,-0.34695,26.03504,0,170,0,23.169,
3551,142.040,22,-0.34265,28.53999,0,170,0,23.169,
3552,142.080,21,-0.33979,26.05009,0,96,0,16.986,
3552,142.080,22,-0.27150,28.07462,0,96,0,16.986,
3553,142.120,21,-0.33811,26.07079,0,111,0,17.618,
3553,142.120,22,-0.21792,28.38685,0,111,0,17.618,
3554,142.160,21,-0.34019,25.90577,0,181,0,23.497,
3554,142.160,22,-0.22322,28.52421,0,181,0,23.497,
3555,142.200,21,-0.34170,25.90281,0,139,0,18.173,
3555,142.200,22,-0.21252,28.49404,0,139,0,18.173,
3556,142.240,21,-0.34559,25.73063,0,0,0,,
3556,142.240,22,-0.22602,27.92635,0,355,0,31.491,
3557,142.280,21,-0.33570,25.73581,0,222,0,22.937,
3557,142.280,22,-0.23014,27.61928,0,222,0,22.937,
3558,142.320,21,-0.33788,25.57250,0,162,0,20.105,
3558,142.320,22,-0.22295,28.09261,0,162,0,20.105,
3559,142.360,21,-0.33641,25.55831,0,196,0,23.539,
3559,142.360,22,-0.21758,28.47824,0,196,0,23.539,
3560,142.400,21,-0.34219,25.46080,0,148,0,20.090,
3560,142.400,22,-0.20798,28.49255,0,148,0,20.090,
3561,142.440,21,-0.36554,25.40220,0,213,0,23.225,
3561,142.440,22,-0.27449,27.90041,0,213,0,23.225,
3562,142.480,21,-0.35545,25.39746,0,0,0,,
3562,142.480,22,-0.28836,27.37539,0,183,0,25.090,
3563,142.520,21,-0.36868,25.26581,0,175,0,24.582,
3563,142.520,22,-0.30309,27.25834,0,175,0,24.582,
3564,142.560,21,-0.36203,25.24220,0,181,0,23.493,
3564,142.560,22,-0.29306,27.26030,0,181,0,24.105,
3565,142.600,21,-0.37086,25.08383,0,185,0,24.197,
3565,142.600,22,-0.37831,26.57037,0,185,0,24.197,
3566,142.640,21,-0.36825,25.09049,0,178,0,24.618,
3566,142.640,22,-0.38375,26.28467,0,178,0,24.618,
3567,142.680,21,-0.36201,24.93547,0,114,0,21.727,
3567,142.680,22,-0.36650,26.19360,0,114,0,21.727,
3568,142.720,21,-0.36329,24.92981,0,139,0,21.937,
3568,142.720,22,-0.35476,26.27099,0,139,0,21.937,
3569,142.760,21,-0.36317,24.77722,0,0,0,,
3569,142.760,22,-0.35463,26.19295,0,0,0,,
3570,142.800,21,-0.36553,24.77167,0,0,0,,
3570,142.800,22,-0.35260,26.27901,0,0,0,,
3571,142.840,21,-0.37807,24.69433,0,0,0,,
3571,142.840,22,-0.36976,26.19267,0,0,0,,
3572,142.880,21,-0.35513,24.62315,0,0,0,,
3572,142.880,22,-0.37827,26.35240,0,0,0,,
3573,142.920,21,-0.36658,24.62875,0,0,0,,
3573,142.920,22,-0.39400,26.19485,0,0,0,,
3574,142.960,21,-0.38032,24.48429,0,0,0,,
3574,142.960,22,-0.40033,26.29102,0,0,0,,
3575,143.000,21,-0.36584,24.47957,0,0,0,,
3575,143.000,22,-0.39844,26.38053,0,0,0,,
3576,143.040,21,-0.38034,24.32219,0,0,0,,
3576,143.040,22,-0.41957,26.37896,0,182,0,23.912,
3577,143.080,21,-0.38265,24.31559,0,0,0,,
3577,143.080,22,-0.42304,26.24834,0,162,0,23.915,
3578,143.120,21,-0.38145,24.23849,0,0,0,,
3578,143.120,22,-0.42733,26.14896,0,162,0,24.654,
3579,143.160,21,-0.37694,24.18555,0,0,0,,
3579,143.160,22,-0.45241,25.88371,0,154,0,27.090,
3580,143.200,21,-0.38896,24.05634,0,0,0,,
3580,143.200,22,-0.48043,25.73300,0,151,0,27.707,
3581,143.240,21,-0.38246,24.04475,0,0,0,,
3581,143.240,22,-0.49911,26.16109,0,182,0,28.068,
3582,143.280,21,-0.38615,23.89939,0,0,0,,
3583,143.320,21,-0.38446,23.90706,0,0,0,,
3583,143.320,22,-0.57908,26.12782,0,180,0,27.924,
3584,143.360,21,-0.38868,23.76082,0,0,0,,
3584,143.360,22,-0.71508,25.66041,0,200,0,28.165,
3585,143.400,21,-0.37867,23.75491,0,0,0,,
3585,143.400,22,-0.71856,25.19716,0,182,0,29.058,
3586,143.440,21,-0.39818,23.62846,0,0,0,,
3586,143.440,22,-0.73550,25.05460,0,200,0,28.908,
3587,143.480,21,-0.39312,23.60609,0,0,0,,
3587,143.480,22,-0.72983,24.94708,0,225,0,30.155,
3588,143.520,21,-0.39579,23.49783,0,0,0,,
3588,143.520,22,-0.72501,24.72775,0,249,0,29.185,
3589,143.560,21,-0.39689,23.47966,0,0,0,,
3589,143.560,22,-0.71793,24.68223,0,0,0,,
3590,143.600,21,-0.41371,23.35357,0,0,0,,
3590,143.600,22,-0.71823,24.61908,0,0,0,,
3591,143.640,21,-0.40171,23.31771,0,0,0,,
3591,143.640,22,-0.73257,24.60403,0,0,0,,
3592,143.680,21,-0.41407,23.25068,0,0,0,,
3592,143.680,22,-0.71610,24.42312,0,210,0,26.050,
3593,143.720,21,-0.40368,23.21190,0,0,0,,
3593,143.720,22,-0.69756,24.40178,0,186,0,26.439,
3594,143.760,21,-0.41890,23.12279,0,0,0,,
3594,143.760,22,-0.69374,24.24041,0,166,0,24.926,
3595,143.800,21,-0.40768,23.06816,0,0,0,,
3595,143.800,22,-0.69331,24.31146,0,158,0,25.332,
3596,143.840,21,-0.42124,22.95570,0,0,0,,
3596,143.840,22,-0.62785,24.37027,0,162,0,25.517,
3597,143.880,21,-0.41122,22.96296,0,0,0,,
3597,143.880,22,-0.57721,24.67311,0,171,0,24.258,
3598,143.920,21,-0.41853,22.81426,0,0,0,,
3598,143.920,22,-0.57729,24.35760,0,164,0,25.342,
3599,143.960,21,-0.40653,22.80233,0,0,0,,
3599,143.960,22,-0.57110,24.22570,0,139,0,26.192,
3600,144.000,21,-0.41608,22.69088,0,0,0,,
3600,144.000,22,-0.54860,24.12762,0,138,0,25.963,
3601,144.040,21,-0.40075,22.67495,0,0,0,,
3601,144.040,22,-0.55154,24.07636,0,110,0,23.987,
3602,144.080,21,-0.42491,22.59400,0,0,0,,
3602,144.080,22,-0.52342,23.67939,0,107,0,23.994,
3600,144.000,23,0.00703,33.43966,1,16,0,0.546,6.999
3601,144.040,23,0.00933,33.39642,0,38,0,4.922,
3602,144.080,23,-0.00666,33.16903,0,45,0,4.520,
3603,144.120,21,-0.42505,22.54344,0,0,0,,
3603,144.120,22,-0.50745,24.11277,0,157,0,26.621,
3603,144.120,23,-0.00502,32.98353,0,157,0,26.621,
3604,144.160,21,-0.43169,22.40272,0,0,0,,
3604,144.160,22,-0.51655,23.70679,0,109,0,24.293,
3604,144.160,23,-0.00350,32.91845,0,109,0,24.293,
3605,144.200,21,-0.42781,22.41921,0,0,0,,
3605,144.200,22,-0.51827,23.48373,0,119,0,24.822,
3605,144.200,23,-0.00969,33.18724,0,119,0,24.822,
3606,144.240,21,-0.42214,22.32931,0,0,0,,
3606,144.240,23,-0.02907,32.69302,0,121,0,25.356,
3607,144.280,21,-0.42218,22.27357,0,0,0,,
3607,144.280,22,-0.55936,23.89455,0,0,0,,
3607,144.280,23,-0.07471,32.46563,0,285,0,38.157,
3608,144.320,21,-0.43605,22.18685,0,0,0,,
3608,144.320,22,-0.55634,24.09443,0,152,0,26.692,
3608,144.320,23,-0.06352,32.44593,0,152,0,26.692,
3609,144.360,21,-0.42276,22.13956,0,0,0,,
3609,144.360,22,-0.56969,24.10097,0,142,0,26.993,
3610,144.400,21,-0.41611,22.04874,0,0,0,,
3610,144.400,22,-0.55116,23.97232,0,135,0,27.050,
3611,144.440,21,-0.42649,22.05536,0,0,0,,
3611,144.440,22,-0.57150,23.63601,0,148,0,25.707,
3612,144.480,21,-0.42992,21.92907,0,0,0,,
3612,144.480,22,-0.56537,23.41347,0,156,0,26.740,
3613,144.520,21,-0.42975,21.90099,0,0,0,,
3613,144.520,22,-0.57353,23.39947,0,143,0,24.601,
3614,144.560,21,-0.44125,21.81455,0,0,0,,
3614,144.560,22,-0.59109,23.88547,0,149,0,24.993,
3615,144.600,21,-0.44104,21.77417,0,0,0,,
3615,144.600,22,-0.59578,24.22045,0,148,0,25.216,
3616,144.640,21,-0.44733,21.66287,0,0,0,,
3616,144.640,22,-0.60237,24.06865,0,154,0,25.722,
3617,144.680,21,-0.43679,21.63299,0,0,0,,
3617,144.680,22,-0.61135,24.18463,0,149,0,25.672,
3618,144.720,21,-0.44654,21.53229,0,0,0,,
3619,144.760,21,-0.43054,21.54828,0,0,0,,
3619,144.760,22,-0.63668,23.76388,0,126,0,26.883,
3620,144.800,21,-0.44397,21.41182,0,0,0,,
3620,144.800,22,-0.65234,23.29250,0,0,0,,
3621,144.840,21,-0.44067,21.42319,0,0,0,,
3622,144.880,21,-0.44649,21.30155,0,0,0,,
3623,144.920,21,-0.44602,21.17839,0,0,0,,
3623,144.920,22,-0.71549,23.92296,0,0,0,,
3624,144.960,21,-0.45101,21.17591,0,0,0,,
3624,144.960,22,-0.83714,23.77873,0,0,0,,
3625,145.000,21,-0.45049,21.06027,0,0,0,,
3625,145.000,22,-0.83487,23.94229,0,0,0,,
3626,145.040,21,-0.44996,21.05290,0,0,0,,
3627,145.080,21,-0.45941,20.94221,0,0,0,,
3627,145.080,22,-0.82710,24.27981,0,0,0,,
3628,145.120,21,-0.46604,20.95580,0,0,0,,
3629,145.160,21,-0.46500,20.79983,0,0,0,,
3630,145.200,21,-0.46359,20.82138,0,0,0,,
3631,145.240,21,-0.45296,20.69914,0,0,0,,
3632,145.280,21,-0.46042,20.70432,0,0,0,,
3633,145.320,21,-0.45969,20.59760,0,0,0,,
3633,145.320,22,-0.84522,23.83052,0,224,0,32.483,
3634,145.360,21,-0.45756,20.58189,0,0,0,,
3634,145.360,22,-0.82631,24.25732,0,199,0,31.418,
3635,145.400,21,-0.45678,20.48700,0,0,0,,
3635,145.400,22,-0.82955,23.83118,0,206,0,31.503,
3636,145.440,21,-0.45579,20.36630,0,0,0,,
3636,145.440,22,-0.86102,23.28554,0,0,0,,
3637,145.480,21,-0.45881,20.35894,0,0,0,,
3637,145.480,22,-0.86224,23.32675,0,267,0,38.056,
3638,145.520,21,-0.46762,20.25075,0,0,0,,
3638,145.520,22,-0.84243,23.39806,0,270,0,38.290,
3639,145.560,21,-0.44964,20.21268,0,0,0,,
3639,145.560,22,-0.84350,23.41120,0,267,0,38.635,
3640,145.600,21,-0.46098,20.14174,0,0,0,,
3640,145.600,22,-0.84284,23.38940,0,263,0,38.857,
3641,145.640,21,-0.46198,20.10241,0,0,0,,
3641,145.640,22,-0.84127,23.36789,0,248,0,39.337,
3642,145.680,21,-0.47424,20.02742,0,0,0,,
3643,145.720,21,-0.45644,19.94851,0,0,0,,
3644,145.760,21,-0.45880,19.93842,0,0,0,,
3644,145.760,22,-0.69121,23.08952,0,0,0,,
3645,145.800,21,-0.46732,19.85843,0,0,0,,
3645,145.800,22,-0.71073,22.51097,0,238,0,38.001,
3646,145.840,21,-0.46651,19.80087,0,0,0,,
3646,145.840,22,-0.67946,22.53779,0,117,0,26.638,
3647,145.880,21,-0.46836,19.72396,0,0,0,,
3647,145.880,22,-0.68182,22.43338,0,117,0,26.715,
3648,145.920,21,-0.46662,19.68836,0,0,0,,
3648,145.920,22,-0.68423,22.29428,0,116,0,27.413,
3649,145.960,21,-0.46679,19.58576,0,0,0,,
3649,145.960,22,-0.67622,22.16298,0,116,0,27.854,
3650,146.000,21,-0.46561,19.52888,0,0,0,,
3650,146.000,22,-0.67026,22.22329,0,113,0,27.362,
3651,146.040,21,-0.46442,19.50405,0,0,0,,
3651,146.040,22,-0.65863,22.05453,0,117,0,28.250,
3652,146.080,21,-0.46421,19.41672,0,0,0,,
3652,146.080,22,-0.66835,22.12576,0,112,0,27.320,
3653,146.120,21,-0.47091,19.38357,0,0,0,,
3653,146.120,22,-0.66712,22.16469,0,142,0,31.776,
3654,146.160,21,-0.46020,19.28462,0,0,0,,
3654,146.160,22,-0.66646,22.34547,0,112,0,27.608,
3655,146.200,21,-0.47001,19.27464,0,0,0,,
3655,146.200,22,-0.66614,22.35402,0,112,0,27.538,
3656,146.240,21,-0.45851,19.17966,0,0,0,,
3656,146.240,22,-0.67756,22.54415,0,114,0,27.750,
3657,146.280,21,-0.45661,19.11923,0,0,0,,
3657,146.280,22,-0.69967,22.05238,0,117,0,27.892,
3658,146.320,21,-0.45988,19.06131,0,0,0,,
3658,146.320,22,-0.67363,22.36222,0,118,0,28.167,
3658,146.320,23,-0.43503,33.21434,0,76,0,9.601,
3659,146.360,21,-0.45981,19.00742,0,0,0,,
3659,146.360,22,-0.65634,22.44210,0,121,0,28.463,
3659,146.360,23,-0.45826,33.22929,0,20,0,0.829,
3660,146.400,21,-0.45565,18.99544,0,0,0,,
3660,146.400,22,-0.66726,22.22276,0,122,0,28.520,
3660,146.400,23,-0.46465,33.25182,0,20,0,0.816,
3661,146.440,21,-0.46650,18.88832,0,0,0,,
3661,146.440,22,-0.69144,21.90735,0,122,0,28.657,
3661,146.440,23,-0.48139,33.17782,0,19,0,0.837,
3662,146.480,21,-0.47038,18.81403,0,0,0,,
3662,146.480,22,-0.66521,22.15729,0,127,0,28.881,
3662,146.480,23,-0.45040,33.06029,0,19,0,0.837,
3660,146.400,24,0.26036,32.95080,1,23,0,0.682,6.999
3661,146.440,24,0.26649,32.88394,0,63,0,6.827,
3662,146.480,24,0.26006,32.64556,0,117,0,13.651,
3663,146.520,21,-0.46254,18.78014,0,0,0,,
3663,146.520,22,-0.71037,21.81810,0,143,0,27.620,
3663,146.520,23,-0.48063,32.79468,0,27,0,0.932,
3663,146.520,24,0.28213,32.62995,0,27,0,0.932,
3664,146.560,21,-0.47022,18.67931,0,0,0,,
3664,146.560,22,-0.69647,22.05264,0,150,0,27.738,
3664,146.560,23,-0.45175,32.83575,0,36,0,2.499,
3664,146.560,24,0.28591,32.62916,0,88,0,11.068,
3665,146.600,21,-0.46092,18.70049,0,0,0,,
3665,146.600,22,-0.71224,21.70672,0,151,0,27.948,
3665,146.600,23,-0.46800,32.84688,0,21,0,0.908,
3665,146.600,24,0.27623,32.63806,0,44,0,3.779,
3666,146.640,21,-0.46342,18.58367,0,0,0,,
3666,146.640,22,-0.70916,21.36189,0,153,0,28.301,
3666,146.640,23,-0.48047,32.81189,0,25,0,1.053,
3666,146.640,24,0.26986,32.41598,0,45,0,3.975,
3667,146.680,21,-0.46182,18.50254,0,0,0,,
3667,146.680,22,-0.72001,21.55294,0,155,0,28.348,
3667,146.680,23,-0.48771,32.81206,0,0,0,,
3667,146.680,24,0.29106,32.36513,0,46,0,3.714,
3668,146.720,21,-0.47364,18.47410,0,0,0,,
3668,146.720,22,-0.72098,21.64485,0,156,0,28.626,
3668,146.720,23,-0.49976,32.69484,0,20,0,0.825,
3668,146.720,24,0.28478,32.16576,0,22,0,1.312,
3669,146.760,21,-0.45448,18.40138,0,0,0,,
3669,146.760,22,-0.70231,21.34413,0,155,0,28.896,
3669,146.760,23,-0.48408,32.59042,0,18,0,0.860,
3669,146.760,24,0.29678,32.17634,0,22,0,1.343,
3670,146.800,21,-0.46807,18.32684,0,0,0,,
3670,146.800,22,-0.70203,21.13476,0,157,0,29.054,
3670,146.800,23,-0.48423,32.58925,0,18,0,0.749,
3670,146.800,24,0.29477,32.14563,0,25,0,1.338,
3671,146.840,21,-0.46796,18.29456,0,0,0,,
3671,146.840,22,-0.72777,21.25972,0,156,0,29.226,
3671,146.840,23,-0.49851,32.60059,0,0,0,,
3671,146.840,24,0.27503,31.93584,0,24,0,1.477,
3672,146.880,21,-0.46230,18.19222,0,0,0,,
3672,146.880,22,-0.73676,21.14600,0,157,0,29.322,
3672,146.880,23,-0.51430,32.34192,0,19,0,0.760,
3672,146.880,24,0.31436,31.92857,0,26,0,1.525,
3673,146.920,21,-0.45516,18.19033,0,0,0,,
3673,146.920,22,-0.73633,21.21022,0,155,0,29.445,
3673,146.920,23,-0.51020,32.40347,0,0,0,,
3673,146.920,24,0.30242,31.93639,0,27,0,1.701,
3674,146.960,21,-0.45937,18.09870,0,0,0,,
3674,146.960,22,-0.72286,20.73905,0,158,0,29.910,
3674,146.960,23,-0.55036,32.37838,0,21,0,0.920,
3674,146.960,24,0.29633,31.70360,0,29,0,1.736,
3675,147.000,21,-0.45860,18.10171,0,0,0,,
3675,147.000,22,-0.75924,20.32355,0,154,0,29.781,
3675,147.000,23,-0.53613,32.30293,0,21,0,0.921,
3675,147.000,24,0.30223,31.72636,0,73,0,8.535,
3676,147.040,21,-0.46576,17.99634,0,0,0,,
3676,147.040,22,-0.72105,19.98365,0,155,0,30.109,
3676,147.040,23,-0.53644,32.34270,0,21,0,0.921,
3676,147.040,24,0.32355,31.68659,0,89,0,10.034,
3677,147.080,21,-0.46835,17.91117,0,0,0,,
3677,147.080,22,-0.75233,19.95687,0,158,0,30.224,
3677,147.080,23,-0.55222,32.12696,0,35,0,1.924,
3677,147.080,24,0.32596,31.72367,0,69,0,8.256,
3678,147.120,21,-0.46755,17.91172,0,0,0,,
3678,147.120,22,-0.72586,19.77933,0,157,0,30.440,
3678,147.120,23,-0.58918,31.86410,0,22,0,0.910,
3678,147.120,24,0.31987,31.54182,0,65,0,8.389,
3679,147.160,21,-0.46691,17.81689,0,0,0,,
3679,147.160,22,-0.66514,19.40374,0,156,0,30.511,
3679,147.160,23,-0.57198,31.89398,0,22,0,0.881,
3679,147.160,24,0.32095,31.47689,0,69,0,8.787,
3680,147.200,21,-0.47513,17.74895,0,0,0,,
3680,147.200,22,-0.69031,18.78833,0,137,0,32.341,
3680,147.200,23,-0.57386,31.83325,0,22,0,0.881,
3680,147.200,24,0.31551,31.26143,0,65,0,8.600,
3681,147.240,21,-0.47280,17.71975,0,0,0,,
3681,147.240,22,-0.67202,18.73190,0,0,0,,
3681,147.240,23,-0.59963,31.48709,0,22,0,0.881,
3681,147.240,24,0.33075,31.26191,0,67,0,8.674,
3682,147.280,21,-0.47935,17.66511,0,0,0,,
3682,147.280,22,-0.67706,18.79007,0,0,0,,
3682,147.280,23,-0.58713,31.46689,0,22,0,0.881,
3682,147.280,24,0.33329,31.25552,0,66,0,8.632,
3683,147.320,21,-0.47737,17.61087,0,0,0,,
3683,147.320,22,-0.66361,18.74038,0,0,0,,
3683,147.320,23,-0.62869,30.94455,0,22,0,0.881,
3683,147.320,24,0.32741,31.05525,0,69,0,8.674,
3684,147.360,21,-0.47416,17.56577,0,0,0,,
3684,147.360,22,-0.67525,18.73237,0,0,0,,
3684,147.360,23,-0.57260,30.94407,0,22,0,0.881,
3684,147.360,24,0.33011,31.03282,0,82,0,10.728,
3685,147.400,21,-0.47333,17.46539,0,0,0,,
3685,147.400,22,-0.66000,18.67712,0,0,0,,
3685,147.400,23,-0.56192,30.61005,0,22,0,0.823,
3685,147.400,24,0.33122,31.03299,0,65,0,8.852,
3686,147.440,21,-0.47008,17.45585,0,0,0,,
3686,147.440,22,-0.66632,18.73059,0,141,0,32.483,
3686,147.440,23,-0.58344,30.52668,0,33,0,1.508,
3686,147.440,24,0.34234,30.80911,0,68,0,9.024,
3687,147.480,21,-0.46922,17.36122,0,0,0,,
3687,147.480,22,-0.66672,18.61620,0,139,0,32.226,
3687,147.480,23,-0.55506,30.61779,0,25,0,2.656,
3687,147.480,24,0.35818,30.80440,0,86,0,10.853,
3688,147.520,21,-0.46223,17.37836,1,23,0,0.890,6.999
3688,147.520,22,-0.67541,18.72723,0,23,0,0.890,
3688,147.520,23,-0.55904,30.55471,0,95,0,10.696,
3688,147.520,24,0.34810,30.80984,0,95,0,10.696,
3689,147.560,21,-0.46348,17.33261,1,22,0,0.812,6.999
3689,147.560,22,-0.68433,18.52448,0,22,0,0.812,
3689,147.560,23,-0.54135,30.37189,0,25,0,2.656,
3689,147.560,24,0.36886,30.63282,0,92,0,10.937,
3690,147.600,21,-0.46653,17.26627,1,22,0,0.773,6.999
3690,147.600,22,-0.70407,18.13831,0,22,0,0.773,
3690,147.600,23,-0.52571,30.51590,0,26,0,2.673,
3690,147.600,24,0.36739,30.61467,0,83,0,11.070,
3691,147.640,21,-0.46781,17.20994,1,23,0,0.852,6.999
3691,147.640,22,-0.71888,18.16457,0,23,0,0.852,
3691,147.640,23,-0.50592,30.39361,0,25,0,2.656,
3691,147.640,24,0.35773,30.40933,0,91,0,10.917,
3692,147.680,21,-0.46122,17.15673,1,22,0,0.634,6.999
3692,147.680,22,-0.70905,18.22255,0,22,0,0.634,
3692,147.680,23,-0.50179,30.33047,0,25,0,2.669,
3692,147.680,24,0.38728,30.42229,0,97,0,11.070,
3693,147.720,21,-0.46373,17.07748,1,40,0,0.601,6.999
3693,147.720,22,-0.64889,18.34299,0,40,0,0.601,
3693,147.720,23,-0.55993,30.08976,0,25,0,2.654,
3693,147.720,24,0.38161,30.28857,0,88,0,11.582,
3694,147.760,21,-0.46891,17.06125,1,22,0,0.772,6.999
3694,147.760,22,-0.67855,18.47752,0,22,0,0.772,
3694,147.760,23,-0.53273,30.09703,0,26,0,2.836,
3694,147.760,24,0.37600,30.17931,0,71,0,9.931,
3695,147.800,21,-0.46675,16.96031,1,40,0,0.540,6.999
3695,147.800,22,-0.67084,18.71361,0,40,0,0.539,
3695,147.800,23,-0.54256,30.06148,0,26,0,2.836,
3695,147.800,24,0.37935,30.20220,0,73,0,9.948,
3696,147.840,21,-0.46886,16.89484,1,21,0,0.556,6.999
3696,147.840,22,-0.64356,18.28111,0,21,0,0.557,
3696,147.840,23,-0.51157,30.10516,0,28,0,0.522,
3696,147.840,24,0.39135,30.12286,0,83,0,9.836,
3697,147.880,21,-0.47140,16.84344,1,21,0,0.572,6.999
3697,147.880,22,-0.65419,18.33245,0,21,0,0.572,
3697,147.880,23,-0.51570,30.16699,0,29,0,0.310,
3697,147.880,24,0.37935,30.18682,0,81,0,9.888,
3698,147.920,21,-0.46613,16.79990,1,21,0,0.543,6.999
3698,147.920,22,-0.65650,17.98758,0,21,0,0.543,
3698,147.920,23,-0.50323,30.03906,0,27,0,0.320,
3698,147.920,24,0.39874,30.00564,0,85,0,10.120,
3699,147.960,21,-0.47176,16.72590,1,21,0,0.760,6.999
3699,147.960,22,-0.63930,18.36897,0,21,0,0.760,
3699,147.960,23,-0.49229,29.97918,0,27,0,0.374,
3699,147.960,24,0.39319,29.93894,0,86,0,9.939,
3700,148.000,21,-0.47126,16.70552,1,40,0,0.629,6.999
3700,148.000,22,-0.65406,17.98275,0,40,0,0.629,
3700,148.000,23,-0.50609,29.73103,0,26,0,0.481,
3700,148.000,24,0.40095,29.76435,0,35,0,2.781,
3701,148.040,21,-0.45902,16.60705,1,21,0,0.496,6.999
3701,148.040,22,-0.64579,18.27180,0,21,0,0.624,
3701,148.040,23,-0.51514,29.69002,0,26,0,0.541,
3701,148.040,24,0.44004,29.76814,0,32,0,2.502,
3702,148.080,21,-0.46722,16.56636,1,21,0,0.713,6.999
3702,148.080,22,-0.64820,17.99019,0,21,0,0.713,
3702,148.080,23,-0.50147,29.77483,0,30,0,2.211,
3702,148.080,24,0.44589,29.62362,0,108,0,11.638,
3703,148.120,21,-0.46360,16.52879,1,22,0,0.559,6.999
3703,148.120,22,-0.71235,18.18666,0,22,0,0.559,
3703,148.120,23,-0.51138,29.54751,0,27,0,1.943,
3703,148.120,24,0.43892,29.53997,0,27,0,1.943,
3704,148.160,21,-0.46478,16.43587,1,21,0,0.575,6.999
3704,148.160,22,-0.72293,18.09685,0,21,0,0.575,
3704,148.160,23,-0.49247,29.33021,0,26,0,1.790,
3704,148.160,24,0.45854,29.50771,0,111,0,11.933,
3705,148.200,21,-0.46552,16.41487,1,23,0,0.778,6.999
3705,148.200,22,-0.73207,17.94776,0,23,0,0.796,
3705,148.200,23,-0.52382,29.37432,0,24,0,1.625,
3705,148.200,24,0.45920,29.40867,1,23,0,1.120,6.999
3706,148.240,21,-0.46645,16.37485,1,23,0,0.616,6.999
3706,148.240,22,-0.77879,17.86251,0,23,0,0.616,
3706,148.240,23,-0.55080,29.34095,0,35,0,1.716,
3706,148.240,24,0.47590,29.36196,0,118,0,13.264,
3707,148.280,21,-0.46604,16.30324,1,23,0,0.797,6.999
3707,148.280,22,-0.75548,17.90259,0,23,0,0.797,
3707,148.280,23,-0.54035,29.24022,0,34,0,1.710,
3707,148.280,24,0.46717,29.11997,1,21,0,1.253,6.999
3708,148.320,21,-0.46732,16.27593,1,24,0,0.802,6.999
3708,148.320,22,-0.75573,17.94887,0,24,0,0.802,
3708,148.320,23,-0.53912,29.13721,0,31,0,1.481,
3708,148.320,24,0.45913,29.04090,1,22,0,0.901,6.999
3709,148.360,21,-0.46335,16.21221,1,25,0,0.646,6.999
3709,148.360,22,-0.75397,17.81188,0,25,0,0.641,
3709,148.360,23,-0.53974,28.91609,0,33,0,1.266,
3709,148.360,24,0.46149,28.93364,1,23,0,1.137,6.999
3710,148.400,21,-0.46754,16.15529,1,23,0,0.882,6.999
3710,148.400,22,-0.76308,17.57642,0,23,0,0.882,
3710,148.400,23,-0.53131,28.98439,0,32,0,1.069,
3710,148.400,24,0.46719,28.91352,1,22,0,1.189,6.999
3711,148.440,21,-0.47068,16.11631,1,24,0,0.950,6.999
3711,148.440,22,-0.75855,17.61410,0,24,0,0.950,
3711,148.440,23,-0.55776,28.73918,0,33,0,1.037,
3711,148.440,24,0.46234,28.85061,1,24,0,0.848,6.999
3712,148.480,21,-0.46920,16.06528,1,24,0,0.876,6.999
3712,148.480,22,-0.75601,17.56823,0,24,0,0.870,
3712,148.480,23,-0.52369,28.79016,0,31,0,0.941,
3712,148.480,24,0.45739,28.86923,1,24,0,0.833,6.999
3713,148.520,21,-0.47004,15.99801,1,24,0,0.883,6.999
3713,148.520,22,-0.75530,17.44507,0,24,0,0.883,
3713,148.520,23,-0.53004,28.59516,0,31,0,0.851,
3713,148.520,24,0.45372,28.75505,1,23,0,1.020,6.999
3714,148.560,21,-0.46791,15.96081,1,25,0,0.882,6.999
3714,148.560,22,-0.76212,17.42443,0,25,0,0.882,
3714,148.560,23,-0.53010,28.61272,0,30,0,0.532,
3714,148.560,24,0.45488,28.68641,1,22,0,0.939,6.999
3715,148.600,21,-0.46862,15.92167,1,25,0,0.839,6.999
3715,148.600,22,-0.76542,17.33413,0,25,0,0.839,
3715,148.600,23,-0.53965,28.42143,0,30,0,0.420,
3715,148.600,24,0.47531,28.66643,1,23,0,0.844,6.999
3710,148.400,25,0.56043,30.60670,1,37,0,2.658,6.999
3711,148.440,25,0.55894,30.65659,0,24,0,1.633,
3712,148.480,25,0.56042,30.64707,0,24,0,1.670,
3713,148.520,25,0.54931,30.43712,0,23,0,1.021,
3714,148.560,25,0.54605,30.41814,0,22,0,1.676,
3715,148.600,25,0.54678,30.34044,0,23,0,3.884,
3716,148.640,21,-0.46682,15.87422,1,26,0,0.790,6.999
3716,148.640,22,-0.76423,17.33502,0,26,0,0.790,
3716,148.640,23,-0.53267,28.37814,0,29,0,0.523,
3716,148.640,24,0.47522,28.52598,1,24,0,0.902,6.999
3716,148.640,25,0.60407,30.33028,0,24,0,4.152,
3717,148.680,21,-0.46845,15.80376,1,27,0,0.827,6.999
3717,148.680,22,-0.74903,17.55835,0,27,0,0.827,
3717,148.680,23,-0.55386,28.18104,0,29,0,0.593,
3717,148.680,24,0.45059,28.47367,1,24,0,0.845,6.999
3718,148.720,21,-0.46999,15.76166,1,27,0,0.801,6.999
3718,148.720,22,-0.75846,17.47433,0,27,0,0.801,
3718,148.720,23,-0.52820,28.19000,0,27,0,4.504,
3718,148.720,24,0.46887,28.34953,1,23,0,0.716,6.999
3719,148.760,21,-0.47084,15.70741,1,26,0,0.907,8.511
3719,148.760,22,-0.76647,17.33438,0,26,0,0.907,
3719,148.760,23,-0.56168,28.17664,0,24,0,1.543,
3719,148.760,24,0.46462,28.27016,1,24,0,0.924,6.999
3719,148.760,25,0.68027,30.39666,0,24,0,1.688,
3720,148.800,21,-0.46697,15.64506,1,27,0,0.898,6.999
3720,148.800,22,-0.75064,17.60758,0,27,0,0.898,
3720,148.800,23,-0.55325,28.00267,0,0,0,,
3720,148.800,24,0.47290,28.28580,1,24,0,0.868,6.999
3720,148.800,25,0.55831,30.09847,0,24,0,1.725,
3721,148.840,21,-0.46374,15.56377,1,27,41,0.463,11.151
3721,148.840,22,-0.73864,17.90208,0,27,37,0.675,
3721,148.840,23,-0.56675,27.81565,0,0,0,,
3721,148.840,24,0.46797,28.10007,1,24,0,0.898,6.999
3721,148.840,25,0.65463,30.11219,0,24,0,1.651,
3722,148.880,21,-0.46340,15.55806,1,28,0,0.970,6.999
3722,148.880,22,-0.73677,17.85973,0,28,0,0.970,
3722,148.880,23,-0.52465,27.82421,0,127,0,32.040,
3722,148.880,24,0.48430,28.08167,1,24,0,0.915,6.999
3722,148.880,25,0.56123,30.10378,0,24,0,1.678,
3720,148.800,27,0.43148,32.35604,1,16,0,0.983,6.999
3721,148.840,27,0.43769,32.54717,0,24,0,0.898,
3722,148.880,27,0.46297,33.14016,0,24,0,0.816,
3723,148.920,21,-0.46269,15.49611,1,28,0,0.932,6.999
3723,148.920,22,-0.75502,17.66493,0,127,0,31.917,
3723,148.920,23,-0.54621,27.76394,0,0,0,,
3723,148.920,24,0.47550,28.01182,1,23,0,0.809,6.999
3723,148.920,25,0.55504,29.95582,0,23,0,0.818,
3723,148.920,27,0.45721,33.16021,0,40,0,3.534,
3724,148.960,21,-0.46531,15.42650,1,29,0,0.911,6.999
3724,148.960,22,-0.75207,17.89279,0,29,0,0.911,
3724,148.960,23,-0.55007,27.47888,0,0,0,,
3724,148.960,24,0.47371,27.87814,1,24,0,0.966,6.999
3724,148.960,25,0.55380,29.94783,0,24,0,1.681,
3725,149.000,21,-0.46656,15.39948,1,27,0,0.825,6.999
3725,149.000,22,-0.76293,17.62082,0,128,0,32.324,
3725,149.000,23,-0.53040,27.46689,0,0,0,,
3725,149.000,24,0.49114,27.90105,1,24,0,0.901,6.999
3725,149.000,25,0.52614,29.90159,0,24,0,1.730,
3726,149.040,21,-0.46804,15.34158,1,27,0,0.978,6.999
3726,149.040,22,-0.76853,17.61817,0,27,0,0.978,
3726,149.040,23,-0.54298,27.24982,0,0,0,,
3726,149.040,24,0.50329,27.86145,1,23,0,0.936,6.999
3726,149.040,25,0.48784,29.94195,0,23,0,0.724,
3726,149.040,27,0.49598,32.27294,0,39,0,3.194,
3727,149.080,21,-0.46893,15.28780,1,29,0,0.933,6.999
3727,149.080,22,-0.76942,17.64030,0,29,0,0.933,
3727,149.080,23,-0.54780,27.07842,0,0,0,,
3727,149.080,24,0.48684,27.70906,1,25,0,1.018,6.999
3727,149.080,25,0.50052,29.92621,0,25,0,1.706,
3727,149.080,27,0.50316,32.13953,0,25,0,0.914,
3728,149.120,21,-0.47671,15.29046,1,28,18,0.950,21.026
3728,149.120,22,-0.78322,17.27521,0,130,0,32.453,
3728,149.120,23,-0.54118,27.10027,0,0,0,,
3728,149.120,24,0.48460,27.63698,1,24,0,0.843,6.999
3728,149.120,25,0.44897,29.95009,0,24,0,0.843,
3728,149.120,27,0.48763,32.44644,0,24,0,0.843,
3729,149.160,21,-0.46875,15.23278,1,29,25,1.050,20.697
3729,149.160,22,-0.78445,17.06150,0,29,27,0.712,
3729,149.160,23,-0.52770,27.16278,0,0,0,,
3729,149.160,24,0.48988,27.56286,1,24,0,0.861,6.999
3729,149.160,25,0.45115,30.00690,0,24,0,0.861,
3729,149.160,27,0.49818,31.89834,0,39,0,3.322,
3730,149.200,21,-0.47351,15.17196,1,29,32,1.015,19.954
3730,149.200,22,-0.78159,16.97763,0,29,33,1.027,
3730,149.200,23,-0.54768,26.94721,0,0,0,,
3730,149.200,24,0.50669,27.52397,1,25,0,0.933,6.999
3730,149.200,25,0.44875,29.93956,0,25,0,0.933,
3730,149.200,27,0.49151,31.67849,0,25,0,0.933,
3731,149.240,21,-0.46503,15.08852,1,28,28,0.719,12.834
3731,149.240,22,-0.78114,16.71743,0,28,28,0.713,
3731,149.240,23,-0.56284,26.73587,0,0,0,,
3731,149.240,24,0.50242,27.42169,1,25,0,0.800,6.999
3731,149.240,25,0.43240,29.94455,0,25,0,0.800,
3731,149.240,27,0.51478,32.04963,0,25,0,1.722,
3732,149.280,21,-0.48277,15.07175,1,29,47,0.715,17.418
3732,149.280,22,-0.77914,16.59743,0,29,38,0.684,
3732,149.280,23,-0.56170,26.73623,0,0,0,,
3732,149.280,24,0.50553,27.33177,1,25,0,1.008,6.999
3732,149.280,25,0.42289,29.93742,0,25,0,1.008,
3733,149.320,21,-0.46294,14.96474,1,29,43,0.671,14.025
3733,149.320,22,-0.77984,16.69448,0,29,43,0.670,
3733,149.320,23,-0.56397,26.73678,0,0,0,,
3733,149.320,24,0.50999,27.27427,1,24,0,0.764,6.999
3733,149.320,25,0.40661,29.95237,0,24,0,0.764,
3733,149.320,27,0.48886,31.35819,0,36,0,3.457,
3734,149.360,21,-0.45532,14.92351,1,29,44,0.685,12.011
3734,149.360,22,-0.79293,16.43999,0,29,44,0.660,
3734,149.360,23,-0.58535,26.55250,0,33,0,0.963,
3734,149.360,24,0.50838,27.25526,1,24,0,0.731,6.999
3734,149.360,25,0.39365,29.95473,0,24,0,0.731,
3734,149.360,27,0.47538,31.51127,0,24,0,1.722,
3735,149.400,21,-0.45658,14.90578,1,29,60,0.630,15.306
3735,149.400,22,-0.79506,16.28237,0,29,61,0.627,
3735,149.400,23,-0.57959,26.61309,0,0,0,,
3735,149.400,24,0.51510,27.14890,1,24,0,0.927,6.999
3735,149.400,25,0.39946,30.04281,0,24,0,1.036,
3735,149.400,27,0.46689,31.60548,0,24,0,0.966,
3736,149.440,21,-0.46975,14.86160,1,29,49,0.885,19.186
3736,149.440,22,-0.77990,16.44210,0,29,49,0.918,
3736,149.440,23,-0.59767,26.45292,0,0,0,,
3736,149.440,24,0.51414,27.10903,1,25,0,0.820,6.999
3736,149.440,27,0.45592,31.68351,0,25,0,0.820,
3737,149.480,21,-0.47671,14.80864,1,28,50,0.994,19.143
3737,149.480,22,-0.80006,16.02855,0,28,50,0.994,
3737,149.480,23,-0.59773,26.40094,0,0,0,,
3737,149.480,24,0.51220,26.96553,1,24,0,0.985,6.999
3737,149.480,25,0.35070,30.16253,0,24,0,0.985,
3737,149.480,27,0.44517,31.89014,0,36,0,3.317,
3738,149.520,21,-0.45958,14.73417,1,28,57,0.681,16.870
3738,149.520,22,-0.78775,16.11601,0,28,57,0.682,
3738,149.520,23,-0.62471,26.46377,0,0,0,,
3738,149.520,24,0.52566,26.97530,1,24,0,0.837,6.999
3738,149.520,27,0.40122,31.68505,0,35,0,3.236,
3739,149.560,21,-0.46310,14.67181,1,28,50,0.642,16.134
3739,149.560,22,-0.78685,15.95400,0,28,49,0.653,
3739,149.560,23,-0.64400,26.29017,0,0,0,,
3739,149.560,24,0.52329,26.85669,1,25,0,0.970,6.999
3739,149.560,25,0.23408,30.25405,0,25,0,1.029,
3739,149.560,27,0.38440,31.68214,0,25,0,1.634,
3740,149.600,21,-0.47708,14.66044,1,28,48,0.864,17.684
3740,149.600,22,-0.78485,16.03261,0,28,47,0.853,
3740,149.600,23,-0.64463,26.12944,0,0,0,,
3740,149.600,24,0.52613,26.78835,1,23,0,0.919,6.999
3740,149.600,25,0.18943,30.19681,0,23,0,1.027,
3740,149.600,27,0.30332,31.66823,0,23,0,1.007,
3741,149.640,21,-0.46623,14.58486,1,27,57,0.609,16.652
3741,149.640,22,-0.77254,15.90369,0,27,56,0.636,
3741,149.640,23,-0.68032,26.13336,0,0,0,,
3741,149.640,24,0.53772,26.78595,1,24,0,0.842,6.999
3741,149.640,25,0.19051,30.16591,0,24,0,0.842,
3741,149.640,27,0.32916,31.64526,0,24,0,0.842,
3742,149.680,21,-0.46667,14.54320,1,28,53,0.828,17.701
3742,149.680,22,-0.78027,15.87583,0,28,52,0.817,
3742,149.680,23,-0.69197,26.07727,0,0,0,,
3742,149.680,24,0.53040,26.56027,1,25,0,0.961,6.999
3742,149.680,27,0.37450,31.71117,0,35,0,2.860,
3743,149.720,21,-0.46375,14.48558,1,27,54,0.906,17.217
3743,149.720,22,-0.77276,15.75473,0,27,48,0.905,
3743,149.720,23,-0.71657,26.05944,0,0,0,,
3743,149.720,24,0.53616,26.61594,1,24,0,0.524,6.999
3743,149.720,25,0.18022,30.19658,0,24,0,0.497,
3743,149.720,27,0.29932,31.35919,0,36,0,3.323,
3744,149.760,21,-0.45609,14.43619,1,25,62,0.787,14.181
3744,149.760,23,-0.71553,25.87664,0,0,0,,
3744,149.760,24,0.54332,26.59116,1,24,0,0.787,6.999
3744,149.760,27,0.35910,30.66998,0,24,0,1.661,
3745,149.800,21,-0.45794,14.39704,1,28,66,0.775,14.490
3745,149.800,23,-0.71307,25.92733,0,0,0,,
3745,149.800,24,0.53057,26.41380,1,25,0,0.936,6.999
3745,149.800,27,0.43141,30.13263,0,25,0,0.936,
3746,149.840,21,-0.45464,14.34492,1,26,61,0.691,13.269
3746,149.840,23,-0.73900,25.77595,0,0,0,,
3746,149.840,24,0.55529,26.43226,1,25,0,0.839,6.999
3746,149.840,27,0.43003,30.15946,0,25,0,0.669,
3747,149.880,21,-0.45722,14.29263,1,26,58,0.666,14.795
3747,149.880,22,-0.75712,14.87893,0,26,0,0.866,
3747,149.880,23,-0.77048,25.70191,0,0,0,,
3747,149.880,24,0.54367,26.28616,1,25,0,1.068,6.999
3747,149.880,27,0.47088,30.17184,0,25,0,1.068,
3748,149.920,21,-0.45024,14.22649,1,25,61,0.735,14.142
3748,149.920,22,-0.74897,14.83715,0,25,58,0.759,
3748,149.920,23,-0.74024,25.74186,0,0,0,,
3748,149.920,24,0.54657,26.27002,1,25,0,0.514,6.999
3748,149.920,27,0.49181,30.35959,0,25,0,1.748,
3749,149.960,21,-0.45711,14.09246,0,0,0,,
3749,149.960,22,-0.74273,14.84151,0,0,0,,
3749,149.960,23,-0.76301,25.60604,0,0,0,,
3749,149.960,24,0.54765,26.24379,1,25,0,0.975,6.999
3749,149.960,27,0.51776,30.58336,0,25,0,1.654,
3750,150.000,21,-0.45615,14.05270,0,0,0,,
3750,150.000,23,-0.74869,25.68498,0,0,0,,
3750,150.000,24,0.55937,26.09877,1,24,0,0.552,6.999
3750,150.000,27,0.55135,30.63820,0,33,0,2.328,
3751,150.040,21,-0.45379,13.99644,0,0,0,,
3751,150.040,23,-0.74213,25.44371,0,0,0,,
3751,150.040,24,0.56215,26.09171,1,25,0,0.879,6.999
3751,150.040,27,0.56947,30.54943,0,32,0,2.068,
3752,150.080,21,-0.45893,13.92818,0,0,0,,
3752,150.080,23,-0.73720,25.44458,0,0,0,,
3752,150.080,24,0.55060,25.88721,1,26,0,0.982,6.999
3752,150.080,27,0.60402,30.82614,0,26,0,0.982,
3753,150.120,21,-0.45130,13.91498,0,0,0,,
3753,150.120,23,-0.74014,25.37243,0,0,0,,
3753,150.120,24,0.55437,25.86010,1,25,0,0.790,6.999
3753,150.120,27,0.61690,31.02134,0,25,0,0.790,
3754,150.160,21,-0.45148,13.83230,0,24,0,3.574,
3754,150.160,23,-0.72101,25.16516,0,0,0,,
3754,150.160,24,0.55829,25.75364,1,26,0,1.083,6.999
3754,150.160,27,0.63451,30.92263,0,26,0,1.085,
3755,150.200,21,-0.44832,13.83919,1,25,72,0.718,11.327
3755,150.200,23,-0.72680,25.00804,0,0,0,,
3755,150.200,24,0.55447,25.70103,1,26,0,0.804,6.999
3756,150.240,21,-0.44409,13.79305,1,25,72,0.633,10.469
3756,150.240,23,-0.72717,24.80996,0,0,0,,
3756,150.240,24,0.56741,25.73136,1,26,0,1.070,6.999
3756,150.240,27,0.68216,30.89585,0,26,0,1.645,
3757,150.280,21,-0.44683,13.75607,1,24,72,0.495,10.380
3757,150.280,22,-0.75223,14.79904,0,24,72,0.478,
3757,150.280,23,-0.70482,24.63307,0,0,0,,
3757,150.280,24,0.55669,25.54449,1,27,0,0.880,6.999
3758,150.320,21,-0.44941,13.70631,1,24,72,0.642,10.537
3758,150.320,23,-0.70809,24.53490,0,0,0,,
3758,150.320,24,0.57878,25.58507,1,26,0,0.945,6.999
3759,150.360,21,-0.44760,13.65569,1,25,72,0.744,11.492
3759,150.360,22,-0.73540,14.77846,0,25,72,0.743,
3759,150.360,23,-0.71323,24.52933,0,0,0,,
3759,150.360,24,0.57092,25.41439,1,27,0,0.991,6.999
3760,150.400,21,-0.45005,13.60636,1,25,72,0.756,11.789
3760,150.400,22,-0.74955,14.76307,0,25,72,0.756,
3760,150.400,23,-0.68816,24.25723,0,0,0,,
3760,150.400,24,0.58547,25.42833,1,26,0,0.974,6.999
3761,150.440,21,-0.44656,13.55783,1,26,72,0.753,11.777
3761,150.440,22,-0.75967,14.81044,0,26,72,0.753,
3761,150.440,23,-0.67307,24.26951,0,0,0,,
3761,150.440,24,0.56817,25.26577,1,26,0,1.215,6.999
3762,150.480,21,-0.44520,13.51867,1,25,72,0.729,11.581
3762,150.480,22,-0.76964,14.69463,0,25,72,0.729,
3762,150.480,23,-0.66168,24.21995,0,0,0,,
3762,150.480,24,0.58088,25.21369,1,27,0,0.906,6.999
3763,150.520,21,-0.44250,13.46599,1,25,72,0.845,12.253
3763,150.520,23,-0.64755,24.24743,0,36,0,1.195,
3763,150.520,24,0.58518,25.24025,1,27,0,1.013,6.999
3764,150.560,21,-0.44329,13.42016,1,25,72,0.824,11.987
3764,150.560,23,-0.64782,24.15490,0,36,0,1.242,
3764,150.560,24,0.57203,25.04514,1,26,0,0.904,6.999
3765,150.600,21,-0.43986,13.39793,1,25,72,0.711,12.323
3765,150.600,23,-0.65975,24.16512,0,37,0,1.277,
3765,150.600,24,0.57801,25.01692,1,26,0,0.997,6.999
3766,150.640,21,-0.44145,13.34550,1,25,72,0.857,12.471
3766,150.640,23,-0.67000,24.10873,0,39,0,1.263,
3766,150.640,24,0.58533,24.89327,1,27,0,0.913,6.999
3767,150.680,21,-0.44214,13.29972,1,27,72,0.813,13.117
3767,150.680,23,-0.66700,24.13695,0,37,0,1.230,
3767,150.680,24,0.59451,24.88590,1,26,0,0.885,6.999
3768,150.720,21,-0.44277,13.26063,1,27,72,0.844,12.220
3768,150.720,22,-0.75490,13.85764,0,27,72,0.843,
3768,150.720,23,-0.65458,24.04196,0,36,0,1.219,
3768,150.720,24,0.58409,24.78935,1,27,0,1.133,6.999
3769,150.760,21,-0.44180,13.21004,1,30,72,0.893,13.607
3769,150.760,23,-0.67403,23.92600,0,36,0,1.281,
3769,150.760,24,0.58533,24.72843,1,26,0,0.800,6.999
3770,150.800,21,-0.44737,13.17195,1,28,72,0.838,13.653
3770,150.800,23,-0.67993,23.88838,0,0,0,,
3770,150.800,24,0.59509,24.73349,1,26,0,0.943,6.999
3771,150.840,21,-0.44292,13.11680,1,33,65,0.654,16.824
3771,150.840,23,-0.67895,23.81017,0,36,0,0.719,
3771,150.840,24,0.59368,24.57188,1,27,0,0.952,6.999
3772,150.880,21,-0.43818,13.08413,1,32,65,0.676,16.859
3772,150.880,23,-0.69095,23.72017,0,40,0,1.309,
3772,150.880,24,0.60219,24.57576,1,28,0,0.842,6.999
3773,150.920,21,-0.44016,13.03463,1,27,65,0.635,15.784
3773,150.920,23,-0.68053,23.65700,0,38,0,1.358,
3773,150.920,24,0.59124,24.43077,1,26,0,0.943,6.999
3774,150.960,21,-0.43346,12.98430,1,28,67,0.696,16.016
3774,150.960,22,-0.91089,13.36840,0,28,66,0.688,
3774,150.960,23,-0.71214,23.60267,0,38,0,1.392,
3774,150.960,24,0.60023,24.42275,1,27,0,0.940,6.999
3775,151.000,21,-0.43803,12.94960,1,32,66,0.696,16.180
3775,151.000,22,-0.87731,13.30209,0,32,66,0.696,
3775,151.000,24,0.59012,24.30090,1,26,0,1.033,6.999
3776,151.040,21,-0.43364,12.90634,1,33,66,0.684,14.544
3776,151.040,22,-0.86458,13.24259,0,33,66,0.685,
3776,151.040,23,-0.68719,23.45390,0,0,0,,
3776,151.040,24,0.59773,24.27250,1,27,0,0.839,6.999
3777,151.080,21,-0.43594,12.85611,1,30,69,0.780,15.269
3777,151.080,22,-0.85136,13.21578,0,30,68,0.757,
3777,151.080,23,-0.68265,23.40345,0,0,0,,
3777,151.080,24,0.60437,24.20164,1,27,0,0.936,6.999
3778,151.120,21,-0.43148,12.80986,1,28,66,0.718,15.398
3778,151.120,22,-0.84735,13.07949,0,28,66,0.718,
3778,151.120,23,-0.69109,23.37462,0,0,0,,
3778,151.120,24,0.61181,24.11644,1,28,0,0.933,6.999
3779,151.160,21,-0.43937,12.76815,1,35,67,0.841,13.957
3779,151.160,22,-0.84208,12.99088,0,35,67,0.820,
3779,151.160,23,-0.70485,23.23990,0,0,0,,
3779,151.160,24,0.61110,24.03725,1,28,0,0.959,6.999
3780,151.200,21,-0.43406,12.72474,1,32,65,0.771,14.977
3780,151.200,22,-0.83293,12.94040,0,32,65,0.792,
3780,151.200,23,-0.69489,23.10352,0,0,0,,
3780,151.200,24,0.60789,23.97700,1,27,0,0.835,6.999
3781,151.240,21,-0.42827,12.66866,1,32,67,0.962,14.100
3781,151.240,22,-0.82502,12.87420,0,32,68,1.035,
3781,151.240,23,-0.71636,22.97228,0,0,0,,
3781,151.240,24,0.61398,23.98733,1,28,0,0.820,6.999
3782,151.280,21,-0.43130,12.56149,1,33,72,0.658,9.009
3782,151.280,22,-0.82993,12.82765,0,33,72,1.049,
3782,151.280,23,-0.70368,22.87057,0,0,0,,
3782,151.280,24,0.61145,23.82866,1,28,0,0.828,6.999
3783,151.320,21,-0.43188,12.51523,1,32,72,0.639,8.428
3783,151.320,22,-0.83205,12.75150,0,32,65,0.804,
3783,151.320,23,-0.70504,22.74886,0,0,0,,
3783,151.320,24,0.61662,23.82861,1,27,0,0.768,6.999
3784,151.360,21,-0.42969,12.53973,1,37,64,0.835,14.783
3784,151.360,22,-0.81964,12.70220,0,37,65,0.823,
3784,151.360,23,-0.70793,22.63163,0,0,0,,
3784,151.360,24,0.61511,23.68018,1,27,0,0.744,6.999
3785,151.400,21,-0.43129,12.43161,1,33,72,0.712,9.955
3785,151.400,22,-0.82696,12.63213,0,33,72,0.714,
3785,151.400,23,-0.71828,22.56648,0,0,0,,
3785,151.400,24,0.61802,23.68069,1,29,0,0.899,6.999
3786,151.440,21,-0.42734,12.39168,1,28,72,0.645,7.967
3786,151.440,22,-0.83935,12.53784,0,28,72,1.043,
3786,151.440,23,-0.70470,22.36216,0,0,0,,
3786,151.440,24,0.61471,23.58191,1,28,0,0.916,6.999
3787,151.480,21,-0.42776,12.34416,1,33,62,0.711,7.961
3787,151.480,22,-0.84687,12.54125,0,33,61,0.937,
3787,151.480,23,-0.72173,22.33494,0,0,0,,
3787,151.480,24,0.62577,23.52664,1,28,0,0.888,6.999
3788,151.520,21,-0.42539,12.36280,1,35,65,0.737,16.284
3788,151.520,22,-0.84642,12.64172,0,35,65,0.737,
3788,151.520,23,-0.72648,22.31007,0,0,0,,
3788,151.520,24,0.62741,23.44680,1,28,0,0.908,6.999
3789,151.560,21,-0.42891,12.31663,1,35,66,0.829,13.253
3789,151.560,22,-0.85913,12.46234,0,35,66,0.828,
3789,151.560,23,-0.72330,22.20039,0,0,0,,
3789,151.560,24,0.62492,23.38759,1,29,0,0.943,6.999
3790,151.600,21,-0.42376,12.22474,1,33,58,0.719,7.098
3790,151.600,22,-0.85437,12.53760,0,33,60,0.738,
3790,151.600,23,-0.72546,22.09039,0,0,0,,
3790,151.600,24,0.62430,23.34498,1,29,0,0.827,6.999
3791,151.640,21,-0.42580,12.16354,1,34,72,0.688,7.906
3791,151.640,22,-0.85189,12.51539,0,34,72,0.689,
3791,151.640,23,-0.71933,22.09589,0,0,0,,
3791,151.640,24,0.62609,23.24232,1,28,0,0.916,6.999
3792,151.680,21,-0.42400,12.11805,1,35,72,0.797,7.773
3792,151.680,22,-0.85021,12.46053,0,35,58,0.999,
3792,151.680,23,-0.70661,21.94841,0,0,0,,
3792,151.680,24,0.63539,23.20449,1,28,0,0.818,6.999
3793,151.720,21,-0.42314,12.07157,1,34,72,0.789,8.572
3793,151.720,22,-0.85423,12.42249,0,34,63,1.067,
3793,151.720,23,-0.72706,21.83387,0,0,0,,
3793,151.720,24,0.63050,23.10809,1,29,0,0.937,6.999
3794,151.760,21,-0.42596,12.03142,1,30,72,0.694,8.440
3794,151.760,22,-0.86027,12.37149,0,30,72,0.695,
3794,151.760,23,-0.70705,21.80112,0,0,0,,
3794,151.760,24,0.62941,23.07888,1,29,0,0.878,6.999
3795,151.800,21,-0.42035,11.98113,1,30,72,0.512,8.231
3795,151.800,22,-0.85935,12.31197,0,30,72,0.510,
3795,151.800,23,-0.70677,21.68458,0,0,0,,
3795,151.800,24,0.62948,22.96757,1,28,0,0.877,6.999
3796,151.840,21,-0.41981,11.92784,1,33,72,0.404,8.138
3796,151.840,22,-0.85984,12.30593,0,33,60,1.043,
3796,151.840,23,-0.70821,21.61023,0,0,0,,
3796,151.840,24,0.62862,22.93258,1,27,0,0.953,6.999
3797,151.880,21,-0.41359,11.94642,1,35,64,1.101,13.214
3797,151.880,22,-0.86519,12.25338,0,35,62,1.073,
3797,151.880,23,-0.72974,21.55533,0,0,0,,
3797,151.880,24,0.63822,22.86391,1,28,0,0.904,6.999
3798,151.920,21,-0.41487,11.85320,1,30,72,0.648,8.980
3798,151.920,22,-0.86434,12.21138,0,30,72,0.648,
3798,151.920,23,-0.71087,21.48210,0,0,0,,
3798,151.920,24,0.63533,22.80304,1,30,0,0.907,6.999
3799,151.960,21,-0.41679,11.81467,1,32,72,0.699,8.682
3799,151.960,22,-0.86986,12.12813,0,32,72,0.699,
3799,151.960,23,-0.73001,21.32392,0,0,0,,
3799,151.960,24,0.64344,22.75548,1,29,0,0.810,6.999
3800,152.000,21,-0.41148,11.76052,1,34,72,0.517,8.858
3800,152.000,22,-0.84802,12.05570,0,34,67,1.053,
3800,152.000,23,-0.71415,21.36231,0,0,0,,
3800,152.000,24,0.64910,22.68529,1,29,0,0.959,6.999
3801,152.040,21,-0.41501,11.72342,1,29,72,0.766,8.562
3801,152.040,22,-0.87359,12.00969,0,29,67,0.915,
3801,152.040,23,-0.73610,21.28986,0,0,0,,
3801,152.040,24,0.64989,22.66851,1,28,0,0.924,6.999
3802,152.080,21,-0.41428,11.69001,1,31,72,0.694,9.112
3802,152.080,22,-0.87473,11.76375,0,31,72,0.714,
3802,152.080,23,-0.73834,21.20907,0,0,0,,
3802,152.080,24,0.64108,22.54550,1,29,0,1.004,6.999
3803,152.120,21,-0.41416,11.64677,1,34,72,0.758,9.262
3803,152.120,22,-0.87392,11.76333,0,34,72,0.759,
3803,152.120,23,-0.74028,21.11747,0,40,0,1.157,
3803,152.120,24,0.65091,22.50987,1,30,0,0.887,6.999
3804,152.160,21,-0.40993,11.60726,1,31,72,0.744,8.555
3804,152.160,22,-0.87598,11.87573,0,31,72,0.745,
3804,152.160,23,-0.76116,21.09313,0,40,0,1.071,
3804,152.160,24,0.63629,22.40595,1,28,0,0.972,6.999
3805,152.200,21,-0.40653,11.58397,1,33,65,0.946,10.381
3805,152.200,22,-0.84855,11.73147,0,33,66,0.928,
3805,152.200,23,-0.73312,21.01802,0,0,0,,
3805,152.200,24,0.65015,22.40477,1,29,0,0.957,6.999
3806,152.240,21,-0.40707,11.51641,1,30,72,0.507,9.429
3806,152.240,22,-0.86811,11.66075,0,30,72,0.526,
3806,152.240,23,-0.70965,20.59441,0,0,0,,
3806,152.240,24,0.64751,22.27506,1,30,0,1.036,6.999
3807,152.280,21,-0.40775,11.48232,1,31,72,0.685,8.194
3807,152.280,22,-0.85220,11.62385,0,31,72,0.687,
3807,152.280,23,-0.71935,20.65362,0,0,0,,
3807,152.280,24,0.65434,22.22664,1,30,0,0.772,6.999
3808,152.320,21,-0.40754,11.43324,1,32,72,0.715,8.964
3808,152.320,22,-0.87285,11.73960,0,32,72,0.711,
3808,152.320,24,0.65810,22.14285,1,30,0,1.058,6.999
3809,152.360,21,-0.40340,11.39253,1,32,72,0.643,8.751
3809,152.360,22,-0.87784,11.51936,0,32,72,0.660,
3809,152.360,24,0.66445,22.14397,1,29,0,0.960,6.999
3810,152.400,21,-0.39838,11.35934,1,28,72,0.665,8.588
3810,152.400,22,-0.86571,11.64069,0,28,72,0.666,
3810,152.400,24,0.65371,22.01221,1,30,0,1.024,6.999
3811,152.440,21,-0.39901,11.31309,1,30,68,0.570,8.335
3811,152.440,22,-0.86092,11.62865,0,30,64,0.506,
3811,152.440,24,0.66180,21.96874,1,30,0,0.861,6.999
3812,152.480,21,-0.39920,11.27345,1,33,61,0.616,8.768
3812,152.480,22,-0.86257,11.58149,0,33,63,0.624,
3812,152.480,24,0.66588,21.89468,1,30,0,0.989,6.999
3813,152.520,21,-0.39735,11.22095,1,29,61,0.533,9.198
3813,152.520,22,-0.86092,11.57071,0,29,62,0.528,
3813,152.520,24,0.66572,21.87957,1,29,0,1.000,6.999
3814,152.560,21,-0.39455,11.17858,1,30,54,0.533,8.518
3814,152.560,22,-0.86066,11.56441,0,30,54,0.534,
3814,152.560,24,0.66331,21.77027,1,31,0,1.017,6.999
3815,152.600,21,-0.39274,11.13681,1,30,56,0.581,9.301
3815,152.600,22,-0.85285,11.46133,0,30,57,0.581,
3815,152.600,24,0.66534,21.72179,1,30,0,0.906,6.999
3816,152.640,21,-0.39389,11.10864,1,31,57,0.548,8.787
3816,152.640,22,-0.84967,11.41595,0,31,58,0.546,
3816,152.640,23,-0.77237,20.70872,0,0,0,,
3816,152.640,24,0.66166,21.63695,1,30,0,1.006,6.999
3817,152.680,21,-0.38972,11.06930,1,33,72,0.528,8.846
3817,152.680,23,-0.80431,20.65179,0,0,0,,
3817,152.680,24,0.66151,21.59065,1,31,0,0.982,6.999
3818,152.720,21,-0.38756,11.01597,1,33,72,0.435,9.372
3818,152.720,23,-0.80592,20.67400,0,0,0,,
3818,152.720,24,0.66678,21.51178,1,31,0,1.010,6.999
3819,152.760,21,-0.38722,10.98200,1,32,65,0.535,8.665
3819,152.760,23,-0.79909,20.52420,0,0,0,,
3819,152.760,24,0.67089,21.46311,1,31,0,0.951,6.999
3820,152.800,21,-0.38805,10.94016,1,30,72,0.650,8.989
3820,152.800,23,-0.82153,20.61277,0,0,0,,
3820,152.800,24,0.67100,21.42292,1,31,0,1.019,6.999
3821,152.840,21,-0.38878,10.90317,1,29,72,0.482,9.005
3821,152.840,23,-0.79617,20.49190,0,0,0,,
3821,152.840,24,0.66717,21.33507,1,31,0,0.991,6.999
3822,152.880,21,-0.38457,10.84847,1,30,72,0.567,9.065
3822,152.880,23,-0.82403,20.45927,0,0,0,,
3822,152.880,24,0.66514,21.27106,1,30,0,1.213,6.999
3823,152.920,21,-0.38633,10.80770,1,31,72,0.495,9.191
3823,152.920,22,-0.84872,11.17265,0,0,0,,
3823,152.920,23,-0.87426,20.44078,0,0,0,,
3823,152.920,24,0.68832,21.25958,1,32,0,0.869,6.999
3824,152.960,21,-0.38190,10.77799,1,34,72,0.686,8.864
3824,152.960,22,-0.84552,11.15487,0,0,0,,
3824,152.960,23,-0.88081,20.44764,0,0,0,,
3824,152.960,24,0.67074,21.13405,1,31,0,1.007,6.999
3825,153.000,21,-0.38271,10.73610,1,32,62,0.706,8.844
3825,153.000,22,-0.84873,11.16900,0,32,62,0.706,
3825,153.000,23,-0.87385,20.40002,0,0,0,,
3825,153.000,24,0.67550,21.09399,1,32,0,0.873,6.999
3826,153.040,21,-0.37714,10.70026,1,36,72,0.675,8.939
3826,153.040,22,-0.84367,11.12580,0,36,72,0.673,
3826,153.040,23,-0.87211,20.27466,0,0,0,,
3826,153.040,24,0.67763,21.01627,1,32,0,1.014,6.999
3827,153.080,21,-0.37733,10.66189,1,34,72,0.691,9.217
3827,153.080,22,-0.84570,11.12241,0,34,72,0.690,
3827,153.080,23,-0.86510,20.15519,0,0,0,,
3827,153.080,24,0.67896,20.96853,1,32,0,0.900,6.999
3828,153.120,21,-0.37593,10.62612,1,33,71,0.802,9.821
3828,153.120,22,-0.84783,11.11937,0,33,72,0.595,
3828,153.120,23,-0.85436,20.15886,0,0,0,,
3828,153.120,24,0.67762,20.90473,1,32,0,0.918,6.999
3829,153.160,21,-0.37316,10.57925,1,36,72,0.833,8.730
3829,153.160,22,-0.83655,11.09432,0,36,0,1.104,
3829,153.160,23,-0.85667,20.10734,0,0,0,,
3829,153.160,24,0.67684,20.85539,1,31,0,0.880,6.999
3830,153.200,21,-0.37110,10.56543,1,33,65,1.015,11.715
3830,153.200,22,-0.83338,11.09719,0,33,65,1.015,
3830,153.200,23,-0.85380,20.06441,0,0,0,,
3830,153.200,24,0.68331,20.76384,1,33,0,1.015,6.999
3831,153.240,21,-0.37274,10.52752,1,32,67,0.999,10.647
3831,153.240,22,-0.83573,11.10817,0,32,67,0.997,
3831,153.240,23,-0.83215,19.99290,0,0,0,,
3831,153.240,24,0.68425,20.72480,1,33,0,0.900,6.999
3832,153.280,21,-0.37032,10.46327,1,33,72,0.852,9.499
3832,153.280,22,-0.83058,11.05663,0,33,72,0.874,
3832,153.280,23,-0.83403,19.93645,0,0,0,,
3832,153.280,24,0.67879,20.63323,1,32,0,0.972,6.999
3833,153.320,21,-0.37325,10.46010,1,34,67,1.071,11.506
3833,153.320,22,-0.82503,11.06259,0,34,72,0.632,
3833,153.320,23,-0.85141,19.82593,0,0,0,,
3833,153.320,24,0.67943,20.61084,1,32,0,0.892,6.999
3834,153.360,21,-0.36805,10.42522,1,37,66,1.046,11.792
3834,153.360,22,-0.82303,11.03887,0,37,72,1.095,
3834,153.360,23,-0.83319,19.74278,0,21,0,0.713,
3834,153.360,24,0.67608,20.51055,1,33,0,0.938,6.999
3835,153.400,21,-0.36375,10.38490,1,37,66,1.101,12.303
3835,153.400,22,-0.82432,11.00463,0,37,65,1.055,
3835,153.400,23,-0.84126,19.61011,0,22,0,1.598,
3835,153.400,24,0.68644,20.49574,1,32,0,0.898,6.999
3836,153.440,21,-0.36492,10.34615,1,39,71,1.043,11.376
3836,153.440,22,-0.82475,10.96915,0,39,71,1.043,
3836,153.440,24,0.68360,20.39149,1,32,0,0.953,6.999
3837,153.480,21,-0.36555,10.27279,1,36,72,0.881,9.642
3837,153.480,23,-0.80615,19.55231,1,18,0,0.871,6.999
3837,153.480,24,0.67836,20.36814,1,31,0,0.944,6.999
3838,153.520,21,-0.36445,10.22971,1,32,72,0.690,9.107
3838,153.520,24,0.67888,20.27477,1,32,0,0.907,6.999
3839,153.560,21,-0.36375,10.18154,1,32,72,0.693,9.082
3839,153.560,24,0.69011,20.25930,1,33,0,0.731,6.999
3840,153.600,21,-0.36145,10.15299,1,36,72,0.796,8.533
3840,153.600,24,0.68746,20.15574,1,32,0,0.922,6.999
3841,153.640,21,-0.35821,10.13125,1,37,72,0.784,9.442
3841,153.640,24,0.68891,20.17919,1,33,0,0.958,6.999
3842,153.680,21,-0.35499,10.08933,1,39,72,0.842,9.278
3842,153.680,24,0.68664,20.04943,1,33,0,0.920,6.999
3843,153.720,21,-0.35509,10.04652,1,36,72,0.729,9.081
3843,153.720,24,0.68490,20.03483,1,32,0,0.847,6.999
3844,153.760,21,-0.35372,10.00298,1,37,72,0.764,8.648
3844,153.760,24,0.68914,19.92837,1,33,0,0.911,6.999
3845,153.800,21,-0.35194,10.01276,1,34,70,1.056,12.852
3845,153.800,24,0.68770,19.88158,1,33,0,0.943,6.999
3846,153.840,21,-0.35078,9.98752,1,37,67,1.003,13.253
3846,153.840,24,0.68298,19.81112,1,32,0,0.994,6.999
3847,153.880,21,-0.35189,9.89347,1,37,72,0.771,9.544
3847,153.880,24,0.69296,19.77516,1,33,0,0.824,6.999
3848,153.920,21,-0.34957,9.86090,1,36,72,0.709,9.207
3848,153.920,24,0.69396,19.70670,1,33,0,0.951,6.999
3849,153.960,21,-0.34823,9.81645,1,37,72,0.723,9.552
3849,153.960,22,-0.82137,10.31182,0,41,0,6.336,
3849,153.960,24,0.69062,19.64624,1,33,0,0.857,6.999
3850,154.000,21,-0.34831,9.77620,1,38,72,0.705,9.159
3850,154.000,22,-0.80495,10.27491,0,41,0,6.368,
3850,154.000,24,0.69776,19.58727,1,34,0,0.854,6.999
3851,154.040,21,-0.34835,9.78196,1,35,72,1.072,12.789
3851,154.040,22,-0.81755,10.26372,0,42,0,6.586,
3851,154.040,24,0.69424,19.52384,1,33,0,0.811,6.999
3852,154.080,21,-0.34362,9.70707,1,35,72,0.749,9.796
3852,154.080,22,-0.80340,10.21784,0,0,0,,
3852,154.080,24,0.68748,19.47480,1,33,0,0.904,6.999
3853,154.120,21,-0.34248,9.67684,1,33,72,0.781,9.555
3853,154.120,24,0.69364,19.41566,1,34,0,0.865,6.999
3854,154.160,21,-0.34217,9.63568,1,32,72,0.775,9.559
3854,154.160,24,0.70537,19.35154,1,34,0,0.922,6.999
3855,154.200,21,-0.34585,9.61417,1,33,72,0.953,10.144
3855,154.200,22,-0.71058,10.56812,1,0,69,0.329,8.500
3855,154.200,24,0.69631,19.28095,1,33,0,0.962,6.999
3856,154.240,21,-0.33761,9.59964,1,34,72,0.996,12.429
3856,154.240,24,0.69290,19.22751,1,35,0,0.813,6.999
3857,154.280,21,-0.33967,9.56767,1,36,72,1.042,12.142
3857,154.280,24,0.69032,19.17250,1,34,0,0.923,6.999
3858,154.320,21,-0.33837,9.51002,1,34,72,0.895,10.612
3858,154.320,23,-0.45433,19.15770,1,23,0,1.167,6.999
3858,154.320,24,0.68727,19.11438,1,34,0,0.899,6.999
3859,154.360,21,-0.33571,9.46956,1,36,72,0.909,10.693
3859,154.360,22,-0.78625,10.31329,0,0,0,,
3859,154.360,24,0.70010,19.06567,1,35,0,0.915,6.999
3860,154.400,21,-0.33542,9.43829,1,35,72,0.911,11.220
3860,154.400,22,-0.79216,10.05832,0,0,0,,
3860,154.400,24,0.69544,19.00754,1,35,0,0.803,6.999
3861,154.440,21,-0.33586,9.39610,1,36,72,0.947,10.804
3861,154.440,22,-0.78844,10.07152,0,0,0,,
3861,154.440,24,0.69509,18.93850,1,35,0,0.879,6.999
3862,154.480,21,-0.32890,9.38123,1,34,72,1.058,12.278
3862,154.480,22,-0.78907,10.04370,0,0,0,,
3862,154.480,24,0.70037,18.90354,1,35,0,0.822,6.999
3863,154.520,21,-0.32923,9.33832,1,35,72,1.072,12.508
3863,154.520,22,-0.78443,9.96274,0,0,0,,
3863,154.520,24,0.69806,18.82824,1,35,0,0.910,6.999
3864,154.560,21,-0.33021,9.29528,1,36,72,0.870,11.391
3864,154.560,22,-0.78103,9.85107,0,0,0,,
3864,154.560,24,0.69903,18.78257,1,34,0,0.872,6.999
3865,154.600,21,-0.32910,9.27171,1,35,72,1.014,12.071
3865,154.600,22,-0.78150,9.80623,0,0,0,,
3865,154.600,24,0.69479,18.70689,1,36,0,0.899,6.999
3866,154.640,21,-0.32448,9.23144,1,38,72,1.050,12.340
3866,154.640,24,0.70549,18.67628,1,36,0,0.759,6.999
3867,154.680,21,-0.32496,9.19429,1,38,72,1.086,12.063
3867,154.680,24,0.70181,18.59504,1,35,0,0.831,6.999
3868,154.720,21,-0.32669,9.15901,1,38,72,1.137,11.566
3868,154.720,22,-0.72885,9.36059,0,38,72,1.137,
3868,154.720,24,0.70117,18.53357,1,35,0,0.989,6.999
3869,154.760,21,-0.32479,9.11706,1,37,72,0.985,10.733
3869,154.760,24,0.69663,18.48493,1,35,0,0.837,6.999
3870,154.800,21,-0.32306,9.08671,1,38,72,1.100,11.435
3870,154.800,22,-0.84421,9.08839,0,0,0,,
3870,154.800,24,0.69641,18.42476,1,36,0,0.923,6.999
3871,154.840,21,-0.32281,9.04116,1,37,72,1.039,10.597
3871,154.840,22,-0.84825,9.02900,0,0,0,,
3871,154.840,24,0.69546,18.39280,1,36,0,0.757,6.999
3872,154.880,21,-0.32124,9.00998,1,39,72,1.092,11.212
3872,154.880,22,-0.82676,8.95203,0,0,0,,
3872,154.880,24,0.70099,18.30535,1,36,0,0.914,6.999
3873,154.920,21,-0.32111,8.96995,1,37,72,1.053,10.872
3873,154.920,22,-0.81364,8.87748,0,0,0,,
3873,154.920,24,0.69993,18.25105,1,34,0,0.919,6.999
3874,154.960,21,-0.32235,8.93058,1,40,72,1.055,10.557
3874,154.960,22,-0.80802,8.81980,0,0,0,,
3874,154.960,24,0.69927,18.20817,1,35,0,0.860,6.999
3875,155.000,21,-0.31830,8.89526,1,39,72,0.964,10.416
3875,155.000,22,-0.78387,8.79344,0,39,18,22.828,
3875,155.000,24,0.70609,18.16404,1,36,0,0.820,6.999
3876,155.040,21,-0.31930,8.85714,1,39,72,1.024,10.140
3876,155.040,22,-0.78395,8.75346,0,39,17,22.558,
3876,155.040,24,0.69232,18.09473,1,35,0,0.801,6.999
3877,155.080,21,-0.31515,8.83018,1,41,72,0.950,10.556
3877,155.080,22,-0.80047,8.72126,0,0,0,,
3877,155.080,24,0.70188,18.03073,1,36,0,0.947,6.999
3878,155.120,21,-0.31294,8.79350,1,38,72,0.940,10.438
3878,155.120,22,-0.79366,8.65587,0,0,0,,
3878,155.120,24,0.70148,17.99663,1,35,0,0.880,6.999
3879,155.160,21,-0.31335,8.74864,1,37,72,0.855,11.086
3879,155.160,22,-0.79993,8.64985,0,0,0,,
3879,155.160,24,0.70253,17.92173,1,37,0,0.821,6.999
3880,155.200,21,-0.31117,8.72803,1,42,72,0.941,10.617
3880,155.200,22,-0.78729,8.59140,0,42,19,23.174,
3880,155.200,24,0.70362,17.88427,1,37,0,0.922,6.999
3881,155.240,21,-0.31222,8.69489,1,42,72,0.987,11.348
3881,155.240,22,-0.79642,8.57009,0,0,0,,
3881,155.240,24,0.69319,17.81125,1,36,0,0.809,6.999
3882,155.280,21,-0.30616,8.65862,1,41,72,0.905,10.733
3882,155.280,22,-0.79891,8.50573,0,0,0,,
3882,155.280,24,0.69992,17.77072,1,37,0,0.884,6.999
3883,155.320,21,-0.30665,8.62956,1,40,72,0.978,10.640
3883,155.320,22,-0.79042,8.43635,0,0,30,12.616,
3883,155.320,24,0.70287,17.70803,1,38,0,0.784,6.999
3884,155.360,21,-0.30809,8.59324,1,40,72,0.892,10.998
3884,155.360,22,-0.79568,8.44180,0,0,0,,
3884,155.360,24,0.69961,17.64729,1,38,0,0.829,6.999
3885,155.400,21,-0.30477,8.56784,1,40,72,1.004,10.636
3885,155.400,22,-0.80631,8.40184,0,0,0,,
3885,155.400,24,0.70182,17.61304,1,38,0,0.843,6.999
3886,155.440,21,-0.30481,8.53778,1,39,72,1.256,11.599
3886,155.440,22,-0.81623,8.41848,0,0,0,,
3886,155.440,24,0.70293,17.53237,1,36,0,0.832,6.999
3887,155.480,21,-0.29961,8.51170,1,41,72,1.226,11.515
3887,155.480,22,-0.80683,8.41399,0,0,0,,
3887,155.480,24,0.70103,17.49601,1,38,0,0.804,6.999
3888,155.520,21,-0.29882,8.47408,1,41,72,1.186,11.869
3888,155.520,22,-0.82865,8.40435,0,0,0,,
3888,155.520,24,0.69874,17.43662,1,38,0,0.822,6.999
3889,155.560,21,-0.29956,8.45157,1,42,72,1.206,11.949
3889,155.560,22,-0.85715,8.24554,1,22,0,1.679,9.354
3889,155.560,24,0.70106,17.36303,1,38,0,0.805,6.999
3890,155.600,21,-0.30083,8.42172,1,43,72,1.344,11.805
3890,155.600,24,0.69438,17.33155,1,39,0,0.923,6.999
3891,155.640,21,-0.30763,8.39812,1,48,72,1.547,11.823
3891,155.640,24,0.69818,17.25922,1,37,0,0.850,6.999
3892,155.680,21,-0.29888,8.37928,1,42,72,1.392,11.570
3892,155.680,22,-0.79936,8.26095,0,0,0,,
3892,155.680,24,0.70410,17.20260,1,38,0,0.860,6.999
3893,155.720,21,-0.28090,8.36347,1,34,72,1.214,11.879
3893,155.720,22,-0.81662,8.23946,0,0,0,,
3893,155.720,24,0.69810,17.16522,1,38,0,0.888,6.999
3894,155.760,21,-0.27939,8.33827,1,37,72,1.283,11.871
3894,155.760,22,-0.80103,8.21833,0,0,0,,
3894,155.760,24,0.69637,17.10250,1,39,0,0.875,6.999
3895,155.800,21,-0.27963,8.31046,1,34,72,1.498,12.156
3895,155.800,22,-0.81467,8.25434,0,0,0,,
3895,155.800,24,0.69228,17.05247,1,38,0,0.937,6.999
3896,155.840,21,-0.27990,8.28293,1,36,72,1.679,12.475
3896,155.840,22,-0.79376,8.25325,0,0,0,,
3896,155.840,24,0.69869,16.99640,1,38,0,0.760,6.999
3897,155.880,21,-0.28625,8.20934,1,63,72,2.071,10.905
3897,155.880,22,-0.79546,8.15626,0,0,0,,
3897,155.880,24,0.69583,16.95904,1,39,0,0.733,6.999
3898,155.920,21,-0.28880,8.16854,1,63,72,2.188,10.713
3898,155.920,22,-0.79639,8.13394,0,0,0,,
3898,155.920,24,0.69822,16.89569,1,38,0,0.912,6.999
3899,155.960,21,-0.28661,8.15696,1,61,72,2.155,11.758
3899,155.960,22,-0.80210,8.14779,0,0,0,,
3899,155.960,24,0.69376,16.83040,1,39,0,0.925,6.999
3900,156.000,21,-0.28412,8.14428,1,29,72,1.924,12.294
3900,156.000,22,-0.80594,8.11219,0,0,0,,
3900,156.000,24,0.68857,16.78300,1,39,0,0.901,6.999
3901,156.040,21,-0.27160,8.02731,1,32,72,1.950,8.394
3901,156.040,22,-0.80804,8.12639,0,0,0,,
3901,156.040,24,0.69773,16.72443,1,38,0,0.800,6.999
3902,156.080,21,-0.27690,8.00503,1,32,72,1.886,9.242
3902,156.080,22,-0.81185,8.08231,0,0,0,,
3902,156.080,24,0.69205,16.68217,1,39,0,0.799,6.999
3903,156.120,21,-0.27381,7.98403,1,57,72,1.694,9.063
3903,156.120,22,-0.80627,8.08170,0,0,0,,
3903,156.120,24,0.69442,16.63425,1,38,0,0.989,6.999
3904,156.160,21,-0.27968,7.86610,1,39,0,1.573,6.999
3904,156.160,22,-0.81042,8.05917,0,0,0,,
3904,156.160,24,0.68954,16.57966,1,39,0,0.869,6.999
3905,156.200,21,-0.26884,7.94766,1,63,61,1.781,9.490
3905,156.200,22,-0.80850,8.08789,0,0,0,,
3905,156.200,24,0.69588,16.52138,1,39,0,0.860,6.999
3906,156.240,21,-0.28017,7.89499,1,55,40,1.417,10.848
3906,156.240,22,-0.80944,8.02737,0,0,0,,
3906,156.240,24,0.69379,16.46968,1,40,0,0.820,6.999
3907,156.280,21,-0.27422,7.88514,1,51,42,1.667,11.881
3907,156.280,22,-0.82327,8.07879,0,0,0,,
3907,156.280,24,0.69020,16.41872,1,40,0,0.854,6.999
3908,156.320,21,-0.27037,7.87349,1,48,52,1.679,11.595
3908,156.320,24,0.68194,16.38364,1,39,0,0.840,6.999
3909,156.360,21,-0.26385,7.80592,1,45,50,0.839,7.806
3909,156.360,22,-0.81973,8.08062,0,0,0,,
3909,156.360,24,0.68703,16.32754,1,40,0,0.897,6.999
3910,156.400,21,-0.26511,7.81802,1,51,66,1.447,11.658
3910,156.400,22,-0.82457,7.99227,0,0,0,,
3910,156.400,24,0.69274,16.26392,1,39,0,0.879,6.999
3911,156.440,21,-0.26113,7.78309,1,49,72,1.622,9.915
3911,156.440,22,-0.83838,8.01597,0,0,0,,
3911,156.440,24,0.68838,16.22104,1,40,0,0.847,6.999
3912,156.480,21,-0.25387,7.72967,1,48,72,0.874,9.199
3912,156.480,24,0.68490,16.17050,1,21,0,0.685,6.999
3913,156.520,21,-0.25698,7.68737,1,41,72,0.612,9.974
3913,156.520,22,-0.83449,7.93142,0,0,0,,
3913,156.520,24,0.68181,16.11308,1,40,0,0.772,6.999
3914,156.560,21,-0.25673,7.66949,1,46,72,0.764,11.051
3914,156.560,22,-0.83859,7.93298,0,0,0,,
3914,156.560,24,0.68398,16.07066,1,40,0,0.905,6.999
3915,156.600,21,-0.25726,7.65810,1,44,72,1.153,11.663
3915,156.600,22,-0.83627,7.87466,0,0,0,,
3915,156.600,24,0.69078,16.01020,1,40,0,0.846,6.999
3916,156.640,21,-0.25367,7.62310,1,45,72,1.201,10.581
3916,156.640,22,-0.83604,7.81192,0,0,0,,
3916,156.640,24,0.68576,15.96874,1,40,0,0.907,6.999
3917,156.680,21,-0.25030,7.59394,1,46,72,1.032,10.238
3917,156.680,22,-0.83564,7.84879,0,0,0,,
3917,156.680,24,0.68524,15.91487,1,21,0,0.850,6.999
3918,156.720,21,-0.24782,7.58734,1,49,72,1.446,11.332
3918,156.720,22,-0.82925,7.81677,0,0,0,,
3918,156.720,24,0.67927,15.85423,1,21,0,0.849,6.999
3919,156.760,21,-0.24331,7.55291,1,42,72,1.282,11.435
3919,156.760,22,-0.83176,7.84785,0,0,0,,
3919,156.760,24,0.68196,15.82554,1,21,0,0.947,6.999
3920,156.800,21,-0.24338,7.51787,1,45,72,1.055,10.416
3920,156.800,22,-0.83537,7.86097,0,0,0,,
3920,156.800,24,0.68421,15.77181,1,21,0,0.757,6.999
3921,156.840,21,-0.24109,7.50261,1,45,72,1.300,10.909
3921,156.840,24,0.68483,15.70522,1,21,0,0.822,6.999
3922,156.880,21,-0.23753,7.46864,1,45,72,1.295,10.695
3922,156.880,22,-0.82278,7.89527,0,0,0,,
3922,156.880,24,0.67967,15.67787,1,21,0,0.859,6.999
3923,156.920,21,-0.23531,7.43981,1,46,72,1.342,10.682
3923,156.920,24,0.68174,15.62049,1,21,0,0.815,6.999
3924,156.960,21,-0.23437,7.41644,1,41,72,1.362,10.993
3924,156.960,22,-0.78495,7.67834,0,0,0,,
3924,156.960,24,0.67284,15.54938,1,21,0,0.824,6.999
3925,157.000,21,-0.22979,7.38360,1,40,72,1.165,10.367
3925,157.000,22,-0.76913,7.68826,0,0,0,,
3925,157.000,24,0.68080,15.52256,1,40,0,0.834,6.999
3926,157.040,21,-0.22824,7.35716,1,42,72,1.202,10.488
3926,157.040,22,-0.75117,7.71434,0,0,0,,
3926,157.040,24,0.67687,15.46015,1,21,0,0.872,6.999
3927,157.080,21,-0.23031,7.32055,1,43,72,0.907,10.220
3927,157.080,22,-0.74386,7.73222,0,0,0,,
3927,157.080,24,0.67413,15.42497,1,40,0,0.892,6.999
3928,157.120,21,-0.22554,7.29631,1,41,72,1.038,9.766
3928,157.120,24,0.67327,15.36965,1,21,0,0.870,6.999
3929,157.160,21,-0.22519,7.27702,1,42,72,1.196,10.233
3929,157.160,24,0.67379,15.32563,1,21,0,0.833,6.999
3930,157.200,21,-0.22221,7.25170,1,43,72,1.083,9.954
3930,157.200,24,0.67615,15.28402,1,21,0,0.831,6.999
3931,157.240,21,-0.21903,7.22087,1,45,72,1.040,9.733
3931,157.240,24,0.66838,15.22407,1,21,0,0.738,6.999
3932,157.280,21,-0.21951,7.19471,1,42,72,0.898,9.708
3932,157.280,24,0.67896,15.17743,1,21,0,0.922,6.999
3933,157.320,21,-0.21821,7.16960,1,40,72,0.917,9.746
3933,157.320,22,-0.54916,7.82401,0,0,0,,
3933,157.320,24,0.66108,15.13877,1,21,0,0.751,6.999
3934,157.360,21,-0.21272,7.13937,1,41,72,0.902,9.515
3934,157.360,22,-0.52781,7.80068,0,41,13,18.222,
3934,157.360,24,0.67464,15.08899,1,21,0,0.729,6.999
3935,157.400,21,-0.21280,7.11941,1,43,72,1.022,9.716
3935,157.400,22,-0.50869,7.75331,0,43,18,8.367,
3935,157.400,24,0.66960,15.03014,1,21,0,0.772,6.999
3936,157.440,21,-0.21291,7.08619,1,44,72,0.812,10.272
3936,157.440,22,-0.49974,7.73608,0,44,16,7.713,
3936,157.440,24,0.67638,14.99666,1,21,0,0.889,6.999
3937,157.480,21,-0.21031,7.06466,1,43,72,0.865,9.421
3937,157.480,22,-0.49081,7.70651,0,43,72,0.882,
3937,157.480,24,0.66660,14.94125,1,21,0,0.859,6.999
3938,157.520,21,-0.20882,7.03730,1,44,66,0.864,9.712
3938,157.520,22,-0.48020,7.64406,0,44,16,8.073,
3938,157.520,24,0.67240,14.89939,1,22,0,0.721,6.999
3939,157.560,21,-0.20495,7.01910,1,43,72,0.928,9.173
3939,157.560,22,-0.47258,7.60159,0,43,13,18.554,
3939,157.560,24,0.66898,14.83590,1,22,0,0.831,6.999
3940,157.600,21,-0.20379,6.98346,1,44,65,0.850,9.838
3940,157.600,22,-0.45474,7.55564,0,44,64,0.782,
3940,157.600,24,0.66705,14.80010,1,21,0,0.786,6.999
3941,157.640,21,-0.20271,6.96147,1,44,68,0.825,9.728
3941,157.640,22,-0.44963,7.55061,0,44,68,0.827,
3941,157.640,24,0.66406,14.75732,1,22,0,0.835,6.999
3942,157.680,21,-0.20114,6.94170,1,42,72,0.835,9.303
3942,157.680,22,-0.44730,7.52741,0,42,72,0.834,
3942,157.680,24,0.66153,14.70059,1,22,0,0.847,6.999
3943,157.720,21,-0.19936,6.90857,1,43,72,0.716,9.841
3943,157.720,22,-0.45041,7.46171,0,43,72,0.710,
3943,157.720,24,0.66807,14.65914,1,22,0,0.765,6.999
3944,157.760,21,-0.19954,6.88607,1,46,66,0.702,9.981
3944,157.760,22,-0.30158,7.61089,1,13,0,0.852,6.999
3944,157.760,24,0.66617,14.61511,1,22,0,0.810,6.999
3945,157.800,21,-0.19901,6.86132,1,48,72,0.826,10.223
3945,157.800,24,0.66398,14.55149,1,22,0,0.860,6.999
3946,157.840,21,-0.19365,6.84086,1,47,72,0.819,10.252
3946,157.840,24,0.66555,14.51833,1,22,0,0.775,6.999
3947,157.880,21,-0.19263,6.80730,1,57,70,1.471,9.906
3947,157.880,24,0.65812,14.47461,1,22,0,0.902,6.999
3948,157.920,21,-0.19329,6.78300,1,59,72,1.448,9.772
3948,157.920,24,0.65819,14.42424,1,22,0,0.882,6.999
3949,157.960,21,-0.19120,6.76471,1,56,72,1.165,9.651
3949,157.960,22,-0.18894,6.76636,1,56,72,1.091,9.574
3949,157.960,24,0.66236,14.38589,1,22,0,0.787,6.999
3950,158.000,21,-0.18725,6.76368,1,50,72,1.031,9.263
3950,158.000,22,-0.18708,6.76326,1,50,72,1.032,9.364
3950,158.000,24,0.65673,14.33414,1,22,0,0.824,6.999
3951,158.040,21,-0.18854,6.73335,1,50,72,1.069,9.528
3951,158.040,22,-0.18873,6.73288,1,50,72,1.066,9.481
3951,158.040,24,0.65540,14.28597,1,22,0,0.796,6.999
3952,158.080,21,-0.18625,6.70862,1,47,72,1.095,9.599
3952,158.080,24,0.65363,14.24406,1,22,0,0.848,6.999
3953,158.120,21,-0.18540,6.68612,1,51,72,1.079,9.278
3953,158.120,24,0.66175,14.19126,1,23,0,0.651,6.999
3954,158.160,21,-0.18596,6.66440,1,49,72,1.151,9.850
3954,158.160,24,0.65418,14.13986,1,22,0,0.778,6.999
3955,158.200,21,-0.18654,6.63677,1,48,72,1.029,9.844
3955,158.200,24,0.64588,14.10516,1,22,0,0.661,6.999
3956,158.240,21,-0.18121,6.62451,1,52,72,1.231,9.819
3956,158.240,24,0.64168,14.06129,1,22,0,0.846,6.999
3957,158.280,21,-0.17962,6.60131,1,54,72,1.132,9.850
3957,158.280,24,0.65144,14.00949,1,22,0,1.002,6.999
3958,158.320,21,-0.17701,6.57379,1,49,72,1.123,10.218
3958,158.320,24,0.65009,13.96874,1,22,0,0.702,6.999
3959,158.360,21,-0.17625,6.55724,1,50,72,1.223,10.274
3959,158.360,24,0.65081,13.92044,1,23,0,0.770,6.999
3960,158.400,21,-0.17087,6.53584,1,46,72,1.177,10.308
3960,158.400,24,0.64495,13.87194,1,23,0,0.870,6.999
3961,158.440,21,-0.16950,6.51719,1,47,72,1.174,10.533
3961,158.440,24,0.64669,13.83809,1,23,0,0.815,6.999
3962,158.480,21,-0.17220,6.49560,1,53,72,1.236,10.709
3962,158.480,24,0.63737,13.78566,1,22,0,0.836,6.999
3963,158.520,21,-0.16872,6.46874,1,53,72,1.159,10.590
3963,158.520,24,0.63589,13.73442,1,23,0,0.897,6.999
3964,158.560,21,-0.16886,6.45730,1,55,72,1.410,10.853
3964,158.560,24,0.64190,13.70047,1,23,0,0.689,6.999
3965,158.600,21,-0.16566,6.43649,1,51,72,1.277,10.712
3965,158.600,24,0.64028,13.65884,1,23,0,0.796,6.999
3966,158.640,21,-0.16682,6.41737,1,50,72,1.496,10.901
3966,158.640,24,0.63662,13.60348,1,23,0,0.918,6.999
3967,158.680,21,-0.16442,6.40089,1,57,72,1.574,10.989
3967,158.680,24,0.63491,13.56971,1,23,0,0.792,6.999
3968,158.720,21,-0.15284,6.38455,1,66,72,1.622,10.819
3968,158.720,24,0.63506,13.52121,1,23,0,0.818,6.999
3969,158.760,21,-0.15158,6.36870,1,69,72,1.865,10.510
3969,158.760,24,0.62821,13.48035,1,23,0,0.949,6.999
3970,158.800,21,-0.15346,6.35017,1,64,72,2.130,10.321
3970,158.800,24,0.63807,13.43985,1,23,0,0.839,6.999
3971,158.840,21,-0.14735,6.33271,1,68,72,2.096,10.472
3971,158.840,24,0.63214,13.38408,1,23,0,0.883,6.999
3972,158.880,21,-0.14010,6.31435,1,64,72,2.050,10.574
3972,158.880,24,0.63263,13.33365,1,24,0,0.951,6.999
3973,158.920,21,-0.14887,6.29752,1,75,72,2.108,9.696
3973,158.920,24,0.63137,13.31303,1,24,0,0.851,6.999
3974,158.960,21,-0.13939,6.27048,1,74,70,1.835,10.911
3974,158.960,24,0.62386,13.25637,1,24,0,0.859,6.999
3975,159.000,21,-0.13732,6.24268,1,64,71,1.934,11.363
3975,159.000,24,0.62144,13.20841,1,24,0,0.838,6.999
3976,159.040,21,-0.13495,6.22569,1,75,70,1.834,11.919
3976,159.040,24,0.62696,13.18412,1,23,0,0.827,6.999
3977,159.080,21,-0.14343,6.19671,1,57,72,1.762,10.820
3977,159.080,24,0.62769,13.12834,1,23,0,0.858,6.999
3978,159.120,21,-0.14572,6.17172,1,50,72,1.830,10.917
3978,159.120,24,0.62489,13.07385,1,24,0,0.969,6.999
3979,159.160,21,-0.14906,6.12062,1,53,72,1.309,7.442
3979,159.160,24,0.62298,13.04409,1,24,0,0.891,6.999
3980,159.200,21,-0.14189,6.08977,1,43,64,0.565,6.610
3980,159.200,24,0.62280,13.00052,1,24,0,0.812,6.999
3981,159.240,21,-0.13647,6.08118,1,44,72,1.044,8.816
3981,159.240,24,0.61933,12.95184,1,24,0,0.754,6.999
3982,159.280,21,-0.14084,6.07178,1,43,72,1.070,8.802
3982,159.280,24,0.62293,12.91465,1,24,0,0.823,6.999
3983,159.320,21,-0.14909,6.07486,1,62,72,1.720,9.209
3983,159.320,24,0.61683,12.88255,1,23,0,0.788,6.999
3984,159.360,21,-0.13959,6.06045,1,57,72,1.582,11.032
3984,159.360,24,0.61519,12.82094,1,24,0,0.913,6.999
3985,159.400,21,-0.13524,6.04940,1,51,72,1.732,11.390
3985,159.400,24,0.62028,12.79210,1,24,0,0.831,6.999
3986,159.440,21,-0.11841,6.05732,1,0,72,0.773,12.092
3986,159.440,24,0.61441,12.74016,1,24,0,0.794,6.999
3987,159.480,21,-0.13351,6.01575,1,53,72,1.880,11.576
3987,159.480,24,0.61021,12.69879,1,24,0,0.788,6.999
3988,159.520,21,-0.12898,5.99810,1,51,72,1.814,11.464
3988,159.520,24,0.60545,12.66231,1,24,0,0.810,6.999
3989,159.560,21,-0.11379,6.00584,1,0,72,1.179,11.659
3989,159.560,24,0.60507,12.61373,1,24,0,0.771,6.999
3990,159.600,21,-0.11121,5.98164,1,0,72,1.224,11.601
3990,159.600,24,0.60307,12.57718,1,24,0,0.918,6.999
3991,159.640,21,-0.11105,5.97363,1,0,72,0.876,12.547
3991,159.640,24,0.60980,12.53493,1,24,0,0.829,6.999
3992,159.680,21,-0.11055,5.95267,1,0,72,1.093,11.292
3992,159.680,24,0.60697,12.50296,1,25,0,0.795,6.999
3993,159.720,21,-0.10567,5.94307,1,0,72,1.241,11.677
3993,159.720,24,0.60289,12.46694,1,24,0,0.854,6.999
3994,159.760,21,-0.10859,5.92386,1,0,72,1.128,11.608
3994,159.760,24,0.60165,12.41868,1,25,0,0.891,6.999
3995,159.800,21,-0.10179,5.90999,1,0,72,1.216,11.440
3995,159.800,24,0.59872,12.37829,1,25,0,0.804,6.999
3996,159.840,21,-0.10178,5.89202,1,0,72,1.228,11.577
3996,159.840,24,0.59507,12.34291,1,25,0,0.892,6.999
3997,159.880,21,-0.09884,5.87212,1,0,72,1.299,11.515
3997,159.880,24,0.59746,12.30093,1,25,0,0.712,6.999
3998,159.920,21,-0.09724,5.85805,1,0,72,1.210,11.464
3998,159.920,24,0.59873,12.25968,1,25,0,0.846,6.999
3999,159.960,21,-0.09633,5.83963,1,0,72,1.259,11.319
3999,159.960,24,0.59400,12.21507,1,25,0,0.733,6.999
4000,160.000,21,-0.09572,5.82269,1,0,72,1.272,11.286
4000,160.000,24,0.59233,12.17580,1,25,0,0.873,6.999
4001,160.040,21,-0.09434,5.80759,1,0,72,1.228,11.183
4001,160.040,24,0.58972,12.13517,1,25,0,0.881,6.999
4002,160.080,21,-0.09099,5.78979,1,0,72,1.244,11.437
4002,160.080,24,0.59113,12.10100,1,25,0,0.795,6.999
4003,160.120,21,-0.09083,5.77295,1,0,72,1.309,11.314
4003,160.120,24,0.59149,12.07189,1,25,0,0.758,6.999
4004,160.160,21,-0.08791,5.75764,1,0,72,1.197,11.238
4004,160.160,24,0.58764,12.01756,1,26,0,0.810,6.999
4000,160.000,28,0.34099,33.35218,1,23,0,0.599,6.999
4001,160.040,28,0.33410,33.15240,0,29,0,3.515,
4002,160.080,28,0.34051,33.11298,0,28,0,3.437,
4003,160.120,28,0.35251,33.13201,0,60,0,7.129,
4004,160.160,28,0.36441,32.93315,0,84,0,8.289,
4005,160.200,21,-0.08522,5.73160,1,0,72,0.812,10.834
4005,160.200,24,0.58827,11.98408,1,25,0,0.815,6.999
4005,160.200,28,0.35756,32.89907,0,51,0,7.469,
4006,160.240,21,-0.08505,5.72223,1,0,72,1.114,11.221
4006,160.240,24,0.58504,11.94382,1,26,0,0.900,6.999
4006,160.240,28,0.35978,32.92411,0,53,0,7.266,
4007,160.280,21,-0.10052,5.61323,0,33,0,1.901,
4007,160.280,24,0.58264,11.90320,1,26,0,0.890,6.999
4007,160.280,28,0.36281,32.64242,0,58,0,7.244,
4008,160.320,21,-0.08123,5.69034,1,0,72,0.781,10.483
4008,160.320,24,0.57978,11.86983,1,26,0,0.876,6.999
4008,160.320,28,0.37838,32.61531,0,80,0,8.686,
4009,160.360,21,-0.07797,5.67570,1,0,72,0.782,10.662
4009,160.360,24,0.57867,11.82486,1,26,0,0.823,6.999
4009,160.360,28,0.38231,32.61743,0,82,0,8.668,
4010,160.400,21,-0.07548,5.66571,1,0,72,1.005,10.988
4010,160.400,24,0.57950,11.78919,1,26,0,0.853,6.999
4010,160.400,28,0.37564,32.40047,0,76,0,8.587,
4011,160.440,21,-0.07557,5.65063,1,0,72,0.943,11.059
4011,160.440,24,0.58000,11.75212,1,26,0,0.874,6.999
4011,160.440,28,0.37751,32.38063,0,65,0,7.334,
4012,160.480,21,-0.07426,5.63407,1,0,72,0.678,10.519
4012,160.480,24,0.57295,11.70824,1,26,0,0.818,6.999
4012,160.480,28,0.38429,32.38723,0,60,0,7.440,
4013,160.520,21,-0.07385,5.61718,1,0,72,0.414,10.306
4013,160.520,24,0.57230,11.66669,1,26,0,0.810,6.999
4013,160.520,28,0.37455,32.15035,0,60,0,7.641,
4014,160.560,21,-0.07048,5.60587,1,0,72,0.670,10.269
4014,160.560,24,0.56722,11.63146,1,26,0,0.897,6.999
4014,160.560,28,0.39098,32.15691,0,61,0,7.628,
4015,160.600,21,-0.06805,5.59601,1,0,72,0.731,10.354
4015,160.600,24,0.57197,11.60245,1,26,0,0.581,6.999
4015,160.600,28,0.38402,31.92414,0,79,0,9.614,
4016,160.640,21,-0.06506,5.58077,1,0,72,0.606,10.040
4016,160.640,24,0.56666,11.55974,1,27,0,0.689,6.999
4016,160.640,28,0.38549,31.90730,0,82,0,9.700,
4017,160.680,21,-0.07100,5.56424,1,0,72,0.784,10.335
4017,160.680,24,0.56944,11.51084,1,26,0,0.852,6.999
4017,160.680,28,0.40161,31.91468,0,57,0,8.147,
4018,160.720,21,-0.06573,5.55424,1,0,72,0.855,10.279
4018,160.720,24,0.56828,11.48794,1,26,0,0.902,6.999
4018,160.720,28,0.40913,31.67957,0,66,0,8.075,
4019,160.760,21,-0.07671,5.47510,0,24,0,1.138,
4019,160.760,24,0.56554,11.44492,1,26,0,0.853,6.999
4019,160.760,28,0.41180,31.67569,0,100,0,11.175,
4020,160.800,21,-0.07927,5.47281,0,24,28,22.556,
4020,160.800,24,0.56291,11.40337,1,27,0,0.853,6.999
4020,160.800,28,0.41447,31.70899,0,97,0,11.194,
4021,160.840,21,-0.07822,5.45439,0,25,21,17.210,
4021,160.840,24,0.56289,11.36229,1,27,0,0.732,6.999
4021,160.840,28,0.40815,31.47748,0,118,0,14.052,
4022,160.880,21,-0.07964,5.43671,0,26,0,1.193,
4022,160.880,24,0.55940,11.34101,1,27,0,0.770,6.999
4022,160.880,28,0.40312,31.44208,0,115,0,14.176,
4023,160.920,21,-0.07906,5.43134,0,28,30,21.089,
4023,160.920,24,0.55695,11.29525,1,27,0,0.702,6.999
4023,160.920,28,0.42889,31.44060,0,120,0,14.077,
4024,160.960,21,-0.07617,5.41417,0,29,0,0.618,
4024,160.960,24,0.55152,11.27214,1,26,0,0.848,6.999
4024,160.960,28,0.42263,31.24903,0,114,0,14.496,
4025,161.000,21,-0.06962,5.41033,0,44,0,2.580,
4025,161.000,24,0.55283,11.23301,1,27,0,0.820,6.999
4025,161.000,28,0.42581,31.28088,0,55,0,8.732,
4026,161.040,21,-0.06854,5.39616,0,33,31,3.607,
4026,161.040,24,0.54704,11.19005,1,27,0,0.681,6.999
4026,161.040,28,0.44252,31.06318,0,54,0,8.725,
4027,161.080,21,-0.06736,5.38872,0,31,0,1.187,
4027,161.080,24,0.54835,11.15508,1,27,0,0.935,6.999
4027,161.080,28,0.43634,31.01702,0,51,0,9.008,
4028,161.120,21,-0.06010,5.37772,0,33,0,1.356,
4028,161.120,24,0.54420,11.11687,1,27,0,0.926,6.999
4028,161.120,28,0.43924,31.05886,0,130,0,14.295,
4029,161.160,21,-0.06336,5.35059,0,35,38,4.910,
4029,161.160,24,0.54730,11.08571,1,26,0,0.843,6.999
4029,161.160,28,0.43056,30.84646,0,138,0,14.284,
4030,161.200,21,-0.05236,5.34499,0,35,33,4.166,
4030,161.200,24,0.54684,11.04395,1,26,0,0.820,6.999
4030,161.200,28,0.45238,30.78820,0,115,0,11.905,
4031,161.240,21,-0.05414,5.32137,0,34,37,4.440,
4031,161.240,24,0.54283,11.01343,1,27,0,0.927,6.999
4031,161.240,28,0.44605,30.61101,0,118,0,11.976,
4032,161.280,21,-0.05300,5.29538,0,34,36,4.644,
4032,161.280,24,0.54497,10.98375,1,27,0,0.844,6.999
4032,161.280,28,0.46886,30.55996,0,106,0,14.436,
4033,161.320,21,-0.05626,5.26466,0,37,36,4.799,
4033,161.320,24,0.54122,10.93735,1,27,0,0.885,6.999
4033,161.320,28,0.47197,30.58518,0,83,0,10.930,
4034,161.360,21,-0.05505,5.21962,0,38,37,4.678,
4034,161.360,24,0.53926,10.90467,1,27,0,0.999,6.999
4034,161.360,28,0.46601,30.36010,0,83,0,10.878,
4035,161.400,21,-0.05925,5.18461,0,39,37,4.613,
4035,161.400,24,0.53751,10.88624,1,27,0,0.924,6.999
4035,161.400,28,0.46852,30.38045,0,125,0,13.983,
4036,161.440,21,-0.06235,5.15157,0,21,0,1.454,
4036,161.440,24,0.53621,10.84082,1,28,0,0.829,6.999
4036,161.440,28,0.47149,30.17128,0,117,0,14.269,
4037,161.480,21,-0.06639,5.10508,0,51,36,6.265,
4037,161.480,24,0.52868,10.80495,1,27,0,0.874,6.999
4037,161.480,28,0.48349,30.18033,0,118,0,14.332,
4038,161.520,21,-0.07035,5.06014,0,22,34,5.571,
4038,161.520,24,0.53172,10.76450,1,27,0,0.836,6.999
4038,161.520,28,0.48220,30.10514,0,92,0,10.787,
4039,161.560,21,-0.07798,5.02470,0,0,0,,
4039,161.560,24,0.52706,10.74109,1,28,0,0.890,6.999
4039,161.560,28,0.48109,30.06452,0,118,0,14.660,
4040,161.600,21,-0.15182,5.20330,1,0,72,5.454,18.612
4040,161.600,24,0.52835,10.70205,1,28,0,0.901,6.999
4040,161.600,28,0.47512,29.93642,0,117,0,14.724,
4041,161.640,24,0.52347,10.66498,1,28,0,0.867,6.999
4041,161.640,28,0.50479,29.94679,0,119,0,14.815,
4042,161.680,24,0.52369,10.63621,1,27,0,0.937,6.999
4042,161.680,28,0.49502,29.78960,0,95,0,10.727,
4043,161.720,24,0.52419,10.60456,1,28,0,0.944,6.999
4043,161.720,28,0.49385,29.75374,0,123,0,14.738,
4044,161.760,21,-0.10473,4.82225,0,25,37,6.537,
4044,161.760,24,0.51345,10.55551,1,28,0,0.944,6.999
4044,161.760,28,0.52591,29.57300,0,125,0,14.828,
4045,161.800,21,-0.11341,4.77292,0,23,37,7.542,
4045,161.800,24,0.51453,10.53293,1,28,0,0.925,6.999
4045,161.800,28,0.50881,29.55098,0,120,0,14.915,
4046,161.840,21,-0.12073,4.72798,0,24,37,7.545,
4046,161.840,24,0.51478,10.50594,1,27,0,0.800,6.999
4046,161.840,28,0.50492,29.55384,0,124,0,15.141,
4047,161.880,21,-0.12601,4.68104,0,24,39,7.807,
4047,161.880,24,0.50946,10.46410,1,28,0,0.802,6.999
4047,161.880,28,0.55469,29.32988,0,86,0,14.580,
4048,161.920,21,-0.13581,4.63276,0,23,37,8.389,
4048,161.920,24,0.50806,10.43450,1,28,0,0.723,6.999
4048,161.920,28,0.50372,29.26029,0,87,0,14.698,
4049,161.960,21,-0.14072,4.59875,0,23,36,8.505,
4049,161.960,24,0.51097,10.40142,1,28,0,0.822,6.999
4049,161.960,28,0.50676,29.06894,0,145,0,19.362,
4050,162.000,21,-0.14874,4.54717,0,22,38,10.298,
4050,162.000,24,0.50115,10.37030,1,28,0,0.838,6.999
4050,162.000,28,0.50841,29.03964,1,25,0,0.765,6.999
4051,162.040,21,-0.15482,4.50590,0,21,33,8.638,
4051,162.040,24,0.50576,10.33460,1,28,0,0.868,6.999
4051,162.040,28,0.52431,28.94225,1,24,0,1.002,6.999
4052,162.080,21,-0.15862,4.46042,0,40,34,9.717,
4052,162.080,24,0.50042,10.30346,1,28,0,0.875,6.999
4052,162.080,28,0.52460,28.94610,1,24,0,0.844,6.999
4053,162.120,21,-0.17217,4.41176,0,38,33,10.287,
4053,162.120,24,0.50087,10.27134,1,28,0,0.949,6.999
4053,162.120,28,0.54787,28.80982,1,26,0,0.761,6.999
4054,162.160,21,-0.16986,4.42088,1,51,72,1.375,10.397
4054,162.160,24,0.49728,10.23997,1,28,0,0.949,6.999
4054,162.160,28,0.52767,28.73700,1,26,0,0.667,6.999
4055,162.200,21,-0.18101,4.37300,1,51,72,1.051,10.251
4055,162.200,24,0.49960,10.20803,1,29,0,0.849,6.999
4055,162.200,28,0.54321,28.75690,0,111,0,12.443,
4056,162.240,21,-0.18599,4.32411,1,53,72,0.981,10.397
4056,162.240,24,0.49744,10.17451,1,29,0,0.798,6.999
4056,162.240,28,0.55070,28.53969,0,253,0,24.167,
4057,162.280,21,-0.19474,4.28024,1,49,72,0.863,10.301
4057,162.280,24,0.49467,10.14830,1,29,0,0.896,6.999
4057,162.280,28,0.55477,28.61123,1,25,0,0.831,6.999
4058,162.320,21,-0.20004,4.23591,1,50,72,1.031,10.262
4058,162.320,24,0.49489,10.11257,1,29,0,0.754,6.999
4058,162.320,28,0.54491,28.41628,1,24,0,0.869,6.999
4059,162.360,21,-0.20654,4.19629,1,54,72,1.233,9.803
4059,162.360,24,0.49038,10.07593,1,29,0,0.829,6.999
4059,162.360,28,0.55920,28.36150,1,25,0,0.537,6.999
4060,162.400,21,-0.21420,4.14531,1,55,72,0.806,10.052
4060,162.400,24,0.48504,10.04049,1,29,0,0.811,6.999
4060,162.400,28,0.56698,28.35150,1,24,0,0.863,6.999
4061,162.440,21,-0.22205,4.10449,1,55,72,0.770,10.176
4061,162.440,24,0.48715,10.02040,1,29,0,0.838,6.999
4061,162.440,28,0.56778,28.15279,1,25,0,0.607,6.999
4062,162.480,21,-0.22892,4.06542,1,56,70,1.017,10.052
4062,162.480,24,0.48164,9.98617,1,29,0,0.879,6.999
4062,162.480,28,0.57864,28.08181,1,26,0,0.903,6.999
4063,162.520,21,-0.23645,4.02477,1,58,72,1.068,9.990
4063,162.520,24,0.48282,9.95273,1,29,0,0.894,6.999
4063,162.520,28,0.57629,27.96146,1,25,0,0.447,6.999
4064,162.560,21,-0.24193,3.97873,1,52,72,0.972,10.173
4064,162.560,24,0.47984,9.92871,1,29,0,0.827,6.999
4064,162.560,28,0.59574,27.88363,1,25,0,0.866,6.999
4065,162.600,21,-0.24836,3.94024,1,54,72,1.107,9.982
4065,162.600,24,0.47880,9.89897,1,29,0,0.786,6.999
4065,162.600,28,0.56718,27.81214,1,25,0,0.844,6.999
4066,162.640,21,-0.25369,3.89289,1,55,72,1.102,10.103
4066,162.640,24,0.47560,9.85662,1,29,0,0.800,6.999
4066,162.640,28,0.58323,27.80806,1,24,0,0.607,6.999
4067,162.680,21,-0.26245,3.85149,1,62,72,1.224,10.239
4067,162.680,24,0.47492,9.84409,1,29,0,0.647,6.999
4067,162.680,28,0.56901,27.69547,1,26,0,0.896,6.999
4068,162.720,21,-0.26807,3.80687,1,62,72,1.202,10.186
4068,162.720,24,0.47418,9.81050,1,29,0,0.847,6.999
4068,162.720,28,0.59054,27.58852,1,25,0,0.446,6.999
4069,162.760,21,-0.27613,3.76706,1,61,72,1.234,10.187
4069,162.760,24,0.47181,9.76869,1,29,0,0.904,6.999
4069,162.760,28,0.57808,27.53119,1,24,0,1.049,6.999
4070,162.800,21,-0.28131,3.73349,1,61,72,1.243,10.696
4070,162.800,24,0.46757,9.73854,1,29,0,0.893,6.999
4070,162.800,28,0.58907,27.42824,1,24,0,0.696,6.999
4071,162.840,21,-0.28852,3.70286,1,61,72,1.281,10.744
4071,162.840,24,0.46624,9.72051,1,30,0,0.800,6.999
4071,162.840,28,0.60236,27.37691,1,24,0,0.825,6.999
4072,162.880,21,-0.29422,3.66322,1,63,72,1.395,10.686
4072,162.880,24,0.46715,9.68324,1,30,0,0.964,6.999
4072,162.880,28,0.59980,27.26131,1,26,0,0.821,6.999
4073,162.920,21,-0.30178,3.62569,1,56,72,1.479,10.747
4073,162.920,24,0.46689,9.65787,1,30,0,0.682,6.999
4073,162.920,28,0.59220,27.24173,1,25,0,0.621,6.999
4074,162.960,21,-0.30626,3.58856,1,67,72,1.546,10.699
4074,162.960,24,0.46470,9.62993,1,30,0,0.816,6.999
4074,162.960,28,0.61148,27.08070,1,25,0,0.929,6.999
4075,163.000,21,-0.31272,3.54428,1,61,72,1.434,10.855
4075,163.000,24,0.45831,9.59540,1,30,0,0.848,6.999
4075,163.000,28,0.61414,27.05779,1,26,0,0.589,6.999
4076,163.040,21,-0.31431,3.50183,1,58,72,1.632,10.895
4076,163.040,24,0.45844,9.56551,1,30,0,0.859,6.999
4076,163.040,28,0.60948,27.01079,1,25,0,0.878,6.999
4077,163.080,21,-0.32213,3.46881,1,62,72,1.783,10.893
4077,163.080,24,0.45808,9.54170,1,30,0,0.757,6.999
4077,163.080,28,0.61320,26.88647,1,25,0,0.749,6.999
4078,163.120,21,-0.32763,3.43463,1,67,72,1.835,10.128
4078,163.120,24,0.45402,9.51089,1,30,0,0.878,6.999
4078,163.120,28,0.61644,26.83178,1,25,0,0.955,6.999
4079,163.160,21,-0.33182,3.43767,1,58,72,1.438,6.691
4079,163.160,24,0.45138,9.48108,1,31,0,0.746,6.999
4079,163.160,28,0.61611,26.75732,1,26,0,0.909,6.999
4080,163.200,21,-0.33291,3.34503,1,58,72,2.542,11.126
4080,163.200,24,0.44989,9.45332,1,30,0,0.734,6.999
4080,163.200,28,0.62156,26.76993,1,25,0,0.803,6.999
4081,163.240,21,-0.34520,3.28995,1,71,72,2.232,11.351
4081,163.240,24,0.44785,9.42710,1,30,0,0.772,6.999
4081,163.240,28,0.62160,26.55485,1,26,0,0.863,6.999
4082,163.280,21,-0.33932,3.24765,1,76,72,3.040,11.149
4082,163.280,24,0.44591,9.38911,1,30,0,0.922,6.999
4082,163.280,28,0.62586,26.59265,1,26,0,0.806,6.999
4083,163.320,21,-0.35599,3.21730,1,68,72,2.095,11.981
4083,163.320,24,0.44263,9.36750,1,31,0,0.799,6.999
4083,163.320,28,0.63103,26.44200,1,26,0,1.007,6.999
4084,163.360,21,-0.36333,3.19697,1,67,72,2.414,12.537
4084,163.360,24,0.44501,9.34514,1,30,0,0.677,6.999
4084,163.360,28,0.63576,26.35420,1,24,0,0.781,6.999
4085,163.400,21,-0.36755,3.15172,1,78,72,3.162,12.853
4085,163.400,24,0.44173,9.30976,1,31,0,0.834,6.999
4085,163.400,28,0.64829,26.30514,1,27,0,0.934,6.999
4086,163.440,21,-0.36270,3.11896,1,83,72,4.164,12.839
4086,163.440,24,0.44253,9.28066,1,31,0,0.729,6.999
4086,163.440,28,0.64413,26.19031,1,25,0,0.587,6.999
4087,163.480,21,-0.36900,3.08441,1,86,72,4.707,12.921
4087,163.480,24,0.44086,9.25303,1,31,0,0.792,6.999
4087,163.480,28,0.64897,26.14672,1,26,0,0.933,6.999
4088,163.520,21,-0.38506,3.01492,1,72,72,2.900,12.983
4088,163.520,24,0.43648,9.23020,1,31,0,0.741,6.999
4088,163.520,28,0.64179,26.00839,1,26,0,0.771,6.999
4089,163.560,21,-0.39232,2.97775,1,75,72,2.992,12.607
4089,163.560,24,0.43534,9.19921,1,31,0,0.755,6.999
4089,163.560,28,0.65061,25.99210,1,26,0,0.962,6.999
4090,163.600,21,-0.40186,2.93050,1,71,72,2.561,12.648
4090,163.600,24,0.43443,9.16236,1,31,0,0.815,6.999
4090,163.600,28,0.64405,25.84897,1,26,0,0.791,6.999
4091,163.640,21,-0.40382,2.88437,1,69,72,2.165,12.859
4091,163.640,24,0.43288,9.13870,1,31,0,0.869,6.999
4091,163.640,28,0.65642,25.83147,1,26,0,0.816,6.999
4092,163.680,21,-0.41336,2.84126,1,65,72,2.160,11.951
4092,163.680,24,0.43014,9.11943,1,31,0,0.860,6.999
4092,163.680,28,0.66367,25.70405,1,26,0,1.003,6.999
4093,163.720,21,-0.42236,2.80124,1,69,72,1.893,10.751
4093,163.720,24,0.42704,9.08583,1,31,0,0.844,6.999
4093,163.720,28,0.66347,25.67727,1,25,0,0.811,6.999
4094,163.760,21,-0.42505,2.74928,1,70,72,1.442,11.328
4094,163.760,24,0.42422,9.05662,1,31,0,0.896,6.999
4094,163.760,28,0.65499,25.53015,1,27,0,0.864,6.999
4095,163.800,21,-0.43449,2.70582,1,72,72,1.469,10.685
4095,163.800,24,0.42341,9.03671,1,32,0,0.864,6.999
4095,163.800,28,0.66085,25.50841,1,27,0,0.796,6.999
4096,163.840,21,-0.43823,2.67040,1,69,72,1.559,10.530
4096,163.840,24,0.42499,9.00451,1,31,0,0.792,6.999
4096,163.840,28,0.66697,25.41414,1,27,0,1.084,6.999
4097,163.880,21,-0.44950,2.62399,1,69,72,1.251,10.476
4097,163.880,24,0.42318,8.98155,1,32,0,0.692,6.999
4097,163.880,28,0.66710,25.35444,1,25,0,0.826,6.999
4098,163.920,21,-0.45470,2.58640,1,68,72,1.578,10.539
4098,163.920,24,0.42048,8.95592,1,31,0,0.781,6.999
4098,163.920,28,0.67536,25.24402,1,26,0,0.904,6.999
4099,163.960,21,-0.46232,2.54475,1,70,72,1.549,10.436
4099,163.960,24,0.41871,8.92743,1,31,0,0.787,6.999
4099,163.960,28,0.66777,25.18297,1,27,0,0.868,6.999
4100,164.000,21,-0.46373,2.50214,1,77,72,1.633,10.387
4100,164.000,24,0.41526,8.90035,1,32,0,0.774,6.999
4100,164.000,28,0.67570,25.12683,1,28,0,0.925,6.999
4101,164.040,21,-0.46787,2.47657,1,77,72,2.066,9.656
4101,164.040,24,0.41117,8.87393,1,32,0,0.815,6.999
4101,164.040,28,0.68056,25.02619,1,26,0,0.758,6.999
4102,164.080,21,-0.47261,2.43898,1,68,67,2.207,9.134
4102,164.080,24,0.40850,8.85289,1,31,0,0.782,6.999
4102,164.080,28,0.67964,25.04717,1,27,0,0.991,6.999
4103,164.120,21,-0.48327,2.38385,1,73,72,2.358,8.378
4103,164.120,24,0.40869,8.82447,1,32,0,0.744,6.999
4103,164.120,28,0.68409,24.87911,1,27,0,0.754,6.999
4104,164.160,21,-0.47753,2.33708,1,67,72,1.799,7.776
4104,164.160,24,0.40415,8.79502,1,32,0,0.772,6.999
4104,164.160,28,0.69096,24.85677,1,28,0,0.908,6.999
4105,164.200,21,-0.48462,2.29105,1,74,72,1.661,7.400
4105,164.200,24,0.40245,8.77726,1,32,0,0.727,6.999
4105,164.200,28,0.68242,24.71267,1,28,0,0.761,6.999
4106,164.240,21,-0.48905,2.26693,1,62,67,2.081,9.093
4106,164.240,24,0.39921,8.74431,1,31,0,0.807,6.999
4106,164.240,28,0.69593,24.63818,1,28,0,0.743,6.999
4107,164.280,21,-0.49735,2.22916,1,71,72,1.928,9.128
4107,164.280,24,0.39693,8.71951,1,32,0,0.806,6.999
4107,164.280,28,0.69050,24.56283,1,28,0,0.767,6.999
4108,164.320,21,-0.50286,2.20457,1,66,72,1.093,10.731
4108,164.320,24,0.39526,8.70116,1,31,0,0.821,6.999
4108,164.320,28,0.70456,24.52017,1,29,0,0.780,6.999
4109,164.360,21,-0.50781,2.16930,1,68,72,1.242,10.831
4109,164.360,24,0.39316,8.67094,1,32,0,0.769,6.999
4109,164.360,28,0.68989,24.41011,1,28,0,0.730,6.999
4110,164.400,21,-0.51305,2.12923,1,63,72,1.139,10.929
4110,164.400,24,0.39277,8.64440,1,32,0,0.806,6.999
4110,164.400,28,0.70539,24.37667,1,28,0,0.843,6.999
4111,164.440,21,-0.51810,2.09505,1,65,72,1.156,10.945
4111,164.440,24,0.38822,8.62574,1,32,0,0.836,6.999
4111,164.440,28,0.69513,24.25308,1,27,0,0.844,6.999
4112,164.480,21,-0.52191,2.06018,1,70,72,1.393,10.946
4112,164.480,24,0.38557,8.59359,1,32,0,0.818,6.999
4112,164.480,28,0.71551,24.29777,1,27,0,0.975,6.999
4113,164.520,21,-0.52613,2.02253,1,64,72,1.107,11.023
4113,164.520,24,0.38497,8.56447,1,32,0,0.775,6.999
4113,164.520,28,0.70073,24.14069,1,28,0,0.811,6.999
4114,164.560,21,-0.53263,1.99620,1,71,72,1.707,10.218
4114,164.560,24,0.38334,8.55019,1,33,0,0.797,6.999
4114,164.560,28,0.70882,24.06497,1,28,0,0.726,6.999
4115,164.600,21,-0.53882,1.96127,1,71,72,1.798,9.649
4115,164.600,24,0.37849,8.51887,1,33,0,0.859,6.999
4115,164.600,28,0.70394,23.98188,1,29,0,0.866,6.999
4116,164.640,21,-0.54580,1.91556,1,76,72,1.697,9.902
4116,164.640,24,0.37601,8.48938,1,33,0,0.770,6.999
4116,164.640,28,0.71406,23.89530,1,29,0,0.868,6.999
4117,164.680,21,-0.55210,1.88492,1,71,72,2.021,9.153
4117,164.680,24,0.37613,8.47290,1,33,0,0.819,6.999
4117,164.680,28,0.71681,23.80853,1,28,0,0.865,6.999
4118,164.720,21,-0.55632,1.84459,1,76,72,1.922,9.178
4118,164.720,24,0.37373,8.44384,1,33,0,0.732,6.999
4118,164.720,28,0.71340,23.76866,1,29,0,0.755,6.999
4119,164.760,21,-0.55920,1.80970,1,68,72,1.845,9.433
4119,164.760,24,0.37312,8.42821,1,34,0,0.790,6.999
4119,164.760,28,0.71762,23.66777,1,28,0,0.760,6.999
4120,164.800,21,-0.56414,1.76433,1,68,72,1.377,9.883
4120,164.800,24,0.36814,8.40895,1,33,0,0.891,6.999
4120,164.800,28,0.72423,23.60669,1,28,0,0.732,6.999
4121,164.840,21,-0.57172,1.74264,1,67,72,2.042,8.670
4121,164.840,24,0.36648,8.39262,1,33,0,0.928,6.999
4121,164.840,28,0.72043,23.52704,1,27,0,0.892,6.999
4122,164.880,21,-0.57526,1.71224,1,83,72,2.174,7.687
4122,164.880,24,0.36861,8.37312,1,33,0,0.886,6.999
4122,164.880,28,0.72113,23.45746,1,29,0,0.756,6.999
4123,164.920,21,-0.57684,1.65890,1,78,71,1.441,10.040
4123,164.920,24,0.36050,8.37300,1,37,0,1.281,6.999
4123,164.920,28,0.72997,23.38348,1,29,0,0.884,6.999
4124,164.960,21,-0.58132,1.60688,1,75,70,2.300,8.424
4124,164.960,24,0.36211,8.36069,1,32,0,1.721,6.999
4124,164.960,28,0.73091,23.32524,1,28,0,0.763,6.999
4125,165.000,21,-0.59192,1.55781,1,82,72,2.184,6.751
4125,165.000,24,0.35641,8.35441,1,32,0,1.875,6.999
4125,165.000,28,0.72696,23.24115,1,29,0,0.913,6.999
4126,165.040,21,-0.59965,1.52612,1,73,66,2.046,7.077
4126,165.040,24,0.35906,8.34372,1,32,0,2.161,6.999
4126,165.040,28,0.73675,23.17592,1,29,0,0.636,6.999
4127,165.080,21,-0.60592,1.50278,1,72,64,2.097,7.160
4127,165.080,24,0.35600,8.33075,1,32,0,2.422,6.999
4127,165.080,28,0.73894,23.09400,1,29,0,0.911,6.999
4128,165.120,21,-0.60457,1.46781,1,72,63,2.126,8.192
4128,165.120,24,0.35772,8.34073,1,31,30,1.919,6.489
4128,165.120,28,0.73376,23.02245,1,29,0,0.805,6.999
4129,165.160,21,-0.61473,1.43971,1,71,69,2.268,7.450
4129,165.160,24,0.33656,8.04834,1,31,0,1.937,9.807
4129,165.160,28,0.73310,22.96233,1,30,0,0.889,6.999
4130,165.200,21,-0.62103,1.40813,1,72,72,2.492,6.986
4130,165.200,24,0.32370,8.00799,1,30,0,1.219,6.999
4130,165.200,28,0.74614,22.88978,1,30,0,0.712,6.999
4131,165.240,21,-0.62559,1.37530,1,77,72,2.239,6.925
4131,165.240,24,0.33508,8.01158,1,30,0,1.779,6.999
4131,165.240,28,0.74169,22.81877,1,30,0,0.894,6.999
4132,165.280,21,-0.62757,1.34412,1,70,72,2.103,7.416
4132,165.280,24,0.34735,8.16613,1,61,18,2.536,8.879
4132,165.280,28,0.74075,22.79032,1,29,0,0.852,6.999
4133,165.320,21,-0.62741,1.31681,1,76,72,2.160,8.907
4133,165.320,24,0.32289,8.14436,1,59,0,3.025,6.999
4133,165.320,28,0.74511,22.66759,1,29,0,0.914,6.999
4134,165.360,21,-0.62706,1.28280,1,79,72,1.719,9.546
4134,165.360,24,0.33053,8.03362,1,35,18,1.773,8.908
4134,165.360,28,0.74870,22.57656,1,29,0,0.877,6.999
4135,165.400,21,-0.62868,1.25286,1,88,72,1.736,10.066
4135,165.400,24,0.33549,8.01408,1,29,35,1.124,5.406
4135,165.400,28,0.74562,22.49416,1,30,0,0.868,6.999
4136,165.440,21,-0.63496,1.21922,1,74,72,1.490,10.136
4136,165.440,24,0.33394,7.99231,1,29,0,1.149,6.999
4136,165.440,28,0.75681,22.46232,1,30,0,0.763,6.999
4137,165.480,21,-0.63643,1.18751,1,94,72,1.853,10.232
4137,165.480,24,0.32327,7.97691,1,26,0,1.018,6.999
4137,165.480,28,0.75385,22.36131,1,30,0,0.848,6.999
4138,165.520,21,-0.64265,1.15658,1,114,72,2.144,10.356
4138,165.520,24,0.32202,7.96988,1,28,0,1.191,6.999
4138,165.520,28,0.75823,22.37856,1,31,0,0.848,6.999
4139,165.560,21,-0.65309,1.12134,1,92,72,2.246,10.620
4139,165.560,24,0.31901,7.94260,1,29,0,2.110,6.999
4139,165.560,28,0.75214,22.23063,1,31,0,0.876,6.999
4140,165.600,21,-0.65387,1.10209,1,112,72,2.726,9.207
4140,165.600,24,0.32189,7.93079,1,45,0,1.762,6.999
4140,165.600,28,0.75786,22.12937,1,31,0,0.942,6.999
4141,165.640,21,-0.66183,1.04038,1,95,66,1.393,2.257
4141,165.640,24,0.32300,7.93119,1,41,0,1.765,6.999
4141,165.640,28,0.76415,22.07185,1,32,0,0.835,6.999
4142,165.680,21,-0.66678,1.03573,1,102,72,3.530,8.682
4142,165.680,24,0.30851,7.88859,1,50,0,1.501,6.999
4142,165.680,28,0.75016,21.98481,1,31,0,0.841,6.999
4143,165.720,21,-0.66733,0.97561,1,89,68,1.574,3.495
4143,165.720,24,0.31227,7.87480,1,45,0,1.465,6.999
4143,165.720,28,0.76358,21.93967,1,31,0,0.679,6.999
4144,165.760,21,-0.67654,0.94993,1,100,72,3.217,6.829
4144,165.760,24,0.30410,7.86577,1,43,0,1.334,6.999
4144,165.760,28,0.76942,21.83976,1,30,0,0.824,6.999
4145,165.800,21,-0.67960,0.91121,1,108,72,2.965,7.178
4145,165.800,24,0.30446,7.87534,1,63,0,1.315,6.999
4145,165.800,28,0.76468,21.86376,1,31,0,0.893,6.999
4146,165.840,21,-0.68351,0.89423,1,96,72,2.521,8.580
4146,165.840,24,0.31188,7.86488,1,53,0,1.221,6.999
4146,165.840,28,0.76703,21.71009,1,32,0,0.764,6.999
4147,165.880,21,-0.68688,0.85558,1,77,72,2.488,8.236
4147,165.880,24,0.30385,7.85574,1,51,0,0.977,6.999
4147,165.880,28,0.76690,21.66059,1,31,0,0.844,6.999
4148,165.920,21,-0.68548,0.81905,0,165,24,23.720,
4148,165.920,24,0.30726,7.85946,1,49,72,0.686,3.939
4148,165.920,28,0.77429,21.58265,1,31,0,0.715,6.999
4149,165.960,21,-0.68668,0.79415,0,144,22,25.697,
4149,165.960,24,0.30585,7.82181,1,47,41,0.967,8.410
4149,165.960,28,0.77366,21.50167,1,32,0,0.884,6.999
4150,166.000,21,-0.69160,0.77092,0,145,0,27.942,
4150,166.000,24,0.29626,7.80829,1,47,34,1.023,10.862
4150,166.000,28,0.77037,21.43987,1,31,0,0.719,6.999
4151,166.040,21,-0.69405,0.74536,0,154,21,26.131,
4151,166.040,24,0.29927,7.77320,1,58,29,0.817,12.090
4151,166.040,28,0.77692,21.35076,1,33,0,0.861,6.999
4152,166.080,21,-0.87066,0.89294,1,155,23,24.667,27.132
4152,166.080,24,0.29276,7.74714,1,34,41,0.583,12.960
4152,166.080,28,0.78058,21.30774,1,32,0,0.805,6.999
4153,166.120,24,0.29282,7.72909,1,35,27,0.604,15.477
4153,166.120,28,0.76691,21.21926,1,32,0,0.825,6.999
4154,166.160,24,0.28859,7.70130,1,35,0,0.835,6.999
4154,166.160,28,0.78744,21.13402,1,32,0,0.817,6.999
4155,166.200,24,0.28762,7.68636,1,35,0,0.806,6.999
4155,166.200,28,0.78440,21.07019,1,32,0,0.646,6.999
4156,166.240,24,0.28511,7.67454,1,35,28,0.824,11.674
4156,166.240,28,0.78376,21.01056,1,32,0,0.849,6.999
4157,166.280,24,0.28315,7.65596,1,35,27,0.735,10.579
4157,166.280,28,0.77899,20.94116,1,33,0,0.824,6.999
4158,166.320,24,0.28082,7.63421,1,34,0,0.890,6.999
4158,166.320,28,0.78015,20.86058,1,33,0,0.708,6.999
4159,166.360,24,0.27442,7.61651,1,35,0,0.867,6.999
4159,166.360,28,0.78902,20.82793,1,32,0,0.645,6.999
4160,166.400,24,0.27565,7.61200,1,35,22,0.705,12.615
4160,166.400,28,0.78483,20.71241,1,32,0,0.834,6.999
4161,166.440,21,-0.72486,0.43368,0,197,21,33.425,
4161,166.440,24,0.26822,7.59591,1,35,31,0.967,11.865
4161,166.440,28,0.78098,20.65915,1,34,0,0.776,6.999
4162,166.480,21,-0.73672,0.41752,1,86,72,2.374,10.888
4162,166.480,24,0.26624,7.57328,1,36,31,1.060,12.965
4162,166.480,28,0.78370,20.58838,1,34,0,0.668,6.999
4163,166.520,21,-0.74070,0.39187,1,84,72,2.301,11.104
4163,166.520,24,0.26179,7.54426,1,35,40,1.148,10.912
4163,166.520,28,0.77941,20.52494,1,33,0,0.851,6.999
4164,166.560,21,-0.74342,0.36310,1,87,72,2.093,11.251
4164,166.560,24,0.26658,7.54318,1,36,44,0.728,12.503
4164,166.560,28,0.78711,20.46786,1,34,0,0.844,6.999
4165,166.600,21,-0.74761,0.33605,1,87,72,2.087,11.319
4165,166.600,24,0.26420,7.53511,1,35,45,0.704,11.791
4165,166.600,28,0.79233,20.36659,1,34,0,0.726,6.999
4166,166.640,21,-0.75205,0.30366,1,94,72,2.482,11.266
4166,166.640,24,0.26157,7.50640,1,35,26,0.870,13.835
4166,166.640,28,0.79129,20.32128,1,34,0,0.723,6.999
4167,166.680,21,-0.75879,0.27668,1,97,72,2.506,11.313
4167,166.680,24,0.26072,7.49290,1,35,32,0.828,14.063
4167,166.680,28,0.79163,20.25139,1,34,0,0.869,6.999
4168,166.720,21,-0.75986,0.24644,1,93,72,2.796,11.273
4168,166.720,24,0.25680,7.47786,1,35,46,0.663,11.845
4168,166.720,28,0.79363,20.17360,1,34,0,0.692,6.999
4169,166.760,21,-0.76531,0.21809,1,91,72,2.559,11.332
4169,166.760,24,0.25756,7.46306,1,35,31,0.859,12.048
4169,166.760,28,0.79270,20.12565,1,34,0,0.749,6.999
4170,166.800,21,-0.76761,0.18336,1,91,72,2.497,10.841
4170,166.800,24,0.25194,7.44110,1,35,33,1.094,11.485
4170,166.800,28,0.79075,20.03339,1,34,0,0.788,6.999
4171,166.840,21,-0.77140,0.15242,1,91,72,2.092,10.497
4171,166.840,24,0.24930,7.42609,1,36,23,0.995,12.012
4171,166.840,28,0.80420,19.98528,1,34,0,0.755,6.999
4172,166.880,21,-0.77604,0.12169,1,101,72,2.099,10.639
4172,166.880,24,0.24895,7.41491,1,35,45,0.717,11.787
4172,166.880,28,0.79771,19.90990,1,34,0,0.765,6.999
4173,166.920,21,-0.77911,0.09575,1,99,72,1.893,10.643
4173,166.920,24,0.24652,7.39842,1,36,26,0.892,11.602
4173,166.920,28,0.79619,19.84755,1,34,0,0.652,6.999
4174,166.960,21,-0.78227,0.06640,1,93,72,1.775,10.612
4174,166.960,24,0.24583,7.42466,1,36,51,1.106,6.057
4174,166.960,28,0.78366,19.78015,1,34,0,0.751,6.999
4175,167.000,21,-0.78784,0.04566,1,90,72,1.696,10.810
4175,167.000,24,0.24194,7.36042,1,35,0,0.726,6.999
4175,167.000,28,0.80296,19.71393,1,34,0,0.773,6.999
4176,167.040,21,-0.79065,0.01404,1,92,72,1.937,10.969
4176,167.040,24,0.24113,7.35020,1,37,34,0.754,11.550
4176,167.040,28,0.79852,19.63585,1,35,0,0.715,6.999
4177,167.080,21,-0.79347,-0.01486,1,88,72,1.717,10.837
4177,167.080,24,0.23897,7.33625,1,36,29,0.874,10.948
4177,167.080,28,0.79403,19.57436,1,35,0,0.820,6.999
4178,167.120,21,-0.79539,-0.04320,1,89,72,1.772,10.705
4178,167.120,24,0.23730,7.32078,1,36,0,0.778,7.944
4178,167.120,28,0.80182,19.50662,1,34,0,0.686,6.999
4179,167.160,21,-0.79917,-0.07021,1,91,72,1.681,10.750
4179,167.160,24,0.23445,7.33070,1,36,43,1.136,6.259
4179,167.160,28,0.80139,19.44096,1,36,0,0.750,6.999
4180,167.200,21,-0.80195,-0.09381,1,88,72,1.778,10.050
4180,167.200,24,0.23003,7.28079,1,36,45,0.991,9.433
4180,167.200,28,0.80304,19.38142,1,35,0,0.785,6.999
4181,167.240,21,-0.80560,-0.10058,1,95,72,2.335,8.835
4181,167.240,24,0.23026,7.28393,1,36,46,0.660,11.245
4181,167.240,28,0.80410,19.30594,1,35,0,0.540,6.999
4182,167.280,21,-0.80657,-0.11435,1,93,72,2.949,7.641
4182,167.280,24,0.23007,7.26333,1,37,34,0.937,8.346
4182,167.280,28,0.80199,19.23259,1,36,0,0.727,6.999
4183,167.320,21,-0.81125,-0.18156,1,90,72,1.756,10.189
4183,167.320,24,0.22808,7.25770,1,35,0,0.882,6.999
4183,167.320,28,0.80367,19.18642,1,37,0,0.680,6.999
4184,167.360,21,-0.81437,-0.21072,1,104,72,2.762,9.023
4184,167.360,24,0.22422,7.23752,1,36,0,0.917,2.880
4184,167.360,28,0.79626,19.09270,1,36,0,0.735,6.999
4185,167.400,21,-0.81605,-0.23349,1,96,72,2.382,9.409
4185,167.400,24,0.22137,7.22116,1,37,37,0.943,8.891
4185,167.400,28,0.80040,19.04860,1,37,0,0.714,6.999
4186,167.440,21,-0.81842,-0.26528,1,93,72,1.629,9.923
4186,167.440,24,0.22373,7.21531,1,36,31,1.073,9.240
4186,167.440,28,0.80230,18.98173,1,37,0,0.701,6.999
4187,167.480,21,-0.82150,-0.28293,1,90,72,1.454,10.433
4187,167.480,24,0.21809,7.19774,1,37,35,0.869,8.114
4187,167.480,28,0.80320,18.91250,1,37,0,0.769,6.999
4188,167.520,21,-0.82383,-0.30939,1,97,72,1.813,10.302
4188,167.520,24,0.22310,7.23350,1,37,47,1.174,5.195
4188,167.520,28,0.80610,18.86082,1,37,0,0.627,6.999
4189,167.560,21,-0.82813,-0.33205,1,90,72,1.393,10.623
4189,167.560,24,0.21642,7.17682,1,36,31,1.044,7.623
4189,167.560,28,0.80317,18.78555,1,37,0,0.571,6.999
4190,167.600,21,-0.83044,-0.35849,1,92,72,1.521,10.559
4190,167.600,24,0.21320,7.16456,1,36,35,0.942,9.933
4190,167.600,28,0.80255,18.69829,1,36,0,0.776,6.999
4191,167.640,21,-0.83339,-0.38354,1,99,72,1.774,10.645
4191,167.640,24,0.21523,7.15586,1,37,35,0.920,10.589
4191,167.640,28,0.80316,18.66815,1,38,0,0.766,6.999
4192,167.680,21,-0.83549,-0.41039,1,92,72,1.646,10.631
4192,167.680,24,0.21320,7.14583,1,36,36,0.958,10.079
4192,167.680,28,0.80562,18.57872,1,37,0,0.589,6.999
4193,167.720,21,-0.83895,-0.43444,1,92,72,1.706,10.713
4193,167.720,24,0.20838,7.13682,1,36,29,1.029,10.093
4193,167.720,28,0.80902,18.53783,1,37,0,0.702,6.999
4194,167.760,21,-0.84187,-0.45784,1,94,72,1.639,10.766
4194,167.760,24,0.20711,7.12003,1,36,32,1.140,10.612
4194,167.760,28,0.80457,18.46927,1,38,0,0.755,6.999
4195,167.800,21,-0.84456,-0.48215,1,95,72,1.727,10.683
4195,167.800,24,0.20853,7.11100,1,36,27,1.068,11.046
4195,167.800,28,0.80902,18.38374,1,37,0,0.690,6.999
4196,167.840,21,-0.84815,-0.50322,1,94,72,1.149,10.726
4196,167.840,24,0.20666,7.10634,1,37,36,0.853,12.161
4196,167.840,28,0.80555,18.32350,1,37,0,0.635,6.999
4197,167.880,21,-0.85091,-0.52851,1,95,72,1.549,10.744
4197,167.880,24,0.20350,7.09898,1,38,45,0.778,11.807
4197,167.880,28,0.80606,18.26977,1,38,0,0.757,6.999
4198,167.920,21,-0.85347,-0.55280,1,97,72,1.298,10.690
4198,167.920,24,0.20249,7.07896,0,37,19,4.045,
4198,167.920,28,0.80675,18.17804,1,37,0,0.790,6.999
4199,167.960,21,-0.85682,-0.57509,1,98,72,1.500,10.584
4199,167.960,24,0.19917,7.07329,1,37,0,0.860,6.999
4199,167.960,28,0.81287,18.14706,1,37,0,0.687,6.999
4200,168.000,21,-0.86010,-0.59890,1,98,72,1.393,10.615
4200,168.000,24,0.19771,7.05846,1,38,32,1.079,12.092
4200,168.000,28,0.80208,18.07749,1,38,0,0.679,6.999
4201,168.040,21,-0.86406,-0.62412,1,101,72,2.057,10.334
4201,168.040,24,0.19669,7.05115,1,38,41,0.741,11.836
4201,168.040,28,0.79890,17.99129,1,38,0,0.697,6.999
4202,168.080,21,-0.86573,-0.64424,1,104,72,1.423,10.617
4202,168.080,24,0.19601,7.04910,1,37,46,0.706,12.235
4202,168.080,28,0.81039,17.94390,1,38,0,0.717,6.999
4203,168.120,21,-0.86834,-0.66823,1,104,72,2.385,10.051
4203,168.120,24,0.19363,7.04643,1,37,48,0.665,12.161
4203,168.120,28,0.80617,17.88383,1,39,0,0.718,6.999
4204,168.160,21,-0.87065,-0.69295,1,97,72,2.369,10.086
4204,168.160,24,0.19179,7.02914,1,37,48,0.671,10.703
4204,168.160,28,0.80134,17.79611,1,38,0,0.756,6.999
4205,168.200,21,-0.87563,-0.70953,1,97,72,1.217,10.649
4205,168.200,24,0.18888,7.02261,1,37,41,0.962,10.040
4205,168.200,28,0.80609,17.73343,1,38,0,0.701,6.999
4206,168.240,21,-0.87894,-0.72997,1,84,72,1.292,10.448
4206,168.240,24,0.19276,7.01802,1,37,42,1.024,12.356
4206,168.240,28,0.80946,17.69380,1,39,0,0.757,6.999
4207,168.280,21,-0.88091,-0.75247,1,79,72,1.077,10.607
4207,168.280,24,0.18942,6.99794,0,37,20,3.868,
4207,168.280,28,0.80677,17.61337,1,38,0,0.770,6.999
4208,168.320,21,-0.88405,-0.77515,1,75,72,1.177,10.606
4208,168.320,24,0.18360,6.97627,0,38,22,3.786,
4208,168.320,28,0.80371,17.55580,1,38,0,0.621,6.999
4209,168.360,24,0.18331,6.98303,1,38,46,0.911,11.147
4209,168.360,28,0.80747,17.50421,1,39,0,0.667,6.999
4210,168.400,24,0.18301,6.98443,1,38,49,0.719,11.839
4210,168.400,28,0.81189,17.42456,1,38,0,0.771,6.999
4211,168.440,24,0.18145,6.98043,1,38,50,0.708,11.787
4211,168.440,28,0.80511,17.37414,1,38,0,0.741,6.999
4212,168.480,24,0.17844,6.96681,1,38,46,0.796,10.131
4212,168.480,28,0.81034,17.32216,1,39,0,0.691,6.999
4213,168.520,24,0.17673,6.96334,1,38,48,0.833,9.524
4213,168.520,28,0.80545,17.25094,1,39,0,0.617,6.999
4214,168.560,24,0.17372,6.95132,1,38,0,0.900,6.999
4214,168.560,28,0.80851,17.18694,1,39,0,0.734,6.999
4215,168.600,24,0.17349,6.94636,1,37,29,1.287,11.642
4215,168.600,28,0.80381,17.12781,1,40,0,0.753,6.999
4216,168.640,24,0.17195,6.94129,1,38,0,0.870,6.999
4216,168.640,28,0.80872,17.06562,1,40,0,0.699,6.999
4217,168.680,24,0.17157,6.93700,1,37,0,0.853,6.999
4217,168.680,28,0.80492,16.99104,1,39,0,0.727,6.999
4218,168.720,24,0.15506,6.70517,1,38,23,3.735,42.544
4218,168.720,28,0.80259,16.92098,1,40,0,0.824,6.999
4219,168.760,24,0.16637,6.91994,1,37,33,0.710,9.349
4219,168.760,28,0.80467,16.87886,1,40,0,0.832,6.999
4220,168.800,24,0.16669,6.91908,1,38,44,0.853,10.156
4220,168.800,28,0.80527,16.81395,1,40,0,0.658,6.999
4221,168.840,28,0.80577,16.74766,1,21,0,0.777,6.999
4222,168.880,28,0.81159,16.66975,1,40,0,0.768,6.999
4223,168.920,28,0.80890,16.64404,1,40,0,0.687,6.999
4224,168.960,28,0.80277,16.58111,1,21,0,0.627,6.999
4225,169.000,28,0.80128,16.51026,1,40,0,0.816,6.999
4226,169.040,28,0.80859,16.44691,1,40,0,0.805,6.999
4227,169.080,28,0.80742,16.38930,1,21,0,0.719,6.999
4228,169.120,28,0.80088,16.32925,1,21,0,0.584,6.999
4229,169.160,28,0.80464,16.25972,1,21,0,0.721,6.999
4230,169.200,28,0.81051,16.21449,1,21,0,0.743,6.999
4231,169.240,28,0.80199,16.14848,1,21,0,0.670,6.999
4232,169.280,28,0.79922,16.08454,1,40,0,0.705,6.999
4233,169.320,28,0.80103,16.03785,1,21,0,0.695,6.999
4234,169.360,28,0.80751,15.97477,1,21,0,0.760,6.999
4235,169.400,28,0.79839,15.89655,1,21,0,0.691,6.999
4236,169.440,28,0.79846,15.84622,1,21,0,0.647,6.999
4237,169.480,28,0.79899,15.80108,1,21,0,0.724,6.999
4238,169.520,28,0.79636,15.73993,1,21,0,0.732,6.999
4239,169.560,28,0.79476,15.66786,1,21,0,0.753,6.999
4240,169.600,28,0.79705,15.61663,1,21,0,0.783,6.999
4241,169.640,28,0.79358,15.57617,1,21,0,0.731,6.999
4242,169.680,28,0.79544,15.50481,1,21,0,0.747,6.999
4243,169.720,28,0.79720,15.44091,1,21,0,0.729,6.999
4244,169.760,28,0.79251,15.40187,1,21,0,0.787,6.999
4245,169.800,28,0.79449,15.35662,1,21,0,0.678,6.999
4246,169.840,28,0.78730,15.27321,1,21,0,0.727,6.999
4247,169.880,28,0.79612,15.21619,1,22,0,0.741,6.999
4248,169.920,28,0.79244,15.16002,1,22,0,0.722,6.999
4249,169.960,28,0.79052,15.12214,1,22,0,0.687,6.999
4250,170.000,28,0.78483,15.05546,1,21,0,0.698,6.999
4251,170.040,28,0.79501,14.99223,1,22,0,0.713,6.999
4252,170.080,28,0.79035,14.93562,1,22,0,0.678,6.999
4253,170.120,28,0.78675,14.89246,1,22,0,0.723,6.999
4254,170.160,28,0.78205,14.83518,1,22,0,0.714,6.999
4250,170.000,29,-0.12810,33.22738,1,18,0,0.561,6.999
4251,170.040,29,-0.13686,33.23020,0,236,0,22.767,
4252,170.080,29,-0.13191,33.23304,0,240,0,22.724,
4253,170.120,29,-0.14430,33.01307,0,241,0,22.702,
4254,170.160,29,-0.13924,32.94549,0,242,0,22.763,
4255,170.200,28,0.78802,14.77017,1,22,0,0.679,6.999
4255,170.200,29,-0.13854,32.94909,0,288,0,23.428,
4256,170.240,28,0.78127,14.72497,1,23,0,0.629,6.999
4256,170.240,29,-0.15052,32.71228,0,285,0,23.558,
4257,170.280,28,0.78352,14.66887,1,22,0,0.824,6.999
4257,170.280,29,-0.15755,32.71862,0,301,0,24.464,
4258,170.320,28,0.77888,14.61132,1,23,0,0.783,6.999
4258,170.320,29,-0.16687,32.73153,0,303,0,24.366,
4259,170.360,28,0.78313,14.55796,1,22,0,0.703,6.999
4259,170.360,29,-0.18187,32.51086,0,254,0,24.323,
4260,170.400,28,0.77863,14.50251,1,22,0,0.629,6.999
4260,170.400,29,-0.17516,32.48444,0,248,0,23.683,
4261,170.440,28,0.77646,14.44909,1,22,0,0.699,6.999
4261,170.440,29,-0.18790,32.29151,0,251,0,23.831,
4262,170.480,28,0.77450,14.39679,1,22,0,0.850,6.999
4262,170.480,29,-0.18156,32.25078,0,243,0,23.296,
4263,170.520,28,0.77773,14.33471,1,23,0,0.747,6.999
4263,170.520,29,-0.18079,32.25012,0,259,0,23.540,
4264,170.560,28,0.77534,14.28597,1,22,0,0.718,6.999
4264,170.560,29,-0.18559,32.05542,0,257,0,23.424,
4265,170.600,28,0.77210,14.22882,1,23,0,0.638,6.999
4265,170.600,29,-0.19253,32.01126,0,268,0,23.579,
4266,170.640,28,0.76905,14.17762,1,22,0,0.823,6.999
4266,170.640,29,-0.19173,32.01948,0,298,0,24.730,
4267,170.680,28,0.77742,14.11852,1,23,0,0.780,6.999
4267,170.680,29,-0.19126,31.78445,0,291,0,24.868,
4268,170.720,28,0.77061,14.06836,1,22,0,0.784,6.999
4268,170.720,29,-0.19304,31.78793,0,0,0,,
4269,170.760,28,0.76445,14.01723,1,23,0,0.656,6.999
4269,170.760,29,-0.20600,31.78688,0,0,0,,
4270,170.800,28,0.75885,13.95608,1,22,0,0.759,6.999
4270,170.800,29,-0.20517,31.78343,0,0,0,,
4271,170.840,28,0.76459,13.90012,1,23,0,0.685,6.999
4271,170.840,29,-0.20701,31.69825,0,324,0,32.201,
4272,170.880,28,0.76304,13.84738,1,22,0,0.831,6.999
4272,170.880,29,-0.21686,31.35650,0,285,0,24.428,
4273,170.920,28,0.76034,13.80905,1,23,0,0.676,6.999
4273,170.920,29,-0.20754,31.34042,0,0,0,,
4274,170.960,28,0.75868,13.74726,1,23,0,0.775,6.999
4274,170.960,29,-0.21297,31.35164,0,0,0,,
4275,171.000,28,0.76200,13.68847,1,23,0,0.631,6.999
4275,171.000,29,-0.22125,31.12242,0,0,0,,
4276,171.040,28,0.75748,13.64194,1,23,0,0.762,6.999
4276,171.040,29,-0.21538,31.12559,0,0,0,,
4277,171.080,28,0.75901,13.58528,1,24,0,0.856,6.999
4277,171.080,29,-0.22047,31.12271,0,0,0,,
4278,171.120,28,0.75618,13.54437,1,24,0,0.779,6.999
4278,171.120,29,-0.21900,30.90849,0,0,0,,
4279,171.160,28,0.76018,13.48874,1,24,0,0.629,6.999
4279,171.160,29,-0.23638,30.95220,1,21,0,1.124,6.999
4280,171.200,28,0.75227,13.43215,1,23,0,0.776,6.999
4280,171.200,29,-0.24028,30.72294,0,0,0,,
4281,171.240,28,0.74923,13.38950,1,24,0,0.865,6.999
4281,171.240,29,-0.24232,30.70577,1,22,0,1.082,6.999
4280,171.200,30,-0.24278,31.08077,0,33,0,2.360,
4281,171.240,30,-0.24519,30.73566,1,22,0,1.349,6.999
4282,171.280,28,0.75091,13.33295,1,24,0,1.006,6.999
4282,171.280,29,-0.24930,30.69980,1,24,0,1.035,6.999
4282,171.280,30,-0.25319,30.68397,0,24,0,1.035,
4283,171.320,28,0.74841,13.28437,1,24,0,0.687,6.999
4283,171.320,29,-0.24866,30.53379,0,97,0,10.248,
4283,171.320,30,-0.25711,30.49834,0,97,0,10.248,
4284,171.360,28,0.75141,13.23482,1,24,0,0.731,6.999
4284,171.360,29,-0.23913,30.47893,0,97,0,10.449,
4285,171.400,28,0.74766,13.17600,1,24,0,0.800,6.999
4285,171.400,29,-0.26692,30.27457,0,94,0,10.518,
4286,171.440,28,0.73434,13.11017,1,25,0,0.620,6.999
4286,171.440,29,-0.26214,30.23394,0,90,0,10.271,
4287,171.480,28,0.74272,13.07065,1,25,0,0.785,6.999
4287,171.480,29,-0.26105,30.31973,0,105,0,10.638,
4288,171.520,28,0.74386,13.03377,1,25,0,0.769,6.999
4288,171.520,29,-0.28052,30.03257,0,107,0,10.785,
4289,171.560,28,0.73818,12.97433,1,25,0,0.625,6.999
4289,171.560,29,-0.27452,30.09300,0,106,0,10.821,
4290,171.600,28,0.73833,12.92254,1,24,0,0.833,6.999
4290,171.600,29,-0.28064,30.06765,0,99,0,10.862,
4291,171.640,28,0.73324,12.86726,1,25,0,0.614,6.999
4291,171.640,29,-0.29221,29.86519,0,83,0,10.607,
4292,171.680,28,0.73732,12.81280,1,25,0,0.662,6.999
4292,171.680,29,-0.26974,29.91791,0,93,0,11.123,
4293,171.720,28,0.73426,12.76929,1,25,0,0.638,6.999
4293,171.720,29,-0.27569,29.72263,0,100,0,10.994,
4294,171.760,28,0.73078,12.72144,1,26,0,0.748,6.999
4294,171.760,29,-0.29234,29.66549,0,78,0,11.004,
4295,171.800,28,0.73098,12.66449,1,25,0,0.625,6.999
4295,171.800,29,-0.27845,29.49666,0,89,0,11.221,
4296,171.840,28,0.72637,12.62946,1,25,0,0.623,6.999
4296,171.840,29,-0.29658,29.51005,0,94,0,11.888,
4297,171.880,28,0.72948,12.56640,1,25,0,0.726,6.999
4297,171.880,29,-0.30352,29.32996,1,25,0,0.707,6.999
4298,171.920,28,0.72553,12.51805,1,25,0,0.761,6.999
4298,171.920,29,-0.31451,29.27401,0,105,0,12.200,
4299,171.960,28,0.72522,12.47668,1,25,0,0.610,6.999
4299,171.960,29,-0.31326,29.30919,0,91,0,11.327,
4300,172.000,28,0.72146,12.42100,1,25,0,0.590,6.999
4300,172.000,29,-0.31069,29.11434,0,25,0,1.031,
4301,172.040,28,0.71714,12.37041,1,26,0,0.688,6.999
4301,172.040,29,-0.31532,29.09199,0,76,0,11.390,
4302,172.080,28,0.71823,12.30685,1,25,0,0.750,6.999
4302,172.080,29,-0.30949,28.93290,0,80,0,11.499,
4303,172.120,28,0.72279,12.26832,1,26,0,0.664,6.999
4303,172.120,29,-0.32871,28.84748,0,84,0,11.686,
4304,172.160,28,0.71800,12.22666,1,26,0,0.709,6.999
4304,172.160,29,-0.33954,28.79548,1,24,0,0.834,6.999
4305,172.200,28,0.71670,12.17274,1,26,0,0.697,6.999
4305,172.200,29,-0.33919,28.76173,1,23,0,0.968,6.999
4306,172.240,28,0.71103,12.12780,1,26,0,0.576,6.999
4306,172.240,29,-0.34374,28.58658,1,24,0,0.940,6.999
4300,172.000,31,-0.29803,30.74414,1,17,0,0.174,6.999
4301,172.040,31,-0.30305,30.72690,0,76,0,11.390,
4302,172.080,31,-0.31290,30.53081,0,80,0,11.499,
4303,172.120,31,-0.30176,30.55042,0,84,0,11.686,
4304,172.160,31,-0.30953,30.52963,0,24,0,1.681,
4305,172.200,31,-0.30285,30.56330,0,23,0,0.964,
4306,172.240,31,-0.31619,30.31510,0,24,0,1.736,
4307,172.280,28,0.70977,12.07909,1,26,0,0.786,6.999
4307,172.280,29,-0.34487,28.55366,1,24,0,0.833,6.999
4307,172.280,31,-0.30551,30.29871,0,24,0,0.830,
4308,172.320,28,0.71249,12.03497,1,27,0,0.697,6.999
4308,172.320,29,-0.34349,28.54394,1,25,0,0.919,6.999
4308,172.320,31,-0.31424,30.28567,0,25,0,0.911,
4309,172.360,28,0.70715,11.97632,1,26,0,0.677,6.999
4309,172.360,29,-0.33501,28.39526,1,29,0,0.899,6.999
4309,172.360,31,-0.31585,30.30579,0,29,0,0.886,
4310,172.400,28,0.70600,11.92551,1,26,0,0.690,6.999
4310,172.400,29,-0.34758,28.37235,0,112,0,13.423,
4310,172.400,31,-0.30411,30.27707,0,112,0,13.423,
4311,172.440,28,0.70371,11.89501,1,26,0,0.794,6.999
4311,172.440,29,-0.34565,28.23999,1,25,0,0.992,6.999
4311,172.440,31,-0.29439,30.06211,0,25,0,1.648,
4312,172.480,28,0.69953,11.84514,1,26,0,0.711,6.999
4312,172.480,29,-0.36288,28.15291,1,25,0,1.042,6.999
4312,172.480,31,-0.29877,30.61090,0,25,0,1.042,
4313,172.520,28,0.69825,11.80047,1,26,0,0.512,6.999
4313,172.520,29,-0.37952,28.13722,1,24,0,0.984,6.999
4313,172.520,31,-0.30386,30.65767,0,24,0,1.618,
4314,172.560,28,0.70193,11.74561,1,26,0,0.744,6.999
4314,172.560,29,-0.37786,27.97285,1,24,0,1.032,6.999
4314,172.560,31,-0.33006,30.87345,0,24,0,1.033,
4315,172.600,28,0.69662,11.68935,1,27,0,0.723,6.999
4315,172.600,29,-0.37019,27.94558,1,24,0,1.019,6.999
4315,172.600,31,-0.31048,30.71099,0,24,0,1.019,
4316,172.640,28,0.69489,11.64159,1,27,0,0.665,6.999
4316,172.640,29,-0.37333,27.81581,1,25,0,0.935,6.999
4316,172.640,31,-0.27493,30.47466,0,25,0,0.935,
4317,172.680,28,0.69403,11.59944,1,27,0,0.699,6.999
4317,172.680,29,-0.38489,27.80687,1,24,0,0.963,6.999
4317,172.680,31,-0.28740,30.14780,0,24,0,0.954,
4318,172.720,28,0.69019,11.54816,1,27,0,0.729,6.999
4318,172.720,29,-0.37595,27.66970,1,25,0,1.039,6.999
4318,172.720,31,-0.28776,30.29542,0,25,0,0.921,
4319,172.760,28,0.69186,11.52329,1,27,0,0.765,6.999
4319,172.760,29,-0.38825,27.64855,1,25,0,1.002,6.999
4319,172.760,31,-0.27594,29.57825,0,25,0,0.983,
4320,172.800,28,0.68067,11.45629,1,28,0,0.836,6.999
4320,172.800,29,-0.38774,27.49157,1,25,0,0.917,6.999
4320,172.800,31,-0.29989,29.12107,0,25,0,1.660,
4321,172.840,28,0.68124,11.41908,1,27,15,0.674,13.249
4321,172.840,29,-0.39463,27.41565,1,25,0,0.696,6.999
4321,172.840,31,-0.28540,29.64563,0,25,0,0.770,
4322,172.880,28,0.68430,11.36985,1,27,0,0.661,6.999
4322,172.880,29,-0.39300,27.40256,1,25,0,0.953,6.999
4323,172.920,28,0.68031,11.32774,1,27,0,0.691,6.999
4323,172.920,29,-0.39594,27.38078,1,27,0,0.978,6.999
4323,172.920,31,-0.25389,29.30345,0,27,0,0.978,
4324,172.960,28,0.67576,11.27230,1,27,0,0.643,6.999
4324,172.960,29,-0.39747,27.24138,1,25,0,1.122,6.999
4324,172.960,31,-0.24115,29.51363,0,25,0,1.652,
4325,173.000,28,0.67214,11.22553,1,27,0,0.715,6.999
4325,173.000,29,-0.40169,27.14342,0,0,0,,
4325,173.000,31,-0.28162,29.39276,0,285,0,29.607,
4326,173.040,28,0.67357,11.18756,1,27,0,0.778,6.999
4326,173.040,29,-0.39858,27.09728,1,25,0,1.057,6.999
4326,173.040,31,-0.27423,29.02774,0,25,0,1.053,
4327,173.080,28,0.67162,11.13724,1,27,0,0.795,6.999
4327,173.080,29,-0.40776,26.95885,1,26,0,0.996,6.999
4327,173.080,31,-0.32349,28.52275,0,26,0,1.687,
4328,173.120,28,0.67031,11.08940,1,28,0,0.746,6.999
4328,173.120,29,-0.39550,26.95669,1,26,0,0.994,6.999
4328,173.120,31,-0.33841,28.50847,0,26,0,0.994,
4329,173.160,28,0.66564,11.05078,1,27,0,0.720,6.999
4329,173.160,29,-0.40954,26.87179,1,26,0,1.017,6.999
4329,173.160,31,-0.31991,28.43427,0,26,0,1.690,
4330,173.200,28,0.66197,11.00405,1,27,0,0.747,6.999
4330,173.200,29,-0.40298,26.70898,1,26,0,0.782,6.999
4330,173.200,31,-0.32510,28.37967,0,26,0,0.782,
4331,173.240,28,0.66287,10.96602,1,28,0,0.879,6.999
4331,173.240,29,-0.41291,26.73627,1,25,0,1.004,6.999
4331,173.240,31,-0.33974,28.31635,0,25,0,1.011,
4332,173.280,28,0.65782,10.92111,1,28,0,0.783,6.999
4332,173.280,29,-0.40094,26.66926,1,25,0,0.960,6.999
4332,173.280,31,-0.34800,28.34032,0,25,0,1.815,
4333,173.320,28,0.65740,10.85827,0,0,0,,
4333,173.320,29,-0.41224,26.56332,1,24,0,0.963,6.999
4333,173.320,31,-0.33025,28.12062,0,24,0,1.032,
4330,173.200,32,-0.21630,31.12675,0,34,0,2.151,
4331,173.240,32,-0.22448,30.90379,0,154,0,26.187,
4332,173.280,32,-0.22443,30.91988,0,25,0,0.960,
4333,173.320,32,-0.22598,30.85538,0,24,0,1.625,
4334,173.360,28,0.65411,10.83028,0,0,0,,
4334,173.360,29,-0.41007,26.55846,0,0,0,,
4334,173.360,31,-0.33078,28.01682,0,0,0,,
4334,173.360,32,-0.22752,30.85593,0,378,0,35.094,
4335,173.400,28,0.62677,10.74170,0,0,0,,
4335,173.400,29,-0.43345,26.40588,1,24,0,1.058,6.999
4335,173.400,31,-0.34296,28.14684,0,24,0,1.059,
4335,173.400,32,-0.23158,30.66038,0,218,0,25.585,
4336,173.440,28,0.65408,10.74169,0,0,0,,
4336,173.440,29,-0.40864,26.21826,1,25,0,1.186,6.999
4336,173.440,31,-0.31631,27.99785,0,25,0,1.728,
4336,173.440,32,-0.27007,30.20947,0,153,0,26.962,
4337,173.480,28,0.63095,10.67085,0,0,0,,
4337,173.480,29,-0.43230,26.23388,1,26,0,1.000,6.999
4337,173.480,31,-0.35799,28.18510,0,26,0,1.000,
4337,173.480,32,-0.26926,29.97674,0,173,0,28.492,
4338,173.520,28,0.60478,10.65571,0,0,0,,
4338,173.520,29,-0.44041,26.03775,1,25,0,1.068,6.999
4338,173.520,31,-0.37964,27.94080,0,25,0,1.729,
4338,173.520,32,-0.25625,30.55346,0,162,0,28.623,
4339,173.560,28,0.61573,10.64322,0,0,0,,
4339,173.560,29,-0.43926,26.07939,1,26,0,0.823,6.999
4339,173.560,31,-0.37768,28.14778,0,26,0,0.823,
4339,173.560,32,-0.26254,30.24659,0,171,0,28.198,
4340,173.600,28,0.64640,10.54890,0,294,50,35.478,
4340,173.600,29,-0.43890,25.88150,1,27,0,1.106,6.999
4340,173.600,31,-0.36170,27.82108,0,27,0,1.101,
4340,173.600,32,-0.25904,30.42966,0,27,0,1.106,
4341,173.640,28,0.64778,10.51270,1,33,0,1.273,6.999
4341,173.640,29,-0.44107,25.89544,1,25,0,0.954,6.999
4341,173.640,31,-0.31048,27.43827,0,25,0,0.954,
4341,173.640,32,-0.27252,29.80609,0,25,0,0.954,
4342,173.680,28,0.64083,10.45102,0,310,70,37.971,
4342,173.680,29,-0.45629,25.75141,1,26,0,1.108,6.999
4342,173.680,31,-0.31560,27.41886,0,26,0,1.704,
4342,173.680,32,-0.27367,29.74894,0,26,0,1.108,
4343,173.720,28,0.63883,10.42635,0,299,55,38.809,
4343,173.720,29,-0.45813,25.72125,1,27,0,0.951,6.999
4343,173.720,31,-0.30504,27.24910,0,27,0,1.953,
4343,173.720,32,-0.27253,29.72196,0,146,0,26.977,
4344,173.760,28,0.65718,10.42482,1,20,0,0.958,6.999
4344,173.760,29,-0.45139,25.73844,1,26,0,1.066,6.999
4344,173.760,31,-0.30483,27.21917,0,26,0,1.064,
4344,173.760,32,-0.16759,30.33734,0,145,0,27.338,
4345,173.800,29,-0.45484,25.56436,1,27,0,0.976,6.999
4345,173.800,31,-0.32860,27.30042,0,27,0,1.955,
4345,173.800,32,-0.27061,29.48882,0,146,0,26.372,
4346,173.840,29,-0.46389,25.56192,1,26,0,0.840,6.999
4346,173.840,31,-0.34438,27.29127,0,26,0,0.897,
4346,173.840,32,-0.27492,29.57296,0,145,0,27.522,
4347,173.880,28,0.60201,10.27701,0,332,29,40.977,
4347,173.880,29,-0.46421,25.38605,1,25,0,0.680,6.999
4347,173.880,31,-0.32080,27.06649,0,25,0,2.016,
4347,173.880,32,-0.28065,29.33240,0,25,0,0.680,
4348,173.920,28,0.59650,10.09270,0,347,41,39.234,
4348,173.920,29,-0.46349,25.36267,1,26,0,0.951,6.999
4348,173.920,31,-0.32197,27.05398,0,26,0,0.889,
4348,173.920,32,-0.28394,29.22003,0,149,0,27.558,
4349,173.960,29,-0.47478,25.23336,1,27,0,0.927,6.999
4349,173.960,31,-0.32081,27.06629,0,27,0,1.962,
4349,173.960,32,-0.28260,29.24426,0,90,0,16.715,
4350,174.000,28,0.64312,10.07894,0,337,51,39.968,
4350,174.000,29,-0.47368,25.22380,1,27,0,0.877,6.999
4350,174.000,31,-0.32984,27.23484,0,27,0,0.877,
4350,174.000,32,-0.28352,29.13749,0,27,0,1.707,
4351,174.040,29,-0.47499,25.07772,1,28,0,0.904,6.999
4351,174.040,31,-0.33508,27.42193,0,28,0,0.904,
4351,174.040,32,-0.27761,29.40906,0,28,0,0.904,
4352,174.080,29,-0.48210,25.05847,1,26,0,0.782,6.999
4352,174.080,31,-0.33113,27.37327,0,26,0,0.782,
4352,174.080,32,-0.29714,29.11011,0,26,0,0.782,
4353,174.120,29,-0.48833,24.97151,1,27,0,1.168,6.999
4353,174.120,31,-0.32320,27.08406,0,27,0,1.196,
4353,174.120,32,-0.27393,29.60622,0,27,0,1.196,
4354,174.160,29,-0.48164,24.90927,1,26,0,0.797,6.999
4354,174.160,31,-0.35389,27.39419,0,26,0,0.900,
4354,174.160,32,-0.27756,29.02385,0,26,0,0.900,
4355,174.200,29,-0.49213,24.81901,1,28,0,1.216,6.999
4355,174.200,31,-0.34430,27.28837,0,28,0,1.212,
4355,174.200,32,-0.27841,28.90603,0,28,0,1.189,
4356,174.240,29,-0.49468,24.74995,1,27,0,0.957,6.999
4356,174.240,31,-0.33050,27.07470,0,27,0,0.953,
4356,174.240,32,-0.30210,28.90778,0,148,0,28.600,
4357,174.280,29,-0.49575,24.64707,1,27,0,1.102,6.999
4357,174.280,31,-0.33360,27.03665,0,27,0,1.094,
4357,174.280,32,-0.29038,29.01275,0,27,0,1.094,
4358,174.320,29,-0.50495,24.60736,1,28,0,0.808,6.999
4358,174.320,31,-0.33337,27.07058,0,28,0,0.865,
4358,174.320,32,-0.27953,28.98118,0,101,0,17.442,
4359,174.360,29,-0.50959,24.51440,1,26,0,1.231,6.999
4359,174.360,31,-0.33248,27.04023,0,26,0,1.231,
4359,174.360,32,-0.28202,29.05008,0,169,0,28.810,
4360,174.400,29,-0.50918,24.45387,1,28,0,0.883,6.999
4360,174.400,31,-0.31274,27.23713,0,28,0,0.883,
4360,174.400,32,-0.34506,29.12780,0,159,0,29.217,
4361,174.440,29,-0.51067,24.37906,1,27,0,1.032,6.999
4361,174.440,31,-0.29631,27.26086,0,27,0,1.028,
4361,174.440,32,-0.28701,29.05523,0,209,0,28.563,
4362,174.480,29,-0.50983,24.30339,1,28,0,0.906,6.999
4362,174.480,31,-0.28631,26.90000,0,28,0,0.906,
4362,174.480,32,-0.26281,28.43550,0,233,0,28.169,
4360,174.400,33,-0.09915,30.92755,1,19,0,0.284,6.999
4361,174.440,33,-0.18721,30.76649,0,209,0,28.563,
4362,174.480,33,-0.10397,31.46937,0,233,0,28.169,
4360,174.400,34,-0.29656,28.80682,0,34,0,2.328,
4361,174.440,34,-0.27723,28.98280,0,209,0,28.563,
4362,174.480,34,-0.27002,28.33442,0,233,0,28.169,
4363,174.520,29,-0.51695,24.24336,1,29,0,1.013,6.999
4363,174.520,31,-0.27321,26.89144,0,29,0,1.013,
4363,174.520,32,-0.27437,28.44217,0,29,0,1.846,
4363,174.520,34,-0.27002,28.45411,0,29,0,1.846,
4364,174.560,29,-0.51411,24.15049,1,27,0,0.886,6.999
4364,174.560,31,-0.27069,27.02255,0,27,0,0.886,
4364,174.560,33,-0.09283,31.72209,0,249,0,28.211,
4365,174.600,29,-0.51883,24.07794,1,28,0,1.047,6.999
4365,174.600,32,-0.30518,27.34363,0,28,0,1.804,
4366,174.640,29,-0.51706,24.00389,1,27,0,0.906,6.999
4366,174.640,32,-0.32188,26.89404,0,27,0,0.906,
4367,174.680,28,0.60952,9.41802,0,300,60,41.577,
4367,174.680,29,-0.52518,23.94124,1,28,0,0.918,6.999
4367,174.680,32,-0.42730,26.90733,0,28,0,0.918,
4368,174.720,29,-0.53711,23.86561,1,28,0,0.914,6.999
4369,174.760,28,0.55948,9.35335,0,279,56,38.092,
4369,174.760,29,-0.52772,23.80468,1,28,0,0.909,6.999
4369,174.760,31,-0.35701,26.91191,0,28,0,0.909,
4370,174.800,28,0.56253,9.32544,0,273,49,38.743,
4370,174.800,29,-0.53079,23.71267,1,29,0,0.904,6.999
4370,174.800,31,-0.35029,26.89140,0,29,0,0.904,
4371,174.840,28,0.56446,9.26876,0,337,55,40.594,
4371,174.840,29,-0.54265,23.64649,1,29,0,0.973,6.999
4372,174.880,28,0.55891,9.28414,0,265,62,37.704,
4372,174.880,29,-0.54150,23.56948,1,29,0,0.917,6.999
4370,174.800,35,0.01362,29.62833,1,35,0,1.873,6.999
4372,174.880,35,0.05119,29.97879,0,141,0,16.502,
4373,174.920,28,0.56514,9.06066,0,327,61,40.593,
4373,174.920,29,-0.54724,23.49913,1,29,0,1.078,6.999
4373,174.920,35,0.06963,30.52851,0,190,0,21.584,
4374,174.960,29,-0.54164,23.43269,1,28,0,0.907,6.999
4374,174.960,31,-0.33904,26.91409,0,28,0,0.916,
4374,174.960,35,0.10840,30.08719,0,174,0,22.266,
4375,175.000,29,-0.55111,23.34932,1,29,0,1.051,6.999
4376,175.040,29,-0.54448,23.29366,1,28,0,0.924,6.999
4376,175.040,32,-0.32469,26.94097,0,28,0,0.924,
4376,175.040,35,0.13511,29.66995,0,184,0,21.721,
4377,175.080,29,-0.55694,23.21506,1,29,0,1.031,6.999
4377,175.080,33,-0.19084,30.99413,0,173,0,21.285,
4377,175.080,35,0.15100,30.18476,0,173,0,21.285,
4378,175.120,28,0.58502,8.99183,0,306,55,42.462,
4378,175.120,29,-0.55940,23.16265,1,29,0,0.939,6.999
4378,175.120,33,-0.18173,30.32296,0,139,0,17.583,
4378,175.120,35,0.17347,30.47475,0,139,0,17.583,
4379,175.160,28,0.54724,8.94510,0,327,55,41.790,
4379,175.160,29,-0.56136,23.07860,1,30,0,0.964,6.999
4379,175.160,33,-0.15980,30.20396,0,187,0,20.012,
4379,175.160,35,0.21285,29.82678,0,187,0,20.012,
4380,175.200,29,-0.56757,23.01940,1,30,0,0.987,6.999
4380,175.200,32,-0.25010,27.24136,0,30,0,0.991,
4380,175.200,33,-0.14179,29.79309,0,451,0,33.703,
4380,175.200,35,0.20880,29.21890,0,451,0,33.706,
4381,175.240,29,-0.54885,23.00042,1,29,0,1.092,6.999
4381,175.240,32,-0.18749,27.24145,0,138,0,18.701,
4381,175.240,35,0.19886,28.65384,0,138,0,18.701,
4380,175.200,36,0.23072,30.42008,0,22,0,3.192,
4381,175.240,36,0.29224,31.15037,0,138,0,18.701,
4382,175.280,28,0.50724,8.53775,0,0,0,,
4382,175.280,29,-0.56673,22.86696,1,29,0,0.969,6.999
4382,175.280,32,-0.11277,27.22455,0,29,0,0.976,
4382,175.280,35,0.26386,28.48025,0,443,0,34.099,
4383,175.320,29,-0.57047,22.86581,1,28,0,1.048,6.999
4380,175.200,37,-0.20442,28.49359,0,30,0,1.630,
4381,175.240,37,-0.13359,28.68385,0,138,0,18.701,
4382,175.280,37,-0.09336,28.68101,0,443,0,34.098,
4383,175.320,37,0.03814,29.17932,0,242,0,29.149,
4384,175.360,29,-0.56834,22.72879,1,30,0,0.979,6.999
4384,175.360,35,0.18495,28.83081,0,238,0,28.231,
4385,175.400,28,0.48134,8.70520,0,0,0,,
4385,175.400,29,-0.57540,22.70505,1,29,0,1.052,6.999
4385,175.400,35,0.24105,28.63941,0,120,0,17.648,
4386,175.440,28,0.45096,8.64670,1,28,0,1.756,6.999
4386,175.440,29,-0.57373,22.55859,1,30,0,0.931,6.999
4386,175.440,35,0.29082,28.06497,0,112,0,17.846,
4386,175.440,36,0.34712,30.76835,0,112,0,17.846,
4387,175.480,28,0.51107,8.64628,1,31,0,1.350,12.715
4387,175.480,29,-0.57416,22.50350,1,30,0,1.018,6.999
4387,175.480,35,0.35884,28.22881,0,104,0,16.176,
4387,175.480,36,0.39425,31.39223,0,104,0,16.176,
4388,175.520,28,0.52364,8.61965,1,32,38,0.517,10.755
4388,175.520,29,-0.57969,22.47188,1,30,0,0.985,6.999
4388,175.520,35,0.38412,27.82800,0,115,0,18.756,
4389,175.560,28,0.51987,8.57626,1,32,0,0.745,6.999
4389,175.560,29,-0.56898,22.43629,1,30,0,1.039,6.999
4389,175.560,35,0.38006,28.02467,0,38,0,2.191,
4390,175.600,28,0.51800,8.55343,1,32,29,0.643,11.654
4390,175.600,29,-0.57627,22.32814,1,28,0,1.038,6.999
4391,175.640,28,0.51720,8.51096,1,33,12,0.584,13.033
4391,175.640,29,-0.58433,22.21724,1,30,0,1.076,6.999
4390,175.600,38,0.41907,29.13026,0,30,0,1.690,
4391,175.640,38,0.36203,28.80752,0,134,0,19.767,
4392,175.680,28,0.51288,8.47504,1,33,32,0.646,11.711
4392,175.680,29,-0.57349,22.19380,1,28,0,1.058,6.999
4392,175.680,35,0.26639,27.33585,0,97,0,15.602,
4392,175.680,38,0.35193,28.45217,0,97,0,15.602,
4393,175.720,28,0.50896,8.43669,1,34,19,0.631,14.003
4393,175.720,29,-0.58857,22.07757,1,30,0,1.046,6.999
4393,175.720,38,0.30226,27.86662,0,115,0,15.967,
4394,175.760,28,0.50918,8.41471,1,34,30,0.578,12.485
4394,175.760,29,-0.58858,22.07296,1,30,0,0.988,6.999
4394,175.760,36,0.48023,30.24815,0,107,0,18.033,
4395,175.800,28,0.50953,8.38276,1,34,0,1.172,6.999
4395,175.800,29,-0.58349,21.92966,1,30,0,1.010,6.999
4395,175.800,35,0.35088,27.41075,0,60,0,12.669,
4395,175.800,36,0.59231,30.13051,0,60,0,12.669,
4395,175.800,38,0.34803,27.48561,0,60,0,12.669,
4396,175.840,28,0.50486,8.36171,1,32,33,1.078,13.401
4396,175.840,29,-0.59084,21.94558,1,30,0,1.007,6.999
4396,175.840,38,0.36948,27.41701,0,67,0,12.861,
4397,175.880,28,0.50275,8.32295,1,33,28,1.461,14.103
4397,175.880,29,-0.59510,21.78584,1,31,0,0.974,6.999
4397,175.880,35,0.51073,27.58117,0,59,0,12.594,
4397,175.880,38,0.50760,27.65779,0,59,0,12.594,
4398,175.920,28,0.49988,8.30925,1,32,34,1.708,15.171
4398,175.920,29,-0.59255,21.79604,1,30,0,1.066,6.999
4398,175.920,35,0.57729,27.64912,0,58,0,12.453,
4398,175.920,38,0.57415,27.64952,0,58,0,12.453,
4399,175.960,28,0.49562,8.27608,1,31,26,2.279,14.594
4399,175.960,29,-0.58769,21.66375,1,31,0,1.021,6.999
4399,175.960,35,0.60711,27.60174,0,58,0,12.222,
4399,175.960,36,0.69588,29.58197,0,58,0,12.222,
4399,175.960,38,0.60968,27.58166,0,58,0,12.222,
4400,176.000,28,0.49694,8.22880,1,51,42,2.068,15.345
4400,176.000,29,-0.60290,21.59182,1,30,0,1.101,6.999
4400,176.000,35,0.60693,27.60149,0,46,0,9.813,
4400,176.000,36,0.69068,28.86049,0,46,0,9.813,
4401,176.040,28,0.49572,8.15771,1,55,36,2.607,14.876
4401,176.040,29,-0.59139,21.58160,1,31,0,0.981,6.999
4401,176.040,35,0.65115,27.76114,0,56,0,11.713,
4401,176.040,36,0.66638,27.96979,0,56,0,11.713,
4402,176.080,28,0.47199,8.02526,1,28,32,1.303,4.172
4402,176.080,29,-0.60275,21.43789,1,32,0,0.978,6.999
4402,176.080,35,0.70336,27.84380,0,43,0,9.411,
4402,176.080,36,0.69862,27.76180,0,43,0,9.411,
4403,176.120,28,0.49304,8.17581,1,27,0,2.966,23.280
4403,176.120,29,-0.60340,21.44915,1,30,0,0.940,6.999
4403,176.120,35,0.72093,27.81835,0,52,0,9.253,
4403,176.120,36,0.72115,27.79889,0,52,0,9.253,
4404,176.160,28,0.48231,8.00102,1,30,46,1.944,9.032
4404,176.160,29,-0.60549,21.31187,1,32,0,0.972,6.999
4404,176.160,35,0.75593,27.80721,0,64,0,11.079,
4405,176.200,28,0.49010,7.98842,1,30,22,2.125,16.349
4405,176.200,29,-0.60569,21.32812,1,31,0,0.944,6.999
4405,176.200,35,0.77545,27.81964,0,52,0,9.404,
4406,176.240,28,0.46591,7.90714,1,36,0,1.787,6.999
4406,176.240,29,-0.60707,21.17433,1,31,0,0.984,6.999
4406,176.240,35,0.78988,27.74509,0,59,0,10.746,
4407,176.280,28,0.47660,7.92208,1,52,33,1.031,12.220
4407,176.280,29,-0.60764,21.14526,1,32,0,0.983,6.999
4407,176.280,35,0.79933,27.75991,0,51,0,9.280,
4408,176.320,28,0.47698,7.86729,1,49,50,0.942,4.860
4408,176.320,29,-0.60906,21.09029,1,31,0,0.955,6.999
4408,176.320,35,0.81979,27.76007,0,58,0,10.392,
4409,176.360,28,0.46391,7.82871,1,39,57,0.672,8.562
4409,176.360,29,-0.61081,20.96630,1,32,0,0.961,6.999
4409,176.360,35,0.81520,27.74626,0,49,0,10.250,
4410,176.400,28,0.47201,7.84870,1,48,72,0.645,5.002
4410,176.400,29,-0.61259,20.91066,1,32,0,0.989,6.999
4410,176.400,35,0.84294,27.79445,0,43,0,9.362,
4411,176.440,28,0.46594,7.79442,1,46,51,0.786,10.943
4411,176.440,29,-0.61422,20.81561,1,32,0,0.967,6.999
4411,176.440,35,0.87600,27.92906,0,44,0,9.429,
4412,176.480,28,0.45937,7.76550,1,37,54,0.536,11.594
4412,176.480,29,-0.61546,20.79361,1,33,0,1.013,6.999
4412,176.480,35,0.90386,27.98424,0,54,0,8.865,
4413,176.520,28,0.45878,7.73424,1,36,48,0.693,14.239
4413,176.520,29,-0.61623,20.69904,1,32,0,0.988,6.999
4413,176.520,35,0.94233,28.14312,0,69,0,10.040,
4414,176.560,28,0.45726,7.72117,1,36,49,0.943,14.766
4414,176.560,29,-0.62728,20.61682,1,32,0,0.978,6.999
4414,176.560,35,0.99353,28.18734,0,55,0,8.794,
4415,176.600,28,0.45261,7.68175,1,36,41,1.191,16.461
4415,176.600,29,-0.61729,20.61980,1,33,0,1.014,6.999
4416,176.640,28,0.44880,7.63809,1,36,47,0.780,12.410
4416,176.640,29,-0.62180,20.47305,1,33,0,0.993,6.999
4416,176.640,35,1.09531,28.27293,0,81,0,14.044,
4417,176.680,28,0.44644,7.59591,1,36,44,0.666,14.212
4417,176.680,29,-0.61979,20.46042,1,32,0,0.899,6.999
4418,176.720,28,0.44479,7.57508,1,36,46,0.773,13.796
4418,176.720,29,-0.62895,20.36523,1,34,0,0.995,6.999
4419,176.760,28,0.43981,7.52165,1,36,45,0.723,12.879
4419,176.760,29,-0.62501,20.28937,1,33,0,0.948,6.999
4420,176.800,28,0.43609,7.49470,1,36,46,0.752,11.857
4420,176.800,29,-0.63004,20.23840,1,33,0,0.826,6.999
4421,176.840,28,0.43624,7.46008,1,36,46,0.740,13.207
4421,176.840,29,-0.63806,20.14819,1,33,0,0.932,6.999
4422,176.880,28,0.43065,7.43321,1,36,49,0.850,11.179
4422,176.880,29,-0.63498,20.13405,1,32,0,0.839,6.999
4423,176.920,28,0.42868,7.40357,1,36,47,1.025,13.884
4423,176.920,29,-0.63956,20.02151,1,34,0,0.901,6.999
4424,176.960,28,0.42588,7.38372,1,36,50,1.005,12.983
4424,176.960,29,-0.62972,20.02275,1,32,0,0.859,6.999
4425,177.000,28,0.42407,7.33383,1,36,49,1.060,13.571
4425,177.000,29,-0.64249,19.91017,1,32,0,0.907,6.999
4426,177.040,28,0.42135,7.29836,1,36,51,0.842,10.133
4426,177.040,29,-0.64370,19.82089,1,34,0,0.931,6.999
4427,177.080,28,0.41659,7.26989,1,37,50,1.134,13.446
4427,177.080,29,-0.64310,19.79593,1,33,0,0.888,6.999
4428,177.120,28,0.41390,7.23293,1,38,46,0.820,10.514
4428,177.120,29,-0.64369,19.68805,1,34,0,0.930,6.999
4429,177.160,28,0.41177,7.20731,1,38,49,1.172,13.699
4429,177.160,29,-0.64776,19.63767,1,32,0,0.903,6.999
4430,177.200,28,0.40938,7.18095,1,37,39,1.165,13.640
4430,177.200,29,-0.64510,19.57617,1,34,0,0.979,6.999
4431,177.240,28,0.41026,7.14816,1,38,48,1.058,14.573
4431,177.240,29,-0.64809,19.49644,1,34,0,0.993,6.999
4432,177.280,28,0.40551,7.11856,1,38,42,1.085,14.011
4432,177.280,29,-0.64678,19.48579,1,32,0,0.959,6.999
4433,177.320,28,0.40064,7.08368,1,38,50,1.123,14.100
4433,177.320,29,-0.64938,19.36422,1,34,0,0.942,6.999
4434,177.360,28,0.39605,7.05319,1,39,51,1.103,13.648
4434,177.360,29,-0.65054,19.31668,1,34,0,0.889,6.999
4435,177.400,28,0.39701,7.02352,1,39,52,1.092,13.901
4435,177.400,29,-0.64986,19.25569,1,35,0,0.995,6.999
4436,177.440,28,0.39172,6.99031,1,38,53,1.179,13.115
4436,177.440,29,-0.65285,19.17919,1,34,0,0.971,6.999
4437,177.480,28,0.39175,6.95938,1,37,50,1.138,13.976
4437,177.480,29,-0.65322,19.11146,1,33,0,0.907,6.999
4438,177.520,28,0.38410,6.93048,1,37,53,1.128,13.381
4438,177.520,29,-0.65344,19.05256,1,34,0,1.026,6.999
4439,177.560,28,0.38287,6.89933,1,39,51,1.181,13.670
4439,177.560,29,-0.65956,18.97444,1,34,0,0.996,6.999
4440,177.600,28,0.38186,6.86596,1,38,55,1.195,13.161
4440,177.600,29,-0.65637,18.90782,1,35,0,0.892,6.999
4441,177.640,28,0.37965,6.83877,1,38,51,1.162,13.242
4441,177.640,29,-0.66100,18.85776,1,35,0,0.964,6.999
4442,177.680,28,0.37158,6.80173,1,40,57,1.198,12.477
4442,177.680,29,-0.65893,18.79791,1,35,0,0.856,6.999
4443,177.720,28,0.43044,6.63573,1,67,34,4.027,31.045
4443,177.720,29,-0.66060,18.73769,1,35,0,1.046,6.999
4444,177.760,28,0.37950,6.62321,1,74,44,2.447,31.145
4444,177.760,29,-0.66170,18.66817,1,36,0,0.941,6.999
4445,177.800,28,0.39006,6.59722,1,71,42,2.885,30.519
4445,177.800,29,-0.67941,18.60205,1,36,0,0.776,6.999
4446,177.840,28,0.37996,6.56267,1,65,42,2.992,31.388
4446,177.840,29,-0.67624,18.54708,1,36,0,0.970,6.999
4447,177.880,28,0.37830,6.54244,1,63,42,2.969,31.225
4447,177.880,29,-0.66902,18.47864,1,36,0,0.933,6.999
4448,177.920,28,0.37941,6.50747,1,57,41,2.886,29.198
4448,177.920,29,-0.66966,18.41020,1,37,0,0.865,6.999
4449,177.960,28,0.38952,6.58865,1,60,40,2.513,12.305
4449,177.960,29,-0.66926,18.36269,1,36,0,1.014,6.999
4450,178.000,28,0.35341,6.57029,1,49,33,1.314,12.820
4450,178.000,29,-0.67126,18.28212,1,37,0,0.910,6.999
4451,178.040,28,0.34580,6.53549,1,50,46,0.913,10.768
4451,178.040,29,-0.67938,18.21553,1,37,0,0.901,6.999
4452,178.080,28,0.36615,6.50297,1,61,27,2.239,12.721
4452,178.080,29,-0.67354,18.16243,1,36,0,0.980,6.999
4453,178.120,28,0.33067,6.47919,1,43,49,0.996,10.568
4453,178.120,29,-0.68227,18.10881,1,36,0,0.802,6.999
4454,178.160,28,0.33376,6.44263,1,41,0,0.932,6.999
4454,178.160,29,-0.68329,18.02510,1,38,0,0.890,6.999
4455,178.200,28,0.33168,6.42190,1,40,47,0.748,10.389
4455,178.200,29,-0.68449,17.98499,1,36,0,0.995,6.999
4456,178.240,28,0.32452,6.39048,1,43,0,0.980,6.999
4456,178.240,29,-0.68562,17.91875,1,37,0,0.832,6.999
4457,178.280,28,0.32578,6.38621,1,44,54,0.962,6.831
4457,178.280,29,-0.68471,17.84940,1,38,0,0.884,6.999
4458,178.320,28,0.32711,6.36771,1,45,55,0.851,6.685
4458,178.320,29,-0.68258,17.77887,1,36,0,0.842,6.999
4459,178.360,28,0.33643,6.34370,1,64,62,1.595,7.356
4459,178.360,29,-0.68551,17.73181,1,38,0,0.867,6.999
4460,178.400,28,0.33108,6.27798,1,62,29,1.798,8.235
4460,178.400,29,-0.68806,17.64926,1,38,0,0.877,6.999
4461,178.440,28,0.32469,6.27331,1,61,42,1.402,10.288
4461,178.440,29,-0.69060,17.62941,1,36,0,0.983,6.999
4462,178.480,28,0.31925,6.26235,1,50,23,1.285,9.656
4462,178.480,29,-0.68856,17.54782,1,38,0,0.906,6.999
4463,178.520,28,0.32805,6.25210,1,59,65,1.250,9.175
4463,178.520,29,-0.69211,17.46510,1,38,0,0.937,6.999
4464,178.560,28,0.33382,6.24827,1,61,66,1.753,9.449
4464,178.560,29,-0.69003,17.44642,1,36,0,1.001,6.999
4465,178.600,28,0.33381,6.19482,1,57,48,2.243,13.915
4465,178.600,29,-0.69111,17.36463,1,38,0,0.923,6.999
4466,178.640,28,0.23759,6.15905,1,59,39,3.484,15.345
4466,178.640,29,-0.69546,17.28150,1,38,0,0.956,6.999
4467,178.680,28,0.29833,6.10259,1,41,45,0.777,11.479
4467,178.680,29,-0.69758,17.23213,1,38,0,0.931,6.999
4468,178.720,28,0.29479,6.09726,1,40,42,1.271,14.383
4468,178.720,29,-0.69515,17.18640,1,38,0,0.939,6.999
4469,178.760,28,0.29248,6.04457,1,41,37,0.690,10.360
4469,178.760,29,-0.69967,17.10579,1,38,0,0.907,6.999
4470,178.800,28,0.29028,6.03778,1,40,25,1.136,13.225
4470,178.800,29,-0.70123,17.04255,1,39,0,0.915,6.999
4471,178.840,28,0.28698,5.99396,1,40,36,0.737,10.446
4471,178.840,29,-0.69894,17.01269,1,39,0,0.946,6.999
4472,178.880,28,0.28379,5.96729,1,40,36,0.750,9.753
4472,178.880,29,-0.70271,16.92716,1,38,0,0.948,6.999
4473,178.920,28,0.28168,5.95118,1,41,25,1.803,11.337
4473,178.920,29,-0.70919,16.85758,1,39,0,0.853,6.999
4474,178.960,28,0.27893,5.91886,1,42,31,0.850,8.984
4474,178.960,29,-0.70784,16.80523,1,39,0,0.877,6.999
4475,179.000,28,0.27534,5.89707,1,41,36,0.808,10.973
4475,179.000,29,-0.70772,16.74380,1,39,0,0.937,6.999
4476,179.040,28,0.27348,5.87183,1,41,35,0.774,10.106
4476,179.040,29,-0.71062,16.68990,1,39,0,0.899,6.999
4477,179.080,28,0.27333,5.84799,1,41,36,0.769,11.080
4477,179.080,29,-0.71088,16.63183,1,40,0,0.924,6.999
4478,179.120,28,0.26562,5.81548,1,41,40,0.819,9.326
4478,179.120,29,-0.71083,16.57575,1,40,0,0.914,6.999
4479,179.160,28,0.26896,5.79980,1,41,39,0.778,11.382
4479,179.160,29,-0.71346,16.50888,1,39,0,0.920,6.999
4480,179.200,28,0.26384,5.76763,1,41,43,0.720,9.030
4480,179.200,29,-0.71507,16.44837,1,40,0,0.894,6.999
4481,179.240,28,0.26142,5.75144,1,41,39,0.785,11.432
4481,179.240,29,-0.71300,16.38517,1,40,0,0.932,6.999
4482,179.280,28,0.25890,5.72402,1,41,40,0.591,10.029
4482,179.280,29,-0.71872,16.34225,1,40,0,0.961,6.999
4483,179.320,28,0.25556,5.69779,1,41,41,0.651,10.454
4483,179.320,29,-0.71875,16.27391,1,40,0,0.944,6.999
4484,179.360,28,0.25306,5.67627,1,41,31,0.746,10.036
4484,179.360,29,-0.72239,16.21195,1,39,0,0.981,6.999
4485,179.400,28,0.25293,5.65558,1,42,0,0.844,6.999
4485,179.400,29,-0.71498,16.14870,1,21,0,0.930,6.999
4486,179.440,28,0.24849,5.62591,1,42,32,0.754,9.318
4486,179.440,29,-0.71592,16.10487,1,21,0,0.920,6.999
4487,179.480,28,0.24727,5.59483,1,42,38,0.778,9.272
4487,179.480,29,-0.71815,16.04131,1,21,0,0.918,6.999
4488,179.520,28,0.24250,5.58583,1,42,27,0.680,9.868
4488,179.520,29,-0.71658,15.97868,1,21,0,0.902,6.999
4489,179.560,28,0.24008,5.56219,1,42,24,0.736,5.273
4489,179.560,29,-0.71887,15.91286,1,21,0,0.898,6.999
4490,179.600,28,0.23626,5.52667,1,42,39,0.754,8.148
4490,179.600,29,-0.71166,15.85768,1,21,0,0.876,6.999
4491,179.640,28,0.23172,5.51464,1,43,14,0.890,8.095
4491,179.640,29,-0.72758,15.80774,1,21,0,0.945,6.999
4492,179.680,28,0.23225,5.47738,1,43,47,0.802,7.730
4492,179.680,29,-0.71491,15.73681,1,21,0,0.861,6.999
4493,179.720,28,0.22992,5.46490,1,42,30,0.734,5.554
4493,179.720,29,-0.72407,15.66808,1,21,0,0.932,6.999
4494,179.760,28,0.22614,5.44965,1,43,29,0.687,10.053
4494,179.760,29,-0.72493,15.61902,1,21,0,0.970,6.999
4495,179.800,28,0.22250,5.42095,1,43,22,0.844,7.133
4495,179.800,29,-0.71981,15.57797,1,21,0,0.821,6.999
4496,179.840,28,0.22129,5.40600,1,42,0,0.911,6.999
4496,179.840,29,-0.72170,15.50517,1,21,0,0.841,6.999
4497,179.880,28,0.21721,5.38228,1,43,47,0.808,8.561
4497,179.880,29,-0.72425,15.46150,1,21,0,0.921,6.999
4498,179.920,28,0.21428,5.35830,1,43,45,0.881,9.200
4498,179.920,29,-0.72697,15.40870,1,21,0,0.963,6.999
4499,179.960,28,0.21388,5.34431,1,42,45,0.683,9.312
4499,179.960,29,-0.72485,15.33729,1,21,0,0.844,6.999
4500,180.000,28,0.21016,5.32770,1,43,36,0.662,9.240
4500,180.000,29,-0.72488,15.27919,1,21,0,0.863,6.999
4501,180.040,28,0.20812,5.30501,1,43,48,0.620,9.603
4501,180.040,29,-0.72774,15.23460,1,21,0,0.941,6.999
4502,180.080,28,0.20185,5.28494,1,44,26,0.813,8.903
4502,180.080,29,-0.72754,15.18225,1,22,0,0.913,6.999
4503,180.120,28,0.19905,5.26362,1,43,50,0.745,9.681
4503,180.120,29,-0.72812,15.12120,1,21,0,0.889,6.999
4504,180.160,28,0.19737,5.24480,1,43,42,0.700,8.603
4504,180.160,29,-0.72832,15.05072,1,21,0,0.875,6.999
4505,180.200,28,0.19731,5.23827,1,43,40,1.283,11.159
4505,180.200,29,-0.73176,14.99528,1,21,0,0.878,6.999
4506,180.240,28,0.19281,5.21723,1,44,45,0.722,10.570
4506,180.240,29,-0.73126,14.93756,1,22,0,0.880,6.999
4507,180.280,28,0.19074,5.20135,1,43,52,0.756,10.516
4507,180.280,29,-0.73124,14.90010,1,22,0,0.854,6.999
4508,180.320,28,0.18905,5.18525,1,45,46,1.109,11.190
4508,180.320,29,-0.73117,14.83135,1,22,0,0.916,6.999
4509,180.360,28,0.18288,5.15960,1,44,53,0.723,9.874
4509,180.360,29,-0.72671,14.77946,1,22,0,0.910,6.999
4510,180.400,28,0.18191,5.14966,1,45,55,1.190,11.096
4510,180.400,29,-0.73195,14.72308,1,22,0,0.801,6.999
4511,180.440,28,0.17655,5.12378,1,45,54,0.741,9.423
4511,180.440,29,-0.72537,14.67686,1,21,0,0.928,6.999
4512,180.480,28,0.17499,5.11598,1,45,51,0.665,10.374
4512,180.480,29,-0.72908,14.61955,1,22,0,0.770,6.999
4513,180.520,28,0.17318,5.10392,1,44,55,0.833,10.140
4513,180.520,29,-0.72730,14.56186,1,22,0,0.767,6.999
4514,180.560,28,0.17168,5.08477,1,44,58,0.728,9.886
4514,180.560,29,-0.73055,14.50508,1,23,0,0.934,6.999
4515,180.600,28,0.16766,5.07552,1,44,54,0.645,9.958
4515,180.600,29,-0.72744,14.45689,1,22,0,0.905,6.999
4516,180.640,28,0.16759,5.06079,1,45,58,0.718,10.101
4516,180.640,29,-0.72997,14.41439,1,22,0,0.813,6.999
4517,180.680,28,0.16190,5.04453,1,46,57,0.784,9.874
4517,180.680,29,-0.72967,14.35295,1,22,0,0.908,6.999
4518,180.720,28,0.16321,5.03807,1,45,57,0.664,9.990
4518,180.720,29,-0.73733,14.28451,1,23,0,0.817,6.999
4519,180.760,28,0.16182,5.02492,1,46,54,0.610,10.097
4519,180.760,29,-0.72592,14.22827,1,23,0,0.988,6.999
4520,180.800,28,0.16009,5.01180,1,45,59,0.743,10.247
4520,180.800,29,-0.72532,14.17125,1,23,0,0.929,6.999
4521,180.840,28,0.15599,4.99821,1,46,59,0.719,9.682
4521,180.840,29,-0.73055,14.13502,1,23,0,0.924,6.999
4522,180.880,28,0.15365,4.98781,1,48,58,0.671,9.642
4522,180.880,29,-0.72930,14.07482,1,23,0,0.819,6.999
4523,180.920,28,0.15245,4.98473,1,46,55,0.691,9.904
4523,180.920,29,-0.72586,14.01026,1,23,0,0.874,6.999
4524,180.960,28,0.15020,4.96809,1,47,59,0.785,9.862
4524,180.960,29,-0.72424,13.94765,1,24,0,0.898,6.999
4525,181.000,28,0.15238,4.96780,1,64,63,1.163,9.804
4525,181.000,29,-0.72756,13.90615,1,24,0,0.802,6.999
4526,181.040,28,0.14914,4.95143,1,71,59,0.855,9.716
4526,181.040,29,-0.72883,13.84461,1,24,0,0.859,6.999
4527,181.080,28,0.15023,4.94812,1,75,62,0.842,9.857
4527,181.080,29,-0.72600,13.79065,1,24,0,0.842,6.999
4528,181.120,28,0.14771,4.93934,1,49,61,0.607,9.518
4528,181.120,29,-0.72731,13.73966,1,24,0,0.912,6.999
4529,181.160,28,0.14693,4.93259,1,45,60,0.655,9.312
4529,181.160,29,-0.72821,13.69123,1,24,0,0.838,6.999
4530,181.200,28,0.14558,4.92258,1,49,61,0.790,9.332
4530,181.200,29,-0.72373,13.62853,1,24,0,0.695,6.999
4531,181.240,28,0.14450,4.91535,1,49,62,0.707,9.197
4531,181.240,29,-0.72593,13.58333,1,24,0,0.731,6.999
4532,181.280,28,0.14499,4.90864,1,46,62,0.769,9.044
4532,181.280,29,-0.72977,13.53319,1,24,0,0.753,6.999
4533,181.320,28,0.14420,4.90608,1,46,63,0.762,9.510
4533,181.320,29,-0.72580,13.49423,1,25,0,0.744,6.999
4534,181.360,28,0.14520,4.89847,1,47,63,0.599,9.133
4534,181.360,29,-0.72985,13.43665,1,25,0,0.798,6.999
4535,181.400,28,0.14581,4.89765,1,48,62,0.624,9.150
4535,181.400,29,-0.72814,13.38537,1,24,0,0.691,6.999
4536,181.440,28,0.14876,4.89646,1,48,62,0.645,9.230
4536,181.440,29,-0.72393,13.32344,1,24,0,0.798,6.999
4537,181.480,28,0.14689,4.89592,1,48,60,0.636,9.119
4537,181.480,29,-0.72686,13.27396,1,24,0,0.801,6.999
4538,181.520,28,0.15087,4.89419,1,49,61,0.588,9.155
4538,181.520,29,-0.72414,13.21830,1,26,0,0.717,6.999
4539,181.560,28,0.15157,4.88966,1,48,61,0.688,8.692
4539,181.560,29,-0.72177,13.17752,1,24,0,0.783,6.999
4540,181.600,29,-0.72515,13.12043,1,24,18,0.589,14.881
4541,181.640,29,-0.72401,13.07286,1,25,0,0.711,6.999
4542,181.680,29,-0.72172,13.02166,1,25,0,0.736,6.999
4543,181.720,29,-0.72300,12.95633,1,25,16,0.596,10.735
4544,181.760,29,-0.72365,12.90642,1,25,0,0.842,6.999
4545,181.800,29,-0.72434,12.87447,1,25,0,0.726,6.999
4546,181.840,29,-0.72454,12.82934,1,24,0,0.825,6.999
4547,181.880,29,-0.72355,12.77353,1,25,0,0.742,6.999
4548,181.920,29,-0.72319,12.71433,1,25,0,0.706,6.999
4549,181.960,29,-0.72362,12.65279,1,25,32,0.592,13.502
4550,182.000,29,-0.72108,12.61987,1,25,0,0.642,6.999
4551,182.040,29,-0.72056,12.56808,1,25,0,0.592,6.999
4552,182.080,29,-0.72024,12.51481,1,25,0,0.697,6.999
4553,182.120,29,-0.72329,12.46650,1,25,0,0.721,6.999
4554,182.160,29,-0.71895,12.41690,1,25,0,0.812,6.999
4555,182.200,29,-0.71845,12.36843,1,26,0,0.752,6.999
4556,182.240,29,-0.71597,12.30855,1,25,0,0.778,6.999
4557,182.280,29,-0.71690,12.28000,1,26,0,0.718,6.999
4558,182.320,29,-0.71699,12.21858,1,26,0,0.721,6.999
4559,182.360,29,-0.71746,12.17481,1,26,0,0.743,6.999
4560,182.400,29,-0.71561,12.11422,1,26,0,0.775,6.999
4561,182.440,29,-0.71649,12.06901,1,26,0,0.720,6.999
4562,182.480,29,-0.71607,12.00855,1,26,36,0.411,9.651
4563,182.520,29,-0.71484,11.96928,1,26,19,0.539,16.134
4564,182.560,29,-0.71501,11.92098,1,27,25,0.498,12.871
4565,182.600,29,-0.71535,11.86598,1,27,35,0.460,11.994
4566,182.640,29,-0.71423,11.82872,1,28,24,0.525,14.526
4567,182.680,29,-0.71452,11.75728,1,27,48,0.651,12.503
4568,182.720,29,-0.71541,11.71131,1,27,45,0.561,12.736
4569,182.760,29,-0.71056,11.67721,1,27,51,0.324,9.969
4570,182.800,29,-0.71260,11.63586,1,27,0,0.712,15.496
4571,182.840,29,-0.71297,11.59820,1,27,28,0.537,13.138
4572,182.880,29,-0.70811,11.53638,1,28,0,0.639,6.999
4573,182.920,29,-0.71046,11.50285,1,27,29,0.561,13.978
4574,182.960,29,-0.71061,11.45440,1,28,27,0.607,14.476
4575,183.000,29,-0.71233,11.41185,1,27,28,0.541,14.156
4576,183.040,29,-0.70918,11.36542,1,28,0,0.681,8.016
4577,183.080,29,-0.70942,11.31326,1,28,22,0.654,14.185
4578,183.120,29,-0.70784,11.26229,1,27,0,0.704,15.256
4579,183.160,29,-0.70680,11.22030,1,28,0,0.726,6.999
4580,183.200,29,-0.70568,11.17005,1,28,0,0.752,14.461
4581,183.240,29,-0.70822,11.13107,1,28,16,0.763,16.818
4582,183.280,29,-0.70782,11.07049,1,28,0,0.790,15.723
4583,183.320,29,-0.70550,11.02746,1,28,28,0.752,14.249
4584,183.360,29,-0.69857,10.99410,1,28,38,0.648,14.547
4585,183.400,29,-0.70195,10.94801,1,28,28,0.627,16.811
4586,183.440,29,-0.70431,10.90525,1,28,32,0.591,15.425
4587,183.480,29,-0.70198,10.86231,1,28,0,0.700,16.004
4588,183.520,29,-0.70130,10.81565,1,28,34,0.550,15.972
4589,183.560,29,-0.70576,10.75828,1,28,0,0.710,16.197
4590,183.600,29,-0.70078,10.72415,1,29,30,0.542,16.323
4591,183.640,29,-0.70668,10.68092,1,29,0,0.770,15.434
4592,183.680,29,-0.69847,10.62801,1,29,29,0.549,15.705
4593,183.720,29,-0.69873,10.59313,1,29,24,0.629,14.966
4594,183.760,29,-0.69667,10.53665,1,30,25,0.604,15.700
4595,183.800,29,-0.70070,10.50067,1,30,28,0.588,13.806
4596,183.840,29,-0.70066,10.44453,1,29,23,0.605,14.928
4597,183.880,29,-0.69967,10.40492,1,30,33,0.575,12.598
4598,183.920,29,-0.69844,10.35616,1,30,0,0.708,6.999
4599,183.960,29,-0.70000,10.31915,1,30,36,0.495,13.085
4600,184.000,29,-0.69653,10.26742,1,30,0,0.714,11.865
4601,184.040,29,-0.69646,10.22279,1,30,35,0.552,12.505
4602,184.080,29,-0.69053,10.18444,1,30,19,0.558,12.386
4603,184.120,29,-0.69472,10.13441,1,30,46,0.521,12.974
4604,184.160,29,-0.68934,10.09703,1,31,26,0.575,12.733
4605,184.200,29,-0.69032,10.04901,1,31,44,0.488,12.965
4606,184.240,29,-0.69059,10.02127,1,31,25,0.581,13.545
4607,184.280,29,-0.69133,9.97155,1,31,39,0.501,13.746
4608,184.320,29,-0.68978,9.94128,1,31,27,0.591,13.696
4609,184.360,29,-0.69067,9.89121,1,31,32,0.402,14.546
4610,184.400,29,-0.68474,9.85145,1,32,32,0.576,12.351
4611,184.440,29,-0.68667,9.80091,1,31,38,0.492,14.431
4612,184.480,29,-0.68612,9.76748,1,32,38,0.579,14.204
4613,184.520,29,-0.68525,9.71783,1,32,47,0.559,14.739
4614,184.560,29,-0.68422,9.68351,1,31,45,0.608,14.517
4615,184.600,29,-0.68466,9.63904,1,32,42,0.574,15.305
4616,184.640,29,-0.68562,9.56944,0,0,0,,
4617,184.680,29,-0.66827,9.56826,1,0,39,0.140,16.485
4618,184.720,29,-0.64071,9.53746,1,0,33,0.162,15.256
4619,184.760,29,-0.68162,9.43133,0,0,0,,
4620,184.800,29,-0.67548,9.38872,0,0,0,,
4621,184.840,29,-0.65920,9.40606,1,0,41,0.380,16.810
4622,184.880,29,-0.63766,9.36791,1,0,37,0.126,15.130
4623,184.920,29,-0.67710,9.26882,0,0,0,,
4624,184.960,29,-0.64343,9.28483,1,0,36,0.159,14.542
4625,185.000,29,-0.67379,9.21202,0,0,0,,
4626,185.040,29,-0.66568,9.19643,1,32,47,0.767,13.794
4627,185.080,29,-0.66956,9.14625,1,32,41,0.651,14.732
4628,185.120,29,-0.66232,9.11784,1,32,53,0.717,13.951
4629,185.160,29,-0.66373,9.06868,1,33,51,0.570,15.116
4630,185.200,29,-0.66333,9.02844,1,33,56,0.640,13.464
4631,185.240,29,-0.66110,8.99075,1,33,55,0.572,14.897
4632,185.280,29,-0.65920,8.94327,1,33,59,0.529,12.705
4633,185.320,29,-0.66038,8.90657,1,33,56,0.794,14.473
4634,185.360,29,-0.65372,8.85744,1,33,59,0.550,11.525
4635,185.400,29,-0.65771,8.82801,1,33,54,0.777,14.676
4636,185.440,29,-0.65240,8.80100,1,33,52,0.693,15.384
4637,185.480,29,-0.65312,8.73516,1,33,46,0.612,12.048
4638,185.520,29,-0.64805,8.71746,1,34,52,0.859,11.895
4639,185.560,29,-0.65067,8.65650,1,34,47,0.538,11.133
4640,185.600,29,-0.64792,8.62581,1,35,59,0.509,9.757
4641,185.640,29,-0.64518,8.58315,1,47,47,0.618,11.751
4642,185.680,29,-0.64476,8.54846,1,48,58,0.522,9.956
4643,185.720,29,-0.64642,8.50853,1,50,51,0.701,11.577
4644,185.760,29,-0.64251,8.48061,1,50,59,0.440,11.155
4645,185.800,29,-0.64052,8.44083,1,52,55,0.757,12.611
4646,185.840,29,-0.63876,8.40677,1,51,59,0.790,10.984
4647,185.880,29,-0.64283,8.37342,1,54,62,0.966,12.979
4648,185.920,29,-0.64104,8.34307,1,59,63,1.118,12.248
4649,185.960,29,-0.63984,8.30794,1,52,63,1.224,12.616
4650,186.000,29,-0.62960,8.27749,1,36,63,1.269,12.196
4651,186.040,29,-0.63388,8.27128,1,39,66,1.886,13.418
4652,186.080,29,-0.63580,8.19219,1,79,66,1.762,11.196
4653,186.120,29,-0.64147,8.14607,1,70,61,1.589,12.057
4654,186.160,29,-0.63648,8.10860,1,66,57,1.977,11.282
4655,186.200,29,-0.62441,8.06961,1,49,57,1.196,11.773
4656,186.240,29,-0.62071,8.03989,1,49,57,1.127,10.903
4657,186.280,29,-0.63478,7.98527,1,33,50,1.701,11.782
4658,186.320,29,-0.62846,7.90256,1,34,0,1.832,6.999
4659,186.360,29,-0.62723,7.95144,1,36,69,1.501,7.925
4660,186.400,29,-0.62003,7.91913,1,57,72,1.417,8.615
4661,186.440,29,-0.62458,7.89966,1,51,72,1.027,8.056
4662,186.480,29,-0.62097,7.84712,1,59,65,1.453,10.747
4663,186.520,29,-0.61809,7.80458,1,50,58,1.364,13.011
4664,186.560,29,-0.61774,7.77415,1,60,56,1.123,14.481
4665,186.600,29,-0.61581,7.73186,1,41,53,0.822,13.683
4666,186.640,29,-0.60973,7.66989,1,43,59,0.507,10.662
4667,186.680,29,-0.60734,7.64587,1,50,59,0.539,11.088
4668,186.720,29,-0.60638,7.61713,1,53,63,0.639,12.005
4669,186.760,29,-0.60455,7.57559,1,61,60,0.566,10.583
4670,186.800,29,-0.60495,7.55207,1,60,65,0.830,11.416
4671,186.840,29,-0.60011,7.51535,1,55,60,0.539,11.675
4672,186.880,29,-0.59823,7.48051,1,57,60,0.608,11.935
4673,186.920,29,-0.59588,7.45287,1,57,62,0.344,11.687
4674,186.960,29,-0.59066,7.42259,1,56,64,0.722,12.149
4675,187.000,29,-0.59130,7.39590,1,44,64,0.896,11.591
4676,187.040,29,-0.59013,7.36174,1,43,65,0.868,12.124
4677,187.080,29,-0.58737,7.33434,1,43,65,0.853,12.376
4678,187.120,29,-0.58559,7.29177,1,55,66,0.744,12.584
4679,187.160,29,-0.58458,7.25930,1,53,64,0.673,11.920
4680,187.200,29,-0.57674,7.24691,1,49,72,1.444,10.109
4681,187.240,29,-0.57517,7.21203,1,51,65,1.043,10.270
4682,187.280,29,-0.57483,7.16790,1,52,64,0.807,11.586
4683,187.320,29,-0.57308,7.13799,1,53,63,0.712,11.342
4684,187.360,29,-0.57350,7.10275,1,54,64,0.748,12.291
4685,187.400,29,-0.56845,7.07558,1,54,63,0.838,11.168
4686,187.440,29,-0.56917,7.03776,1,58,63,0.738,12.075
4687,187.480,29,-0.56744,7.00519,1,57,65,0.562,10.986
4688,187.520,29,-0.56586,6.98060,1,56,63,0.737,12.554
4689,187.560,29,-0.56511,6.94328,1,56,63,0.595,10.955
4690,187.600,29,-0.56463,6.90717,1,61,59,0.515,11.592
4691,187.640,29,-0.56115,6.87870,1,60,62,0.508,10.297
4692,187.680,29,-0.55904,6.84766,1,58,63,0.477,11.380
4693,187.720,29,-0.58385,6.78747,1,84,44,2.629,11.849
4694,187.760,29,-0.57927,6.76470,1,80,60,2.340,11.424
4695,187.800,29,-0.57629,6.74533,1,76,64,2.232,9.805
4696,187.840,29,-0.57584,6.71734,1,74,60,2.139,11.899
4697,187.880,29,-0.57102,6.70185,1,75,62,1.866,10.376
4698,187.920,29,-0.56720,6.67272,1,77,56,1.787,11.940
4699,187.960,29,-0.55937,6.65277,1,53,55,1.403,11.603
4700,188.000,29,-0.55587,6.62283,1,54,58,1.241,12.309
4701,188.040,29,-0.55396,6.59836,1,54,54,1.218,11.119
4702,188.080,29,-0.54797,6.57192,1,74,57,1.516,11.552
4703,188.120,29,-0.55239,6.54965,1,78,47,1.508,10.086
4704,188.160,29,-0.55148,6.48496,1,70,56,2.046,11.022
4705,188.200,29,-0.54098,6.46857,1,84,59,1.924,11.083
4706,188.240,29,-0.53912,6.42587,1,84,60,2.228,10.891
4707,188.280,29,-0.54712,6.39738,1,82,55,2.080,11.085
4708,188.320,29,-0.53721,6.37072,1,104,57,1.221,10.994
4709,188.360,29,-0.53555,6.33939,1,42,51,1.162,11.193
4710,188.400,29,-0.53787,6.32205,1,105,57,1.584,11.208
4711,188.440,29,-0.55354,6.29588,1,80,55,1.890,11.658
4712,188.480,29,-0.55257,6.27414,1,88,50,1.896,12.232
4713,188.520,29,-0.55773,6.25223,1,68,35,2.406,14.305
4714,188.560,29,-0.52751,6.19760,1,48,40,0.830,10.638
4715,188.600,29,-0.56264,6.20520,1,70,38,2.923,12.343
4716,188.640,29,-0.57004,6.20282,1,72,28,3.222,17.573
4717,188.680,29,-0.51675,6.10909,1,55,57,0.629,10.189
4718,188.720,29,-0.51241,6.09158,1,54,54,0.564,10.281
4719,188.760,29,-0.51401,6.05815,1,52,54,0.651,10.931
4720,188.800,29,-0.51242,6.03532,1,57,57,0.545,11.167
4721,188.840,29,-0.50707,6.01091,1,53,60,0.578,11.637
4722,188.880,29,-0.50649,5.98146,1,53,60,0.715,10.634
4723,188.920,29,-0.50528,5.95190,1,56,58,0.649,11.192
4724,188.960,29,-0.50231,5.93303,1,54,61,0.498,11.050
4725,189.000,29,-0.50158,5.90315,1,54,59,0.694,11.016
4726,189.040,29,-0.50014,5.87738,1,54,60,0.611,11.007
4727,189.080,29,-0.49805,5.85146,1,53,61,0.484,11.237
4728,189.120,29,-0.49778,5.82349,1,56,60,0.707,11.061
4729,189.160,29,-0.49551,5.79365,1,60,58,0.792,10.902
4730,189.200,29,-0.49014,5.77421,1,56,59,0.582,10.652
4731,189.240,29,-0.49203,5.74606,1,56,58,0.648,10.692
4732,189.280,29,-0.48543,5.72040,1,62,60,0.789,9.744
4733,189.320,29,-0.48561,5.69523,1,55,58,0.601,10.306
4734,189.360,29,-0.48399,5.67087,1,56,56,0.756,9.388
4735,189.400,29,-0.48286,5.64613,1,47,57,0.708,10.366
4736,189.440,29,-0.47879,5.62620,1,48,59,0.692,9.756
4737,189.480,29,-0.48037,5.59514,1,48,56,0.729,10.223
4738,189.520,29,-0.47507,5.57785,1,48,57,0.752,9.512
4739,189.560,29,-0.47572,5.54745,1,46,51,0.656,10.258
4740,189.600,29,-0.47269,5.52731,1,45,54,0.788,9.404
4741,189.640,29,-0.47208,5.49660,1,46,54,0.780,10.243
4742,189.680,29,-0.46846,5.47704,1,46,57,0.810,9.520
4743,189.720,29,-0.46772,5.44686,1,47,55,0.834,10.024
4744,189.760,29,-0.46441,5.43037,1,46,58,0.761,9.556
4745,189.800,29,-0.46318,5.40050,1,46,55,0.847,9.872
4746,189.840,29,-0.46080,5.38366,1,44,62,0.869,9.358
4747,189.880,29,-0.45885,5.35681,1,44,54,0.724,10.305
4748,189.920,29,-0.45714,5.33658,1,45,59,0.913,9.163
4749,189.960,29,-0.45630,5.31154,1,45,54,0.775,10.517
4750,190.000,29,-0.45377,5.29029,1,45,57,0.840,9.851
4751,190.040,29,-0.45371,5.26272,1,46,60,0.783,10.722
4752,190.080,29,-0.45223,5.24526,1,44,68,0.734,10.245
4753,190.120,29,-0.45249,5.25209,1,53,72,1.156,6.418
4754,190.160,29,-0.44923,5.23112,1,52,72,1.165,6.618
4755,190.200,29,-0.44439,5.19016,1,52,71,1.480,7.751
4756,190.240,29,-0.44974,5.18291,1,62,72,1.225,6.283
4757,190.280,29,-0.44522,5.12608,1,55,61,0.862,10.327
4758,190.320,29,-0.44276,5.10525,1,56,67,0.861,10.016
4759,190.360,29,-0.44477,5.08009,1,62,62,0.841,10.762
4760,190.400,29,-0.44210,5.05886,1,66,66,1.065,9.617
4761,190.440,29,-0.44115,5.03536,1,65,63,0.820,10.702
4762,190.480,29,-0.43568,5.01750,1,61,63,0.728,10.273
4763,190.520,29,-0.43410,4.99350,1,63,59,0.693,10.964
4764,190.560,29,-0.43067,4.97497,1,64,61,0.806,10.430
4765,190.600,29,-0.42772,4.95081,1,62,60,0.619,10.664
4766,190.640,29,-0.42621,4.93239,1,62,61,0.609,10.111
4767,190.680,29,-0.42390,4.90798,1,62,61,0.663,10.684
4768,190.720,29,-0.42040,4.88871,1,64,61,0.616,10.281
4769,190.760,29,-0.41681,4.86531,1,49,61,0.646,10.719
4770,190.800,29,-0.41491,4.84831,1,46,61,0.609,10.565
4771,190.840,29,-0.41299,4.82742,1,49,61,0.720,10.730
4772,190.880,29,-0.41140,4.81007,1,46,62,0.886,10.689
4773,190.920,29,-0.40904,4.78745,1,47,61,0.690,10.854
4774,190.960,29,-0.40484,4.76740,1,48,63,0.706,10.904
4775,191.000,29,-0.40377,4.74662,1,49,58,0.793,10.969
4776,191.040,29,-0.40300,4.72735,1,48,59,0.667,11.025
4777,191.080,29,-0.39745,4.70730,1,49,61,0.697,10.776
4778,191.120,29,-0.39732,4.68871,1,48,57,0.682,10.781
4779,191.160,29,-0.39238,4.66323,1,52,59,0.822,9.499
4780,191.200,29,-0.39121,4.64776,1,51,62,0.613,10.537
4781,191.240,29,-0.38879,4.62361,1,52,59,0.898,9.208
4782,191.280,29,-0.38644,4.61146,1,48,62,0.734,10.612
4783,191.320,29,-0.38289,4.59100,1,50,59,0.651,10.066
4784,191.360,29,-0.38209,4.57152,1,51,63,0.750,10.069
4785,191.400,29,-0.37970,4.55019,1,49,59,0.957,9.739
4786,191.440,29,-0.37784,4.52742,1,74,62,0.967,9.499
4787,191.480,29,-0.37602,4.51821,1,68,62,0.784,10.630
4788,191.520,29,-0.37341,4.50305,1,72,59,0.751,10.098
4789,191.560,29,-0.36757,4.48247,1,52,60,0.911,10.340
4790,191.600,29,-0.36806,4.46489,1,68,60,0.760,9.908
4791,191.640,29,-0.36576,4.44777,1,50,61,0.844,10.051
4792,191.680,29,-0.36139,4.42519,1,50,61,0.832,9.895
4793,191.720,29,-0.36179,4.41204,1,50,62,0.838,9.605
4794,191.760,29,-0.35845,4.39080,1,49,54,0.907,10.080
4795,191.800,29,-0.35434,4.37780,1,74,60,0.898,9.458
4796,191.840,29,-0.35194,4.35863,1,75,64,1.075,9.320
4797,191.880,29,-0.35135,4.34228,1,75,56,0.856,9.823
4798,191.920,29,-0.34951,4.32597,1,73,61,0.850,9.530
4799,191.960,29,-0.34815,4.30638,1,51,57,0.926,9.332
4800,192.000,29,-0.34584,4.30120,1,76,56,0.938,9.335
4801,192.040,29,-0.34249,4.28434,1,75,49,1.040,8.552
4802,192.080,29,-0.33817,4.26386,1,76,52,0.990,8.979
4803,192.120,29,-0.33545,4.25206,1,74,56,0.984,8.606
4804,192.160,29,-0.33516,4.23760,1,76,46,0.912,9.055
4805,192.200,29,-0.33290,4.21846,1,75,58,0.908,8.957
4806,192.240,29,-0.33098,4.20821,1,75,56,1.028,8.453
4807,192.280,29,-0.32954,4.18932,1,75,54,0.824,9.600
4808,192.320,29,-0.32817,4.17781,1,78,60,0.979,9.048
4809,192.360,29,-0.32403,4.16374,1,74,56,1.105,8.406
4810,192.400,29,-0.32228,4.14701,1,57,58,1.059,9.160
4811,192.440,29,-0.32104,4.13604,1,57,59,1.025,9.081
4812,192.480,29,-0.31915,4.12504,1,57,56,1.240,8.673
4813,192.520,29,-0.31698,4.10927,1,59,58,1.118,9.360
4814,192.560,29,-0.31498,4.10175,1,58,64,1.249,9.296
4815,192.600,29,-0.31244,4.08907,1,57,65,1.271,8.609
4816,192.640,29,-0.31321,4.07193,1,58,67,1.392,8.785
4817,192.680,29,-0.31117,4.06699,1,57,65,1.469,8.256
4818,192.720,29,-0.30887,4.04659,1,59,65,1.334,9.057
4819,192.760,29,-0.30490,4.02589,1,76,65,1.300,8.926
4820,192.800,29,-0.30387,4.02026,1,58,67,1.365,9.306
4821,192.840,29,-0.30420,4.00776,1,64,70,1.687,8.135
4822,192.880,29,-0.30091,3.99188,1,61,69,1.412,9.301
4823,192.920,29,-0.29970,3.98264,1,60,68,1.382,9.201
4824,192.960,29,-0.29808,3.96917,1,62,68,1.402,8.936
4825,193.000,29,-0.29473,3.95681,1,59,66,1.475,9.231
4826,193.040,29,-0.29526,3.94413,1,63,66,1.527,8.874
4827,193.080,29,-0.29115,3.93674,1,60,66,1.547,9.004
4828,193.120,29,-0.28878,3.92136,1,64,68,1.408,9.165
4829,193.160,29,-0.27901,3.91312,1,0,67,0.941,9.263
4830,193.200,29,-0.27681,3.84717,0,0,0,,
4831,193.240,29,-0.27848,3.84213,0,0,0,,
4832,193.280,29,-0.28497,3.87912,1,65,68,1.506,9.428
4833,193.320,29,-0.27775,3.87079,1,63,66,1.646,9.375
4834,193.360,29,-0.27531,3.86426,1,62,69,1.484,9.172
4835,193.400,29,-0.27278,3.85154,1,62,64,1.488,8.891
4836,193.440,29,-0.27026,3.84503,1,62,66,1.481,9.156
4837,193.480,29,-0.26640,3.83633,1,63,67,1.430,9.198
4838,193.520,29,-0.26291,3.82991,1,62,67,1.355,9.145
4839,193.560,29,-0.26483,3.82167,1,78,67,1.310,8.761
4840,193.600,29,-0.26115,3.80994,1,79,64,1.331,8.824
4841,193.640,29,-0.26080,3.80542,1,76,68,1.346,9.508
4842,193.680,29,-0.25625,3.79693,1,80,64,1.385,8.873
4843,193.720,29,-0.25470,3.79139,1,80,64,1.311,9.020
4844,193.760,29,-0.25515,3.78391,1,73,67,1.323,9.036
4845,193.800,29,-0.25441,3.77793,1,77,67,1.219,9.034
4846,193.840,29,-0.24253,3.76812,1,0,69,0.878,9.563
4847,193.880,29,-0.24409,3.76154,1,0,69,0.662,9.240
4851,194.040,29,-0.09837,3.54967,1,25,0,1.377,25.051
4852,194.080,29,-0.07184,3.52408,1,30,37,3.046,26.446
4853,194.120,29,-0.10124,3.46326,1,0,45,3.778,17.941
4854,194.160,29,-0.15146,3.57314,1,31,60,5.554,23.673
4855,194.200,29,-0.21378,3.54430,1,21,64,6.291,25.388
4856,194.240,29,-0.25424,3.49514,1,21,65,9.582,29.757
4858,194.320,29,-0.23647,3.71488,0,0,58,9.469,
4860,194.400,39,0.30176,33.13808,1,16,0,0.547,6.999
4861,194.440,39,0.33159,33.11347,1,28,0,0.444,6.999
4862,194.480,39,0.33636,33.10702,1,32,0,0.263,6.999
4863,194.520,39,0.32562,32.90206,0,180,0,12.274,
4864,194.560,39,0.32988,32.86234,0,130,0,11.141,
4865,194.600,39,0.33064,32.85091,0,71,0,7.016,
4866,194.640,39,0.33826,32.63008,0,65,0,7.402,
4867,194.680,39,0.33734,32.63042,0,68,0,7.151,
4868,194.720,39,0.33353,32.38600,0,119,0,11.246,
4869,194.760,39,0.34637,32.44946,0,99,0,11.448,
4870,194.800,39,0.35397,32.38586,0,97,0,10.437,
4871,194.840,39,0.34751,32.15041,0,69,0,6.834,
4872,194.880,39,0.35111,32.16205,0,53,0,5.005,
4873,194.920,39,0.36747,32.15861,0,82,0,7.141,
4874,194.960,39,0.36108,31.92449,0,65,0,7.250,
4875,195.000,39,0.36355,31.92206,0,125,0,13.197,
4876,195.040,39,0.37118,31.68816,0,74,0,9.221,
4877,195.080,39,0.37465,31.68600,0,81,0,9.504,
4878,195.120,39,0.37653,31.68132,0,79,0,9.605,
4879,195.160,39,0.38110,31.71113,0,59,0,8.079,
4880,195.200,39,0.37487,31.48956,0,375,0,24.443,
4881,195.240,39,0.37312,31.41652,0,34,0,3.799,
4882,195.280,39,0.36703,31.25170,0,60,0,8.471,
4883,195.320,39,0.38867,31.20012,0,86,0,10.496,
4884,195.360,39,0.39080,31.24624,0,114,0,14.634,
4885,195.400,39,0.38814,31.02265,0,112,0,14.477,
4886,195.440,39,0.40449,31.01531,0,92,0,11.826,
4887,195.480,39,0.39824,30.79533,0,75,0,10.735,
4888,195.520,39,0.40265,30.79474,0,73,0,10.983,
4889,195.560,39,0.42816,30.72917,0,117,0,14.459,
4890,195.600,39,0.41777,30.50383,0,113,0,14.802,
4891,195.640,39,0.42331,30.57836,0,125,0,14.100,
4892,195.680,39,0.41942,30.37270,0,87,0,11.409,
4893,195.720,39,0.43768,30.38641,0,87,0,11.247,
4894,195.760,39,0.43631,30.32608,0,110,0,14.645,
4895,195.800,39,0.43055,30.17314,0,124,0,14.351,
4896,195.840,39,0.45885,30.16286,0,87,0,11.528,
4897,195.880,39,0.45754,30.16640,0,89,0,11.411,
4898,195.920,39,0.45178,30.01757,0,116,0,15.089,
4899,195.960,39,0.45054,29.97689,0,117,0,15.119,
4900,196.000,39,0.44490,29.82009,0,116,0,14.815,
4901,196.040,39,0.45252,29.69723,0,120,0,14.895,
4902,196.080,39,0.45017,29.55022,0,122,0,14.846,
4903,196.120,39,0.45588,29.53496,0,123,0,14.929,
4904,196.160,39,0.45920,29.53544,0,119,0,15.105,
4905,196.200,39,0.47266,29.23875,0,123,0,15.170,
4906,196.240,39,0.47797,29.35472,0,143,0,19.099,
4907,196.280,39,0.46401,29.03445,0,144,0,18.974,
4908,196.320,39,0.46744,29.14416,0,99,0,11.734,
4909,196.360,39,0.47681,28.94875,1,22,0,1.033,6.999
4910,196.400,39,0.50166,28.84741,0,97,0,16.935,
4911,196.440,39,0.49032,28.85940,1,24,0,0.859,6.999
4912,196.480,39,0.49656,28.78657,1,24,0,0.721,6.999
4913,196.520,39,0.53120,28.68616,1,24,0,0.866,6.999
4914,196.560,39,0.51634,28.59818,1,26,0,0.789,6.999
4915,196.600,39,0.52156,28.60115,1,24,0,0.520,6.999
4916,196.640,39,0.50964,28.43776,1,23,0,0.896,6.999
4917,196.680,39,0.53030,28.33116,1,24,0,0.791,6.999
4918,196.720,39,0.50286,28.29803,1,24,0,0.999,6.999
4919,196.760,39,0.54198,28.19580,1,25,0,0.673,6.999
4920,196.800,39,0.54021,28.06995,1,24,0,0.887,6.999
4921,196.840,39,0.52212,28.00279,1,25,0,0.833,6.999
4922,196.880,39,0.52077,27.83636,1,22,0,1.116,6.999
4923,196.920,39,0.53643,27.86534,1,24,0,0.900,6.999
4924,196.960,39,0.54176,27.76410,1,24,0,0.849,6.999
4925,197.000,39,0.55575,27.69947,1,25,0,0.894,6.999
4926,197.040,39,0.55074,27.61447,1,24,0,0.636,6.999
4927,197.080,39,0.55256,27.45050,1,25,0,0.947,6.999
4928,197.120,39,0.56010,27.49646,1,25,0,0.452,6.999
4929,197.160,39,0.54512,27.27027,1,25,0,0.938,6.999
4930,197.200,39,0.58450,27.27155,1,25,0,0.806,6.999
4931,197.240,39,0.56559,27.29553,1,24,0,0.937,6.999
4932,197.280,39,0.55799,27.13246,1,24,0,0.971,6.999
4933,197.320,39,0.57718,27.10984,1,24,0,0.888,6.999
4934,197.360,39,0.57098,26.97206,1,26,0,0.976,6.999
4930,197.200,40,0.51754,29.13676,1,23,0,0.939,6.999
4931,197.240,40,0.48369,28.99018,0,24,0,0.937,
4934,197.360,40,0.47503,28.80255,0,26,0,1.684,
4935,197.400,39,0.57220,26.88086,1,26,0,0.684,6.999
4935,197.400,40,0.47159,28.74184,0,26,0,0.684,
4936,197.440,39,0.56837,26.73924,1,24,0,1.002,6.999
4936,197.440,40,0.47257,28.80503,0,24,0,1.002,
4937,197.480,39,0.58158,26.71676,1,25,0,0.770,6.999
4937,197.480,40,0.46576,28.58023,0,25,0,0.770,
4938,197.520,39,0.58475,26.60873,1,25,0,1.029,6.999
4938,197.520,40,0.47268,28.55412,0,25,0,1.666,
4939,197.560,39,0.58689,26.57796,1,25,0,0.922,6.999
4939,197.560,40,0.46068,28.57621,0,25,0,1.898,
4940,197.600,39,0.59605,26.50666,1,26,0,0.850,6.999
4940,197.600,40,0.45822,28.37465,0,26,0,0.850,
4941,197.640,39,0.58835,26.37664,1,26,0,0.842,6.999
4941,197.640,40,0.46056,28.36154,0,26,0,0.842,
4942,197.680,39,0.59531,26.39208,1,26,0,1.001,6.999
4942,197.680,40,0.48068,28.44821,0,26,0,1.001,
4943,197.720,39,0.59358,26.21738,1,26,0,0.903,6.999
4943,197.720,40,0.48863,28.34711,0,26,0,0.903,
4944,197.760,39,0.60659,26.27093,1,25,0,0.791,6.999
4944,197.760,40,0.48503,28.24962,0,25,0,0.791,
4945,197.800,39,0.60213,26.06696,1,26,0,0.850,6.999
4945,197.800,40,0.46010,28.25371,0,26,0,0.850,
4946,197.840,39,0.60731,26.02748,1,25,0,0.651,6.999
4946,197.840,40,0.48050,28.17288,0,25,0,0.651,
4947,197.880,39,0.60553,25.87842,1,26,0,0.912,6.999
4947,197.880,40,0.47557,28.17229,0,26,0,0.926,
4948,197.920,39,0.60721,25.85243,1,26,0,0.823,6.999
4948,197.920,40,0.47911,28.22840,0,26,0,0.823,
4949,197.960,39,0.61896,25.86938,1,27,0,1.015,6.999
4949,197.960,40,0.50080,28.17316,0,27,0,1.015,
4950,198.000,39,0.61017,25.68446,1,26,0,0.669,6.999
4950,198.000,40,0.49437,28.17049,0,26,0,0.669,
4951,198.040,39,0.62029,25.54780,1,26,0,0.999,6.999
4951,198.040,40,0.50576,28.16771,0,26,0,1.002,
4952,198.080,39,0.61231,25.51580,1,27,0,0.828,6.999
4952,198.080,40,0.50903,28.06142,0,27,0,0.793,
4953,198.120,39,0.62742,25.52797,1,27,0,0.682,6.999
4953,198.120,40,0.51323,28.14528,0,27,0,0.682,
4954,198.160,39,0.62507,25.38528,1,26,0,0.887,6.999
4954,198.160,40,0.52445,28.16684,0,26,0,0.893,
4955,198.200,39,0.63068,25.36139,1,26,0,0.894,6.999
4955,198.200,40,0.49373,27.98675,0,26,0,0.808,
4956,198.240,39,0.62883,25.19647,1,27,0,0.896,6.999
4956,198.240,40,0.53941,28.03842,0,27,0,0.872,
4957,198.280,39,0.62585,25.19516,1,26,0,0.737,6.999
4957,198.280,40,0.55494,27.99883,0,26,0,0.737,
4958,198.320,39,0.63513,25.05038,1,27,0,0.873,6.999
4958,198.320,40,0.56611,28.17249,0,27,0,0.868,
4959,198.360,39,0.64010,25.02456,1,27,0,0.914,6.999
4959,198.360,40,0.55267,27.99252,0,27,0,0.904,
4960,198.400,39,0.64347,24.90312,1,27,0,0.869,6.999
4960,198.400,40,0.55724,28.05531,0,27,0,0.869,
4961,198.440,39,0.65348,24.86690,1,27,0,0.843,6.999
4961,198.440,40,0.54899,27.96398,0,27,0,0.843,
4962,198.480,39,0.64667,24.74249,1,28,0,0.915,6.999
4963,198.520,39,0.64672,24.71662,1,28,0,0.895,6.999
4963,198.520,40,0.59718,28.35068,0,28,0,0.895,
4964,198.560,39,0.65154,24.59458,1,27,0,0.921,6.999
4964,198.560,40,0.59350,28.30270,0,81,0,13.582,
4965,198.600,39,0.65526,24.56142,1,27,0,0.780,6.999
4965,198.600,40,0.56164,28.19744,0,82,0,13.199,
4966,198.640,39,0.65496,24.42946,1,27,0,0.925,6.999
4966,198.640,40,0.55366,28.05434,0,79,0,13.155,
4967,198.680,39,0.64799,24.41776,1,27,0,0.794,6.999
4967,198.680,40,0.55245,27.99050,0,27,0,0.794,
4968,198.720,39,0.65861,24.28646,1,28,0,0.957,6.999
4968,198.720,40,0.55957,27.97910,0,28,0,0.957,
4969,198.760,39,0.65730,24.25862,1,28,0,0.895,6.999
4969,198.760,40,0.55450,28.00692,0,28,0,0.895,
4970,198.800,39,0.66006,24.14289,1,27,0,0.980,6.999
4970,198.800,40,0.55842,28.10438,0,27,0,1.894,
4971,198.840,39,0.66508,24.10667,1,28,0,0.828,6.999
4972,198.880,39,0.67284,23.99159,1,27,0,0.968,6.999
4970,198.800,41,0.66412,31.61188,1,27,0,1.999,6.999
4971,198.840,41,0.71277,31.86038,0,408,0,42.700,
4972,198.880,41,0.67026,32.33840,0,338,0,32.068,
4973,198.920,39,0.66567,23.95826,1,28,0,0.954,6.999
4973,198.920,41,0.69960,32.49453,0,314,0,31.170,
4974,198.960,39,0.66245,23.86286,1,28,0,0.855,6.999
4974,198.960,41,0.67353,32.06580,0,339,0,27.033,
4975,199.000,39,0.67028,23.81742,1,29,0,0.879,6.999
4975,199.000,41,0.68929,32.42450,0,295,0,26.908,
4976,199.040,39,0.67056,23.71099,1,28,0,0.973,6.999
4976,199.040,41,0.68265,32.54347,0,116,0,14.824,
4977,199.080,39,0.67652,23.66623,1,29,0,0.860,6.999
4977,199.080,41,0.63089,32.05264,0,312,0,26.387,
4978,199.120,39,0.68331,23.63325,1,28,0,0.872,6.999
4978,199.120,41,0.64059,31.76767,0,291,0,27.069,
4979,199.160,39,0.67673,23.52383,1,29,0,0.898,6.999
4980,199.200,39,0.67886,23.43181,1,28,0,0.884,6.999
4981,199.240,39,0.68791,23.35929,1,28,0,0.870,6.999
4981,199.240,41,0.64235,30.79841,0,160,0,20.690,
4982,199.280,39,0.69886,23.34656,1,29,0,0.837,6.999
4982,199.280,41,0.64955,30.27218,0,100,0,13.708,
4983,199.320,39,0.68824,23.19476,1,29,0,0.838,6.999
4983,199.320,41,0.76337,30.36630,0,379,0,44.191,
4984,199.360,39,0.68860,23.12539,1,28,0,0.835,6.999
4985,199.400,39,0.69239,23.04357,1,28,0,0.780,6.999
4985,199.400,41,0.82094,30.43072,0,178,0,27.340,
4986,199.440,39,0.68910,22.97054,1,29,0,0.932,6.999
4987,199.480,39,0.68373,22.90114,1,29,0,0.798,6.999
4988,199.520,39,0.69904,22.82092,1,29,0,0.981,6.999
4989,199.560,39,0.69614,22.75375,1,29,0,0.780,6.999
4990,199.600,39,0.69690,22.66422,1,29,0,0.769,6.999
4991,199.640,39,0.70284,22.61362,1,29,0,0.839,6.999
4992,199.680,39,0.70341,22.50811,1,30,0,0.895,6.999
4993,199.720,39,0.70171,22.47855,1,30,0,0.847,6.999
4994,199.760,39,0.70423,22.36264,1,31,0,0.725,6.999
4995,199.800,39,0.70466,22.29221,1,29,0,0.903,6.999
4996,199.840,39,0.70796,22.21283,1,29,0,0.767,6.999
4997,199.880,39,0.71558,22.16947,1,30,0,0.890,6.999
4998,199.920,39,0.71549,22.14453,1,31,0,0.873,6.999
4999,199.960,39,0.71741,22.02694,1,30,0,1.018,6.999
5000,200.000,39,0.71553,21.99992,1,30,0,0.771,6.999
5001,200.040,39,0.71792,21.86781,1,31,0,0.886,6.999
5002,200.080,39,0.72595,21.88256,1,31,0,0.782,6.999
5003,200.120,39,0.71341,21.72111,1,30,0,0.881,6.999
5004,200.160,39,0.72913,21.74236,1,30,0,0.812,6.999
5005,200.200,39,0.72723,21.57785,1,31,0,0.810,6.999
5006,200.240,39,0.71833,21.47391,1,30,0,0.903,6.999
5007,200.280,39,0.73029,21.44138,1,30,0,0.774,6.999
5008,200.320,39,0.72639,21.35596,1,32,0,0.879,6.999
5009,200.360,39,0.73417,21.30544,1,31,0,0.956,6.999
5010,200.400,39,0.73381,21.21299,1,32,0,0.867,6.999
5011,200.440,39,0.73290,21.10679,1,32,0,0.995,6.999
5012,200.480,39,0.73878,21.08177,1,32,0,0.867,6.999
5013,200.520,39,0.74115,20.98545,1,32,0,0.891,6.999
5014,200.560,39,0.73941,20.96276,1,31,0,0.856,6.999
5015,200.600,39,0.73369,20.85297,1,32,0,0.872,6.999
5016,200.640,39,0.73585,20.82615,1,32,0,0.854,6.999
5017,200.680,39,0.74394,20.73312,1,33,0,0.889,6.999
5018,200.720,39,0.73885,20.62601,1,32,0,0.925,6.999
5019,200.760,39,0.73554,20.59630,1,32,0,0.896,6.999
5020,200.800,39,0.74597,20.50211,1,33,0,0.848,6.999
5021,200.840,39,0.74913,20.50916,1,33,0,0.927,6.999
5022,200.880,39,0.73761,20.37175,1,32,0,0.834,6.999
5023,200.920,39,0.74297,20.33010,1,33,0,0.732,6.999
5024,200.960,39,0.74805,20.24658,1,33,0,0.730,6.999
5025,201.000,39,0.74544,20.15071,1,34,0,0.869,6.999
5026,201.040,39,0.75617,20.10706,1,33,0,0.829,6.999
5027,201.080,39,0.75178,20.01912,1,33,0,0.770,6.999
5028,201.120,39,0.74983,19.95952,1,33,0,0.802,6.999
5029,201.160,39,0.74988,19.90018,1,34,0,0.896,6.999
5030,201.200,39,0.75057,19.81662,1,34,0,0.910,6.999
5031,201.240,39,0.74888,19.75492,1,34,0,0.780,6.999
5032,201.280,39,0.75371,19.69490,1,34,0,0.954,6.999
5033,201.320,39,0.75240,19.61376,1,34,0,0.888,6.999
5034,201.360,39,0.75049,19.54585,1,35,0,0.765,6.999
5035,201.400,39,0.75466,19.48559,1,35,0,0.913,6.999
5036,201.440,39,0.75841,19.41937,1,34,0,0.689,6.999
5037,201.480,39,0.75542,19.32568,1,35,0,0.787,6.999
5038,201.520,39,0.75388,19.28011,1,34,0,0.840,6.999
5039,201.560,39,0.75641,19.20334,1,34,0,0.847,6.999
5040,201.600,39,0.75671,19.12630,1,35,0,0.830,6.999
5041,201.640,39,0.75867,19.08254,1,34,0,0.811,6.999
5042,201.680,39,0.76078,18.99827,1,35,0,0.807,6.999
5043,201.720,39,0.76086,18.92286,1,36,0,0.734,6.999
5044,201.760,39,0.76317,18.88263,1,35,0,0.756,6.999
5045,201.800,39,0.75504,18.79359,1,35,0,0.822,6.999
5046,201.840,39,0.76229,18.71846,1,36,0,0.701,6.999
5047,201.880,39,0.76455,18.67886,1,35,0,0.745,6.999
5048,201.920,39,0.76009,18.59425,1,36,0,0.823,6.999
5049,201.960,39,0.76507,18.53169,1,36,0,0.802,6.999
5050,202.000,39,0.76757,18.47792,1,36,0,0.800,6.999
5051,202.040,39,0.76495,18.39380,1,36,0,0.839,6.999
5052,202.080,39,0.76574,18.34662,1,36,0,0.820,6.999
5053,202.120,39,0.76237,18.27784,1,36,0,0.743,6.999
5054,202.160,39,0.76673,18.20109,1,36,0,0.803,6.999
5055,202.200,39,0.76998,18.14115,1,36,0,0.765,6.999
5056,202.240,39,0.77217,18.07777,1,38,0,0.743,6.999
5057,202.280,39,0.75986,17.99481,1,37,0,0.734,6.999
5058,202.320,39,0.77003,17.96160,1,38,0,0.651,6.999
5059,202.360,39,0.76936,17.88919,1,37,0,0.768,6.999
5060,202.400,39,0.76503,17.80732,1,38,0,0.792,6.999
5061,202.440,39,0.77408,17.76593,1,38,0,0.624,6.999
5062,202.480,39,0.77860,17.69793,1,38,0,0.807,6.999
5063,202.520,39,0.76853,17.60975,1,38,0,0.773,6.999
5064,202.560,39,0.77068,17.54404,1,39,0,0.700,6.999
5065,202.600,39,0.76955,17.49981,1,38,0,0.669,6.999
5066,202.640,39,0.77109,17.42391,1,38,0,0.809,6.999
5067,202.680,39,0.77213,17.35549,1,39,0,0.750,6.999
5068,202.720,39,0.76964,17.28904,1,38,0,0.726,6.999
5069,202.760,39,0.76836,17.25062,1,39,0,0.668,6.999
5070,202.800,39,0.77462,17.17517,1,38,0,0.770,6.999
5071,202.840,39,0.76682,17.09911,1,38,0,0.826,6.999
5072,202.880,39,0.77123,17.04182,1,39,0,0.680,6.999
5073,202.920,39,0.76417,16.97541,1,38,0,0.713,6.999
5074,202.960,39,0.76955,16.90949,1,39,0,0.816,6.999
5075,203.000,39,0.77165,16.84106,1,38,0,0.741,6.999
5076,203.040,39,0.77003,16.78016,1,39,0,0.760,6.999
5077,203.080,39,0.76520,16.71881,1,40,0,0.797,6.999
5078,203.120,39,0.77247,16.65821,1,39,0,0.795,6.999
5079,203.160,39,0.77174,16.59604,1,39,0,0.709,6.999
5080,203.200,39,0.76537,16.52161,1,40,0,0.712,6.999
5081,203.240,39,0.76664,16.47603,1,40,0,0.811,6.999
5082,203.280,39,0.77256,16.40954,1,40,0,0.772,6.999
5083,203.320,39,0.76939,16.33668,1,21,0,0.684,6.999
5084,203.360,39,0.76896,16.29330,1,21,0,0.813,6.999
5085,203.400,39,0.76953,16.22744,1,40,0,0.729,6.999
5086,203.440,39,0.77000,16.17634,1,21,0,0.629,6.999
5087,203.480,39,0.76571,16.08746,1,21,0,0.729,6.999
5088,203.520,39,0.76633,16.03921,1,21,0,0.811,6.999
5089,203.560,39,0.77195,15.97678,1,21,0,0.803,6.999
5090,203.600,39,0.76518,15.91254,1,21,0,0.748,6.999
5091,203.640,39,0.76457,15.84898,1,21,0,0.694,6.999
5092,203.680,39,0.76476,15.79794,1,21,0,0.663,6.999
5093,203.720,39,0.76261,15.73832,1,21,0,0.795,6.999
5094,203.760,39,0.76250,15.66651,1,21,0,0.789,6.999
5095,203.800,39,0.76398,15.60223,1,21,0,0.611,6.999
5096,203.840,39,0.76114,15.55358,1,21,0,0.685,6.999
5097,203.880,39,0.76277,15.50621,1,22,0,0.704,6.999
5098,203.920,39,0.76067,15.42787,1,21,0,0.819,6.999
5099,203.960,39,0.76250,15.37531,1,21,0,0.679,6.999
5100,204.000,39,0.75772,15.29580,1,22,0,0.660,6.999
5101,204.040,39,0.75589,15.26222,1,22,0,0.771,6.999
5102,204.080,39,0.76459,15.20068,1,22,0,0.712,6.999
5103,204.120,39,0.75936,15.13097,1,22,0,0.648,6.999
5104,204.160,39,0.75372,15.06874,1,22,0,0.690,6.999
5105,204.200,39,0.75545,15.02612,1,22,0,0.592,6.999
5106,204.240,39,0.76086,14.96457,1,22,0,0.725,6.999
5107,204.280,39,0.75581,14.90279,1,22,0,0.743,6.999
5108,204.320,39,0.75162,14.83770,1,23,0,0.737,6.999
5109,204.360,39,0.75623,14.79152,1,22,0,0.643,6.999
5110,204.400,39,0.75819,14.74402,1,22,0,0.781,6.999
5111,204.440,39,0.75250,14.68660,1,22,0,0.771,6.999
5112,204.480,39,0.74996,14.61596,1,22,0,0.826,6.999
5113,204.520,39,0.75496,14.56216,1,22,0,0.821,6.999
5114,204.560,39,0.75279,14.50217,1,23,0,0.752,6.999
5115,204.600,39,0.74930,14.44586,1,22,0,0.788,6.999
5116,204.640,39,0.75104,14.38252,1,23,0,0.736,6.999
5117,204.680,39,0.74500,14.33639,1,23,0,0.739,6.999
5118,204.720,39,0.74479,14.27019,1,22,0,0.822,6.999
5119,204.760,39,0.75090,14.22753,1,22,0,0.655,6.999
5120,204.800,39,0.74547,14.16009,1,23,0,0.659,6.999
5121,204.840,39,0.73772,14.09010,1,22,0,0.657,6.999
5122,204.880,39,0.74805,14.04478,1,23,0,0.783,6.999
5123,204.920,39,0.74993,13.99487,1,23,0,0.753,6.999
5124,204.960,39,0.74134,13.93224,1,23,0,0.763,6.999
5125,205.000,39,0.74312,13.88362,1,22,0,0.811,6.999
5126,205.040,39,0.74524,13.81993,1,23,0,0.749,6.999
5127,205.080,39,0.74084,13.76340,1,23,0,0.795,6.999
5128,205.120,39,0.73721,13.69891,1,23,0,0.734,6.999
5129,205.160,39,0.74625,13.66128,1,24,0,0.821,6.999
5130,205.200,39,0.74010,13.58515,1,24,0,0.906,6.999
5131,205.240,39,0.73899,13.54850,1,24,0,0.807,6.999
5132,205.280,39,0.73887,13.48822,1,23,0,0.644,6.999
5133,205.320,39,0.73514,13.43167,1,23,0,0.645,6.999
5134,205.360,39,0.73713,13.36574,1,23,0,0.777,6.999
5135,205.400,39,0.73451,13.30518,1,24,0,0.785,6.999
5136,205.440,39,0.73398,13.25286,1,24,0,0.719,6.999
5137,205.480,39,0.73184,13.20281,1,24,0,0.778,6.999
5138,205.520,39,0.73131,13.13446,1,24,0,0.883,6.999
5139,205.560,39,0.73736,13.10412,1,25,0,0.663,6.999
5140,205.600,39,0.72856,13.04557,1,25,0,0.672,6.999
5141,205.640,39,0.72489,12.98643,1,25,0,0.711,6.999
5142,205.680,39,0.72517,12.92766,1,24,0,0.790,6.999
5143,205.720,39,0.72737,12.87206,1,25,0,0.725,6.999
5144,205.760,39,0.72454,12.81736,1,25,0,0.745,6.999
5145,205.800,39,0.71965,12.77726,1,25,0,0.619,6.999
5146,205.840,39,0.71730,12.70875,1,24,0,0.581,6.999
5147,205.880,39,0.71978,12.66513,1,25,0,0.690,6.999
5148,205.920,39,0.72106,12.62066,1,24,0,0.740,6.999
5149,205.960,39,0.71539,12.56845,1,25,0,0.726,6.999
5150,206.000,39,0.71642,12.50539,1,25,0,0.714,6.999
5151,206.040,39,0.70927,12.45119,1,25,0,0.663,6.999
5152,206.080,39,0.71160,12.39704,1,25,0,0.771,6.999
5153,206.120,39,0.71010,12.33886,1,25,0,0.786,6.999
5154,206.160,39,0.71222,12.30072,1,26,0,0.551,6.999
5155,206.200,39,0.70458,12.23920,1,25,0,0.638,6.999
5156,206.240,39,0.70369,12.18368,1,25,0,0.713,6.999
5157,206.280,39,0.70480,12.13314,1,26,0,0.736,6.999
5158,206.320,39,0.70313,12.09267,1,26,0,0.729,6.999
5159,206.360,39,0.70228,12.03037,1,26,0,0.683,6.999
5160,206.400,39,0.69497,11.97946,1,26,0,0.752,6.999
5161,206.440,39,0.70115,11.92577,1,26,0,0.828,6.999
5162,206.480,39,0.69745,11.87391,1,26,0,0.729,6.999
5163,206.520,39,0.69663,11.82031,1,27,0,0.750,6.999
5164,206.560,39,0.69547,11.77741,1,26,0,0.657,6.999
5165,206.600,39,0.69375,11.71306,1,27,0,0.769,6.999
5160,206.400,42,-0.14526,33.14419,1,20,0,0.669,6.999
5161,206.440,42,-0.13726,33.06919,0,215,0,24.289,
5162,206.480,42,-0.14718,32.95654,0,199,0,23.357,
5163,206.520,42,-0.15645,32.94649,0,206,0,23.718,
5164,206.560,42,-0.14556,32.95262,0,262,0,22.748,
5165,206.600,42,-0.15551,32.70861,0,201,0,23.019,
5166,206.640,39,0.69124,11.66353,1,27,0,0.784,6.999
5166,206.640,42,-0.16087,32.72370,0,232,0,23.986,
5167,206.680,39,0.68838,11.62392,1,27,0,0.800,6.999
5167,206.680,42,-0.17007,32.74357,0,94,0,9.354,
5168,206.720,39,0.68487,11.57582,1,27,0,0.859,6.999
5168,206.720,42,-0.17088,32.50370,0,92,0,9.210,
5169,206.760,39,0.68685,11.51772,1,28,0,0.673,6.999
5169,206.760,42,-0.17737,32.48440,0,247,0,24.394,
5170,206.800,39,0.68347,11.46883,1,27,0,0.772,6.999
5170,206.800,42,-0.17814,32.25603,0,255,0,24.431,
5171,206.840,39,0.68399,11.42321,1,27,0,0.795,6.999
5171,206.840,42,-0.18466,32.23648,0,248,0,23.804,
5172,206.880,39,0.68261,11.37508,1,27,0,0.737,6.999
5172,206.880,42,-0.18204,32.27202,0,228,0,21.655,
5173,206.920,39,0.67927,11.32677,1,27,0,0.715,6.999
5173,206.920,42,-0.18086,32.02260,0,253,0,23.175,
5174,206.960,39,0.67555,11.26587,1,27,0,0.725,6.999
5174,206.960,42,-0.18915,32.01814,0,412,0,46.372,
5175,207.000,39,0.67364,11.22245,1,28,0,0.828,6.999
5175,207.000,42,-0.19836,32.01607,0,391,0,47.271,
5176,207.040,39,0.68070,11.17499,1,27,0,0.640,6.999
5176,207.040,42,-0.18907,31.78057,0,417,0,47.112,
5177,207.080,39,0.67382,11.11768,1,27,0,0.788,6.999
5177,207.080,42,-0.19821,31.77707,0,418,0,46.943,
5178,207.120,39,0.66971,11.06953,1,28,0,0.779,6.999
5178,207.120,42,-0.19094,31.78518,0,381,0,44.433,
5179,207.160,39,0.67174,11.02168,1,28,0,0.738,6.999
5179,207.160,42,-0.18586,31.83722,1,23,0,1.030,6.999
5180,207.200,39,0.67228,10.97053,1,28,0,0.711,6.999
5180,207.200,42,-0.21825,31.60758,0,399,0,44.726,
5181,207.240,39,0.66479,10.92775,1,28,21,0.599,15.875
5181,207.240,42,-0.21699,31.38999,0,373,0,43.716,
5182,207.280,39,0.66478,10.88798,1,28,27,0.623,12.910
5182,207.280,42,-0.22301,31.34285,0,407,0,42.842,
5183,207.320,39,0.66302,10.83205,1,28,24,0.638,15.999
5183,207.320,42,-0.20562,31.35041,0,382,0,44.432,
5184,207.360,39,0.66359,10.79345,1,28,34,0.632,14.616
5184,207.360,42,-0.22761,31.12355,0,388,0,44.003,
5185,207.400,39,0.66277,10.73193,1,29,30,0.628,15.869
5185,207.400,42,-0.23120,31.12141,0,392,0,43.879,
5186,207.440,39,0.66237,10.69037,1,28,40,0.583,13.697
5186,207.440,42,-0.23265,31.04431,0,353,0,43.223,
5187,207.480,39,0.65652,10.64353,1,28,22,0.615,16.201
5187,207.480,42,-0.23172,30.90399,0,359,0,41.990,
5188,207.520,39,0.65612,10.59148,1,28,32,0.550,12.180
5188,207.520,42,-0.23720,30.73139,1,22,0,1.109,6.999
5189,207.560,39,0.65423,10.54184,1,29,28,0.647,15.457
5189,207.560,42,-0.23853,30.62370,1,23,0,0.833,6.999
5190,207.600,39,0.65498,10.50059,1,28,29,0.578,13.271
5190,207.600,42,-0.25068,30.67328,1,22,0,1.073,6.999
5191,207.640,39,0.65254,10.44291,1,29,22,0.583,14.987
5191,207.640,42,-0.25749,30.46507,1,24,0,0.947,6.999
5190,207.600,43,-0.25800,32.29045,1,17,0,0.723,6.999
5191,207.640,43,-0.25703,32.67520,0,107,0,10.844,
5192,207.680,39,0.65154,10.40405,1,29,32,0.611,13.473
5192,207.680,42,-0.25425,30.52762,1,24,0,0.746,6.999
5192,207.680,43,-0.23515,32.58484,0,107,0,10.988,
5193,207.720,39,0.64686,10.34883,1,29,16,0.706,14.633
5193,207.720,42,-0.26703,30.48137,0,104,0,11.555,
5193,207.720,43,-0.23635,31.94288,0,104,0,11.555,
5194,207.760,39,0.64851,10.30932,1,29,26,0.640,12.846
5194,207.760,42,-0.27729,30.27063,1,24,0,0.655,6.999
5194,207.760,43,-0.22870,32.10932,0,24,0,0.654,
5195,207.800,39,0.64723,10.25520,1,29,14,0.681,13.997
5195,207.800,42,-0.26840,30.26574,1,26,0,0.673,6.999
5195,207.800,43,-0.22862,32.06830,0,26,0,0.673,
5196,207.840,39,0.64032,10.21697,1,30,30,0.598,12.851
5196,207.840,42,-0.27334,30.33811,0,120,0,11.833,
5196,207.840,43,-0.24469,31.95384,0,120,0,11.833,
5197,207.880,39,0.63476,10.15891,1,29,21,0.621,14.804
5197,207.880,42,-0.28939,30.08802,0,123,0,11.964,
5197,207.880,43,-0.25099,31.86916,0,123,0,11.964,
5198,207.920,39,0.63903,10.11472,1,29,28,0.552,11.636
5198,207.920,42,-0.28061,30.05480,0,117,0,11.922,
5198,207.920,43,-0.25847,31.85051,0,117,0,11.922,
5199,207.960,39,0.63992,10.06586,1,30,25,0.653,15.143
5199,207.960,42,-0.27640,30.11407,0,113,0,11.934,
5199,207.960,43,-0.25555,31.56575,0,113,0,11.934,
5200,208.000,39,0.63381,10.03397,1,30,34,0.624,13.181
5200,208.000,42,-0.28505,29.94374,0,112,0,10.857,
5200,208.000,43,-0.25485,31.75679,0,112,0,10.857,
5201,208.040,39,0.63070,9.97752,1,30,32,0.568,15.341
5201,208.040,42,-0.28535,29.88028,0,120,0,11.630,
5201,208.040,43,-0.28310,31.99497,0,120,0,11.630,
5202,208.080,39,0.63095,9.93615,1,30,35,0.563,12.595
5202,208.080,42,-0.30749,29.69523,0,116,0,10.876,
5202,208.080,43,-0.28711,31.42006,0,116,0,10.876,
5203,208.120,39,0.62730,9.88736,1,30,28,0.506,15.189
5203,208.120,42,-0.29986,29.68461,0,94,0,10.739,
5203,208.120,43,-0.28644,31.53341,0,94,0,10.898,
5204,208.160,39,0.62709,9.85382,1,30,28,0.691,13.798
5204,208.160,42,-0.29871,29.48968,0,133,0,11.961,
5204,208.160,43,-0.29445,31.52998,0,133,0,11.961,
5205,208.200,39,0.62444,9.78975,1,30,0,0.715,6.999
5205,208.200,42,-0.32199,29.45699,0,121,0,12.085,
5205,208.200,43,-0.27563,30.96578,0,121,0,12.085,
5206,208.240,39,0.62381,9.73924,1,30,0,0.690,6.999
5206,208.240,42,-0.31218,29.28624,0,95,0,10.755,
5206,208.240,43,-0.30359,30.91726,0,95,0,10.755,
5207,208.280,39,0.61927,9.69968,1,30,0,0.700,6.999
5207,208.280,42,-0.31899,29.16843,0,116,0,11.926,
5207,208.280,43,-0.29815,30.97464,0,116,0,11.926,
5208,208.320,39,0.61733,9.65650,1,30,0,0.755,6.999
5208,208.320,42,-0.33069,29.27813,0,103,0,11.105,
5208,208.320,43,-0.28818,30.42041,0,103,0,11.105,
5209,208.360,39,0.62275,9.62959,1,31,29,0.703,16.274
5209,208.360,42,-0.32680,29.02859,0,82,0,11.000,
5209,208.360,43,-0.30159,30.71235,0,82,0,11.000,
5210,208.400,39,0.61787,9.56986,1,31,0,0.756,6.999
5210,208.400,42,-0.32552,29.07311,0,79,0,10.852,
5210,208.400,43,-0.30550,30.73383,0,79,0,10.852,
5211,208.440,39,0.61481,9.53267,1,31,41,0.638,15.497
5211,208.440,42,-0.31770,29.12973,0,76,0,11.000,
5211,208.440,43,-0.30135,30.53968,0,76,0,11.000,
5212,208.480,39,0.60823,9.46912,1,30,0,0.691,6.999
5212,208.480,42,-0.33507,28.79370,0,81,0,11.519,
5212,208.480,43,-0.32124,30.50824,0,81,0,11.518,
5213,208.520,39,0.60972,9.44843,1,31,40,0.623,15.127
5213,208.520,42,-0.33975,28.78271,1,25,0,0.917,6.999
5213,208.520,43,-0.31200,30.55016,0,25,0,1.687,
5214,208.560,39,0.60583,9.39950,1,31,42,0.679,16.106
5214,208.560,42,-0.33823,28.76426,1,25,0,0.856,6.999
5214,208.560,43,-0.31408,30.52982,0,25,0,0.867,
5215,208.600,39,0.60637,9.35048,1,31,48,0.585,14.126
5215,208.600,42,-0.34109,28.56934,0,105,0,12.383,
5216,208.640,39,0.60219,9.31091,1,31,42,0.630,16.630
5216,208.640,42,-0.33506,28.57621,1,25,0,0.731,6.999
5216,208.640,43,-0.29471,30.36827,0,25,0,0.731,
5217,208.680,39,0.60377,9.27243,1,31,50,0.692,15.622
5217,208.680,42,-0.34355,28.55999,0,126,0,13.221,
5217,208.680,43,-0.31595,30.30903,0,126,0,13.221,
5218,208.720,39,0.59826,9.22451,1,32,45,0.668,16.307
5218,208.720,42,-0.35873,28.37842,1,26,0,0.911,6.999
5218,208.720,43,-0.32131,30.08006,0,26,0,0.911,
5219,208.760,39,0.59770,9.19280,1,31,51,0.693,15.274
5219,208.760,42,-0.35929,28.36951,1,24,0,1.050,6.999
5220,208.800,39,0.59027,9.12925,1,32,29,0.700,17.053
5220,208.800,42,-0.36497,28.22172,1,24,0,0.896,6.999
5220,208.800,43,-0.31881,30.09808,0,24,0,1.680,
5221,208.840,39,0.59096,9.06561,1,32,0,0.798,6.999
5221,208.840,42,-0.36511,28.20480,1,24,0,0.968,6.999
5221,208.840,43,-0.34066,30.12951,0,24,0,0.844,
5222,208.880,39,0.59364,9.04714,1,32,30,0.759,16.807
5222,208.880,42,-0.37935,28.00292,0,91,0,12.033,
5223,208.920,39,0.58737,8.99608,1,32,22,0.878,16.125
5223,208.920,42,-0.37788,27.97788,0,135,0,12.632,
5223,208.920,43,-0.35455,30.30299,0,135,0,12.632,
5224,208.960,39,0.58297,8.96253,1,32,30,0.771,16.622
5224,208.960,42,-0.38456,27.85523,1,24,0,1.019,6.999
5224,208.960,43,-0.33857,29.72758,0,24,0,1.691,
5225,209.000,39,0.58376,8.92332,1,33,32,0.878,16.315
5225,209.000,42,-0.39750,27.80944,1,24,0,0.917,6.999
5226,209.040,39,0.57782,8.87626,1,33,48,0.810,15.467
5226,209.040,42,-0.37406,27.80539,1,24,0,0.954,6.999
5227,209.080,39,0.57947,8.83102,1,33,45,0.807,16.730
5227,209.080,42,-0.38719,27.65505,1,24,0,0.941,6.999
5228,209.120,39,0.57883,8.79406,1,33,48,0.803,15.987
5228,209.120,42,-0.37991,27.64304,1,26,0,0.933,6.999
5229,209.160,39,0.57479,8.74202,1,33,34,0.751,16.511
5229,209.160,42,-0.38730,27.48861,1,26,0,0.941,6.999
5229,209.160,43,-0.30605,29.10924,0,26,0,1.674,
5230,209.200,39,0.57322,8.70766,1,33,42,0.899,14.141
5230,209.200,42,-0.40256,27.47922,1,24,0,0.734,6.999
5231,209.240,39,0.56663,8.66338,1,34,47,0.703,15.812
5231,209.240,42,-0.39698,27.32338,1,26,0,1.005,6.999
5231,209.240,43,-0.30956,28.89287,0,26,0,1.668,
5232,209.280,39,0.56433,8.62032,1,34,44,0.866,15.617
5232,209.280,42,-0.39070,27.26744,1,25,0,0.862,6.999
5232,209.280,43,-0.29641,28.89765,0,25,0,1.891,
5233,209.320,39,0.56606,8.57699,1,34,43,0.804,15.871
5233,209.320,42,-0.39184,27.25765,1,25,0,0.954,6.999
5233,209.320,43,-0.30792,28.90219,0,25,0,0.954,
5234,209.360,39,0.56374,8.52531,1,34,37,0.928,15.742
5234,209.360,42,-0.39519,27.08678,1,26,0,0.866,6.999
5234,209.360,43,-0.31250,28.71254,0,26,0,1.866,
5235,209.400,39,0.55694,8.45747,1,35,39,0.569,10.123
5235,209.400,42,-0.40317,27.04059,1,25,0,0.485,6.999
5235,209.400,43,-0.30050,28.69496,0,25,0,0.862,
5236,209.440,39,0.55763,8.44097,1,36,33,0.841,16.474
5236,209.440,42,-0.40409,26.95861,1,25,0,1.002,6.999
5236,209.440,43,-0.29125,28.64358,0,25,0,1.713,
5237,209.480,39,0.55402,8.41284,1,35,39,0.870,14.871
5237,209.480,42,-0.41057,26.87095,1,25,0,0.771,6.999
5237,209.480,43,-0.29117,28.50393,0,25,0,0.904,
5238,209.520,39,0.55095,8.37524,1,34,37,0.889,15.925
5238,209.520,42,-0.40871,26.71850,1,25,0,0.980,6.999
5238,209.520,43,-0.30134,28.44247,0,25,0,1.063,
5239,209.560,39,0.55049,8.35052,1,33,42,1.175,15.114
5239,209.560,42,-0.41610,26.69877,1,26,0,0.913,6.999
5239,209.560,43,-0.31531,28.30353,0,26,0,0.913,
5240,209.600,39,0.54550,8.31064,1,32,36,1.640,14.953
5240,209.600,42,-0.42550,26.72698,1,25,0,1.076,6.999
5240,209.600,43,-0.30823,28.30796,0,25,0,1.076,
5241,209.640,39,0.54273,8.23901,1,31,38,1.250,15.620
5241,209.640,42,-0.41285,26.56350,1,25,0,0.969,6.999
5241,209.640,43,-0.30973,28.11538,0,25,0,1.939,
5242,209.680,39,0.54323,8.20572,1,50,39,2.114,15.037
5242,209.680,42,-0.42907,26.56537,1,25,0,1.063,6.999
5242,209.680,43,-0.32445,28.13897,0,25,0,1.063,
5243,209.720,39,0.53697,8.06348,1,29,43,1.540,6.549
5243,209.720,42,-0.44029,26.39751,1,25,0,0.990,6.999
5243,209.720,43,-0.31295,28.14467,0,25,0,1.941,
5244,209.760,39,0.53550,8.03299,1,28,39,1.208,5.467
5244,209.760,42,-0.42596,26.38938,1,25,0,1.039,6.999
5244,209.760,43,-0.31953,27.93942,0,25,0,1.039,
5245,209.800,39,0.54322,8.02327,1,28,37,1.101,10.509
5245,209.800,42,-0.43638,26.25402,1,26,0,1.097,6.999
5245,209.800,43,-0.32511,27.99400,0,26,0,1.785,
5246,209.840,39,0.53853,8.00513,1,29,29,2.092,13.297
5246,209.840,42,-0.44283,26.25745,1,24,0,1.027,6.999
5246,209.840,43,-0.33287,27.92221,0,24,0,1.027,
5247,209.880,39,0.52513,7.92685,1,32,0,1.668,6.999
5247,209.880,42,-0.43434,26.06915,1,26,0,1.045,6.999
5247,209.880,43,-0.32501,27.75169,0,26,0,1.872,
5248,209.920,39,0.52457,7.87222,1,48,0,1.414,6.999
5248,209.920,42,-0.44025,26.04182,1,25,0,0.773,6.999
5248,209.920,43,-0.32215,27.73304,0,25,0,0.773,
5249,209.960,39,0.52283,7.86140,1,42,0,1.112,3.990
5249,209.960,42,-0.45240,25.93419,1,26,0,1.090,6.999
5249,209.960,43,-0.32539,27.74208,0,26,0,1.706,
5250,210.000,39,0.51601,7.82836,1,41,56,0.597,9.748
5250,210.000,42,-0.44803,25.93878,1,25,0,1.006,6.999
5250,210.000,43,-0.33617,27.63544,0,25,0,0.999,
5251,210.040,39,0.51947,7.81535,1,38,62,0.457,9.904
5251,210.040,42,-0.45502,25.71829,1,26,0,1.074,6.999
5251,210.040,43,-0.33864,27.62557,0,26,0,1.074,
5250,210.000,44,-0.30104,29.30476,1,14,0,1.072,6.999
5251,210.040,44,-0.28231,29.60475,0,26,0,1.038,
5252,210.080,39,0.51866,7.78882,1,40,52,0.534,13.502
5252,210.080,42,-0.46451,25.70621,1,26,0,0.917,6.999
5252,210.080,43,-0.33901,27.56289,0,26,0,1.968,
5252,210.080,44,-0.26570,29.74233,0,26,0,0.909,
5253,210.120,39,0.51508,7.72257,1,35,0,0.716,6.999
5253,210.120,42,-0.44943,25.73670,1,26,0,1.060,6.999
5253,210.120,43,-0.32701,27.54592,0,26,0,1.057,
5253,210.120,44,-0.28496,29.09727,0,26,0,1.636,
5254,210.160,39,0.51486,7.71639,1,35,38,0.875,15.346
5254,210.160,42,-0.47403,25.55277,1,25,0,0.752,6.999
5254,210.160,43,-0.32501,27.57096,0,25,0,1.048,
5254,210.160,44,-0.28085,29.60483,0,25,0,1.048,
5255,210.200,39,0.51363,7.67550,1,36,29,1.000,18.666
5255,210.200,42,-0.47571,25.47422,1,25,0,1.249,6.999
5255,210.200,43,-0.35579,27.35955,0,25,0,1.748,
5255,210.200,44,-0.27930,29.83832,0,25,0,1.224,
5256,210.240,39,0.50443,7.60466,1,36,28,0.585,10.861
5256,210.240,42,-0.47494,25.41259,1,26,0,1.018,6.999
5256,210.240,43,-0.36007,27.24630,0,26,0,1.018,
5256,210.240,44,-0.30942,29.53967,0,26,0,1.018,
5257,210.280,39,0.50490,7.57023,1,36,0,0.663,10.849
5257,210.280,42,-0.46546,25.43566,1,26,0,1.033,6.999
5257,210.280,43,-0.36210,27.33949,0,26,0,1.033,
5257,210.280,44,-0.29862,29.61279,0,26,0,1.058,
5258,210.320,39,0.50195,7.52610,1,36,0,0.640,6.999
5258,210.320,42,-0.48291,25.25077,1,27,0,1.015,6.999
5258,210.320,43,-0.35206,27.22514,0,27,0,1.015,
5258,210.320,44,-0.30909,29.32166,0,27,0,1.017,
5259,210.360,39,0.49859,7.48616,1,36,0,0.583,9.524
5259,210.360,42,-0.48500,25.27559,1,26,0,1.039,6.999
5259,210.360,43,-0.35031,27.28656,0,26,0,1.030,
5259,210.360,44,-0.29040,29.75068,0,26,0,1.030,
5260,210.400,39,0.49963,7.44727,1,37,0,0.769,6.999
5260,210.400,42,-0.48930,25.06711,1,27,0,0.951,6.999
5260,210.400,43,-0.36044,27.24791,0,27,0,0.940,
5260,210.400,44,-0.27936,29.74247,0,27,0,0.940,
5261,210.440,39,0.49699,7.41316,1,37,0,0.647,9.031
5261,210.440,42,-0.48786,25.11842,1,26,0,1.059,6.999
5261,210.440,43,-0.36460,27.05347,0,26,0,1.057,
5261,210.440,44,-0.28050,29.72226,0,26,0,1.049,
5262,210.480,39,0.49533,7.37122,1,37,33,0.489,10.574
5262,210.480,42,-0.49146,24.92681,1,27,0,1.009,6.999
5262,210.480,43,-0.35260,27.06970,0,27,0,1.009,
5262,210.480,44,-0.26385,29.94103,0,27,0,0.997,
5263,210.520,39,0.49164,7.33285,1,37,0,0.705,9.588
5263,210.520,42,-0.49172,24.96383,1,28,0,0.987,6.999
5263,210.520,43,-0.34060,27.08326,0,28,0,0.975,
5263,210.520,44,-0.26977,29.83968,0,28,0,0.975,
5264,210.560,39,0.48611,7.29641,1,37,28,0.490,9.955
5264,210.560,42,-0.50394,24.77177,1,26,0,1.037,6.999
5264,210.560,43,-0.35301,27.11549,0,26,0,1.032,
5264,210.560,44,-0.28177,29.84926,0,164,0,27.494,
5265,210.600,39,0.48626,7.25538,1,37,0,0.650,6.999
5265,210.600,42,-0.49396,24.73642,1,28,0,0.958,6.999
5265,210.600,43,-0.35753,26.92691,0,28,0,0.968,
5265,210.600,44,-0.29087,30.00929,0,28,0,0.958,
5266,210.640,39,0.48465,7.21644,1,38,0,0.572,6.999
5266,210.640,42,-0.50539,24.62217,1,27,0,1.040,6.999
5266,210.640,43,-0.33174,26.88740,0,27,0,1.045,
5266,210.640,44,-0.29679,29.89573,0,27,0,0.914,
5267,210.680,39,0.48362,7.17169,1,37,34,0.547,9.046
5267,210.680,42,-0.50811,24.60144,1,27,0,0.815,6.999
5267,210.680,43,-0.31660,26.87863,0,27,0,0.815,
5267,210.680,44,-0.29569,29.97929,0,27,0,0.815,
5268,210.720,39,0.48021,7.14636,1,37,0,0.672,6.999
5268,210.720,42,-0.51223,24.46637,1,28,0,1.010,6.999
5268,210.720,43,-0.30666,26.89051,0,28,0,1.010,
5268,210.720,44,-0.30115,29.69286,0,548,0,60.054,
5269,210.760,39,0.47845,7.10409,1,37,35,0.523,8.616
5269,210.760,42,-0.50801,24.45193,1,27,0,0.846,6.999
5269,210.760,44,-0.31321,29.13753,0,27,0,0.846,
5270,210.800,39,0.47191,7.06195,1,37,28,0.633,9.883
5270,210.800,42,-0.51389,24.32294,1,28,0,1.041,6.999
5270,210.800,43,-0.46196,26.73189,0,28,0,1.031,
5270,210.800,44,-0.33553,29.27324,0,28,0,1.031,
5271,210.840,39,0.47380,7.03582,1,38,29,0.494,8.751
5271,210.840,42,-0.51973,24.30310,1,28,0,0.855,6.999
5271,210.840,43,-0.43790,26.72440,0,28,0,0.855,
5271,210.840,44,-0.34580,28.80751,0,266,0,29.929,
5272,210.880,39,0.46907,6.99247,1,37,38,0.474,10.029
5272,210.880,42,-0.52322,24.14878,1,28,0,0.859,6.999
5272,210.880,43,-0.43825,26.72612,0,28,0,0.859,
5272,210.880,44,-0.31960,28.47161,0,28,0,0.859,
5273,210.920,39,0.46598,6.94849,1,38,20,0.628,8.703
5273,210.920,42,-0.51345,24.15297,1,28,0,0.873,6.999
5273,210.920,43,-0.31431,26.88337,0,28,0,0.873,
5273,210.920,44,-0.31809,28.90198,0,28,0,0.873,
5274,210.960,39,0.46485,6.91236,1,38,45,0.553,8.815
5274,210.960,42,-0.52273,24.03420,1,28,0,1.006,6.999
5274,210.960,43,-0.31228,26.65595,0,28,0,0.952,
5274,210.960,44,-0.30609,28.84865,0,176,0,21.249,
5275,211.000,39,0.46273,6.87691,1,38,32,0.563,9.982
5275,211.000,42,-0.53223,24.00917,1,28,0,0.885,6.999
5275,211.000,43,-0.26658,26.72046,0,28,0,0.885,
5275,211.000,44,-0.30114,29.31531,0,186,0,21.101,
5276,211.040,39,0.46446,6.83885,1,43,28,0.881,8.577
5276,211.040,42,-0.54083,23.88883,1,29,0,0.943,6.999
5276,211.040,43,-0.25941,26.69482,0,29,0,0.804,
5277,211.080,39,0.45764,6.79654,1,41,33,0.555,9.094
5277,211.080,42,-0.53557,23.85938,1,28,0,0.884,6.999
5277,211.080,43,-0.28377,26.71628,0,28,0,0.884,
5278,211.120,39,0.45553,6.76291,1,40,24,0.694,10.364
5278,211.120,42,-0.53279,23.75032,1,29,0,0.946,6.999
5278,211.120,43,-0.28388,26.70022,0,29,0,0.950,
5279,211.160,39,0.44664,6.73136,1,45,38,0.772,8.474
5279,211.160,42,-0.54553,23.69850,1,28,0,0.849,6.999
5279,211.160,43,-0.29087,26.62200,0,28,0,0.849,
5280,211.200,39,0.44163,6.67957,1,58,34,0.895,8.691
5280,211.200,42,-0.54104,23.61081,1,28,0,1.042,6.999
5280,211.200,43,-0.31694,26.53082,0,28,0,1.042,
5281,211.240,39,0.41540,6.56165,1,54,29,2.894,32.122
5281,211.240,42,-0.54186,23.55378,1,28,0,0.932,6.999
5281,211.240,43,-0.30291,26.70393,0,28,0,0.932,
5282,211.280,39,0.43879,6.62358,1,53,41,0.911,8.611
5282,211.280,42,-0.55788,23.46187,1,30,0,0.972,6.999
5282,211.280,43,-0.31979,26.62002,0,30,0,1.921,
5283,211.320,39,0.43332,6.58577,1,57,0,1.262,6.999
5283,211.320,42,-0.55831,23.40544,1,28,0,0.870,6.999
5283,211.320,43,-0.36294,26.54421,0,28,0,0.870,
5284,211.360,39,0.43441,6.55188,1,58,0,1.227,6.999
5284,211.360,42,-0.55853,23.32919,1,29,0,0.956,6.999
5284,211.360,43,-0.36242,26.55794,0,29,0,0.956,
5285,211.400,39,0.42952,6.52906,1,51,19,1.499,10.940
5285,211.400,42,-0.55969,23.25528,1,29,0,0.835,6.999
5285,211.400,43,-0.37434,26.54093,0,29,0,0.835,
5286,211.440,39,0.43633,6.47635,1,47,0,0.881,6.999
5286,211.440,42,-0.56294,23.18325,1,29,0,1.029,6.999
5286,211.440,43,-0.38106,26.64447,0,29,0,1.823,
5287,211.480,39,0.43151,6.44378,1,46,0,1.193,6.999
5287,211.480,42,-0.56118,23.11372,1,29,0,0.819,6.999
5287,211.480,43,-0.39966,26.71180,0,29,0,0.819,
5288,211.520,39,0.42847,6.40447,1,45,0,0.935,6.999
5288,211.520,42,-0.56519,23.02447,1,28,0,1.051,6.999
5289,211.560,39,0.42791,6.36830,1,49,0,1.431,6.999
5289,211.560,42,-0.56395,22.97387,1,29,0,0.839,6.999
5290,211.600,39,0.42265,6.34335,1,51,54,1.036,4.209
5290,211.600,42,-0.56822,22.89164,1,30,0,1.022,6.999
5291,211.640,39,0.42075,6.28615,1,48,0,1.368,3.008
5291,211.640,42,-0.57401,22.82123,1,28,0,1.020,6.999
5292,211.680,39,0.42187,6.26748,1,46,72,0.563,6.591
5292,211.680,42,-0.57233,22.74844,1,30,0,1.026,6.999
5292,211.680,43,-0.32569,26.70875,0,30,0,0.989,
5293,211.720,39,0.42300,6.25523,1,44,72,0.626,7.386
5293,211.720,42,-0.57297,22.69552,1,30,0,0.817,6.999
5290,211.600,45,-0.24243,28.62066,1,16,0,1.566,6.999
5291,211.640,45,-0.24780,28.40232,0,151,0,18.527,
5292,211.680,45,-0.28499,28.46569,0,152,0,18.197,
5293,211.720,45,-0.31127,28.30830,0,242,0,22.678,
5294,211.760,39,0.41690,6.24436,1,51,72,1.109,7.103
5294,211.760,42,-0.57911,22.58490,1,31,0,0.903,6.999
5294,211.760,45,-0.31499,28.76390,0,157,0,18.281,
5295,211.800,39,0.42500,6.21201,1,59,72,1.137,5.750
5295,211.800,42,-0.57457,22.53254,1,30,0,0.798,6.999
5295,211.800,45,-0.34194,28.77785,0,154,0,18.230,
5296,211.840,39,0.40740,6.13844,1,39,50,0.719,10.895
5296,211.840,42,-0.58164,22.45328,1,30,0,0.937,6.999
5296,211.840,45,-0.34693,28.57484,0,161,0,18.226,
5297,211.880,39,0.40355,6.10377,1,39,49,0.742,11.586
5297,211.880,42,-0.57981,22.41354,1,30,0,0.834,6.999
5297,211.880,45,-0.35692,28.67867,0,176,0,18.156,
5298,211.920,39,0.40153,6.07683,1,40,49,0.679,10.942
5298,211.920,42,-0.58689,22.31755,1,30,0,0.982,6.999
5298,211.920,45,-0.36739,28.94126,0,143,0,17.594,
5299,211.960,39,0.40139,6.05123,1,40,41,0.996,13.200
5299,211.960,42,-0.59108,22.24266,1,30,0,0.929,6.999
5299,211.960,45,-0.39236,28.72225,0,152,0,17.458,
5300,212.000,39,0.39363,6.00844,1,40,37,0.823,13.119
5300,212.000,42,-0.58763,22.18509,1,30,0,0.878,6.999
5301,212.040,39,0.39332,5.96894,1,40,41,0.746,10.683
5301,212.040,42,-0.59057,22.08295,1,31,0,1.013,6.999
5302,212.080,39,0.39015,5.94161,1,41,44,0.780,12.311
5302,212.080,42,-0.59304,22.04048,1,30,0,1.003,6.999
5302,212.080,45,-0.43931,28.13645,0,234,0,22.473,
5303,212.120,39,0.38868,5.91651,1,41,35,0.961,13.629
5303,212.120,42,-0.60379,21.94382,1,31,0,1.026,6.999
5303,212.120,45,-0.50416,28.15032,0,191,0,20.292,
5300,212.000,46,-0.44405,29.34058,0,21,0,3.030,
5301,212.040,46,-0.48029,29.48193,0,172,0,18.362,
5302,212.080,46,-0.49057,29.20549,0,234,0,22.473,
5303,212.120,46,-0.49638,28.58188,0,191,0,20.292,
5304,212.160,39,0.38387,5.88335,1,41,50,0.979,12.086
5304,212.160,42,-0.59834,21.89777,1,30,0,1.040,6.999
5304,212.160,45,-0.53809,27.59044,0,273,0,28.312,
5304,212.160,46,-0.55285,28.22335,0,273,0,28.312,
5305,212.200,39,0.38043,5.85000,1,41,45,1.111,12.868
5305,212.200,42,-0.60726,21.80619,1,30,0,0.961,6.999
5305,212.200,45,-0.56247,27.63252,0,254,0,28.887,
5305,212.200,46,-0.55731,27.63966,0,254,0,28.887,
5306,212.240,39,0.38079,5.82101,1,42,43,1.078,12.973
5306,212.240,42,-0.59538,21.81186,1,30,0,0.892,6.999
5306,212.240,45,-0.62772,27.50839,0,234,0,27.126,
5306,212.240,46,-0.63493,27.48061,0,234,0,27.126,
5307,212.280,39,0.38110,5.78735,1,41,47,1.230,12.661
5307,212.280,42,-0.59906,21.66388,1,31,0,0.834,6.999
5308,212.320,39,0.37338,5.75126,1,42,43,1.200,12.511
5308,212.320,42,-0.60118,21.59362,1,31,0,1.037,6.999
5309,212.360,39,0.37255,5.72399,1,43,42,1.213,11.805
5309,212.360,42,-0.61113,21.54236,1,32,0,0.841,6.999
5310,212.400,39,0.36698,5.68714,1,42,51,1.208,12.396
5310,212.400,42,-0.60358,21.46343,1,31,0,1.068,6.999
5311,212.440,39,0.36264,5.65699,1,41,47,1.140,12.885
5311,212.440,42,-0.60226,21.40763,1,32,0,0.799,6.999
5312,212.480,39,0.36115,5.62527,1,41,42,1.229,12.320
5312,212.480,42,-0.60959,21.30742,1,32,0,0.971,6.999
5313,212.520,39,0.35733,5.59509,1,40,50,1.127,12.271
5313,212.520,42,-0.61690,21.28023,1,32,0,0.921,6.999
5314,212.560,39,0.35560,5.56239,1,43,44,1.148,12.679
5314,212.560,42,-0.61755,21.17900,1,32,0,0.882,6.999
5315,212.600,39,0.35158,5.53330,1,43,40,1.060,12.803
5315,212.600,42,-0.61410,21.20551,1,32,0,0.877,6.999
5316,212.640,39,0.34884,5.50135,1,41,51,0.903,12.521
5316,212.640,42,-0.61759,21.05756,1,32,0,0.846,6.999
5317,212.680,39,0.34519,5.46683,1,42,37,0.987,13.981
5317,212.680,42,-0.62594,20.97875,1,31,0,0.948,6.999
5318,212.720,39,0.34493,5.44194,1,43,45,1.089,12.319
5318,212.720,42,-0.62616,20.93086,1,32,0,0.737,6.999
5319,212.760,39,0.34030,5.40973,1,42,52,0.994,12.383
5319,212.760,42,-0.63120,20.83525,1,32,0,0.950,6.999
5320,212.800,39,0.33871,5.37927,1,43,46,1.144,11.758
5320,212.800,42,-0.63040,20.76664,1,32,0,0.866,6.999
5321,212.840,39,0.33309,5.35004,1,42,56,0.990,12.146
5321,212.840,42,-0.63380,20.70469,1,33,0,0.923,6.999
5322,212.880,39,0.32920,5.31503,1,43,52,0.998,12.402
5322,212.880,42,-0.63272,20.63743,1,33,0,0.794,6.999
5323,212.920,39,0.32886,5.29270,1,43,56,1.025,11.853
5323,212.920,42,-0.63117,20.58311,1,32,0,0.793,6.999
5324,212.960,39,0.32407,5.25956,1,43,55,1.006,12.310
5324,212.960,42,-0.63591,20.49394,1,34,0,0.838,6.999
5325,213.000,39,0.32092,5.22659,1,43,51,0.946,12.281
5325,213.000,42,-0.63175,20.46952,1,32,0,0.810,6.999
5326,213.040,39,0.32384,5.20108,1,44,47,1.070,11.444
5326,213.040,42,-0.63200,20.35948,1,32,0,0.812,6.999
5327,213.080,39,0.31569,5.16619,1,44,45,1.029,11.984
5327,213.080,42,-0.63628,20.30296,1,33,0,0.915,6.999
5328,213.120,39,0.31177,5.13573,1,44,39,1.100,12.165
5328,213.120,42,-0.63389,20.23681,1,32,0,0.820,6.999
5329,213.160,39,0.31210,5.11104,1,44,56,0.975,11.369
5329,213.160,42,-0.64041,20.14843,1,34,0,0.980,6.999
5330,213.200,39,0.30675,5.07863,1,44,44,0.975,11.952
5330,213.200,42,-0.64545,20.12650,1,33,0,0.840,6.999
5331,213.240,39,0.30502,5.05297,1,44,42,1.113,11.757
5331,213.240,42,-0.64476,20.01326,1,33,0,0.840,6.999
5332,213.280,39,0.30332,5.02127,1,46,53,1.038,11.157
5332,213.280,42,-0.63850,19.97365,1,34,0,0.790,6.999
5333,213.320,39,0.29744,4.98589,1,45,49,0.866,11.263
5333,213.320,42,-0.63879,19.90256,1,34,0,0.868,6.999
5334,213.360,39,0.29631,4.95959,1,45,39,1.140,11.505
5334,213.360,42,-0.64315,19.81805,1,33,0,0.855,6.999
5335,213.400,39,0.29305,4.92604,1,45,54,0.753,10.441
5335,213.400,42,-0.64256,19.76211,1,35,0,0.808,6.999
5336,213.440,39,0.29062,4.89693,1,46,52,0.739,10.887
5336,213.440,42,-0.64155,19.67704,1,34,0,0.927,6.999
5337,213.480,39,0.28876,4.87782,1,48,51,1.041,11.187
5337,213.480,42,-0.64443,19.63934,1,33,0,0.838,6.999
5338,213.520,39,0.28566,4.83776,1,46,50,0.785,10.472
5338,213.520,42,-0.64394,19.57775,1,34,0,0.928,6.999
5339,213.560,39,0.28256,4.81017,1,46,50,0.744,10.996
5339,213.560,42,-0.64535,19.47547,1,33,0,0.925,6.999
5340,213.600,39,0.27980,4.79207,1,46,53,0.976,11.218
5340,213.600,42,-0.64727,19.42831,1,34,0,0.802,6.999
5341,213.640,39,0.27621,4.75608,1,45,52,0.835,10.686
5341,213.640,42,-0.64744,19.36165,1,34,0,0.996,6.999
5342,213.680,39,0.27289,4.72655,1,47,50,0.853,10.682
5342,213.680,42,-0.64973,19.28255,1,34,0,0.922,6.999
5343,213.720,39,0.27234,4.70191,1,47,47,0.931,10.483
5343,213.720,42,-0.65185,19.22062,1,34,0,0.823,6.999
5344,213.760,39,0.26783,4.67128,1,48,47,0.804,10.401
5344,213.760,42,-0.65191,19.15855,1,35,0,0.976,6.999
5345,213.800,39,0.26625,4.64343,1,47,41,0.860,10.707
5345,213.800,42,-0.65361,19.10338,1,35,0,0.840,6.999
5346,213.840,39,0.26410,4.61649,1,47,48,0.730,10.063
5346,213.840,42,-0.65571,19.01240,1,35,0,0.853,6.999
5347,213.880,39,0.26092,4.58763,1,48,43,0.717,10.336
5347,213.880,42,-0.65764,18.97166,1,36,0,0.897,6.999
5348,213.920,39,0.25776,4.56207,1,47,44,0.805,10.697
5348,213.920,42,-0.65922,18.89281,1,35,0,0.837,6.999
5349,213.960,39,0.25534,4.53404,1,48,43,0.671,9.885
5349,213.960,42,-0.66081,18.81022,1,36,0,0.851,6.999
5350,214.000,39,0.25035,4.50527,1,47,44,0.694,10.018
5350,214.000,42,-0.66794,18.75602,1,36,0,0.878,6.999
5351,214.040,39,0.24779,4.47906,1,47,32,0.785,10.251
5351,214.040,42,-0.66269,18.70083,1,36,0,0.825,6.999
5352,214.080,39,0.24613,4.45332,1,47,42,0.700,9.671
5352,214.080,42,-0.67076,18.61216,1,36,0,0.904,6.999
5353,214.120,39,0.24263,4.42533,1,49,40,0.723,10.115
5353,214.120,42,-0.67543,18.58889,1,36,0,0.782,6.999
5354,214.160,39,0.23959,4.40552,1,48,40,0.768,10.383
5354,214.160,42,-0.67482,18.50403,1,37,0,0.778,6.999
5355,214.200,39,0.23677,4.37489,1,47,40,0.704,9.687
5355,214.200,42,-0.67011,18.41147,1,36,0,0.863,6.999
5356,214.240,39,0.23424,4.34859,1,49,42,0.723,10.403
5356,214.240,42,-0.67082,18.38933,1,36,0,0.818,6.999
5357,214.280,39,0.23183,4.32482,1,49,42,0.811,10.056
5357,214.280,42,-0.67832,18.30941,1,38,0,0.809,6.999
5358,214.320,39,0.22923,4.29797,1,50,42,0.767,9.849
5358,214.320,42,-0.67303,18.21810,1,37,0,0.892,6.999
5359,214.360,39,0.22520,4.27264,1,50,44,0.840,10.171
5359,214.360,42,-0.68033,18.20295,1,37,0,0.831,6.999
5360,214.400,39,0.22447,4.24997,1,50,42,0.796,9.510
5360,214.400,42,-0.67600,18.11074,1,38,0,0.818,6.999
5361,214.440,39,0.22065,4.22671,1,49,42,0.811,10.368
5361,214.440,42,-0.68203,18.03107,1,37,0,0.893,6.999
5362,214.480,39,0.21694,4.20089,1,50,45,0.850,10.650
5362,214.480,42,-0.68378,17.98918,1,37,0,0.825,6.999
5363,214.520,39,0.21533,4.17851,1,50,47,0.812,10.309
5363,214.520,42,-0.68525,17.91892,1,38,0,0.822,6.999
5364,214.560,39,0.21124,4.15240,1,51,45,0.767,10.420
5364,214.560,42,-0.68378,17.84579,1,38,0,0.843,6.999
5365,214.600,39,0.20906,4.13395,1,51,47,0.884,11.588
5365,214.600,42,-0.68697,17.80617,1,39,0,0.763,6.999
5366,214.640,39,0.20519,4.10616,1,51,47,0.870,10.781
5366,214.640,42,-0.68613,17.73114,1,38,0,0.830,6.999
5367,214.680,39,0.20249,4.08419,1,50,49,0.870,10.751
5367,214.680,42,-0.68708,17.64663,1,38,0,0.796,6.999
5368,214.720,39,0.19999,4.05915,1,51,49,0.944,11.133
5368,214.720,42,-0.69104,17.59209,1,39,0,0.833,6.999
5369,214.760,39,0.19669,4.03469,1,52,48,0.876,10.542
5369,214.760,42,-0.69333,17.54760,1,38,0,0.837,6.999
5370,214.800,39,0.19568,4.01254,1,53,49,0.916,11.257
5370,214.800,42,-0.69285,17.46860,1,38,0,0.814,6.999
5371,214.840,39,0.19279,3.99583,1,52,50,1.103,11.461
5371,214.840,42,-0.69527,17.41702,1,40,0,0.778,6.999
5372,214.880,39,0.18892,3.97068,1,50,47,0.968,11.025
5372,214.880,42,-0.69576,17.34576,1,39,0,0.813,6.999
5373,214.920,39,0.18422,3.94874,1,52,50,1.068,11.400
5373,214.920,42,-0.70283,17.28122,1,40,0,0.717,6.999
5374,214.960,39,0.18304,3.92454,1,53,50,0.965,10.848
5374,214.960,42,-0.69797,17.23378,1,40,0,0.796,6.999
5375,215.000,39,0.17890,3.90357,1,53,50,0.950,11.074
5375,215.000,42,-0.70122,17.16397,1,39,0,0.764,6.999
5376,215.040,39,0.17674,3.88555,1,52,55,1.146,11.478
5376,215.040,42,-0.69641,17.10129,1,39,0,0.927,6.999
5377,215.080,39,0.17323,3.86046,1,53,56,0.993,11.191
5377,215.080,42,-0.70451,17.03664,1,40,0,0.750,6.999
5378,215.120,39,0.17119,3.84000,1,53,52,1.262,11.458
5378,215.120,42,-0.70429,16.98199,1,40,0,0.760,6.999
5379,215.160,39,0.16710,3.81442,1,55,52,1.047,10.951
5379,215.160,42,-0.70173,16.90801,1,39,0,0.831,6.999
5380,215.200,39,0.16496,3.79096,1,55,51,1.041,11.121
5380,215.200,42,-0.70173,16.86971,1,40,0,0.796,6.999
5381,215.240,39,0.16377,3.77749,1,55,56,1.235,11.867
5381,215.240,42,-0.70834,16.80118,1,21,0,0.722,6.999
5382,215.280,39,0.15880,3.75273,1,55,52,0.936,11.084
5382,215.280,42,-0.70908,16.72193,1,21,0,0.778,6.999
5383,215.320,39,0.15610,3.74070,1,54,51,1.066,11.991
5383,215.320,42,-0.71068,16.66271,1,21,0,0.747,6.999
5384,215.360,39,0.15208,3.72006,1,55,53,1.012,11.220
5384,215.360,42,-0.70947,16.62200,1,21,0,0.714,6.999
5385,215.400,39,0.14997,3.70156,1,56,51,1.043,11.875
5385,215.400,42,-0.70737,16.54461,1,21,0,0.779,6.999
5386,215.440,39,0.14631,3.67861,1,61,57,0.992,11.712
5386,215.440,42,-0.71101,16.47506,1,21,0,0.754,6.999
5387,215.480,39,0.14673,3.66384,1,59,54,1.067,12.016
5387,215.480,42,-0.71402,16.40761,1,21,0,0.685,6.999
5388,215.520,39,0.14133,3.64089,1,63,56,1.245,11.770
5388,215.520,42,-0.71228,16.37745,1,21,0,0.744,6.999
5389,215.560,39,0.13759,3.62184,1,63,57,1.297,11.691
5389,215.560,42,-0.71319,16.29733,1,21,0,0.820,6.999
5390,215.600,39,0.13512,3.58584,1,64,57,1.752,10.721
5390,215.600,42,-0.71462,16.22921,1,40,0,0.838,6.999
5391,215.640,39,0.12842,3.59109,1,71,56,2.388,12.034
5391,215.640,42,-0.71762,16.19218,1,21,0,0.795,6.999
5392,215.680,39,0.13009,3.56693,1,67,59,2.290,12.331
5392,215.680,42,-0.71210,16.13121,1,21,0,0.545,6.999
5393,215.720,39,0.12043,3.53670,1,80,60,1.327,11.642
5393,215.720,42,-0.71550,16.05046,1,21,0,0.749,6.999
5394,215.760,39,0.11130,3.52392,1,92,58,1.954,12.157
5394,215.760,42,-0.71302,15.97876,1,21,0,0.770,6.999
5395,215.800,39,0.11287,3.49851,1,75,58,3.026,11.402
5395,215.800,42,-0.71413,15.93271,1,21,0,0.782,6.999
5396,215.840,39,0.10930,3.48016,1,60,57,1.726,11.769
5396,215.840,42,-0.71547,15.88697,1,21,0,0.693,6.999
5397,215.880,39,0.10422,3.46372,1,63,55,2.205,11.890
5397,215.880,42,-0.71538,15.80404,1,21,0,0.753,6.999
5398,215.920,39,0.10397,3.44067,1,62,57,1.799,11.454
5398,215.920,42,-0.71473,15.74202,1,22,0,0.789,6.999
5399,215.960,39,0.10193,3.43023,1,82,60,1.638,11.409
5399,215.960,42,-0.71784,15.69708,1,22,0,0.711,6.999
5400,216.000,39,0.10002,3.40876,1,83,62,1.660,11.281
5400,216.000,42,-0.71857,15.64914,1,21,0,0.717,6.999
5401,216.040,39,0.09201,3.34901,1,81,72,1.838,6.102
5401,216.040,42,-0.72213,15.57859,1,22,0,0.786,6.999
5402,216.080,39,0.09011,3.33852,1,83,72,1.725,7.140
5402,216.080,42,-0.72026,15.51062,1,22,0,0.764,6.999
5403,216.120,39,0.09829,3.32573,1,67,72,1.391,8.608
5403,216.120,42,-0.72132,15.44941,1,22,0,0.723,6.999
5404,216.160,39,0.09310,3.31581,1,74,72,1.631,9.170
5404,216.160,42,-0.72183,15.40627,1,22,0,0.781,6.999
5405,216.200,39,0.09260,3.30736,1,70,72,1.579,9.505
5405,216.200,42,-0.72285,15.34267,1,22,0,0.842,6.999
5406,216.240,39,0.08776,3.30404,1,67,72,1.756,10.704
5406,216.240,42,-0.71652,15.27471,1,22,0,0.929,6.999
5407,216.280,39,0.08347,3.29086,1,66,72,1.977,10.791
5407,216.280,42,-0.72487,15.20806,1,22,0,0.853,6.999
5408,216.320,39,0.08208,3.27760,1,66,72,2.008,10.742
5408,216.320,42,-0.72752,15.14994,1,22,0,0.844,6.999
5409,216.360,39,0.07989,3.26546,1,69,72,2.152,11.035
5409,216.360,42,-0.71929,15.09597,1,22,0,0.909,6.999
5410,216.400,39,0.08339,3.24481,1,62,72,1.661,11.464
5410,216.400,42,-0.72718,15.04752,1,22,0,0.881,6.999
5411,216.440,39,0.07928,3.23472,1,62,72,1.745,11.384
5411,216.440,42,-0.71906,14.98459,1,23,0,0.594,6.999
5412,216.480,39,0.07762,3.21813,1,60,72,1.756,11.079
5412,216.480,42,-0.72247,14.93046,1,22,0,0.893,6.999
5413,216.520,39,0.07571,3.19829,1,67,72,2.227,11.067
5413,216.520,42,-0.72741,14.86781,1,22,0,0.908,6.999
5414,216.560,39,0.07236,3.18332,1,68,72,2.386,11.042
5414,216.560,42,-0.72560,14.81528,1,22,0,0.741,6.999
5415,216.600,39,0.06813,3.16846,1,73,72,2.751,11.141
5415,216.600,42,-0.73154,14.75487,1,22,0,0.799,6.999
5416,216.640,39,0.06902,3.15719,1,75,72,2.931,10.995
5416,216.640,42,-0.73074,14.69635,1,22,0,0.701,6.999
5417,216.680,39,0.06721,3.14580,1,78,72,2.950,11.101
5417,216.680,42,-0.72441,14.62914,1,22,0,0.766,6.999
5418,216.720,39,0.06366,3.13142,1,74,72,3.257,11.120
5418,216.720,42,-0.72490,14.57256,1,22,0,0.816,6.999
5419,216.760,39,0.06128,3.09812,1,64,72,2.251,10.675
5419,216.760,42,-0.73002,14.52386,1,23,0,0.729,6.999
5420,216.800,39,0.05988,3.08424,1,63,72,2.229,10.646
5420,216.800,42,-0.72631,14.45509,1,23,0,0.809,6.999
5421,216.840,39,0.05605,3.06473,1,62,72,2.065,10.770
5421,216.840,42,-0.72821,14.40264,1,22,0,0.879,6.999
5422,216.880,39,0.05554,3.04680,1,64,72,2.113,10.517
5422,216.880,42,-0.72499,14.34959,1,23,0,0.931,6.999
5423,216.920,39,0.05273,3.03115,1,66,72,2.111,10.716
5423,216.920,42,-0.73227,14.29413,1,23,0,0.881,6.999
5424,216.960,39,0.04927,3.01442,1,63,72,2.052,10.588
5424,216.960,42,-0.72703,14.22938,1,23,0,0.775,6.999
5425,217.000,39,0.04678,2.99731,1,64,72,1.938,10.317
5425,217.000,42,-0.71996,14.18143,1,23,0,0.705,6.999
5426,217.040,39,0.04567,2.98663,1,64,72,1.974,10.398
5426,217.040,42,-0.72070,14.12464,1,23,0,0.793,6.999
5427,217.080,39,0.04370,2.97248,1,62,72,2.001,10.404
5427,217.080,42,-0.71938,14.06575,1,23,0,0.849,6.999
5428,217.120,39,0.04140,2.95586,1,67,72,2.023,10.456
5428,217.120,42,-0.72245,14.00511,1,23,0,0.851,6.999
5429,217.160,39,0.04081,2.94427,1,63,72,2.023,10.345
5429,217.160,42,-0.72513,13.93849,1,23,0,0.925,6.999
5430,217.200,39,0.03797,2.92737,1,64,72,2.005,10.332
5430,217.200,42,-0.72523,13.87656,1,23,0,0.886,6.999
5431,217.240,39,0.03589,2.91500,1,67,72,1.964,10.586
5431,217.240,42,-0.72879,13.83714,1,23,0,0.814,6.999
5432,217.280,39,0.03415,2.90307,1,64,72,1.840,10.513
5432,217.280,42,-0.72532,13.78141,1,23,0,0.934,6.999
5433,217.320,39,0.03359,2.88717,1,71,72,1.994,10.508
5433,217.320,42,-0.73007,13.72050,1,24,0,0.904,6.999
5434,217.360,39,0.03024,2.87824,1,70,72,1.900,10.108
5434,217.360,42,-0.72881,13.66767,1,24,0,0.850,6.999
5435,217.400,39,0.02714,2.86688,1,75,72,1.897,10.220
5435,217.400,42,-0.72837,13.61373,1,23,0,0.958,6.999
5436,217.440,39,0.02606,2.85761,1,74,72,1.933,9.599
5436,217.440,42,-0.72600,13.55278,1,24,0,0.902,6.999
5437,217.480,39,0.02310,2.85199,1,71,72,1.948,9.260
5437,217.480,42,-0.72852,13.51042,1,24,0,0.716,6.999
5438,217.520,39,0.02343,2.81936,1,75,70,2.003,10.547
5438,217.520,42,-0.72571,13.44607,1,24,0,0.752,6.999
5439,217.560,39,0.01961,2.80716,1,69,69,2.013,10.713
5439,217.560,42,-0.72868,13.39688,1,24,0,0.817,6.999
5440,217.600,39,0.01965,2.79367,1,72,66,2.254,10.896
5440,217.600,42,-0.72577,13.32783,1,24,0,0.752,6.999
5441,217.640,39,0.01275,2.84705,1,0,72,1.100,7.957
5441,217.640,42,-0.73053,13.27631,1,24,0,0.841,6.999
5442,217.680,39,0.01404,2.84261,1,0,72,1.251,7.813
5442,217.680,42,-0.72990,13.21130,1,24,0,0.857,6.999
5443,217.720,42,-0.73139,13.17772,1,24,0,0.868,6.999
5444,217.760,39,0.28428,2.63015,1,0,53,8.146,26.488
5444,217.760,42,-0.73136,13.12136,1,24,0,0.970,6.999
5445,217.800,42,-0.72807,13.08025,1,25,0,0.801,6.999
5446,217.840,42,-0.72272,13.01464,1,25,0,0.827,6.999
5447,217.880,42,-0.72570,12.96134,1,25,0,0.737,6.999
5448,217.920,42,-0.72638,12.89826,1,25,0,0.805,6.999
5449,217.960,42,-0.72705,12.84331,1,24,0,0.765,6.999
5450,218.000,42,-0.72814,12.78398,1,24,0,0.784,6.999
5451,218.040,42,-0.73074,12.73820,1,24,0,0.672,6.999
5452,218.080,42,-0.72819,12.68455,1,25,0,0.814,6.999
5453,218.120,42,-0.72960,12.63177,1,25,0,0.692,6.999
5454,218.160,39,0.40422,2.94304,1,0,72,4.116,14.160
5454,218.160,42,-0.72931,12.57317,1,25,0,0.664,14.164
5455,218.200,42,-0.72367,12.52667,1,26,25,0.548,17.697
5456,218.240,39,0.34644,2.72018,0,0,37,6.132,
5456,218.240,42,-0.72715,12.47918,1,26,28,0.565,18.212
5457,218.280,39,0.33843,2.72130,0,0,49,14.966,
5457,218.280,42,-0.72659,12.42662,1,26,25,0.565,17.614
5458,218.320,39,0.35305,2.72447,0,0,0,,
5458,218.320,42,-0.72814,12.36163,1,26,27,0.555,15.983
5459,218.360,39,0.34635,2.71926,0,0,0,,
5459,218.360,42,-0.72898,12.31818,1,26,26,0.560,18.159
5460,218.400,42,-0.72953,12.26833,1,26,31,0.536,15.512
5461,218.440,42,-0.73052,12.21754,1,26,28,0.615,17.076
5462,218.480,39,0.44993,2.77145,1,0,61,4.782,12.270
5462,218.480,42,-0.72726,12.16661,1,26,32,0.497,15.472
5463,218.520,39,0.42368,2.96744,1,0,71,6.381,17.323
5463,218.520,42,-0.73193,12.11030,1,26,25,0.552,15.155
5464,218.560,39,0.37781,2.77901,0,0,0,,
5464,218.560,42,-0.72801,12.05692,1,26,33,0.514,14.084
5465,218.600,39,0.38798,2.90139,1,0,72,3.365,15.280
5465,218.600,42,-0.72752,11.99604,1,27,0,0.545,13.364
5466,218.640,42,-0.72600,11.95320,1,26,24,0.432,14.112
5467,218.680,42,-0.72838,11.89107,1,26,0,0.607,6.999
5468,218.720,42,-0.72750,11.84920,1,26,23,0.631,14.876
5469,218.760,42,-0.72888,11.79184,1,26,0,0.655,6.999
5470,218.800,42,-0.72547,11.73636,1,27,17,0.676,13.593
5471,218.840,42,-0.72824,11.68833,1,27,0,0.762,6.999
5472,218.880,42,-0.72249,11.63130,1,27,0,0.659,6.999
5473,218.920,39,0.43460,2.76818,1,0,60,3.138,9.761
5473,218.920,42,-0.72273,11.57697,1,27,0,0.638,6.999
5474,218.960,42,-0.72307,11.53634,1,27,0,0.673,6.999
5475,219.000,42,-0.72337,11.48344,1,27,0,0.644,6.999
5476,219.040,42,-0.72384,11.43100,1,27,0,0.649,6.999
5477,219.080,42,-0.72333,11.37560,1,28,0,0.720,6.999
5478,219.120,42,-0.72421,11.32591,1,27,0,0.769,6.999
5479,219.160,42,-0.71881,11.28266,1,27,0,0.759,6.999
5480,219.200,42,-0.71866,11.23157,1,27,0,0.719,6.999
5481,219.240,42,-0.72231,11.17935,1,28,0,0.719,6.999
5482,219.280,42,-0.71938,11.12684,1,28,0,0.724,6.999
5483,219.320,42,-0.71785,11.07731,1,28,0,0.778,6.999
5484,219.360,42,-0.71884,11.02808,1,28,0,0.797,6.999
5485,219.400,42,-0.71954,10.98165,1,28,22,0.672,11.773
5486,219.440,42,-0.71796,10.92789,1,28,0,0.803,6.999
5487,219.480,42,-0.71918,10.88175,1,28,30,0.607,11.267
5488,219.520,42,-0.71808,10.83051,1,28,0,0.781,6.999
5489,219.560,42,-0.71870,10.78310,1,28,29,0.570,11.266
5490,219.600,42,-0.71973,10.73022,1,28,0,0.804,6.999
5491,219.640,42,-0.71854,10.69725,1,28,20,0.760,13.051
5492,219.680,42,-0.71570,10.63246,1,28,0,0.853,6.999
5493,219.720,42,-0.71018,10.58782,1,28,0,0.881,6.999
5494,219.760,42,-0.71203,10.54044,1,29,0,0.825,6.999
5495,219.800,42,-0.71282,10.50354,1,29,26,0.638,13.112
5496,219.840,42,-0.71075,10.43536,1,29,0,0.810,6.999
5497,219.880,42,-0.71117,10.39750,1,29,25,0.673,11.365
5498,219.920,42,-0.71124,10.34009,1,29,0,0.745,6.999
5499,219.960,42,-0.70858,10.29297,1,29,0,0.777,14.513
5500,220.000,42,-0.71073,10.25625,1,29,17,0.628,14.381
5501,220.040,42,-0.70899,10.22738,1,29,17,0.829,13.697
5502,220.080,42,-0.70893,10.15989,1,29,28,0.606,14.245
5503,220.120,42,-0.70726,10.10392,1,29,0,0.796,6.999
5504,220.160,42,-0.70308,10.06089,1,30,26,0.580,13.341
5505,220.200,42,-0.70407,10.02943,1,29,18,0.835,15.243
5506,220.240,42,-0.70444,9.97770,1,29,19,0.746,15.945
5507,220.280,42,-0.70583,9.92833,1,30,14,0.842,15.357
5508,220.320,42,-0.70380,9.87466,1,30,22,0.680,13.745
5509,220.360,42,-0.70133,9.81939,1,30,20,0.642,15.232
5510,220.400,42,-0.69809,9.77560,1,31,20,0.612,12.404
5511,220.440,42,-0.69963,9.73044,1,30,16,0.635,15.152
5512,220.480,42,-0.69872,9.68027,1,31,21,0.696,14.201
5513,220.520,42,-0.69964,9.64010,1,31,28,0.653,15.176
5514,220.560,42,-0.69751,9.59855,1,31,27,0.645,13.436
5515,220.600,42,-0.69586,9.54825,1,31,24,0.555,14.584
5516,220.640,42,-0.69418,9.50474,1,31,30,0.783,15.765
5517,220.680,42,-0.69206,9.42395,1,32,47,0.545,10.111
5518,220.720,42,-0.69143,9.37728,1,32,38,0.580,10.646
5519,220.760,42,-0.69173,9.33858,1,32,49,0.508,10.320
5520,220.800,42,-0.69322,9.32109,1,32,40,0.670,16.153
5521,220.840,42,-0.69111,9.24730,1,33,42,0.476,10.765
5522,220.880,42,-0.68629,9.20146,1,33,45,0.477,12.155
5523,220.920,42,-0.68718,9.18451,1,33,35,0.854,15.207
5524,220.960,42,-0.68798,9.11013,1,33,51,0.586,10.592
5525,221.000,42,-0.68759,9.06309,1,33,37,0.604,9.702
5526,221.040,42,-0.68495,9.01499,1,34,46,0.363,9.547
5527,221.080,42,-0.68685,8.96615,1,34,40,0.380,10.603
5528,221.120,42,-0.68490,8.92555,1,34,48,0.396,10.606
5529,221.160,42,-0.68318,8.88152,1,35,46,0.498,11.106
5530,221.200,42,-0.67928,8.84217,1,34,44,0.419,10.624
5531,221.240,42,-0.68078,8.79729,1,34,54,0.416,11.340
5532,221.280,42,-0.68092,8.74487,1,35,50,0.591,9.946
5533,221.320,42,-0.68132,8.72110,1,55,55,0.925,11.416
5534,221.360,42,-0.68159,8.66821,1,57,51,0.851,10.942
5535,221.400,42,-0.67589,8.62654,1,58,56,0.723,10.088
5536,221.440,42,-0.67591,8.58010,1,57,53,0.843,10.994
5537,221.480,42,-0.67575,8.53975,1,58,58,0.777,10.586
5538,221.520,42,-0.67282,8.48942,1,57,58,0.898,11.153
5539,221.560,42,-0.67407,8.43560,1,41,50,0.761,11.668
5540,221.600,42,-0.66791,8.39084,1,42,52,0.717,9.732
5541,221.640,42,-0.66918,8.37002,1,41,53,1.244,12.750
5542,221.680,42,-0.67250,8.32570,1,45,51,1.273,9.672
5543,221.720,42,-0.66346,8.29420,1,38,50,1.395,10.089
5544,221.760,42,-0.65658,8.29762,1,54,49,1.815,12.400
5545,221.800,42,-0.66069,8.25240,1,72,50,1.926,14.518
5546,221.840,42,-0.65637,8.14419,1,77,53,1.064,10.192
5547,221.880,42,-0.65079,8.09552,1,51,52,1.230,9.842
5548,221.920,42,-0.66277,7.96062,1,29,22,0.839,19.831
5549,221.960,42,-0.66040,7.94067,1,31,0,2.354,6.999
5550,222.000,42,-0.65814,7.91454,1,40,0,1.723,6.999
5551,222.040,42,-0.65571,7.94390,1,61,41,1.254,6.642
5552,222.080,42,-0.65859,7.87770,1,42,45,0.939,10.676
5553,222.120,42,-0.64963,7.85998,1,54,72,1.111,6.845
5554,222.160,42,-0.64676,7.79558,1,42,59,0.525,11.008
5555,222.200,42,-0.64896,7.78317,1,44,58,1.001,13.063
5556,222.240,42,-0.64608,7.74063,1,61,50,0.783,13.841
5557,222.280,42,-0.64984,7.70713,1,40,45,0.984,15.560
5558,222.320,42,-0.64431,7.67379,1,39,40,1.166,17.074
5559,222.360,42,-0.64128,7.59752,1,39,36,0.618,11.275
5560,222.400,42,-0.63703,7.54757,1,37,41,0.577,10.035
5561,222.440,42,-0.63799,7.51242,1,39,50,0.512,10.237
5562,222.480,42,-0.63046,7.46956,1,38,46,0.525,10.984
5563,222.520,42,-0.63108,7.43416,1,38,55,0.462,10.700
5564,222.560,42,-0.63160,7.39162,1,38,50,0.560,10.560
5565,222.600,42,-0.62848,7.35824,1,51,53,0.551,10.711
5566,222.640,42,-0.62393,7.31395,1,38,54,0.500,10.050
5567,222.680,42,-0.62475,7.27253,1,39,54,0.488,10.858
5568,222.720,42,-0.62292,7.24441,1,37,28,0.496,9.033
5569,222.760,42,-0.62168,7.20397,1,38,40,0.500,9.990
5570,222.800,42,-0.61727,7.16968,1,38,32,0.707,10.323
5571,222.840,42,-0.61701,7.12631,1,38,34,0.596,9.634
5572,222.880,42,-0.61335,7.08208,1,38,42,0.515,9.602
5573,222.920,42,-0.61625,7.05475,1,38,37,0.612,9.786
5574,222.960,42,-0.61055,7.00615,1,39,51,0.487,9.255
5575,223.000,42,-0.61155,6.96381,1,38,49,0.454,10.233
5576,223.040,42,-0.61167,6.93628,1,39,56,0.665,8.841
5577,223.080,42,-0.60801,6.89300,1,40,51,0.507,9.787
5578,223.120,42,-0.60976,6.84492,1,49,39,0.872,10.943
5579,223.160,42,-0.60457,6.81377,1,45,53,0.841,9.095
5580,223.200,42,-0.60561,6.77288,1,46,46,0.836,9.872
5581,223.240,42,-0.60088,6.74132,1,43,36,0.579,10.857
5582,223.280,42,-0.59623,6.70725,1,51,46,0.780,9.335
5583,223.320,42,-0.59403,6.67208,1,56,47,0.798,9.942
5584,223.360,42,-0.58848,6.67304,1,63,37,1.681,6.114
5585,223.400,42,-0.58983,6.60329,1,62,54,1.165,9.280
5586,223.440,42,-0.58623,6.56122,1,59,45,1.178,10.048
5587,223.480,42,-0.58896,6.52668,1,61,50,1.416,8.434
5588,223.520,42,-0.58919,6.47608,1,60,55,1.070,8.968
5589,223.560,42,-0.59031,6.41982,1,67,43,1.732,10.080
5590,223.600,42,-0.58756,6.35802,1,49,0,2.222,13.219
5591,223.640,42,-0.58853,6.31799,1,45,0,1.994,14.734
5592,223.680,42,-0.58458,6.32258,1,49,27,0.919,11.169
5593,223.720,42,-0.58510,6.30572,1,52,45,1.084,5.578
5594,223.760,42,-0.58749,6.25047,1,58,64,1.007,4.288
5595,223.800,42,-0.58059,6.21844,1,56,37,1.072,6.892
5596,223.840,42,-0.57475,6.18644,1,38,38,0.883,8.656
5597,223.880,42,-0.57707,6.15554,1,41,43,0.747,9.962
5598,223.920,42,-0.57967,6.11505,1,48,33,1.273,9.695
5599,223.960,42,-0.57387,6.07493,1,41,38,0.650,8.244
5600,224.000,42,-0.57174,6.03608,1,41,37,0.665,9.011
5601,224.040,42,-0.57158,5.99918,1,42,41,0.650,8.742
5602,224.080,42,-0.57180,5.96943,1,43,28,0.688,9.454
5603,224.120,42,-0.56712,5.93187,1,42,29,0.702,9.898
5604,224.160,42,-0.56726,5.89664,1,42,0,0.898,6.999
5605,224.200,42,-0.56617,5.86379,1,42,26,0.755,11.348
5606,224.240,42,-0.56146,5.84133,1,43,37,1.150,7.906
5607,224.280,42,-0.56081,5.79351,1,43,0,0.814,6.999
5608,224.320,42,-0.55938,5.76558,1,43,0,0.873,6.999
5609,224.360,42,-0.55835,5.72453,1,42,0,0.806,6.999
5610,224.400,42,-0.55612,5.69517,1,43,0,0.821,6.999
5611,224.440,42,-0.55531,5.66353,1,42,0,0.843,6.999
5612,224.480,42,-0.55250,5.62592,1,43,0,0.828,6.999
5613,224.520,42,-0.55170,5.59643,1,43,0,0.784,6.999
5614,224.560,42,-0.54771,5.56432,1,43,0,0.866,6.999
5615,224.600,42,-0.54734,5.52872,1,43,0,0.835,6.999
5616,224.640,42,-0.54802,5.49910,1,44,0,0.812,6.999
5617,224.680,42,-0.54288,5.46215,1,43,0,0.883,6.999
5618,224.720,42,-0.54230,5.43245,1,43,0,0.874,6.999
5619,224.760,42,-0.53998,5.39733,1,43,0,0.870,8.481
5620,224.800,42,-0.53770,5.36478,1,43,0,0.776,6.999
5621,224.840,42,-0.53887,5.33233,1,43,0,0.879,6.999
5622,224.880,42,-0.53518,5.30004,1,43,0,0.753,8.691
5623,224.920,42,-0.53446,5.26837,1,43,0,0.816,6.999
5624,224.960,42,-0.53142,5.23583,1,43,0,0.758,6.999
5625,225.000,42,-0.53136,5.20530,1,44,0,0.808,9.197
5626,225.040,42,-0.52626,5.17874,1,44,37,1.029,10.854
5627,225.080,42,-0.52363,5.13633,1,43,32,1.156,9.971
5628,225.120,42,-0.52443,5.11171,1,44,34,0.969,11.018
5629,225.160,42,-0.51878,5.08145,1,44,44,0.790,9.971
5630,225.200,42,-0.52079,5.04788,1,44,45,0.688,9.934
5631,225.240,42,-0.51797,5.01464,1,44,0,0.738,10.460
5632,225.280,42,-0.51446,4.99309,1,45,47,0.819,10.180
5633,225.320,42,-0.51388,4.95575,1,44,51,0.590,9.810
5634,225.360,42,-0.51049,4.93107,1,45,46,0.898,9.539
5635,225.400,42,-0.50740,4.89289,1,46,56,0.709,9.513
5636,225.440,42,-0.50511,4.85884,1,47,56,0.860,9.517
5637,225.480,42,-0.50290,4.82913,1,47,56,0.981,9.219
5638,225.520,42,-0.50087,4.79500,1,47,59,0.967,9.160
5639,225.560,42,-0.50084,4.76606,1,47,57,1.021,9.459
5640,225.600,42,-0.49577,4.73753,1,47,56,0.897,9.492
5641,225.640,42,-0.49471,4.70440,1,49,60,0.950,9.731
5642,225.680,42,-0.49206,4.67289,1,51,61,0.918,8.712
5643,225.720,42,-0.49041,4.64597,1,53,60,0.991,9.524
5644,225.760,42,-0.49028,4.62197,1,75,61,0.831,9.882
5645,225.800,42,-0.48597,4.59332,1,52,57,0.885,9.348
5646,225.840,42,-0.48602,4.56631,1,74,59,0.840,9.822
5647,225.880,42,-0.48249,4.53674,1,74,60,0.889,9.822
5648,225.920,42,-0.48081,4.50444,1,72,60,0.854,9.454
5649,225.960,42,-0.47934,4.47799,1,73,62,0.806,9.326
5650,226.000,42,-0.47378,4.45146,1,74,62,0.997,9.220
5651,226.040,42,-0.46901,4.42364,1,71,58,1.036,9.660
5652,226.080,42,-0.47048,4.39045,1,74,59,1.075,8.887
5653,226.120,42,-0.46420,4.36450,1,79,56,1.309,8.924
5654,226.160,42,-0.46487,4.32929,1,73,54,1.390,8.749
5655,226.200,42,-0.46058,4.31410,1,70,53,1.380,8.447
5656,226.240,42,-0.45528,4.29715,1,73,60,1.431,7.618
5657,226.280,42,-0.45437,4.26335,1,83,70,1.671,7.522
5658,226.320,42,-0.44981,4.22775,1,58,68,1.691,8.707
5659,226.360,42,-0.45185,4.20530,1,59,64,1.969,9.914
5660,226.400,42,-0.44790,4.17015,1,50,60,1.625,9.491
5661,226.440,42,-0.44891,4.14594,1,48,45,1.347,10.534
5662,226.480,42,-0.44175,4.11511,1,49,58,1.043,9.653
5663,226.520,42,-0.44095,4.08200,1,49,53,0.893,8.424
5664,226.560,42,-0.43477,4.06115,1,72,63,1.206,9.322
5665,226.600,42,-0.43419,4.04164,1,60,64,0.949,10.621
5666,226.640,42,-0.43263,4.02005,1,53,62,1.534,10.602
5667,226.680,42,-0.42647,3.97613,1,51,60,1.225,9.189
5668,226.720,42,-0.42354,3.95570,1,50,62,1.060,9.359
5669,226.760,42,-0.41984,3.93226,1,53,64,1.209,8.754
5670,226.800,42,-0.41964,3.90810,1,79,61,1.302,9.097
5671,226.840,42,-0.41645,3.88475,1,78,61,1.233,9.435
5672,226.880,42,-0.41342,3.86011,1,79,57,1.263,8.909
5673,226.920,42,-0.40896,3.83214,1,77,58,1.347,9.355
5674,226.960,42,-0.40699,3.80704,1,80,63,1.406,9.240
5675,227.000,42,-0.40310,3.77651,1,61,62,1.181,9.756
5676,227.040,42,-0.40061,3.75612,1,85,58,1.551,8.742
5677,227.080,42,-0.39902,3.73026,1,62,56,1.025,9.324
5678,227.120,42,-0.39752,3.70856,1,86,59,1.204,8.924
5679,227.160,42,-0.39435,3.69228,1,63,55,1.813,9.475
5680,227.200,42,-0.38774,3.66689,1,64,58,1.359,8.820
5681,227.240,42,-0.38772,3.66213,1,61,58,1.655,10.867
5682,227.280,42,-0.39092,3.62496,1,53,54,2.987,11.556
5683,227.320,42,-0.38484,3.65807,1,60,55,2.132,8.493
5684,227.360,42,-0.37794,3.59718,1,61,60,2.094,10.278
5685,227.400,42,-0.37460,3.57085,1,64,58,1.827,10.432
5686,227.440,42,-0.37204,3.58160,1,64,53,2.256,9.255
5687,227.480,42,-0.36574,3.55127,1,61,64,2.437,9.252
5688,227.520,42,-0.36593,3.50364,1,59,60,2.244,10.211
5689,227.560,42,-0.35482,3.51068,1,61,56,2.582,9.240
5690,227.600,42,-0.35591,3.50465,1,54,53,2.812,7.343
5691,227.640,42,-0.35948,3.48380,1,63,64,2.844,7.769
5692,227.680,42,-0.33986,3.43382,1,68,61,2.888,10.249
5693,227.720,42,-0.33055,3.42937,1,64,70,2.944,8.476
5694,227.760,42,-0.31992,3.43645,1,71,71,2.216,6.205
5695,227.800,42,-0.32542,3.38218,1,67,70,2.780,10.060
5696,227.840,42,-0.32055,3.44078,1,66,39,2.281,5.880
5697,227.880,42,-0.31763,3.43425,1,60,0,2.368,6.999
5698,227.920,42,-0.32496,3.27667,1,71,72,2.130,9.835
5699,227.960,42,-0.32210,3.25812,1,76,72,2.283,10.531
5700,228.000,42,-0.32053,3.24511,1,69,72,2.103,10.708
5701,228.040,42,-0.32372,3.22850,1,64,72,1.985,11.528
5702,228.080,42,-0.31724,3.20569,1,60,72,1.725,11.967
5703,228.120,42,-0.31287,3.19593,1,62,72,1.920,12.103
5704,228.160,42,-0.31192,3.18073,1,70,72,2.243,12.227
5705,228.200,42,-0.31115,3.14890,1,76,72,2.853,11.842
5706,228.240,42,-0.30378,3.12941,1,68,72,2.875,12.102
5707,228.280,42,-0.30189,3.11192,1,72,72,3.156,11.956
5708,228.320,42,-0.30089,3.09054,1,79,72,3.540,11.998
5709,228.360,42,-0.30072,3.07786,1,77,72,3.703,12.345
5710,228.400,42,-0.29971,3.04870,1,79,72,3.548,11.901
5711,228.440,42,-0.29506,3.01090,1,71,72,2.758,11.784
5712,228.480,42,-0.29256,2.99928,1,73,72,3.030,11.828
5713,228.520,42,-0.27994,2.97107,1,81,72,3.355,11.726
5714,228.560,42,-0.27555,2.95023,1,77,72,3.145,11.754
5715,228.600,42,-0.27406,2.92898,1,79,72,2.983,11.610
5716,228.640,42,-0.27154,2.90830,1,83,72,2.953,11.448
5717,228.680,42,-0.27036,2.88576,1,77,72,2.674,11.153
5718,228.720,42,-0.26896,2.87055,1,79,72,2.621,10.888
5719,228.760,42,-0.26404,2.85622,1,70,72,2.351,10.424
5720,228.800,42,-0.26295,2.83734,1,78,72,2.339,9.819
5721,228.840,42,-0.26221,2.82443,1,78,72,2.406,9.357
5722,228.880,42,-0.25886,2.78359,1,83,69,2.309,11.301
5723,228.920,42,-0.25718,2.76742,1,75,66,2.199,11.266
5724,228.960,42,-0.25673,2.74577,1,102,64,2.349,11.439
5725,229.000,42,-0.25222,2.72941,1,92,60,2.337,11.680
5726,229.040,42,-0.24602,2.70800,1,92,56,2.416,11.677
5727,229.080,42,-0.24570,2.69546,1,99,56,2.484,11.271
5728,229.120,42,-0.25152,2.65018,1,64,58,1.306,10.406
5729,229.160,42,-0.25009,2.63556,1,66,60,1.445,10.607
5730,229.200,42,-0.24676,2.61655,1,68,65,1.660,10.603
5731,229.240,42,-0.24417,2.59640,1,68,63,1.592,10.629
5732,229.280,42,-0.23890,2.57460,1,72,63,2.120,10.189
5733,229.320,42,-0.23766,2.55626,1,75,59,2.121,10.292
5734,229.360,42,-0.23392,2.54326,1,76,62,1.896,10.819
5735,229.400,42,-0.34146,2.58797,1,28,51,10.869,26.154
5744,229.760,42,-0.42809,1.51506,1,0,72,6.253,17.016
5745,229.800,42,-0.40796,1.50178,1,0,72,2.758,16.316
5746,229.840,42,-0.42906,1.50018,1,0,72,5.213,16.256
5747,229.880,42,-0.44104,1.53149,1,0,72,6.034,17.733
5748,229.920,42,-0.41181,1.47731,1,0,72,1.632,15.174
5749,229.960,42,-0.41345,1.46821,1,0,71,2.756,14.629
5750,230.000,42,-0.42903,1.50004,1,0,72,2.782,17.468
5753,230.120,42,-0.42424,1.49122,1,0,72,1.537,17.342
5754,230.160,42,-0.46036,1.54823,1,0,72,6.364,15.865
5756,230.240,42,-0.46157,1.61767,1,0,72,4.586,15.946
5757,230.280,42,-0.43817,1.64057,1,0,72,7.990,18.178
5758,230.320,42,-0.45332,1.63626,1,0,72,6.043,16.927
5759,230.360,42,-0.45942,1.62277,1,0,72,5.146,16.272
5760,230.400,42,-0.45850,1.62138,1,0,72,5.305,16.316
5761,230.440,42,-0.45519,1.62859,1,0,72,4.622,16.728
5762,230.480,42,-0.46981,1.63050,1,0,72,4.338,16.116
5764,230.560,42,-0.46005,1.63984,1,0,72,5.436,16.983
5765,230.600,42,-0.37300,1.52690,1,0,64,10.671,22.159
5768,230.720,42,-0.36616,1.46725,1,0,72,7.887,19.267
5769,230.760,42,-0.36150,1.43811,1,0,72,5.747,18.702
5800,232.000,47,0.33303,33.25411,0,20,0,0.193,
5801,232.040,47,0.33185,33.09615,1,27,0,0.522,6.999
5802,232.080,47,0.33597,33.11489,0,65,0,7.202,
5803,232.120,47,0.33244,32.92295,1,33,0,0.625,6.999
5804,232.160,47,0.35544,32.93795,0,29,0,4.063,
5805,232.200,47,0.35024,32.86417,0,245,0,21.319,
5806,232.240,47,0.34357,32.62587,0,104,0,8.977,
5807,232.280,47,0.35412,32.64864,0,231,0,21.549,
5808,232.320,47,0.35640,32.65060,0,88,0,7.907,
5809,232.360,47,0.34875,32.38332,0,71,0,6.483,
5810,232.400,47,0.35079,32.37674,0,69,0,6.480,
5811,232.440,47,0.34392,32.14351,0,125,0,11.752,
5812,232.480,47,0.37335,32.14143,0,126,0,11.339,
5813,232.520,47,0.37581,32.14238,0,143,0,12.497,
5814,232.560,47,0.38337,31.92580,0,49,0,5.418,
5815,232.600,47,0.38144,31.91130,0,245,0,25.515,
5816,232.640,47,0.38233,31.92054,0,102,0,11.603,
5817,232.680,47,0.38987,31.70691,0,110,0,11.378,
5818,232.720,47,0.40321,31.71077,0,112,0,10.889,
5819,232.760,47,0.39250,31.71424,0,97,0,11.493,
5820,232.800,47,0.39698,31.48964,0,117,0,14.135,
5821,232.840,47,0.40606,31.45204,0,151,0,18.390,
5822,232.880,47,0.41360,31.30871,0,117,0,14.366,
5823,232.920,47,0.42489,31.22727,0,98,0,11.429,
5824,232.960,47,0.41936,31.18934,0,128,0,18.274,
5825,233.000,47,0.41324,31.02137,0,121,0,18.695,
5826,233.040,47,0.41479,31.01639,0,122,0,16.096,
5827,233.080,47,0.43122,31.01631,0,136,0,15.271,
5828,233.120,47,0.42561,30.79654,0,140,0,17.954,
5829,233.160,47,0.43087,30.80945,0,97,0,14.225,
5830,233.200,47,0.44873,30.63561,0,61,0,9.135,
5831,233.240,47,0.44385,30.57127,0,61,0,9.289,
5832,233.280,47,0.43796,30.39132,0,98,0,14.833,
5833,233.320,47,0.43705,30.42450,0,151,0,17.554,
5834,233.360,47,0.46218,30.39911,0,132,0,18.791,
5835,233.400,47,0.46083,30.28140,0,134,0,18.500,
5836,233.440,47,0.45796,30.17940,0,93,0,11.137,
5837,233.480,47,0.46996,30.09793,0,127,0,16.174,
5838,233.520,47,0.47241,30.11925,0,135,0,18.558,
5839,233.560,47,0.46995,29.95178,0,97,0,11.093,
5840,233.600,47,0.47324,29.94609,0,96,0,11.046,
5841,233.640,47,0.46757,29.75982,0,140,0,18.588,
5842,233.680,47,0.49272,29.71535,0,124,0,14.962,
5843,233.720,47,0.48707,29.61333,0,83,0,14.004,
5844,233.760,47,0.48146,29.52955,0,91,0,16.100,
5845,233.800,47,0.48040,29.45915,0,95,0,11.449,
5846,233.840,47,0.47491,29.33552,0,154,0,19.667,
5847,233.880,47,0.48691,29.25862,0,158,0,19.640,
5848,233.920,47,0.48263,29.08130,1,23,0,1.019,6.999
5849,233.960,47,0.48988,29.06553,1,22,0,0.936,6.999
5850,234.000,47,0.53767,29.09233,1,22,0,1.131,6.999
5851,234.040,47,0.51427,28.82413,1,23,0,0.921,6.999
5852,234.080,47,0.51736,28.83094,1,24,0,0.757,6.999
5853,234.120,47,0.53815,28.78190,1,24,0,0.755,6.999
5854,234.160,47,0.52997,28.68004,1,24,0,0.931,6.999
5855,234.200,47,0.53902,28.60074,1,24,0,0.818,6.999
5856,234.240,47,0.53862,28.62639,1,23,0,0.699,6.999
5857,234.280,47,0.52929,28.42155,1,26,0,0.809,6.999
5858,234.320,47,0.53017,28.38036,1,24,0,0.725,6.999
5859,234.360,47,0.54968,28.28270,1,24,0,1.000,6.999
5860,234.400,47,0.55753,28.21522,1,25,0,0.814,6.999
5861,234.440,47,0.57029,28.13333,1,25,0,0.864,6.999
5862,234.480,47,0.54922,27.97911,0,0,0,,
5863,234.520,47,0.55287,27.93302,1,25,0,0.534,6.999
5864,234.560,47,0.56583,27.89561,1,24,0,0.866,6.999
5865,234.600,47,0.56805,27.80366,1,24,0,0.873,6.999
5866,234.640,47,0.56265,27.72976,1,24,0,0.962,6.999
5867,234.680,47,0.57329,27.60269,1,24,0,0.627,6.999
5868,234.720,47,0.58171,27.57325,1,24,0,0.868,6.999
5869,234.760,47,0.57609,27.47533,1,26,0,0.937,6.999
5870,234.800,47,0.59354,27.38821,1,26,0,0.875,6.999
5871,234.840,47,0.58731,27.30292,1,26,0,0.888,6.999
5870,234.800,49,0.52905,32.16644,0,17,0,1.505,
5871,234.840,49,0.53297,31.79210,0,26,0,0.888,
5872,234.880,47,0.59241,27.22818,1,26,0,0.692,6.999
5873,234.920,47,0.60606,27.18524,1,24,0,0.873,6.999
5874,234.960,47,0.59777,27.05575,1,25,0,0.684,6.999
5870,234.800,48,0.49780,29.16648,1,25,0,1.024,6.999
5871,234.840,48,0.49887,28.99320,0,26,0,1.771,
5872,234.880,48,0.49495,28.99228,0,26,0,0.705,
5873,234.920,48,0.48960,28.96147,0,24,0,0.873,
5874,234.960,48,0.47990,28.77661,0,25,0,0.684,
5875,235.000,47,0.59409,27.03059,1,26,0,0.793,6.999
5875,235.000,48,0.48333,28.74022,0,26,0,0.835,
5875,235.000,49,0.52741,31.53932,0,26,0,1.689,
5876,235.040,47,0.60010,26.90474,1,26,0,0.858,6.999
5876,235.040,48,0.47777,28.81431,0,26,0,0.858,
5877,235.080,47,0.61278,26.87502,1,25,0,0.678,6.999
5877,235.080,48,0.47376,28.62919,0,25,0,0.678,
5878,235.120,47,0.60519,26.72311,1,25,0,0.813,6.999
5878,235.120,48,0.47403,28.55019,0,25,0,0.813,
5879,235.160,47,0.61352,26.70437,1,25,0,0.670,6.999
5879,235.160,48,0.48575,28.63463,0,25,0,0.546,
5880,235.200,47,0.62051,26.55604,1,26,0,0.873,6.999
5880,235.200,48,0.50518,28.63500,0,26,0,0.873,
5881,235.240,47,0.61974,26.52557,1,25,0,0.748,6.999
5881,235.240,48,0.49018,28.54138,0,25,0,0.748,
5882,235.280,47,0.62095,26.44429,1,26,0,0.983,6.999
5882,235.280,48,0.49319,28.43714,0,26,0,0.983,
5883,235.320,47,0.62500,26.35137,1,26,0,0.715,6.999
5883,235.320,48,0.49037,28.53436,0,26,0,0.715,
5884,235.360,47,0.63394,26.25926,1,26,0,0.933,6.999
5884,235.360,48,0.51733,28.54390,0,26,0,0.933,
5885,235.400,47,0.62659,26.18968,1,26,0,0.822,6.999
5885,235.400,48,0.50382,28.59595,0,26,0,0.822,
5886,235.440,47,0.64132,26.24486,1,26,0,0.844,6.999
5886,235.440,48,0.51397,28.54166,0,26,0,0.844,
5886,235.440,49,0.59724,31.91890,0,26,0,0.844,
5887,235.480,47,0.64102,26.02673,1,26,0,0.819,6.999
5887,235.480,48,0.51443,28.35105,0,26,0,0.819,
5887,235.480,49,0.62694,31.66975,0,282,0,27.280,
5888,235.520,47,0.64174,25.99995,1,26,0,0.871,6.999
5888,235.520,48,0.51997,28.44252,0,26,0,0.871,
5888,235.520,49,0.65328,32.28879,0,349,0,29.946,
5889,235.560,47,0.64580,25.84872,1,26,0,0.796,6.999
5889,235.560,48,0.54719,28.38351,0,26,0,0.796,
5889,235.560,49,0.76077,32.28906,0,323,0,30.327,
5890,235.600,47,0.64999,25.85484,1,25,0,0.622,6.999
5890,235.600,48,0.53510,28.66449,0,25,0,0.666,
5890,235.600,49,0.84740,32.41276,0,331,0,32.769,
5891,235.640,47,0.65207,25.71350,1,26,0,0.942,6.999
5891,235.640,48,0.54190,28.38049,0,26,0,0.942,
5891,235.640,49,0.82891,31.82650,0,323,0,33.277,
5892,235.680,47,0.64764,25.67626,1,26,0,0.813,6.999
5892,235.680,48,0.53818,28.35215,0,26,0,0.813,
5892,235.680,49,0.80916,31.04864,0,335,0,33.881,
5893,235.720,47,0.66423,25.58769,1,27,0,0.800,6.999
5893,235.720,49,0.74338,30.80223,0,27,0,0.799,
5894,235.760,47,0.65827,25.51244,1,26,0,0.838,6.999
5894,235.760,49,0.75524,30.81341,0,26,0,0.641,
5895,235.800,47,0.66065,25.54367,1,26,0,0.969,6.999
5895,235.800,48,0.40570,28.44296,0,26,0,0.969,
5896,235.840,47,0.65339,25.35040,1,26,0,0.856,6.999
5896,235.840,48,0.42219,28.36728,0,26,0,0.856,
5896,235.840,49,0.82751,29.93700,0,26,0,0.856,
5897,235.880,47,0.66507,25.28423,1,26,0,0.795,6.999
5897,235.880,48,0.43811,28.36458,0,26,0,0.795,
5897,235.880,49,0.81592,29.30510,0,26,0,0.795,
5898,235.920,47,0.66941,25.18442,1,28,0,0.827,6.999
5898,235.920,48,0.45652,28.43563,0,28,0,0.858,
5898,235.920,49,0.78208,29.11670,0,28,0,0.858,
5899,235.960,47,0.67105,25.10556,1,27,0,0.860,6.999
5899,235.960,48,0.45502,28.43173,0,27,0,0.860,
5899,235.960,49,0.76260,28.71935,0,27,0,0.859,
5900,236.000,47,0.65956,25.02755,1,27,0,0.748,6.999
5900,236.000,48,0.44514,28.36045,0,27,0,0.748,
5900,236.000,49,0.77971,28.71937,0,27,0,0.748,
5901,236.040,47,0.67682,25.03187,1,28,0,0.793,6.999
5901,236.040,48,0.45076,28.44979,0,28,0,0.793,
5901,236.040,49,0.80451,28.70835,0,28,0,1.774,
5902,236.080,47,0.67209,24.88068,1,28,0,0.896,6.999
5902,236.080,48,0.42878,28.37303,0,28,0,0.896,
5902,236.080,49,0.77020,28.71986,0,28,0,0.896,
5903,236.120,47,0.68714,24.86969,1,28,0,0.762,6.999
5903,236.120,48,0.42388,28.39879,0,28,0,0.757,
5903,236.120,49,0.78733,28.69694,0,28,0,1.823,
5904,236.160,47,0.68540,24.71111,1,27,0,0.783,6.999
5904,236.160,49,0.78574,28.70119,0,27,0,0.783,
5905,236.200,47,0.69292,24.71128,1,28,0,0.851,6.999
5905,236.200,49,0.78259,28.70619,0,28,0,0.851,
5906,236.240,47,0.68182,24.57440,1,27,0,0.820,6.999
5907,236.280,47,0.69037,24.55670,1,28,0,0.788,6.999
5907,236.280,49,0.76365,28.70128,0,28,0,1.870,
5908,236.320,47,0.68931,24.40850,1,27,0,0.791,6.999
5908,236.320,49,0.76446,28.72075,0,27,0,0.791,
5909,236.360,47,0.69003,24.40542,1,27,0,0.907,6.999
5909,236.360,49,0.67892,28.74069,0,27,0,0.907,
5910,236.400,47,0.68763,24.27048,1,27,0,0.859,6.999
5911,236.440,47,0.69616,24.25305,1,29,0,0.797,6.999
5911,236.440,49,0.50667,28.42783,0,29,0,0.797,
5912,236.480,47,0.70339,24.13425,1,28,0,0.945,6.999
5912,236.480,49,0.54583,28.79085,0,28,0,1.850,
5913,236.520,47,0.70139,24.08786,1,27,0,0.958,6.999
5913,236.520,49,0.53284,28.58240,0,27,0,0.800,
5914,236.560,47,0.70446,24.00402,1,28,0,0.794,6.999
5914,236.560,49,0.56750,28.73416,0,28,0,2.007,
5915,236.600,47,0.70210,23.93743,1,29,0,0.863,6.999
5915,236.600,49,0.54168,28.41560,0,29,0,1.949,
5916,236.640,47,0.70651,23.81661,1,28,0,0.753,6.999
5916,236.640,49,0.55816,28.55183,0,28,0,1.869,
5917,236.680,47,0.72526,23.78840,1,28,0,0.887,6.999
5917,236.680,49,0.55864,28.54398,0,28,0,1.947,
5918,236.720,47,0.70544,23.66853,1,28,0,0.860,6.999
5918,236.720,49,0.54639,28.58471,0,28,0,0.860,
5919,236.760,47,0.71018,23.62409,1,28,0,0.886,6.999
5919,236.760,49,0.59198,28.61570,0,87,0,14.373,
5920,236.800,47,0.71185,23.52180,1,29,0,0.894,6.999
5920,236.800,49,0.61228,28.53155,0,29,0,0.894,
5921,236.840,47,0.71690,23.47374,1,28,0,0.778,6.999
5921,236.840,49,0.66082,28.72817,0,86,0,13.908,
5922,236.880,47,0.72073,23.37397,1,28,0,0.900,6.999
5922,236.880,49,0.69842,28.70542,0,93,0,13.687,
5923,236.920,47,0.72602,23.32861,1,30,0,0.718,6.999
5923,236.920,49,0.71769,28.70684,0,92,0,13.123,
5924,236.960,47,0.72496,23.24035,1,30,0,0.881,6.999
5924,236.960,49,0.75269,28.71420,0,77,0,13.272,
5925,237.000,47,0.72266,23.18205,1,30,0,0.773,6.999
5926,237.040,47,0.72274,23.09338,1,28,0,0.911,6.999
5927,237.080,47,0.73159,23.01505,1,29,0,0.795,6.999
5928,237.120,47,0.73000,22.94625,1,30,0,0.948,6.999
5929,237.160,47,0.73743,22.87086,1,30,0,0.843,6.999
5930,237.200,47,0.73990,22.81209,1,29,0,0.898,6.999
5931,237.240,47,0.74311,22.78420,1,30,0,0.854,6.999
5932,237.280,47,0.72733,22.64328,1,30,0,0.837,6.999
5933,237.320,47,0.74025,22.65648,1,30,0,0.797,6.999
5934,237.360,47,0.74873,22.49407,1,30,0,0.842,6.999
5935,237.400,47,0.74179,22.44904,1,30,0,0.839,6.999
5936,237.440,47,0.73346,22.37132,1,30,0,0.811,6.999
5937,237.480,47,0.74436,22.37687,1,29,0,0.885,6.999
5938,237.520,47,0.74200,22.25746,1,31,0,0.912,6.999
5939,237.560,47,0.75423,22.14615,1,32,0,0.912,6.999
5940,237.600,47,0.75196,22.07977,1,30,0,0.793,6.999
5941,237.640,47,0.75596,22.02074,1,30,0,0.925,6.999
5942,237.680,47,0.75283,21.94257,1,30,0,0.775,6.999
5943,237.720,47,0.75794,21.86295,1,31,0,0.886,6.999
5944,237.760,47,0.75567,21.80588,1,31,0,0.854,6.999
5945,237.800,47,0.76068,21.70624,1,30,0,0.939,6.999
5946,237.840,47,0.77260,21.73728,1,30,0,0.841,6.999
5947,237.880,47,0.76823,21.57130,1,31,0,0.809,6.999
5948,237.920,47,0.76308,21.47296,1,30,0,0.986,6.999
5949,237.960,47,0.77127,21.44760,1,30,0,0.840,6.999
5950,238.000,47,0.76680,21.34365,1,32,0,0.853,6.999
5951,238.040,47,0.77391,21.30689,1,32,0,0.837,6.999
5952,238.080,47,0.77317,21.20952,1,31,0,0.927,6.999
5953,238.120,47,0.77487,21.17663,1,32,0,0.864,6.999
5954,238.160,47,0.77934,21.07343,1,32,0,0.796,6.999
5955,238.200,47,0.76539,20.99347,1,32,0,0.888,6.999
5956,238.240,47,0.77850,20.93854,1,33,0,0.808,6.999
5957,238.280,47,0.77444,20.84501,1,32,0,0.877,6.999
5958,238.320,47,0.78749,20.83026,1,32,0,0.685,6.999
5959,238.360,47,0.78492,20.71809,1,32,0,0.863,6.999
5960,238.400,47,0.78071,20.64903,1,33,0,0.842,6.999
5961,238.440,47,0.78376,20.59000,1,32,0,0.687,6.999
5962,238.480,47,0.78613,20.49608,1,33,0,0.848,6.999
5963,238.520,47,0.78669,20.45714,1,34,0,0.853,6.999
5964,238.560,47,0.78138,20.37167,1,33,0,0.914,6.999
5965,238.600,47,0.78368,20.31253,1,34,0,0.690,6.999
5966,238.640,47,0.79166,20.25084,1,33,0,0.882,6.999
5967,238.680,47,0.78962,20.14987,1,33,0,0.842,6.999
5968,238.720,47,0.78902,20.11589,1,32,0,0.828,6.999
5969,238.760,47,0.79218,20.03483,1,33,0,0.839,6.999
5970,238.800,47,0.79139,19.95599,1,34,0,0.845,6.999
5971,238.840,47,0.79751,19.90330,1,34,0,0.770,6.999
5972,238.880,47,0.79445,19.82465,1,34,0,0.792,6.999
5973,238.920,47,0.78200,19.76717,1,34,0,0.740,6.999
5974,238.960,47,0.80212,19.68407,1,34,0,0.831,6.999
5975,239.000,47,0.79771,19.63479,1,34,0,0.722,6.999
5976,239.040,47,0.78632,19.55773,1,34,0,0.835,6.999
5977,239.080,47,0.80585,19.50766,1,34,0,0.762,6.999
5978,239.120,47,0.80154,19.41689,1,35,0,0.749,6.999
5979,239.160,47,0.79369,19.35347,1,34,0,0.880,6.999
5980,239.200,47,0.80649,19.29183,1,35,0,0.713,6.999
5981,239.240,47,0.80338,19.20929,1,34,0,0.753,6.999
5982,239.280,47,0.80094,19.15352,1,36,0,0.851,6.999
5983,239.320,47,0.81126,19.08939,1,35,0,0.676,6.999
5984,239.360,47,0.80834,19.00410,1,36,0,0.785,6.999
5985,239.400,47,0.80490,18.94221,1,35,0,0.913,6.999
5986,239.440,47,0.80433,18.88598,1,35,0,0.727,6.999
5987,239.480,47,0.80871,18.80841,1,35,0,0.786,6.999
5988,239.520,47,0.81130,18.77277,1,35,0,0.774,6.999
5989,239.560,47,0.81406,18.68229,1,36,0,0.587,6.999
5990,239.600,47,0.81134,18.59577,1,37,0,0.761,6.999
5991,239.640,47,0.81261,18.57005,1,37,0,0.744,6.999
5992,239.680,47,0.81949,18.47091,1,36,0,0.630,6.999
5993,239.720,47,0.81127,18.39866,1,37,0,0.738,6.999
5994,239.760,47,0.81185,18.36830,1,37,0,0.702,6.999
5995,239.800,47,0.80990,18.27631,1,36,0,0.820,6.999
5996,239.840,47,0.81078,18.19843,1,37,0,0.798,6.999
5997,239.880,47,0.80946,18.17119,1,37,0,0.692,6.999
5998,239.920,47,0.80324,18.08620,1,36,0,0.656,6.999
5999,239.960,47,0.81401,18.00638,1,37,0,0.775,6.999
6000,240.000,47,0.81736,17.97922,1,37,0,0.724,6.999
6001,240.040,47,0.80632,17.88629,1,38,0,0.706,6.999
6002,240.080,47,0.81348,17.80881,1,38,0,0.828,6.999
6003,240.120,47,0.81448,17.75872,1,37,0,0.660,6.999
6004,240.160,47,0.81115,17.69702,1,38,0,0.753,6.999
6005,240.200,47,0.81405,17.61751,1,38,0,0.616,6.999
6006,240.240,47,0.81868,17.58252,1,39,0,0.710,6.999
6007,240.280,47,0.81453,17.50899,1,39,0,0.783,6.999
6008,240.320,47,0.81750,17.42514,1,39,0,0.684,6.999
6009,240.360,47,0.81888,17.36450,1,38,0,0.670,6.999
6010,240.400,47,0.81554,17.30432,1,39,0,0.739,6.999
6011,240.440,47,0.81515,17.24091,1,40,0,0.791,6.999
6012,240.480,47,0.81759,17.18333,1,40,0,0.621,6.999
6013,240.520,47,0.81816,17.12805,1,40,0,0.754,6.999
6014,240.560,47,0.82355,17.05737,1,39,0,0.684,6.999
6015,240.600,47,0.82050,16.99559,1,39,0,0.669,6.999
6016,240.640,47,0.81636,16.91888,1,40,0,0.691,6.999
6017,240.680,47,0.81527,16.85541,1,39,0,0.824,6.999
6018,240.720,47,0.81955,16.80400,1,40,0,0.720,6.999
6019,240.760,47,0.81650,16.74218,1,40,0,0.598,6.999
6020,240.800,47,0.81885,16.65497,1,40,0,0.804,6.999
6021,240.840,47,0.82293,16.62364,1,40,0,0.705,6.999
6022,240.880,47,0.81727,16.55166,1,21,0,0.731,6.999
6023,240.920,47,0.81513,16.48656,1,40,0,0.766,6.999
6024,240.960,47,0.82497,16.44331,1,40,0,0.805,6.999
6025,241.000,47,0.82077,16.37383,1,40,0,0.736,6.999
6026,241.040,47,0.81897,16.30001,1,40,0,0.825,6.999
6027,241.080,47,0.82563,16.23157,1,40,0,0.797,6.999
6028,241.120,47,0.82008,16.17091,1,40,0,0.730,6.999
6029,241.160,47,0.82219,16.12828,1,21,0,0.791,6.999
6030,241.200,47,0.82248,16.07296,1,21,0,0.644,6.999
6031,241.240,47,0.82227,15.99111,1,21,0,0.767,6.999
6032,241.280,47,0.81750,15.92851,1,21,0,0.799,6.999
6033,241.320,47,0.82493,15.88455,1,21,0,0.784,6.999
6034,241.360,47,0.82469,15.81464,1,21,0,0.799,6.999
6035,241.400,47,0.81982,15.74247,1,21,0,0.790,6.999
6036,241.440,47,0.81928,15.68600,1,21,0,0.662,6.999
6037,241.480,47,0.82106,15.62913,1,21,0,0.777,6.999
6038,241.520,47,0.81609,15.56969,1,21,0,0.870,6.999
6039,241.560,47,0.81172,15.51201,1,21,0,0.717,6.999
6040,241.600,47,0.81591,15.44530,1,21,0,0.764,6.999
6041,241.640,47,0.81822,15.40391,1,22,0,0.888,6.999
6042,241.680,47,0.81394,15.34600,1,21,0,0.850,6.999
6043,241.720,47,0.82143,15.27322,1,22,0,0.598,6.999
6044,241.760,47,0.81641,15.22227,1,22,0,0.715,6.999
6045,241.800,47,0.81297,15.16980,1,22,0,0.762,6.999
6046,241.840,47,0.82171,15.11233,1,21,0,0.785,6.999
6047,241.880,47,0.81654,15.04709,1,22,0,0.667,6.999
6048,241.920,47,0.81100,14.98175,1,21,0,0.777,6.999
6049,241.960,47,0.80987,14.92378,1,22,0,0.778,6.999
6050,242.000,47,0.81808,14.88230,1,22,0,0.825,6.999
6051,242.040,47,0.81247,14.81653,1,22,0,0.802,6.999
6052,242.080,47,0.81130,14.75578,1,22,0,0.674,6.999
6053,242.120,47,0.81385,14.68327,1,22,0,0.804,6.999
6054,242.160,47,0.81006,14.62078,1,22,0,0.804,6.999
6055,242.200,47,0.81094,14.57504,1,22,0,0.677,6.999
6056,242.240,47,0.81473,14.52930,1,22,0,0.753,6.999
6057,242.280,47,0.81150,14.46210,1,22,0,0.830,6.999
6058,242.320,47,0.80676,14.40053,1,23,0,0.862,6.999
6059,242.360,47,0.81020,14.35689,1,23,0,0.695,6.999
6060,242.400,47,0.80898,14.29712,1,23,0,0.645,6.999
6061,242.440,47,0.80334,14.23771,1,22,0,0.816,6.999
6062,242.480,47,0.80929,14.18557,1,23,0,0.841,6.999
6063,242.520,47,0.80651,14.11648,1,23,0,0.740,6.999
6064,242.560,47,0.79904,14.06511,1,23,0,0.748,6.999
6065,242.600,47,0.80073,14.01477,1,23,0,0.790,6.999
6066,242.640,47,0.80937,13.94678,1,23,0,0.524,6.999
6067,242.680,47,0.80181,13.89335,1,23,0,0.731,6.999
6068,242.720,47,0.79667,13.83638,1,23,0,0.771,6.999
6069,242.760,47,0.80379,13.78369,1,23,0,0.860,6.999
6070,242.800,47,0.79918,13.72291,1,23,0,0.802,6.999
6071,242.840,47,0.79467,13.67731,1,23,0,0.753,6.999
6072,242.880,47,0.79743,13.61574,1,23,0,0.848,6.999
6073,242.920,47,0.79950,13.55542,1,23,0,0.791,6.999
6074,242.960,47,0.79228,13.50718,1,22,0,0.883,6.999
6075,243.000,47,0.79346,13.44187,1,23,0,0.783,6.999
6076,243.040,47,0.79450,13.39868,1,23,0,0.831,6.999
6077,243.080,47,0.79642,13.35020,1,23,0,0.807,6.999
6078,243.120,47,0.79438,13.29494,1,24,0,0.662,6.999
6079,243.160,47,0.79045,13.22734,1,24,0,0.567,6.999
6080,243.200,47,0.78475,13.17287,1,24,0,0.650,6.999
6081,243.240,47,0.78981,13.11459,1,24,0,0.826,6.999
6082,243.280,47,0.78540,13.06136,1,24,0,0.713,6.999
6083,243.320,47,0.78634,13.01363,1,24,0,0.632,6.999
6084,243.360,47,0.78895,12.97705,1,24,0,0.857,6.999
6085,243.400,47,0.78770,12.91320,1,24,0,0.735,6.999
6086,243.440,47,0.78580,12.86622,1,24,0,0.770,6.999
6087,243.480,47,0.78054,12.80385,1,25,0,0.767,6.999
6088,243.520,47,0.78880,12.74855,1,25,0,0.710,6.999
6089,243.560,47,0.78313,12.68562,1,25,0,0.752,6.999
6090,243.600,47,0.77923,12.64425,1,25,0,0.752,6.999
6091,243.640,47,0.77889,12.59268,1,24,0,0.678,6.999
6092,243.680,47,0.77539,12.53640,1,25,0,0.630,6.999
6093,243.720,47,0.77754,12.47920,1,25,0,0.717,6.999
6094,243.760,47,0.77223,12.43858,1,25,0,0.847,6.999
6095,243.800,47,0.77254,12.38092,1,25,0,0.757,6.999
6096,243.840,47,0.76846,12.32372,1,26,0,0.721,6.999
6097,243.880,47,0.77294,12.27520,1,26,0,0.800,6.999
6098,243.920,47,0.77531,12.22731,1,25,0,0.643,6.999
6099,243.960,47,0.76663,12.16451,1,25,0,0.674,6.999
6100,244.000,47,0.76725,12.11760,1,25,0,0.733,6.999
6101,244.040,47,0.77034,12.05870,1,26,0,0.649,6.999
6102,244.080,47,0.76564,12.00873,1,26,0,0.726,6.999
6103,244.120,47,0.76529,11.96146,1,26,0,0.750,6.999
6104,244.160,47,0.76680,11.90787,1,26,0,0.748,6.999
6105,244.200,47,0.76443,11.86174,1,26,0,0.719,6.999
6106,244.240,47,0.75839,11.80890,1,25,0,0.798,6.999
6107,244.280,47,0.75962,11.75337,1,26,0,0.715,6.999
6108,244.320,47,0.75748,11.69868,1,26,0,0.733,6.999
6109,244.360,47,0.75782,11.64672,1,26,0,0.735,6.999
6110,244.400,47,0.75320,11.59926,1,27,0,0.788,6.999
6111,244.440,47,0.75602,11.56270,1,27,0,0.776,6.999
6112,244.480,47,0.75256,11.51285,1,26,0,0.727,6.999
6113,244.520,47,0.75099,11.45598,1,26,0,0.848,6.999
6114,244.560,47,0.75045,11.40836,1,27,0,0.831,6.999
6115,244.600,47,0.75008,11.35930,1,27,0,0.688,6.999
6116,244.640,47,0.74734,11.31434,1,27,0,0.662,6.999
6117,244.680,47,0.74350,11.26062,1,27,0,0.621,6.999
6118,244.720,47,0.74828,11.21576,1,27,0,0.635,6.999
6119,244.760,47,0.74259,11.15955,1,26,0,0.765,6.999
6120,244.800,47,0.74133,11.10614,1,26,0,0.871,6.999
6121,244.840,47,0.73366,11.05636,1,27,0,0.759,6.999
6122,244.880,47,0.73492,11.01544,1,27,0,0.787,6.999
6123,244.920,47,0.73249,10.95471,1,28,0,0.775,6.999
6124,244.960,47,0.73264,10.91443,1,28,0,0.769,6.999
6125,245.000,47,0.72869,10.86535,1,27,0,0.678,6.999
6126,245.040,47,0.72652,10.81424,1,27,0,0.709,6.999
6127,245.080,47,0.72775,10.76957,1,28,0,0.747,6.999
6128,245.120,47,0.72541,10.72090,1,28,0,0.817,6.999
6129,245.160,47,0.72758,10.67207,1,28,0,0.670,6.999
6130,245.200,47,0.71957,10.62813,1,28,0,0.724,6.999
6131,245.240,47,0.72137,10.57982,1,28,0,0.746,6.999
6132,245.280,47,0.71909,10.53240,1,28,0,0.871,6.999
6133,245.320,47,0.71757,10.48584,1,28,0,0.830,6.999
6134,245.360,47,0.71266,10.43971,1,29,0,0.778,6.999
6135,245.400,47,0.71207,10.38941,1,28,0,0.722,6.999
6136,245.440,47,0.70644,10.34584,1,28,0,0.857,6.999
6137,245.480,47,0.71220,10.29301,1,29,0,0.817,6.999
6138,245.520,47,0.70955,10.25903,1,29,0,0.677,6.999
6139,245.560,47,0.70509,10.20852,1,29,0,0.707,6.999
6140,245.600,47,0.69784,10.15902,1,29,0,0.771,6.999
6141,245.640,47,0.70380,10.12000,1,30,0,0.713,6.999
6142,245.680,47,0.70261,10.06728,1,29,0,0.762,6.999
6143,245.720,47,0.69675,10.02067,1,29,0,0.781,6.999
6144,245.760,47,0.69314,9.97553,1,29,0,0.811,6.999
6145,245.800,47,0.69147,9.92381,1,30,0,0.656,6.999
6146,245.840,47,0.68691,9.87518,1,29,0,0.676,6.999
6147,245.880,47,0.68768,9.83571,1,29,0,0.764,6.999
6148,245.920,47,0.68498,9.78415,1,30,0,0.778,6.999
6149,245.960,47,0.68410,9.74370,1,30,0,0.640,6.999
6150,246.000,47,0.67931,9.69892,1,30,0,0.725,6.999
6151,246.040,47,0.67580,9.65255,1,30,0,0.697,6.999
6152,246.080,47,0.67326,9.61348,1,30,0,0.721,6.999
6153,246.120,47,0.67755,9.56768,1,30,0,0.716,6.999
6150,246.000,50,-0.16672,32.53434,1,18,0,0.723,6.999
6151,246.040,50,-0.18150,32.46267,0,151,0,15.030,
6152,246.080,50,-0.18358,32.35589,0,151,0,15.458,
6153,246.120,50,-0.20255,32.26560,0,151,0,14.027,
6154,246.160,47,0.67266,9.52816,1,30,0,0.723,6.999
6154,246.160,50,-0.19326,32.02862,0,159,0,13.985,
6155,246.200,47,0.66859,9.47691,1,30,0,0.734,6.999
6155,246.200,50,-0.18920,32.00910,0,215,0,20.679,
6156,246.240,47,0.66394,9.43407,1,30,0,0.762,6.999
6156,246.240,50,-0.18299,32.01458,0,213,0,21.756,
6157,246.280,47,0.66384,9.38496,1,31,0,0.602,6.999
6157,246.280,50,-0.19619,32.01249,0,226,0,21.999,
6158,246.320,47,0.66470,9.34742,1,31,0,0.687,6.999
6158,246.320,50,-0.20363,32.01083,0,283,0,32.217,
6159,246.360,47,0.66287,9.30285,1,31,0,0.715,6.999
6159,246.360,50,-0.22218,31.81996,0,226,0,21.396,
6160,246.400,47,0.65876,9.26785,1,31,18,0.737,14.015
6160,246.400,50,-0.21535,31.81470,0,291,0,32.355,
6161,246.440,47,0.65323,9.21752,1,31,0,0.720,6.999
6161,246.440,50,-0.22389,31.83497,0,295,0,32.622,
6162,246.480,47,0.65157,9.17410,1,31,0,0.661,6.999
6162,246.480,50,-0.24915,31.59167,0,224,0,21.071,
6163,246.520,47,0.64814,9.13620,1,31,0,0.646,6.999
6163,246.520,50,-0.24741,31.35929,0,228,0,21.153,
6164,246.560,47,0.64729,9.08914,1,32,0,0.671,6.999
6164,246.560,50,-0.23146,31.42131,0,300,0,32.598,
6165,246.600,47,0.64621,9.04955,1,32,0,0.818,6.999
6165,246.600,50,-0.23580,31.33587,0,290,0,32.406,
6166,246.640,47,0.64644,8.99735,1,32,0,0.719,6.999
6166,246.640,50,-0.24788,31.13361,0,224,0,20.598,
6167,246.680,47,0.64069,8.95022,1,32,0,0.673,6.999
6167,246.680,50,-0.23337,31.12392,0,228,0,20.929,
6168,246.720,47,0.63668,8.91128,1,31,0,0.648,6.999
6168,246.720,50,-0.23788,30.90862,0,240,0,20.500,
6169,246.760,47,0.63482,8.86817,1,31,0,0.682,6.999
6169,246.760,50,-0.25589,30.71177,0,280,0,22.205,
6170,246.800,47,0.63362,8.81632,1,32,0,0.718,6.999
6170,246.800,50,-0.24760,30.75761,1,21,0,1.167,6.999
6171,246.840,47,0.63198,8.79176,1,32,13,0.671,15.780
6171,246.840,50,-0.23964,30.78022,1,22,0,0.943,6.999
6172,246.880,47,0.63104,8.73808,1,33,0,0.713,6.999
6172,246.880,50,-0.25485,30.47134,0,22,0,1.183,
6173,246.920,47,0.62603,8.71326,1,33,26,0.631,13.031
6173,246.920,50,-0.25741,30.47806,1,24,0,0.987,6.999
6174,246.960,47,0.62507,8.68228,1,32,27,0.803,12.936
6174,246.960,50,-0.25789,30.42389,1,25,0,0.721,6.999
6175,247.000,47,0.62302,8.61935,1,33,37,0.477,11.218
6175,247.000,50,-0.27194,30.35231,1,23,0,0.598,6.999
6176,247.040,47,0.61660,8.56845,1,33,0,0.609,6.999
6176,247.040,50,-0.27533,30.33076,1,25,0,0.480,6.999
6177,247.080,47,0.61879,8.54746,1,33,29,0.810,13.175
6177,247.080,50,-0.28014,30.27940,0,114,0,11.931,
6178,247.120,47,0.61502,8.49394,1,35,27,0.851,14.354
6178,247.120,50,-0.29076,30.19285,0,298,0,30.970,
6179,247.160,47,0.61446,8.46436,1,35,28,0.856,13.509
6179,247.160,50,-0.26778,30.06510,0,117,0,10.905,
6180,247.200,47,0.60715,8.41944,1,35,34,0.599,13.480
6180,247.200,50,-0.26651,30.08759,0,118,0,10.758,
6181,247.240,47,0.60741,8.38952,1,34,35,0.781,13.863
6181,247.240,50,-0.28101,30.03531,0,118,0,11.160,
6182,247.280,47,0.60572,8.36140,1,33,34,1.143,14.026
6182,247.280,50,-0.29129,29.86102,0,122,0,11.069,
6183,247.320,47,0.61290,8.34324,1,32,26,1.565,10.393
6183,247.320,50,-0.28571,29.87566,0,121,0,11.087,
6184,247.360,47,0.60587,8.29955,1,31,29,1.979,12.188
6184,247.360,50,-0.28999,29.68238,0,124,0,11.652,
6185,247.400,47,0.58309,8.04416,1,30,0,1.882,6.999
6185,247.400,50,-0.29160,29.70357,0,105,0,11.527,
6186,247.440,47,0.59592,8.01996,1,30,0,1.795,5.014
6186,247.440,50,-0.30206,29.57764,0,108,0,11.632,
6187,247.480,47,0.59097,8.13171,1,52,22,2.433,13.145
6187,247.480,50,-0.30837,29.47680,0,99,0,11.690,
6188,247.520,47,0.58886,8.00997,1,29,0,1.470,12.621
6188,247.520,50,-0.30847,29.39538,1,28,0,1.024,6.999
6189,247.560,47,0.58537,7.98784,1,26,31,0.854,5.594
6189,247.560,50,-0.31050,29.20806,1,24,0,1.031,6.999
6190,247.600,47,0.57803,7.93128,1,30,0,2.126,6.999
6190,247.600,50,-0.31602,29.26840,1,23,0,1.117,6.999
6191,247.640,47,0.57980,7.92294,1,39,0,1.601,6.999
6191,247.640,50,-0.31932,29.02587,0,100,0,12.265,
6192,247.680,47,0.58348,7.91771,1,36,37,0.929,4.677
6192,247.680,50,-0.32488,29.10091,1,25,0,0.831,6.999
6193,247.720,47,0.57501,7.86502,1,33,0,0.824,3.704
6193,247.720,50,-0.31896,29.12833,1,23,0,1.019,6.999
6194,247.760,47,0.57753,7.85581,1,53,60,0.752,5.214
6194,247.760,50,-0.33711,28.85434,0,23,0,0.879,
6195,247.800,47,0.57187,7.80675,1,41,0,0.685,10.416
6195,247.800,50,-0.32940,28.78544,1,24,0,0.909,6.999
6196,247.840,47,0.57045,7.75693,1,35,0,0.739,6.999
6196,247.840,50,-0.34363,28.69917,1,24,0,0.824,6.999
6197,247.880,47,0.56875,7.71148,1,35,0,0.726,6.999
6197,247.880,50,-0.33289,28.59168,0,301,0,34.055,
6198,247.920,47,0.57128,7.70044,1,35,27,0.868,15.085
6198,247.920,50,-0.33011,28.68694,0,285,0,27.736,
6199,247.960,47,0.56535,7.64026,1,36,0,0.781,6.999
6199,247.960,50,-0.33059,28.56873,0,0,0,,
6200,248.000,47,0.56362,7.60072,1,36,0,0.666,6.999
6200,248.000,50,-0.34788,28.40982,1,24,0,0.860,6.999
6201,248.040,47,0.56362,7.57424,1,35,19,0.684,13.254
6201,248.040,50,-0.34816,28.36048,1,25,0,0.839,6.999
6202,248.080,47,0.55618,7.52547,1,35,0,0.626,6.999
6202,248.080,50,-0.34879,28.30246,0,0,0,,
6203,248.120,47,0.55539,7.48563,1,36,0,0.767,13.760
6203,248.120,50,-0.35219,28.12852,0,111,0,14.092,
6204,248.160,47,0.55303,7.44949,1,35,15,0.786,15.305
6204,248.160,50,-0.34967,28.18629,0,0,0,,
6205,248.200,47,0.55338,7.42348,1,36,21,0.914,14.272
6205,248.200,50,-0.33844,28.13611,0,0,0,,
6206,248.240,47,0.55020,7.38477,1,36,23,0.851,14.790
6206,248.240,50,-0.36686,27.96717,0,0,0,,
6207,248.280,47,0.54748,7.34586,1,37,22,0.897,14.827
6207,248.280,50,-0.35245,27.94556,1,25,0,0.938,6.999
6208,248.320,47,0.54287,7.31545,1,37,34,0.712,13.094
6208,248.320,50,-0.34726,27.82400,0,0,0,,
6209,248.360,47,0.53947,7.25823,1,37,0,0.853,15.067
6209,248.360,50,-0.37016,27.66571,1,24,0,0.971,6.999
6200,248.000,51,-0.30679,30.11816,1,24,0,1.263,6.999
6201,248.040,51,-0.28036,30.14271,0,25,0,1.882,
6209,248.360,51,-0.27712,29.59465,0,24,0,1.639,
6210,248.400,47,0.53855,7.23945,1,37,29,0.917,12.894
6210,248.400,50,-0.36606,27.75671,1,24,0,0.938,6.999
6210,248.400,51,-0.26676,29.31733,0,24,0,1.781,
6211,248.440,47,0.53896,7.20339,1,37,33,0.930,14.551
6211,248.440,50,-0.38470,27.47671,1,24,0,0.987,6.999
6211,248.440,51,-0.29839,29.09809,0,24,0,1.633,
6210,248.400,52,-0.21823,31.37559,0,32,0,1.734,
6211,248.440,52,-0.21952,30.86357,0,164,0,21.860,
6212,248.480,47,0.53434,7.17185,1,37,28,1.019,13.506
6212,248.480,50,-0.36813,27.56047,1,26,0,0.936,6.999
6212,248.480,51,-0.29726,29.47513,0,26,0,1.720,
6212,248.480,52,-0.20799,31.55082,0,26,0,0.936,
6213,248.520,47,0.53196,7.11726,1,38,39,0.754,11.631
6213,248.520,50,-0.40353,27.41106,0,0,0,,
6213,248.520,52,-0.20446,31.78912,0,369,0,33.418,
6214,248.560,47,0.52598,7.07315,1,37,0,0.814,6.999
6214,248.560,50,-0.38295,27.29560,1,25,0,1.021,6.999
6214,248.560,51,-0.33301,28.87145,0,25,0,1.705,
6214,248.560,52,-0.20023,31.60227,0,25,0,0.954,
6215,248.600,47,0.52591,7.05980,1,36,31,1.005,14.074
6215,248.600,50,-0.38438,27.24313,1,24,0,0.866,6.999
6215,248.600,51,-0.32739,28.89573,0,24,0,0.866,
6215,248.600,52,-0.23724,31.72691,0,24,0,0.470,
6216,248.640,47,0.52481,7.01843,1,37,34,0.853,13.822
6216,248.640,50,-0.39175,27.15443,0,0,0,,
6216,248.640,51,-0.33396,28.77290,0,0,0,,
6216,248.640,52,-0.24035,31.55558,0,400,0,35.982,
6217,248.680,47,0.51817,6.96201,1,37,0,0.742,16.351
6217,248.680,50,-0.38752,27.10654,1,25,0,1.044,6.999
6217,248.680,51,-0.35295,28.71631,0,25,0,1.816,
6217,248.680,52,-0.25146,31.08240,0,188,0,25.419,
6218,248.720,47,0.51833,6.94761,1,37,34,1.010,14.325
6218,248.720,50,-0.39953,26.90042,0,0,0,,
6218,248.720,51,-0.35595,28.69237,0,0,0,,
6218,248.720,52,-0.15034,31.56745,0,254,0,35.688,
6219,248.760,47,0.50953,6.88970,1,37,27,0.812,17.617
6219,248.760,50,-0.39337,26.90695,1,24,0,1.159,6.999
6219,248.760,51,-0.34777,28.69526,0,24,0,1.701,
6220,248.800,47,0.51477,6.87347,1,39,31,1.195,14.547
6220,248.800,50,-0.40328,26.93329,1,25,0,1.038,6.999
6220,248.800,51,-0.31024,28.67957,0,25,0,1.039,
6221,248.840,47,0.50456,6.78536,1,39,21,1.433,22.723
6221,248.840,50,-0.40392,26.77419,1,25,0,1.030,6.999
6221,248.840,51,-0.32624,28.52533,0,25,0,1.667,
6222,248.880,47,0.50914,6.80637,1,38,38,0.991,13.678
6222,248.880,50,-0.40158,26.69766,1,25,0,0.910,6.999
6222,248.880,52,-0.03395,31.84476,0,25,0,0.909,
6223,248.920,47,0.49035,6.66786,1,39,25,2.284,31.330
6223,248.920,50,-0.40585,26.60791,1,26,0,1.040,6.999
6223,248.920,51,-0.35316,28.34505,0,26,0,1.686,
6224,248.960,47,0.48064,6.64512,1,47,31,2.346,30.839
6224,248.960,50,-0.41542,26.53310,1,24,0,0.945,6.999
6225,249.000,47,0.49615,6.70124,1,45,36,1.067,13.618
6225,249.000,50,-0.41579,26.57880,1,26,0,1.043,6.999
6225,249.000,51,-0.44928,28.34520,0,26,0,1.050,
6226,249.040,47,0.48616,6.67467,1,55,39,1.661,14.254
6226,249.040,50,-0.40859,26.39258,1,25,0,0.930,6.999
6226,249.040,51,-0.44992,28.34255,0,25,0,0.933,
6227,249.080,47,0.48165,6.64181,1,57,35,1.846,13.433
6227,249.080,50,-0.42028,26.40313,1,24,0,0.997,6.999
6227,249.080,51,-0.43970,28.20871,0,24,0,0.997,
6227,249.080,52,-0.08894,31.80913,0,24,0,1.004,
6228,249.120,47,0.47879,6.61459,1,56,38,1.769,13.703
6228,249.120,50,-0.41645,26.25156,1,26,0,1.037,6.999
6229,249.160,47,0.48534,6.55865,1,55,25,1.398,15.435
6229,249.160,50,-0.42251,26.25886,1,24,0,0.931,6.999
6230,249.200,47,0.48283,6.50556,1,57,0,2.475,6.999
6230,249.200,50,-0.43166,26.07640,1,26,0,1.019,6.999
6230,249.200,51,-0.45067,28.15757,0,26,0,1.799,
6230,249.200,52,-0.09463,31.83463,0,235,0,25.582,
6231,249.240,47,0.48073,6.47485,1,55,28,2.022,15.712
6231,249.240,50,-0.42711,26.09953,1,25,0,0.978,6.999
6231,249.240,52,-0.15620,30.97368,0,107,0,15.208,
6232,249.280,47,0.47581,6.46928,1,47,43,2.463,13.587
6232,249.280,50,-0.43715,25.95657,1,25,0,1.090,6.999
6232,249.280,52,-0.23266,30.95931,0,215,0,24.000,
6233,249.320,47,0.46524,6.35853,1,38,0,2.244,23.177
6233,249.320,50,-0.44841,25.87716,1,25,0,0.704,6.999
6233,249.320,52,-0.38418,30.78712,0,152,0,19.251,
6234,249.360,47,0.46499,6.34386,1,50,0,1.885,16.317
6234,249.360,50,-0.43573,25.91513,1,25,0,1.128,6.999
6234,249.360,52,-0.25987,30.89605,0,273,0,41.490,
6235,249.400,47,0.47129,6.33340,1,52,62,1.572,5.379
6235,249.400,50,-0.45037,25.72522,1,26,0,0.954,6.999
6235,249.400,52,-0.23775,30.13483,0,149,0,18.511,
6236,249.440,47,0.47085,6.35026,1,44,64,1.441,10.459
6236,249.440,50,-0.44564,25.67238,1,27,0,1.008,6.999
6236,249.440,52,-0.23561,29.59645,0,147,0,18.733,
6237,249.480,47,0.46368,6.27075,1,44,72,0.669,6.498
6237,249.480,50,-0.45658,25.56357,1,26,0,0.944,6.999
6237,249.480,52,-0.23422,29.58025,0,26,0,0.944,
6238,249.520,47,0.46612,6.25819,1,41,72,0.693,7.634
6238,249.520,50,-0.44485,25.54693,1,26,0,0.907,6.999
6238,249.520,52,-0.24776,30.09651,0,26,0,0.907,
6239,249.560,47,0.46014,6.23997,1,54,72,0.900,8.175
6239,249.560,50,-0.45208,25.41337,1,28,0,1.016,6.999
6239,249.560,52,-0.23384,30.45894,0,170,0,18.600,
6240,249.600,47,0.45498,6.18200,1,59,64,0.948,11.536
6240,249.600,50,-0.44474,25.43080,1,26,0,1.069,6.999
6240,249.600,52,-0.23119,30.46306,0,85,0,13.220,
6241,249.640,47,0.45055,6.15100,1,39,52,1.140,13.299
6241,249.640,50,-0.45244,25.26176,1,26,0,1.088,6.999
6240,249.600,53,-0.18798,32.23431,1,18,0,0.551,6.999
6241,249.640,53,-0.20502,31.78131,0,114,0,12.904,
6242,249.680,47,0.44729,6.11691,1,40,38,1.272,14.525
6242,249.680,50,-0.45065,25.21449,1,26,0,1.006,6.999
6242,249.680,51,-0.26925,28.17670,0,26,0,1.018,
6242,249.680,52,-0.22183,30.28614,0,180,0,18.015,
6242,249.680,53,-0.20160,32.05935,0,180,0,18.015,
6243,249.720,47,0.44896,6.09522,1,40,49,1.183,14.462
6243,249.720,50,-0.47212,25.15781,1,26,0,1.175,6.999
6243,249.720,51,-0.28471,28.11759,0,26,0,1.175,
6243,249.720,53,-0.20480,32.03187,0,105,0,13.356,
6244,249.760,47,0.44248,6.06682,1,39,39,1.127,15.999
6244,249.760,50,-0.46466,25.08694,1,27,0,0.997,6.999
6244,249.760,51,-0.30003,28.14309,0,27,0,0.896,
6244,249.760,52,-0.27295,30.24836,0,103,0,13.355,
6245,249.800,47,0.44112,6.03690,1,40,47,1.365,14.484
6245,249.800,50,-0.47616,24.97321,1,26,0,1.211,6.999
6245,249.800,51,-0.31203,28.14353,0,26,0,1.208,
6245,249.800,52,-0.29716,30.47402,0,98,0,12.470,
6246,249.840,47,0.43408,5.97780,1,40,40,0.774,11.406
6246,249.840,50,-0.47251,24.91422,1,27,0,0.913,6.999
6246,249.840,51,-0.32403,28.23347,0,88,0,13.028,
6246,249.840,52,-0.27547,29.72365,0,88,0,13.028,
6246,249.840,53,-0.23956,32.19971,0,88,0,13.028,
6247,249.880,47,0.42789,5.93779,1,40,36,0.738,11.463
6247,249.880,50,-0.47799,24.92832,1,26,0,1.162,6.999
6247,249.880,51,-0.32841,28.28506,0,109,0,13.343,
6247,249.880,52,-0.27661,29.74543,0,109,0,13.343,
6247,249.880,53,-0.25818,32.04521,0,109,0,13.343,
6248,249.920,47,0.43112,5.92230,1,41,39,0.862,12.512
6248,249.920,50,-0.47679,24.76656,1,28,0,0.934,6.999
6248,249.920,51,-0.33837,28.36199,0,113,0,13.369,
6248,249.920,52,-0.30021,29.29423,0,113,0,13.369,
6248,249.920,53,-0.28810,32.24751,0,113,0,13.369,
6249,249.960,47,0.42804,5.89443,1,41,42,0.827,13.380
6249,249.960,50,-0.47008,24.79969,1,26,0,1.103,6.999
6249,249.960,52,-0.32763,28.68051,0,104,0,13.755,
6249,249.960,53,-0.30015,32.26963,0,104,0,13.755,
6250,250.000,47,0.42424,5.85980,1,41,38,1.041,13.040
6250,250.000,50,-0.47791,24.60798,1,27,0,0.950,6.999
6250,250.000,52,-0.33693,28.31152,0,27,0,1.009,
6250,250.000,53,-0.31766,31.45399,0,439,0,42.783,
6251,250.040,47,0.42046,5.82999,1,41,46,0.922,12.478
6251,250.040,50,-0.49714,24.65308,1,27,0,1.049,6.999
6251,250.040,52,-0.40075,28.33494,0,27,0,1.709,
6251,250.040,53,-0.35697,30.82020,0,27,0,1.709,
6252,250.080,47,0.41929,5.79431,1,40,47,0.980,12.622
6252,250.080,50,-0.48916,24.43837,1,27,0,0.838,6.999
6252,250.080,53,-0.46295,30.25056,0,27,0,1.769,
6250,250.000,55,-0.33075,30.79337,1,18,0,1.374,6.999
6251,250.040,55,-0.35631,30.76159,0,27,0,1.709,
6252,250.080,55,-0.46222,30.21928,0,27,0,1.771,
6253,250.120,47,0.41442,5.76116,1,41,47,1.133,12.466
6253,250.120,50,-0.49044,24.42288,1,28,0,1.131,6.999
6253,250.120,53,-0.50304,30.29168,0,664,0,56.313,
6253,250.120,55,-0.50231,30.29216,0,664,0,56.313,
6250,250.000,56,-0.33305,28.53512,0,22,0,1.854,
6251,250.040,56,-0.39279,28.33293,0,27,0,1.709,
6252,250.080,56,-0.32916,28.33000,0,27,0,0.838,
6253,250.120,56,-0.34639,28.26425,0,28,0,1.131,
6254,250.160,47,0.41079,5.73795,1,41,50,0.922,13.118
6254,250.160,50,-0.49123,24.31005,1,27,0,1.023,6.999
6254,250.160,53,-0.51176,30.60803,0,27,0,1.765,
6255,250.200,47,0.40683,5.70934,1,56,49,0.967,13.596
6255,250.200,50,-0.49182,24.29810,1,27,0,0.852,6.999
6255,250.200,52,-0.57222,28.74126,0,27,0,0.852,
6255,250.200,53,-0.54085,30.51431,0,27,0,1.792,
6255,250.200,56,-0.34439,28.32034,0,27,0,0.992,
6256,250.240,47,0.40413,5.67795,1,58,48,0.898,13.363
6256,250.240,50,-0.49901,24.17358,1,27,0,1.020,6.999
6256,250.240,52,-0.58230,28.71489,0,199,0,20.171,
6257,250.280,47,0.40125,5.64651,1,58,49,0.995,13.084
6257,250.280,50,-0.50998,24.14687,1,28,0,0.848,6.999
6257,250.280,52,-0.58187,28.75422,0,160,0,15.214,
6258,250.320,47,0.39950,5.60874,1,42,47,0.929,13.175
6258,250.320,50,-0.50339,24.00793,1,28,0,0.938,6.999
6258,250.320,52,-0.58224,28.92110,0,331,0,48.809,
6258,250.320,53,-0.57520,30.83417,0,331,0,48.809,
6259,250.360,47,0.39645,5.57841,1,43,47,0.922,13.084
6259,250.360,50,-0.51334,24.00228,1,28,0,0.872,6.999
6259,250.360,52,-0.58893,28.94842,0,217,0,21.012,
6259,250.360,53,-0.60608,30.50814,0,217,0,21.012,
6260,250.400,47,0.39596,5.55443,1,58,47,0.971,13.307
6260,250.400,50,-0.51455,23.86291,1,28,0,0.956,6.999
6260,250.400,52,-0.60266,28.98281,0,207,0,20.543,
6260,250.400,53,-0.63375,30.50160,0,207,0,20.543,
6260,250.400,56,-0.26950,28.56711,0,207,0,20.543,
6261,250.440,47,0.38780,5.52255,1,58,47,0.988,13.401
6261,250.440,50,-0.51596,23.85732,1,28,0,0.892,6.999
6261,250.440,52,-0.60594,28.92852,0,28,0,0.892,
6261,250.440,53,-0.62526,29.97952,0,28,0,1.792,
6261,250.440,56,-0.25873,28.68496,0,28,0,0.892,
6260,250.400,57,-0.25238,30.38414,1,35,0,2.172,6.999
6261,250.440,57,-0.27041,29.91118,0,28,0,1.787,
6262,250.480,47,0.38721,5.48610,1,42,44,0.872,12.424
6262,250.480,50,-0.52111,23.75711,1,27,0,1.046,6.999
6262,250.480,52,-0.62950,29.12967,0,27,0,1.868,
6262,250.480,53,-0.62079,29.15322,0,27,0,1.868,
6262,250.480,57,-0.29334,30.10405,0,27,0,1.868,
6263,250.520,47,0.38368,5.46057,1,57,43,1.101,12.880
6263,250.520,50,-0.51623,23.70461,1,28,0,0.902,6.999
6263,250.520,52,-0.63044,29.17882,0,182,0,18.140,
6263,250.520,53,-0.64758,29.16213,0,182,0,18.140,
6263,250.520,57,-0.30534,30.15111,0,182,0,18.140,
6264,250.560,47,0.38347,5.43310,1,59,44,0.963,12.952
6264,250.560,50,-0.52529,23.60068,1,28,0,1.129,6.999
6264,250.560,52,-0.65963,29.13875,0,433,0,35.069,
6264,250.560,53,-0.65958,29.15504,0,433,0,35.069,
6264,250.560,57,-0.30958,30.06092,0,28,0,1.762,
6265,250.600,47,0.37684,5.39108,1,43,45,0.860,12.062
6265,250.600,50,-0.52730,23.57477,1,28,0,0.831,6.999
6265,250.600,52,-0.67801,29.16681,0,28,0,1.778,
6265,250.600,57,-0.34530,30.13284,0,28,0,1.783,
6266,250.640,47,0.37296,5.36427,1,43,45,0.946,12.401
6266,250.640,50,-0.52548,23.46116,1,28,0,1.103,6.999
6266,250.640,52,-0.70886,29.16259,0,191,0,18.162,
6266,250.640,57,-0.36747,30.26113,0,191,0,18.162,
6267,250.680,47,0.37185,5.33416,1,44,44,0.918,12.538
6267,250.680,50,-0.52085,23.42899,1,28,0,0.944,6.999
6267,250.680,52,-0.73785,29.15114,0,35,0,1.100,
6268,250.720,47,0.36882,5.30577,1,58,43,0.869,12.784
6268,250.720,50,-0.52803,23.32093,1,28,0,1.122,6.999
6268,250.720,57,-0.53108,29.41604,0,335,0,51.870,
6269,250.760,47,0.36453,5.27770,1,57,46,0.942,12.621
6269,250.760,50,-0.52350,23.28109,1,28,0,0.962,6.999
6269,250.760,57,-0.66062,29.39022,0,182,0,17.406,
6270,250.800,47,0.36137,5.23879,1,45,46,0.743,11.561
6270,250.800,50,-0.53330,23.17463,1,27,0,1.061,6.999
6270,250.800,57,-0.70877,29.33581,0,41,0,2.863,
6271,250.840,47,0.36055,5.21387,1,57,48,0.849,11.977
6271,250.840,50,-0.53192,23.15733,1,27,0,0.885,6.999
6271,250.840,57,-0.74078,29.38819,0,33,0,5.593,
6272,250.880,47,0.35461,5.18365,1,45,45,0.951,11.887
6272,250.880,50,-0.53624,22.98430,1,28,0,1.123,6.999
6272,250.880,57,-0.76982,29.34694,0,0,0,,
6273,250.920,47,0.35230,5.15226,1,45,46,0.883,11.487
6273,250.920,50,-0.53109,22.97408,1,28,0,0.971,6.999
6273,250.920,57,-0.79276,29.44622,0,257,0,29.438,
6274,250.960,47,0.34888,5.12975,1,45,48,1.055,11.691
6274,250.960,50,-0.54021,22.88621,1,28,0,1.034,6.999
6274,250.960,57,-0.82400,29.56996,0,157,0,17.292,
6275,251.000,47,0.34653,5.09839,1,46,45,1.000,10.855
6275,251.000,50,-0.54104,22.84361,1,29,0,0.923,6.999
6275,251.000,57,-0.86991,29.55921,0,118,0,14.604,
6276,251.040,47,0.34500,5.06545,1,45,44,0.799,11.251
6276,251.040,50,-0.53408,22.74184,1,28,0,0.972,6.999
6276,251.040,57,-0.90446,29.56618,0,36,0,6.390,
6277,251.080,47,0.33814,5.03735,1,44,46,1.047,10.399
6277,251.080,50,-0.54161,22.70811,1,29,0,0.979,6.999
6277,251.080,57,-0.96326,29.57393,0,299,0,32.061,
6278,251.120,47,0.33901,5.01040,1,45,45,0.765,9.923
6278,251.120,50,-0.53651,22.60824,1,28,0,0.989,6.999
6278,251.120,57,-1.00181,29.57682,0,82,0,12.279,
6279,251.160,47,0.33585,4.98244,1,45,41,0.842,10.940
6279,251.160,50,-0.55015,22.53726,1,29,0,1.056,6.999
6279,251.160,57,-1.01479,29.79711,0,22,0,1.053,
6280,251.200,47,0.33311,4.94880,1,46,43,0.795,10.263
6280,251.200,50,-0.54116,22.48505,1,28,0,0.980,6.999
6280,251.200,57,-1.04018,29.79569,0,185,0,25.316,
6281,251.240,47,0.33033,4.92074,1,46,42,0.673,9.717
6281,251.240,50,-0.54511,22.41602,1,30,0,0.999,6.999
6281,251.240,57,-1.04395,29.79993,0,195,0,25.253,
6282,251.280,47,0.32785,4.89595,1,45,45,0.745,10.450
6282,251.280,50,-0.55063,22.34916,1,28,0,1.119,6.999
6282,251.280,57,-1.03636,29.81614,0,194,0,26.045,
6283,251.320,47,0.32322,4.86385,1,46,45,0.773,10.423
6283,251.320,50,-0.54511,22.34422,1,30,0,1.082,6.999
6283,251.320,57,-1.05055,30.04453,0,178,0,25.133,
6284,251.360,47,0.32023,4.83701,1,47,42,0.654,10.115
6284,251.360,50,-0.55195,22.17669,1,29,0,1.079,6.999
6284,251.360,57,-1.05085,30.21230,0,801,0,68.270,
6285,251.400,47,0.31642,4.80812,1,46,41,0.779,9.885
6285,251.400,50,-0.55391,22.12429,1,30,0,1.065,6.999
6285,251.400,57,-1.02274,29.89349,0,362,0,48.839,
6286,251.440,47,0.31288,4.77771,1,47,48,0.826,9.646
6286,251.440,50,-0.55648,22.03971,1,29,0,0.961,6.999
6286,251.440,57,-1.01074,30.01349,0,440,0,61.173,
6287,251.480,47,0.31161,4.75500,1,48,50,0.678,10.167
6287,251.480,50,-0.56042,21.93447,1,30,0,1.151,6.999
6287,251.480,57,-0.99846,30.23850,0,374,0,48.035,
6288,251.520,47,0.30866,4.72624,1,48,50,0.801,9.992
6288,251.520,50,-0.55678,21.95922,1,29,0,1.126,6.999
6288,251.520,57,-0.99675,30.19256,0,434,0,61.442,
6289,251.560,47,0.30488,4.69775,1,49,44,0.830,9.384
6289,251.560,50,-0.56375,21.83363,1,30,0,1.150,6.999
6290,251.600,47,0.30316,4.66963,1,50,51,0.994,8.915
6290,251.600,50,-0.54762,21.83623,1,29,0,1.112,6.999
6291,251.640,47,0.30225,4.64246,1,50,52,0.877,9.095
6291,251.640,50,-0.56047,21.70818,1,29,0,1.087,6.999
6292,251.680,47,0.30066,4.61642,1,52,50,0.873,8.836
6292,251.680,50,-0.55980,21.68767,1,29,0,1.087,6.999
6293,251.720,47,0.29784,4.59031,1,55,49,1.068,8.747
6293,251.720,50,-0.57078,21.56454,1,30,0,1.054,6.999
6294,251.760,47,0.29330,4.56574,1,50,51,0.914,8.777
6294,251.760,50,-0.56456,21.57171,1,30,0,1.068,6.999
6295,251.800,47,0.29166,4.53998,1,50,51,0.849,9.470
6295,251.800,50,-0.57339,21.42311,1,30,0,0.991,6.999
6296,251.840,47,0.28811,4.51696,1,50,51,0.767,9.655
6296,251.840,50,-0.57621,21.37830,1,31,0,1.052,6.999
6297,251.880,47,0.28377,4.49345,1,48,50,0.796,9.813
6297,251.880,50,-0.57556,21.30111,1,30,0,1.010,6.999
6298,251.920,47,0.28012,4.46325,1,50,50,0.589,10.024
6298,251.920,50,-0.57348,21.23205,1,31,0,1.048,6.999
6299,251.960,47,0.27875,4.44001,1,50,49,0.688,9.787
6299,251.960,50,-0.56679,21.21669,1,31,0,0.998,6.999
6300,252.000,47,0.27524,4.41478,1,49,45,0.748,9.550
6300,252.000,50,-0.57562,21.07520,1,31,0,0.984,6.999
6301,252.040,47,0.26918,4.38215,1,50,47,0.872,8.568
6301,252.040,50,-0.57390,21.03818,1,31,0,1.046,6.999
6302,252.080,47,0.26740,4.36162,1,50,47,0.806,8.406
6302,252.080,50,-0.57346,20.94165,1,31,0,1.045,6.999
6303,252.120,47,0.26426,4.33783,1,50,43,0.798,8.755
6303,252.120,50,-0.58236,20.95718,1,32,0,1.080,6.999
6304,252.160,47,0.26055,4.30889,1,50,26,0.877,7.540
6304,252.160,50,-0.58502,20.81747,1,32,0,0.939,6.999
6305,252.200,47,0.25799,4.29022,1,51,0,0.978,7.423
6305,252.200,50,-0.58861,20.76549,1,32,0,0.996,6.999
6306,252.240,47,0.25490,4.26142,1,49,24,0.876,7.760
6306,252.240,50,-0.57906,20.69983,1,32,0,0.930,6.999
6307,252.280,47,0.25347,4.24242,1,50,0,0.909,6.999
6307,252.280,50,-0.58973,20.60965,1,32,0,1.082,6.999
6308,252.320,47,0.24877,4.21437,1,49,24,0.854,7.583
6308,252.320,50,-0.58505,20.57804,1,32,0,0.812,6.999
6309,252.360,47,0.24580,4.19601,1,50,20,0.908,7.708
6309,252.360,50,-0.59065,20.48374,1,33,0,1.006,6.999
6310,252.400,47,0.24325,4.16789,1,50,21,0.910,7.954
6310,252.400,50,-0.58882,20.48288,1,32,0,0.976,6.999
6311,252.440,47,0.23987,4.15046,1,50,0,0.934,6.798
6311,252.440,50,-0.59594,20.35489,1,34,0,0.967,6.999
6312,252.480,47,0.23699,4.12769,1,49,20,0.836,7.863
6312,252.480,50,-0.58660,20.33428,1,32,0,1.024,6.999
6313,252.520,47,0.23511,4.10345,1,50,23,0.884,7.906
6313,252.520,50,-0.59340,20.23912,1,32,0,0.974,6.999
6314,252.560,47,0.23244,4.08334,1,50,16,0.996,6.644
6314,252.560,50,-0.59860,20.15289,1,32,0,1.004,6.999
6315,252.600,47,0.22655,4.05581,1,50,42,0.818,7.468
6315,252.600,50,-0.58945,20.12440,1,32,0,0.872,6.999
6316,252.640,47,0.22614,4.03280,1,50,38,0.798,8.547
6316,252.640,50,-0.59956,20.01815,1,34,0,0.989,6.999
6317,252.680,47,0.22166,4.01550,1,50,40,0.740,8.888
6317,252.680,50,-0.60000,19.98976,1,33,0,0.976,6.999
6318,252.720,47,0.21891,3.99564,1,50,43,0.766,9.049
6318,252.720,50,-0.60292,19.89917,1,34,0,0.892,6.999
6319,252.760,47,0.21671,3.97143,1,51,47,0.744,9.093
6319,252.760,50,-0.59575,19.83570,1,34,0,0.954,6.999
6320,252.800,47,0.21372,3.95115,1,52,42,0.826,8.649
6320,252.800,50,-0.60503,19.78848,1,33,0,0.888,6.999
6321,252.840,47,0.21076,3.93023,1,51,35,1.073,8.737
6321,252.840,50,-0.60274,19.69489,1,34,0,0.969,6.999
6322,252.880,47,0.20870,3.90742,1,52,28,1.207,9.618
6322,252.880,50,-0.60551,19.64042,1,33,0,1.011,6.999
6323,252.920,47,0.20561,3.89076,1,52,28,1.379,10.213
6323,252.920,50,-0.60717,19.57060,1,34,0,0.978,6.999
6324,252.960,47,0.20254,3.86798,1,52,39,1.058,8.493
6324,252.960,50,-0.60735,19.49756,1,33,0,0.968,6.999
6325,253.000,47,0.19669,3.84252,1,52,47,0.866,9.027
6325,253.000,50,-0.60868,19.45959,1,34,0,0.969,6.999
6326,253.040,47,0.19567,3.82331,1,52,45,1.167,8.463
6326,253.040,50,-0.61070,19.37293,1,34,0,1.039,6.999
6327,253.080,47,0.19203,3.80304,1,53,50,0.838,9.150
6327,253.080,50,-0.61178,19.31569,1,35,0,0.812,6.999
6328,253.120,47,0.18820,3.77909,1,55,51,0.791,9.716
6328,253.120,50,-0.61166,19.25103,1,33,0,1.016,6.999
6329,253.160,47,0.18713,3.76177,1,56,51,0.843,9.460
6329,253.160,50,-0.61454,19.18362,1,35,0,0.881,6.999
6330,253.200,47,0.18384,3.74503,1,54,48,0.787,9.996
6330,253.200,50,-0.61528,19.12142,1,35,0,0.923,6.999
6331,253.240,47,0.18185,3.73455,1,55,49,0.845,10.559
6331,253.240,50,-0.61551,19.05850,1,34,0,1.002,6.999
6332,253.280,47,0.18028,3.71952,1,56,46,1.130,10.941
6332,253.280,50,-0.61854,18.98653,1,36,0,0.867,6.999
6333,253.320,47,0.17854,3.70574,1,54,49,1.340,11.323
6333,253.320,50,-0.61850,18.93814,1,35,0,1.042,6.999
6334,253.360,47,0.17583,3.68040,1,56,50,1.095,10.683
6334,253.360,50,-0.61941,18.85838,1,34,0,1.054,6.999
6335,253.400,47,0.17265,3.66362,1,56,52,1.395,10.807
6335,253.400,50,-0.62041,18.80281,1,35,0,0.890,6.999
6336,253.440,47,0.15885,3.56052,1,58,43,3.772,19.798
6336,253.440,50,-0.62184,18.73752,1,34,0,1.111,6.999
6337,253.480,47,0.14733,3.51170,1,62,41,3.982,22.455
6337,253.480,50,-0.62395,18.67730,1,36,0,0.936,6.999
6338,253.520,47,0.17243,3.62256,1,72,56,2.452,10.531
6338,253.520,50,-0.62506,18.59858,1,36,0,0.925,6.999
6339,253.560,47,0.16607,3.59575,1,62,59,2.453,10.434
6339,253.560,50,-0.62644,18.55714,1,35,0,1.082,6.999
6340,253.600,47,0.16475,3.58447,1,67,61,2.543,10.218
6340,253.600,50,-0.63896,18.49668,1,36,0,0.806,6.999
6341,253.640,47,0.15777,3.56242,1,66,63,2.460,10.668
6341,253.640,50,-0.62914,18.42106,1,36,0,1.014,6.999
6342,253.680,47,0.15070,3.52226,1,53,60,1.582,10.049
6342,253.680,50,-0.63127,18.36631,1,37,0,1.011,6.999
6343,253.720,47,0.14737,3.50083,1,58,59,1.195,9.885
6343,253.720,50,-0.63281,18.30120,1,36,0,0.887,6.999
6344,253.760,47,0.14213,3.48550,1,63,60,1.621,10.553
6344,253.760,50,-0.64153,18.22445,1,37,0,1.016,6.999
6345,253.800,47,0.13993,3.46435,1,63,60,1.354,10.176
6345,253.800,50,-0.63624,18.18057,1,36,0,0.984,6.999
6346,253.840,47,0.13253,3.44227,1,62,58,1.459,10.389
6346,253.840,50,-0.63582,18.11260,1,36,0,0.952,6.999
6347,253.880,47,0.12958,3.42925,1,61,59,1.553,10.561
6347,253.880,50,-0.64107,18.04909,1,37,0,1.094,6.999
6348,253.920,47,0.12766,3.41372,1,63,66,1.854,10.281
6348,253.920,50,-0.63870,17.99689,1,36,0,1.007,6.999
6349,253.960,47,0.12501,3.39963,1,61,69,1.966,9.982
6349,253.960,50,-0.63986,17.91940,1,37,0,0.956,6.999
6350,254.000,47,0.11599,3.34669,1,86,72,1.813,6.052
6350,254.000,50,-0.64038,17.88403,1,37,0,1.006,6.999
6351,254.040,47,0.11372,3.34335,1,84,72,1.823,7.300
6351,254.040,50,-0.64307,17.82109,1,36,0,0.932,6.999
6352,254.080,47,0.11805,3.32989,1,70,72,1.579,7.750
6352,254.080,50,-0.63770,17.73441,1,37,0,0.849,6.999
6353,254.120,47,0.11412,3.32149,1,72,72,1.678,8.257
6353,254.120,50,-0.64357,17.68195,1,38,0,0.917,6.999
6354,254.160,47,0.11239,3.31299,1,71,72,1.620,8.812
6354,254.160,50,-0.64095,17.63748,1,37,0,0.971,6.999
6355,254.200,47,0.11131,3.30238,1,67,72,1.487,9.325
6355,254.200,50,-0.63790,17.54821,1,36,0,0.982,6.999
6356,254.240,47,0.11279,3.29904,1,63,72,1.548,10.378
6356,254.240,50,-0.64696,17.47835,1,38,0,0.851,6.999
6357,254.280,47,0.10696,3.29026,1,65,72,1.785,10.882
6357,254.280,50,-0.64383,17.45610,1,38,0,0.898,6.999
6358,254.320,47,0.10665,3.27311,1,62,72,1.667,10.687
6358,254.320,50,-0.64529,17.36878,1,39,0,0.815,6.999
6359,254.360,47,0.10415,3.25523,1,60,72,1.505,10.906
6359,254.360,50,-0.64654,17.30233,1,38,0,0.850,6.999
6360,254.400,47,0.10349,3.24724,1,58,72,1.506,11.003
6360,254.400,50,-0.64199,17.27056,1,37,0,0.906,6.999
6361,254.440,47,0.10023,3.23468,1,59,72,1.725,11.262
6361,254.440,50,-0.64733,17.18734,1,39,0,0.911,6.999
6362,254.480,47,0.09947,3.22095,1,60,72,1.826,11.390
6362,254.480,50,-0.64540,17.14118,1,39,0,0.848,6.999
6363,254.520,47,0.09731,3.21602,1,62,72,2.031,11.370
6363,254.520,50,-0.64953,17.08751,1,39,0,0.902,6.999
6364,254.560,47,0.09308,3.19363,1,64,72,2.480,11.594
6364,254.560,50,-0.64629,17.00726,1,38,0,1.044,6.999
6365,254.600,47,0.09231,3.18272,1,65,72,2.363,10.935
6365,254.600,50,-0.64920,16.95642,1,39,0,0.906,6.999
6366,254.640,47,0.08242,3.16216,1,78,72,3.077,11.067
6366,254.640,50,-0.64999,16.89511,1,39,0,0.862,6.999
6367,254.680,47,0.08400,3.15873,1,84,72,3.214,11.027
6367,254.680,50,-0.64970,16.83078,1,38,0,1.023,6.999
6368,254.720,47,0.07794,3.13801,1,80,72,3.333,11.326
6368,254.720,50,-0.64900,16.76720,1,39,0,0.928,6.999
6369,254.760,47,0.07940,3.11613,1,67,72,2.257,10.816
6369,254.760,50,-0.64877,16.71394,1,40,0,0.835,6.999
6370,254.800,47,0.07636,3.09722,1,66,72,2.223,11.067
6370,254.800,50,-0.64895,16.65612,1,40,0,0.904,6.999
6371,254.840,47,0.07463,3.08626,1,61,72,2.051,10.757
6371,254.840,50,-0.65406,16.59640,1,40,0,0.956,6.999
6372,254.880,47,0.07283,3.07061,1,60,72,2.022,10.983
6372,254.880,50,-0.65186,16.54003,1,40,0,0.719,6.999
6373,254.920,47,0.07095,3.05824,1,63,72,2.067,11.009
6373,254.920,50,-0.65239,16.46760,1,40,0,0.838,6.999
6374,254.960,47,0.06767,3.04070,1,59,72,1.981,10.765
6374,254.960,50,-0.64965,16.41962,1,39,0,0.925,6.999
6375,255.000,47,0.06522,3.02697,1,61,72,1.983,11.075
6375,255.000,50,-0.65243,16.36821,1,40,0,0.767,6.999
6376,255.040,47,0.06300,3.01212,1,60,72,2.060,10.758
6376,255.040,50,-0.64659,16.29146,1,21,0,0.823,6.999
6377,255.080,47,0.05989,2.99908,1,61,72,2.001,10.688
6377,255.080,50,-0.65206,16.24642,1,40,0,0.869,6.999
6378,255.120,47,0.05828,2.98733,1,60,72,2.090,10.660
6378,255.120,50,-0.65169,16.17833,1,21,0,0.831,6.999
6379,255.160,47,0.05566,2.97624,1,62,72,2.178,10.802
6379,255.160,50,-0.64982,16.12249,1,21,0,0.798,6.999
6380,255.200,47,0.05153,2.95861,1,64,72,2.045,10.927
6380,255.200,50,-0.65649,16.06245,1,40,0,0.912,6.999
6381,255.240,47,0.05015,2.95132,1,64,72,2.051,10.784
6381,255.240,50,-0.65502,16.01069,1,21,0,0.927,6.999
6382,255.280,47,0.13952,2.91897,1,114,27,7.981,15.664
6382,255.280,50,-0.65281,15.96178,1,21,0,0.834,6.999
6383,255.320,47,0.13944,2.90263,1,110,0,8.710,15.226
6383,255.320,50,-0.65971,15.88391,1,21,0,0.901,6.999
6384,255.360,47,0.10019,2.90500,1,101,72,5.510,10.975
6384,255.360,50,-0.65160,15.83459,1,21,0,0.819,6.999
6385,255.400,47,0.09531,2.89190,1,99,72,5.212,10.900
6385,255.400,50,-0.66063,15.79085,1,21,0,0.961,6.999
6386,255.440,47,0.08869,2.88172,1,101,72,4.846,10.797
6386,255.440,50,-0.65225,15.73774,1,21,0,0.877,6.999
6387,255.480,47,0.05359,2.88492,1,81,72,2.865,10.451
6387,255.480,50,-0.65501,15.66622,1,21,0,0.770,6.999
6388,255.520,47,0.06321,2.87468,1,99,72,3.482,10.223
6388,255.520,50,-0.65549,15.60512,1,21,0,0.849,6.999
6389,255.560,47,0.06107,2.86257,1,94,72,3.584,10.458
6389,255.560,50,-0.65478,15.56736,1,22,0,0.821,6.999
6390,255.600,47,0.05535,2.86005,1,89,72,3.269,9.909
6390,255.600,50,-0.65561,15.49633,1,21,0,0.902,6.999
6391,255.640,47,0.04641,2.85542,1,89,72,2.813,9.778
6391,255.640,50,-0.65528,15.43748,1,21,0,0.891,6.999
6392,255.680,47,0.04362,2.85229,1,92,72,2.751,9.787
6392,255.680,50,-0.65784,15.39701,1,22,0,0.894,6.999
6393,255.720,47,0.03606,2.84941,1,84,72,2.834,9.699
6393,255.720,50,-0.65246,15.33705,1,22,0,0.904,6.999
6394,255.760,47,0.00261,2.69700,0,0,0,,
6394,255.760,50,-0.66085,15.27377,1,21,0,0.930,6.999
6395,255.800,47,0.02869,2.83910,1,80,72,3.074,9.200
6395,255.800,50,-0.66073,15.20541,1,22,0,0.955,6.999
6396,255.840,47,0.02703,2.84209,1,73,72,3.503,8.933
6396,255.840,50,-0.64874,15.16676,1,22,0,0.937,6.999
6397,255.880,47,0.02349,2.84360,1,81,72,4.271,7.998
6397,255.880,50,-0.65975,15.11366,1,21,0,0.860,6.999
6398,255.920,47,0.01381,2.77731,1,67,68,1.928,11.458
6398,255.920,50,-0.65017,15.05568,1,22,0,0.927,6.999
6399,255.960,47,0.01119,2.76859,1,75,66,1.792,11.147
6399,255.960,50,-0.65970,14.98912,1,22,0,0.806,6.999
6400,256.000,47,0.00870,2.75872,1,73,65,1.889,11.376
6400,256.000,50,-0.64776,14.94443,1,22,0,1.037,6.999
6401,256.040,47,0.00601,2.74435,1,91,63,1.858,11.071
6401,256.040,50,-0.65269,14.89056,1,22,0,0.875,6.999
6402,256.080,47,0.00441,2.73565,1,88,61,1.864,10.810
6402,256.080,50,-0.65387,14.82599,1,22,0,0.893,6.999
6403,256.120,47,0.00320,2.73145,1,89,60,1.948,10.860
6403,256.120,50,-0.65652,14.77023,1,21,0,0.898,6.999
6404,256.160,47,0.00013,2.72286,1,90,60,1.941,10.966
6404,256.160,50,-0.65615,14.72781,1,22,0,1.054,6.999
6405,256.200,47,0.00027,2.71943,1,90,59,2.073,10.905
6405,256.200,50,-0.65329,14.67231,1,22,0,0.985,6.999
6406,256.240,47,-0.00372,2.70806,1,90,55,2.103,10.778
6406,256.240,50,-0.66168,14.60590,1,22,0,0.969,6.999
6407,256.280,47,-0.00173,2.70396,1,91,56,2.203,10.765
6407,256.280,50,-0.65849,14.54403,1,22,0,0.960,6.999
6408,256.320,47,-0.00324,2.69333,1,92,55,2.424,10.306
6408,256.320,50,-0.65237,14.51563,1,22,0,1.038,6.999
6409,256.360,47,-0.00444,2.68859,1,93,55,2.422,10.172
6409,256.360,50,-0.64950,14.45823,1,22,0,0.885,6.999
6410,256.400,47,-0.00437,2.65869,1,70,55,1.793,8.404
6410,256.400,50,-0.66000,14.39900,1,22,0,0.868,6.999
6411,256.440,47,-0.00404,2.65540,1,70,54,1.906,8.644
6411,256.440,50,-0.66043,14.34639,1,22,0,0.759,6.999
6412,256.480,47,-0.04094,2.70863,1,31,46,2.151,10.638
6412,256.480,50,-0.65541,14.28742,1,23,0,0.935,6.999
6413,256.520,50,-0.65911,14.24797,1,22,0,0.910,6.999
6414,256.560,47,-0.05389,2.58469,1,26,37,8.572,23.269
6414,256.560,50,-0.66347,14.19695,1,23,0,0.938,6.999
6415,256.600,47,-0.01657,2.58893,0,0,60,12.463,
6415,256.600,50,-0.66206,14.13718,1,23,0,0.898,6.999
6416,256.640,47,0.00232,2.48758,0,0,0,,
6416,256.640,50,-0.66218,14.08594,1,23,0,0.929,6.999
6417,256.680,47,-0.02667,2.58362,1,0,65,3.829,11.006
6417,256.680,50,-0.65877,14.03691,1,22,0,0.924,6.999
6418,256.720,47,0.01320,2.62164,1,0,68,2.977,8.963
6418,256.720,50,-0.65776,13.98723,1,22,0,0.995,6.999
6419,256.760,47,0.01442,2.53394,0,0,64,5.231,
6419,256.760,50,-0.66273,13.93854,1,23,0,0.930,6.999
6420,256.800,50,-0.65526,13.87139,1,23,0,0.961,6.999
6421,256.840,50,-0.65334,13.81850,1,22,0,0.900,6.999
6422,256.880,50,-0.65500,13.75844,1,23,0,0.892,6.999
6423,256.920,50,-0.66015,13.72583,1,23,0,0.970,6.999
6424,256.960,50,-0.65642,13.66469,1,23,0,0.928,6.999
6425,257.000,50,-0.65855,13.61682,1,23,0,0.943,6.999
6426,257.040,50,-0.65727,13.55886,1,23,0,0.938,6.999
6427,257.080,50,-0.65900,13.51153,1,23,0,0.854,6.999
6428,257.120,50,-0.66096,13.45910,1,24,0,0.906,6.999
6429,257.160,50,-0.65527,13.41039,1,24,0,0.830,6.999
6430,257.200,50,-0.65635,13.36393,1,24,0,0.771,6.999
6431,257.240,50,-0.66068,13.30668,1,24,0,0.721,6.999
6432,257.280,50,-0.65954,13.25496,1,24,0,0.704,6.999
6433,257.320,50,-0.65910,13.20343,1,24,0,0.759,6.999
6434,257.360,50,-0.66010,13.16209,1,24,0,0.842,6.999
6435,257.400,50,-0.65943,13.11446,1,25,0,0.737,6.999
6436,257.440,50,-0.66201,13.05896,1,25,0,0.677,6.999
6437,257.480,50,-0.65926,13.00235,1,24,0,0.760,6.999
6438,257.520,50,-0.66702,12.95381,1,24,0,0.743,6.999
6439,257.560,50,-0.66328,12.90219,1,25,0,0.774,6.999
6440,257.600,50,-0.65700,12.85803,1,25,0,0.712,6.999
6441,257.640,50,-0.66287,12.82264,1,25,0,0.659,6.999
6442,257.680,50,-0.65710,12.77023,1,25,0,0.741,6.999
6443,257.720,50,-0.65647,12.71928,1,26,0,0.766,6.999
6444,257.760,50,-0.65504,12.67139,1,25,0,0.781,6.999
6445,257.800,50,-0.65901,12.61806,1,25,0,0.818,6.999
6446,257.840,50,-0.65629,12.55825,1,25,0,0.741,6.999
6447,257.880,50,-0.65856,12.51692,1,26,0,0.739,6.999
6448,257.920,50,-0.65421,12.46376,1,26,0,0.730,6.999
6449,257.960,50,-0.65403,12.42041,1,25,0,0.753,6.999
6450,258.000,50,-0.65812,12.36798,1,26,0,0.720,6.999
6451,258.040,50,-0.65909,12.33157,1,25,0,0.667,6.999
6452,258.080,50,-0.65631,12.27433,1,25,0,0.759,6.999
6453,258.120,50,-0.65579,12.21915,1,25,0,0.825,6.999
6454,258.160,50,-0.65437,12.17300,1,26,0,0.675,6.999
6455,258.200,50,-0.65510,12.13119,1,26,0,0.865,6.999
6456,258.240,50,-0.65157,12.08155,1,26,0,0.821,6.999
6457,258.280,50,-0.65249,12.03136,1,26,0,0.798,6.999
6458,258.320,50,-0.65414,11.98892,1,26,0,0.827,6.999
6459,258.360,50,-0.65412,11.98902,1,26,0,0.827,6.999
6460,258.400,50,-0.64591,11.80623,1,26,0,0.852,6.999
6461,258.440,50,-0.64678,11.76357,1,27,0,0.850,6.999
6462,258.480,50,-0.64267,11.71235,1,27,0,0.931,6.999
6463,258.520,50,-0.64787,11.66808,1,26,0,0.809,6.999
6464,258.560,50,-0.64703,11.62532,1,27,0,0.891,6.999
6465,258.600,50,-0.64582,11.57516,1,27,0,0.773,6.999
6466,258.640,50,-0.64229,11.52647,1,26,0,0.747,6.999
6467,258.680,50,-0.64357,11.48956,1,27,0,0.869,6.999
6468,258.720,50,-0.64224,11.43142,1,27,0,0.876,6.999
6469,258.760,50,-0.64138,11.39841,1,26,0,0.917,6.999
6470,258.800,50,-0.63982,11.34439,1,27,0,0.914,6.999
6471,258.840,50,-0.63621,11.30245,1,27,0,0.783,6.999
6472,258.880,50,-0.63211,11.25478,1,27,0,0.829,6.999
6473,258.920,50,-0.63967,11.21527,1,27,0,0.832,6.999
6474,258.960,50,-0.63797,11.16337,1,27,0,0.817,6.999
6475,259.000,50,-0.63288,11.12014,1,27,0,0.888,6.999
6476,259.040,50,-0.63415,11.07774,1,27,0,0.826,6.999
6477,259.080,50,-0.63521,11.03126,1,27,0,0.827,6.999
6478,259.120,50,-0.63213,10.98434,1,27,0,0.834,6.999
6479,259.160,50,-0.63381,10.95363,1,27,0,0.918,6.999
6480,259.200,50,-0.62527,10.90769,1,28,0,0.849,6.999
6481,259.240,50,-0.62613,10.87327,1,28,0,0.745,6.999
6482,259.280,50,-0.62630,10.81409,1,27,0,0.848,6.999
6483,259.320,50,-0.63063,10.77527,1,28,0,0.733,6.999
6484,259.360,50,-0.62618,10.72954,1,28,0,0.805,6.999
6485,259.400,50,-0.62701,10.69513,1,28,0,0.865,6.999
6486,259.440,50,-0.62085,10.65012,1,28,0,0.799,6.999
6487,259.480,50,-0.62202,10.61124,1,28,0,0.817,6.999
6488,259.520,50,-0.62418,10.55290,1,28,0,0.778,6.999
6489,259.560,50,-0.62341,10.53043,1,28,0,0.841,6.999
6490,259.600,50,-0.62085,10.48089,1,29,0,0.751,6.999
6491,259.640,50,-0.62327,10.44334,1,28,0,0.809,6.999
6492,259.680,50,-0.61416,10.39268,1,29,0,0.835,6.999
6493,259.720,50,-0.61798,10.35392,1,29,0,0.818,6.999
6494,259.760,50,-0.61764,10.30771,1,29,0,0.845,6.999
6495,259.800,50,-0.61761,10.26907,1,29,17,0.668,12.578
6496,259.840,50,-0.61375,10.23106,1,29,0,0.601,6.999
6497,259.880,50,-0.61437,10.18713,1,29,0,0.667,6.999
6498,259.920,50,-0.61350,10.14763,1,29,0,0.733,6.999
6499,259.960,50,-0.61281,10.10543,1,29,0,0.870,6.999
6500,260.000,50,-0.60964,10.06381,1,29,0,0.711,6.999
6501,260.040,50,-0.60816,10.01996,1,30,24,0.584,10.909
6502,260.080,50,-0.60670,9.98541,1,30,15,0.578,8.936
6503,260.120,50,-0.60710,9.95580,1,30,0,0.694,6.999
6504,260.160,50,-0.60852,9.91127,1,31,0,0.705,6.999
6505,260.200,50,-0.61020,9.87381,1,30,0,0.666,6.999
6506,260.240,50,-0.60266,9.82318,1,30,0,0.761,6.999
6507,260.280,50,-0.60409,9.79030,1,30,0,0.636,6.999
6508,260.320,50,-0.60196,9.74881,1,30,0,0.704,6.999
6509,260.360,50,-0.60307,9.70738,1,30,0,0.676,6.999
6510,260.400,50,-0.60271,9.66507,1,30,0,0.675,6.999
6511,260.440,50,-0.60092,9.63205,1,30,0,0.605,6.999
6512,260.480,50,-0.59930,9.58787,1,31,15,0.551,8.984
6513,260.520,50,-0.59769,9.54900,1,31,16,0.588,9.325
6514,260.560,50,-0.59787,9.50228,1,32,22,0.617,9.759
6515,260.600,50,-0.59580,9.46986,1,31,32,0.506,11.629
6516,260.640,50,-0.59639,9.43532,1,32,17,0.476,11.057
6517,260.680,50,-0.59557,9.39365,1,32,27,0.569,11.059
6518,260.720,50,-0.59545,9.35640,1,32,12,0.437,10.404
6519,260.760,50,-0.59396,9.32216,1,32,23,0.524,9.285
6520,260.800,50,-0.59203,9.27914,1,32,0,0.690,6.999
6521,260.840,50,-0.59286,9.24944,1,37,0,0.696,6.999
6522,260.880,50,-0.59390,9.20256,1,36,0,0.660,6.999
6523,260.920,50,-0.59220,9.17909,1,37,0,0.610,6.999
6524,260.960,50,-0.58812,9.13990,1,32,0,0.643,6.999
6525,261.000,50,-0.58800,9.10223,1,32,0,0.622,6.999
6526,261.040,50,-0.58495,9.06612,1,33,0,0.604,6.999
6527,261.080,50,-0.58314,9.02228,1,33,36,0.499,10.610
6528,261.120,50,-0.58607,8.98608,1,33,0,0.691,6.999
6529,261.160,50,-0.58662,8.94509,1,33,35,0.496,10.469
6530,261.200,50,-0.58253,8.91271,1,33,0,0.597,6.999
6531,261.240,50,-0.58291,8.87050,1,34,31,0.492,10.151
6532,261.280,50,-0.58261,8.83252,1,33,34,0.585,9.696
6533,261.320,50,-0.58194,8.79196,1,33,41,0.538,10.515
6534,261.360,50,-0.58278,8.76162,1,33,0,0.780,6.999
6535,261.400,50,-0.57863,8.72217,1,33,0,0.690,6.999
6536,261.440,50,-0.57702,8.68971,1,33,0,0.606,6.999
6537,261.480,50,-0.57627,8.65517,1,33,0,0.690,6.999
6538,261.520,50,-0.57273,8.61103,1,34,0,0.794,6.999
6539,261.560,50,-0.57021,8.58259,1,34,0,0.693,6.999
6540,261.600,50,-0.56806,8.55228,1,34,0,0.705,6.999
6541,261.640,50,-0.57078,8.48536,1,44,0,0.912,13.218
6542,261.680,50,-0.57799,8.43486,1,44,0,1.275,6.999
6543,261.720,50,-0.57242,8.42399,1,39,0,1.035,6.999
6544,261.760,50,-0.57052,8.39340,1,40,0,1.073,6.999
6545,261.800,50,-0.56956,8.37761,1,38,21,0.867,9.188
6546,261.840,50,-0.57201,8.36315,1,42,0,1.341,7.307
6547,261.880,50,-0.57037,8.33908,1,39,0,1.831,6.999
6548,261.920,50,-0.56358,8.33918,1,36,0,1.920,3.495
6549,261.960,50,-0.55951,8.32324,1,34,21,1.819,2.765
6550,262.000,50,-0.56396,8.03154,1,33,0,1.995,6.999
6551,262.040,50,-0.56280,8.18130,1,59,0,2.781,6.999
6552,262.080,50,-0.56160,8.12643,1,40,0,0.761,6.999
6553,262.120,50,-0.57419,8.10070,1,52,0,2.701,6.999
6554,262.160,50,-0.49334,7.94952,1,71,0,3.408,13.066
6555,262.200,50,-0.55604,8.00489,1,30,44,1.975,10.714
6556,262.240,50,-0.54076,8.00188,1,26,37,0.824,10.770
6557,262.280,50,-0.55174,7.92828,1,49,27,1.529,10.593
6558,262.320,50,-0.55321,7.93428,1,37,37,0.782,9.610
6559,262.360,50,-0.55396,7.88726,1,37,32,0.889,11.085
6560,262.400,50,-0.54584,7.89128,1,44,72,0.787,6.534
6561,262.440,50,-0.50169,7.83932,1,53,52,2.468,8.554
6562,262.480,50,-0.55269,7.85238,1,75,72,2.578,4.850
6563,262.520,50,-0.51884,7.79633,1,76,49,1.883,11.281
6564,262.560,50,-0.54181,7.74448,1,36,37,0.800,14.969
6565,262.600,50,-0.53701,7.71579,1,37,38,0.840,14.849
6566,262.640,50,-0.53752,7.69201,1,36,43,0.958,15.594
6567,262.680,50,-0.53393,7.65912,1,36,37,1.210,14.955
6568,262.720,50,-0.53261,7.62835,1,36,36,1.400,16.092
6569,262.760,50,-0.53119,7.56212,1,37,53,0.431,10.119
6570,262.800,50,-0.53095,7.52926,1,37,51,0.524,10.105
6571,262.840,50,-0.52852,7.49881,1,36,52,0.487,9.966
6572,262.880,50,-0.52570,7.46538,1,36,54,0.466,9.750
6573,262.920,50,-0.52364,7.44071,1,59,52,0.639,9.880
6574,262.960,50,-0.52541,7.40853,1,58,55,0.691,9.925
6575,263.000,50,-0.51917,7.37821,1,58,51,0.674,10.085
6576,263.040,50,-0.51920,7.35036,1,60,51,0.636,10.421
6577,263.080,50,-0.51902,7.31484,1,38,50,0.528,10.145
6578,263.120,50,-0.51748,7.28327,1,38,52,0.511,10.260
6579,263.160,50,-0.51563,7.24989,1,38,50,0.577,10.083
6580,263.200,50,-0.51402,7.22470,1,38,35,0.576,9.934
6581,263.240,50,-0.51252,7.19499,1,37,49,0.453,10.318
6582,263.280,50,-0.51134,7.16864,1,60,47,0.625,10.081
6583,263.320,50,-0.50562,7.13983,1,59,52,0.800,10.309
6584,263.360,50,-0.50895,7.10844,1,62,53,0.836,10.142
6585,263.400,50,-0.50524,7.07478,1,61,53,0.739,10.077
6586,263.440,50,-0.50404,7.04831,1,60,48,0.680,9.664
6587,263.480,50,-0.50175,7.03185,1,61,35,0.946,7.825
6588,263.520,50,-0.49921,7.00096,1,63,36,0.894,7.845
6589,263.560,50,-0.49811,6.97675,1,61,38,0.941,7.120
6590,263.600,50,-0.49513,6.94676,1,62,0,1.159,6.999
6591,263.640,50,-0.49359,6.91508,1,64,0,1.167,6.999
6592,263.680,50,-0.49364,6.88418,1,56,33,0.910,8.557
6593,263.720,50,-0.49252,6.85666,1,58,38,0.825,9.669
6594,263.760,50,-0.48994,6.82143,1,60,44,0.996,9.218
6595,263.800,50,-0.48777,6.79353,1,65,45,1.106,9.547
6596,263.840,50,-0.48399,6.76722,1,66,53,1.093,9.666
6597,263.880,50,-0.48204,6.73826,1,63,47,1.032,9.904
6598,263.920,50,-0.47981,6.71261,1,64,52,0.989,9.755
6599,263.960,50,-0.47808,6.68125,1,61,53,0.863,9.822
6600,264.000,50,-0.47325,6.65762,1,60,55,0.896,10.992
6601,264.040,50,-0.47284,6.63117,1,57,54,0.956,10.753
6602,264.080,50,-0.47076,6.60486,1,56,56,1.052,10.882
6603,264.120,50,-0.46857,6.58915,1,57,55,0.983,10.768
6604,264.160,50,-0.46724,6.56534,1,57,50,1.102,11.217
6605,264.200,50,-0.46237,6.53550,1,62,47,1.165,11.137
6606,264.240,50,-0.45852,6.50820,1,58,47,1.188,11.301
6607,264.280,50,-0.46074,6.48032,1,60,47,1.115,11.111
6608,264.320,50,-0.45466,6.45330,1,61,48,1.178,11.241
6609,264.360,50,-0.45221,6.42481,1,70,41,1.489,11.787
6610,264.400,50,-0.45364,6.38680,1,57,31,1.427,13.297
6611,264.440,50,-0.45198,6.39495,1,61,57,1.519,8.537
6612,264.480,50,-0.45140,6.36389,1,58,63,1.286,11.210
6613,264.520,50,-0.45235,6.34316,1,59,64,1.342,10.013
6614,264.560,50,-0.45288,6.30542,1,54,55,0.962,12.959
6615,264.600,50,-0.44794,6.27389,1,44,52,1.008,12.423
6616,264.640,50,-0.44788,6.22473,1,43,56,0.712,8.827
6617,264.680,50,-0.44762,6.19955,1,43,53,0.582,8.948
6618,264.720,50,-0.44461,6.18466,1,47,51,0.622,10.077
6619,264.760,50,-0.44333,6.16020,1,40,53,0.758,10.539
6620,264.800,50,-0.44118,6.14345,1,40,53,1.101,11.966
6621,264.840,50,-0.43840,6.11530,1,40,50,0.972,11.119
6622,264.880,50,-0.43670,6.09055,1,41,46,1.051,10.850
6623,264.920,50,-0.43775,6.06430,1,41,49,0.642,11.110
6624,264.960,50,-0.43433,6.03877,1,41,52,0.613,11.772
6625,265.000,50,-0.43407,6.01720,1,41,51,0.660,10.584
6626,265.040,50,-0.43159,5.99587,1,52,52,0.747,11.480
6627,265.080,50,-0.42860,5.97042,1,42,58,0.912,11.384
6628,265.120,50,-0.42731,5.94798,1,54,57,0.944,11.372
6629,265.160,50,-0.42599,5.92307,1,43,57,0.791,12.328
6630,265.200,50,-0.42373,5.89846,1,43,51,0.663,11.452
6631,265.240,50,-0.42406,5.87115,1,52,53,0.631,11.396
6632,265.280,50,-0.42195,5.85274,1,43,55,0.892,11.824
6633,265.320,50,-0.41969,5.82866,1,41,58,0.843,11.962
6634,265.360,50,-0.41892,5.80542,1,43,59,0.866,11.763
6635,265.400,50,-0.41724,5.78092,1,41,59,0.843,11.743
6636,265.440,50,-0.41446,5.75835,1,43,58,0.821,11.331
6637,265.480,50,-0.41457,5.73605,1,42,57,0.782,11.559
6638,265.520,50,-0.41464,5.70609,1,42,54,0.622,10.686
6639,265.560,50,-0.41189,5.68519,1,42,54,0.599,10.300
6640,265.600,50,-0.41115,5.65682,1,42,52,1.080,8.364
6641,265.640,50,-0.40962,5.63799,1,42,56,1.180,8.865
6642,265.680,50,-0.40373,5.62364,1,42,53,0.779,10.237
6643,265.720,50,-0.40292,5.59739,1,42,53,1.284,8.209
6644,265.760,50,-0.40487,5.57592,1,41,57,0.895,9.391
6645,265.800,50,-0.40149,5.55828,1,42,54,0.690,10.363
6646,265.840,50,-0.40035,5.53601,1,42,53,0.789,10.203
6647,265.880,50,-0.39838,5.51100,1,42,52,0.690,9.677
6648,265.920,50,-0.39697,5.49455,1,42,56,0.784,10.682
6649,265.960,50,-0.39594,5.47183,1,43,57,0.927,9.756
6650,266.000,50,-0.39317,5.45474,1,42,50,0.666,10.988
6651,266.040,50,-0.38918,5.42542,1,43,68,1.076,9.989
6652,266.080,50,-0.39029,5.40216,1,43,64,1.243,9.290
6653,266.120,50,-0.38819,5.38232,1,44,64,1.020,9.617
6654,266.160,50,-0.38788,5.36979,1,42,59,0.895,10.547
6655,266.200,50,-0.38794,5.34644,1,43,57,1.214,10.325
6656,266.240,50,-0.38383,5.32609,1,42,64,1.033,10.315
6657,266.280,50,-0.38174,5.30723,1,42,58,1.397,10.053
6658,266.320,50,-0.37918,5.28791,1,42,52,1.481,9.647
6659,266.360,50,-0.37830,5.27499,1,43,58,0.736,10.136
6660,266.400,50,-0.37813,5.25408,1,43,60,0.621,10.672
6661,266.440,50,-0.37721,5.23580,1,42,57,1.176,10.411
6662,266.480,50,-0.37458,5.21261,1,42,59,1.335,9.961
6663,266.520,50,-0.37297,5.20812,1,43,52,0.722,11.604
6664,266.560,50,-0.36923,5.18692,1,44,50,0.762,11.171
6665,266.600,50,-0.36828,5.16789,1,44,53,0.724,10.926
6666,266.640,50,-0.36822,5.15220,1,43,53,0.842,11.617
6667,266.680,50,-0.36485,5.13638,1,44,52,0.844,11.380
6668,266.720,50,-0.36357,5.11566,1,43,53,0.735,11.581
6669,266.760,50,-0.36286,5.09898,1,43,55,0.842,11.945
6670,266.800,50,-0.35868,5.07718,1,43,56,0.764,11.540
6671,266.840,50,-0.35769,5.05724,1,44,55,0.895,11.139
6672,266.880,50,-0.35692,5.01792,1,43,59,1.154,8.978
6673,266.920,50,-0.35433,5.00908,1,44,60,1.424,9.641
6674,266.960,50,-0.35210,4.98944,1,43,61,1.291,9.537
6675,267.000,50,-0.34864,4.97194,1,44,61,0.965,9.552
6676,267.040,50,-0.34925,4.95737,1,45,60,1.424,9.592
6677,267.080,50,-0.34548,4.94145,1,44,59,1.061,9.403
6678,267.120,50,-0.34760,4.93055,1,44,58,1.487,9.728
6679,267.160,50,-0.34160,4.90679,1,44,57,0.747,7.846
6680,267.200,50,-0.34103,4.89422,1,44,56,1.167,9.471
6681,267.240,50,-0.33936,4.87804,1,45,54,1.120,9.338
6682,267.280,50,-0.33456,4.86024,1,45,54,1.035,9.296
6683,267.320,50,-0.33500,4.84589,1,44,57,0.845,8.892
6684,267.360,50,-0.33278,4.84247,1,45,57,1.382,10.482
6685,267.400,50,-0.33152,4.82023,1,45,57,1.258,9.646
6686,267.440,50,-0.32885,4.80147,1,45,55,1.280,9.738
6687,267.480,50,-0.32489,4.78650,1,46,56,0.988,9.052
6688,267.520,50,-0.32419,4.77481,1,46,57,1.225,9.786
6689,267.560,50,-0.32454,4.76042,1,45,56,1.248,10.029
6690,267.600,50,-0.31987,4.74288,1,45,59,1.012,9.552
6691,267.640,50,-0.31978,4.73045,1,45,60,1.034,9.725
6692,267.680,50,-0.31822,4.71438,1,46,59,1.065,9.476
6693,267.720,50,-0.31402,4.70061,1,46,61,0.937,9.620
6694,267.760,50,-0.31479,4.69274,1,70,61,1.183,9.559
6695,267.800,50,-0.31293,4.67642,1,69,62,1.057,9.366
6696,267.840,50,-0.31157,4.66686,1,71,58,1.313,9.522
6697,267.880,50,-0.30981,4.65152,1,70,61,1.210,9.502
6698,267.920,50,-0.30789,4.63993,1,71,61,1.278,9.306
6699,267.960,50,-0.30742,4.62797,1,71,59,1.339,9.965
6700,268.000,50,-0.30691,4.61657,1,72,61,1.337,9.584
6701,268.040,50,-0.30560,4.60324,1,70,62,1.095,9.791
6702,268.080,50,-0.30431,4.59278,1,64,64,1.313,10.259
6703,268.120,50,-0.30200,4.57822,1,70,62,1.007,9.555
6704,268.160,50,-0.30191,4.57226,1,63,64,1.216,9.912
6705,268.200,50,-0.29954,4.55711,1,71,66,1.305,10.003
6706,268.240,50,-0.29845,4.54490,1,62,65,1.219,9.647
6707,268.280,50,-0.29434,4.53566,1,64,68,1.136,10.211
6708,268.320,50,-0.29217,4.52004,1,63,64,0.972,10.291
6709,268.360,50,-0.29356,4.51577,1,65,67,1.381,10.427
6710,268.400,50,-0.29229,4.49954,1,54,65,1.205,10.094
6711,268.440,50,-0.28970,4.48894,1,56,63,1.209,9.953
6712,268.480,50,-0.28624,4.48046,1,54,63,1.281,10.009
6713,268.520,50,-0.28757,4.46801,1,69,65,1.184,9.978
6714,268.560,50,-0.28443,4.46096,1,67,65,1.301,9.964
6715,268.600,50,-0.28256,4.44703,1,67,66,1.034,9.500
6716,268.640,50,-0.28092,4.44565,1,65,65,1.325,9.449
6717,268.680,50,-0.27933,4.43040,1,67,64,1.345,9.498
6718,268.720,50,-0.27816,4.42746,1,73,61,1.299,8.107
6719,268.760,50,-0.27580,4.41438,1,67,63,1.310,9.824
6720,268.800,50,-0.27425,4.40538,1,70,62,1.289,9.348
6721,268.840,50,-0.27191,4.40108,1,57,62,1.327,9.849
6722,268.880,50,-0.26864,4.38959,1,58,63,1.459,9.778
6723,268.920,50,-0.26914,4.38271,1,56,64,1.287,9.848
6724,268.960,50,-0.26691,4.37672,1,69,65,1.221,9.469
6725,269.000,50,-0.26549,4.36990,1,68,64,1.207,9.409
6726,269.040,50,-0.26311,4.35634,1,57,62,1.367,9.499
6727,269.080,50,-0.26302,4.35283,1,60,64,1.341,9.432
6728,269.120,50,-0.26134,4.34583,1,72,62,1.321,9.159
6729,269.160,50,-0.25878,4.33849,1,58,65,1.318,9.783
6730,269.200,50,-0.25764,4.33209,1,58,64,1.262,9.710
6731,269.240,50,-0.25626,4.32881,1,58,66,1.275,9.557
6732,269.280,50,-0.25560,4.32201,1,57,64,1.241,9.508
6733,269.320,50,-0.25423,4.31445,1,57,64,1.373,9.576
6734,269.360,50,-0.25414,4.30867,1,58,67,1.256,9.707
6735,269.400,50,-0.25337,4.30417,1,66,67,1.138,9.896
6770,270.800,58,0.34792,33.83380,1,16,0,1.344,6.999
6771,270.840,58,0.33425,33.68022,1,31,0,0.779,6.999
6772,270.880,58,0.32552,33.65013,1,29,0,0.722,6.999
6773,270.920,58,0.33440,33.39965,1,35,0,0.673,6.999
6774,270.960,58,0.32105,33.41633,1,24,0,0.502,6.999
6775,271.000,58,0.34239,33.36328,0,227,0,24.145,
6776,271.040,58,0.33548,33.19775,0,116,0,11.391,
6777,271.080,58,0.33751,33.12542,0,106,0,11.080,
6778,271.120,58,0.34951,33.12073,0,118,0,11.479,
6779,271.160,58,0.34260,32.88010,0,80,0,10.124,
6780,271.200,58,0.34237,32.85814,0,289,0,25.161,
6781,271.240,58,0.34454,32.90465,0,113,0,11.686,
6782,271.280,58,0.34463,32.65182,0,109,0,11.287,
6783,271.320,58,0.35063,32.59770,0,78,0,7.253,
6784,271.360,58,0.36130,32.44170,0,279,0,27.653,
6785,271.400,58,0.36886,32.37034,0,251,0,25.506,
6786,271.440,58,0.37123,32.40445,0,254,0,25.280,
6787,271.480,58,0.37831,32.14684,0,103,0,10.667,
6788,271.520,58,0.36679,32.15824,0,68,0,7.472,
6789,271.560,58,0.38898,31.92121,0,66,0,7.627,
6790,271.600,58,0.39153,31.91877,0,117,0,11.550,
6791,271.640,58,0.38961,31.88216,0,85,0,9.646,
6792,271.680,58,0.39216,31.91550,0,111,0,11.650,
6793,271.720,58,0.41361,31.71026,0,207,0,23.727,
6794,271.760,58,0.41174,31.72733,0,148,0,17.135,
6795,271.800,58,0.40900,31.68036,0,102,0,11.044,
6796,271.840,58,0.40271,31.44902,0,94,0,11.603,
6797,271.880,58,0.40448,31.51543,0,131,0,18.176,
6798,271.920,58,0.42134,31.24258,0,132,0,18.169,
6799,271.960,58,0.42407,31.23892,0,132,0,18.503,
6800,272.000,58,0.42236,31.27299,0,106,0,12.619,
6801,272.040,58,0.44355,31.05874,0,152,0,17.884,
6802,272.080,58,0.44193,31.04702,0,139,0,18.639,
6803,272.120,58,0.42441,30.79324,0,163,0,18.437,
6804,272.160,58,0.45635,30.82738,0,125,0,16.202,
6805,272.200,58,0.45483,30.74970,0,117,0,12.430,
6806,272.240,58,0.44882,30.56935,0,102,0,10.786,
6807,272.280,58,0.47356,30.51917,0,159,0,17.689,
6808,272.320,58,0.46758,30.39839,0,131,0,15.066,
6809,272.360,58,0.46619,30.38260,0,149,0,16.735,
6810,272.400,58,0.47819,30.27334,0,117,0,15.388,
6811,272.440,58,0.49019,30.24705,0,74,0,12.365,
6812,272.480,58,0.48487,30.17917,0,140,0,18.849,
6813,272.520,58,0.48333,30.11149,0,135,0,19.239,
6814,272.560,58,0.50861,30.05258,0,136,0,19.140,
6815,272.600,58,0.49875,29.94514,0,151,0,18.457,
6816,272.640,58,0.49288,29.72840,0,148,0,18.470,
6817,272.680,58,0.49173,29.70713,0,144,0,18.945,
6818,272.720,58,0.49059,29.67793,0,144,0,18.737,
6819,272.760,58,0.48496,29.55561,0,132,0,19.711,
6820,272.800,58,0.50142,29.57796,0,135,0,19.596,
6821,272.840,58,0.49890,29.32497,0,143,0,19.132,
6822,272.880,58,0.52378,29.30375,0,92,0,11.593,
6823,272.920,58,0.53292,29.08618,1,22,0,1.040,6.999
6824,272.960,58,0.50892,29.04212,1,21,0,0.884,6.999
6825,273.000,58,0.53912,29.02655,1,23,0,1.052,6.999
6826,273.040,58,0.54151,28.90818,1,22,0,0.911,6.999
6827,273.080,58,0.53080,28.85429,1,24,0,0.888,6.999
6828,273.120,58,0.54439,28.77575,1,24,0,0.664,6.999
6829,273.160,58,0.56129,28.64893,1,24,0,0.856,6.999
6830,273.200,58,0.56618,28.65411,1,25,0,0.814,6.999
6831,273.240,58,0.54541,28.55141,1,24,0,0.586,6.999
6832,273.280,58,0.56175,28.44724,1,25,0,0.850,6.999
6833,273.320,58,0.56547,28.36804,1,26,0,0.745,6.999
6834,273.360,58,0.57657,28.21167,1,24,0,0.838,6.999
6835,273.400,58,0.59231,28.23003,1,25,0,0.814,6.999
6836,273.440,58,0.57112,28.13423,1,24,0,0.810,6.999
6837,273.480,58,0.56377,28.06454,1,24,0,0.882,6.999
6838,273.520,58,0.56546,27.88910,1,24,0,0.648,6.999
6839,273.560,58,0.58317,27.87513,1,25,0,0.898,6.999
6840,273.600,58,0.60160,27.79109,1,24,0,0.498,6.999
6841,273.640,58,0.60516,27.69063,1,25,0,0.911,6.999
6842,273.680,58,0.61582,27.63343,1,24,0,0.779,6.999
6843,273.720,58,0.60708,27.55327,1,24,0,0.911,6.999
6844,273.760,58,0.60828,27.45114,1,24,0,0.783,6.999
6845,273.800,58,0.60203,27.41910,1,24,0,0.708,6.999
6846,273.840,58,0.61766,27.30003,1,26,0,1.039,6.999
6847,273.880,58,0.62268,27.21035,1,25,0,0.925,6.999
6848,273.920,58,0.61729,27.12648,1,26,0,0.931,6.999
6849,273.960,58,0.62366,27.05629,1,25,0,0.685,6.999
6850,274.000,58,0.63484,27.00403,1,24,0,1.051,6.999
6851,274.040,58,0.63034,26.94080,1,26,0,0.942,6.999
6852,274.080,58,0.65536,26.93027,1,25,0,0.828,6.999
6853,274.120,58,0.64275,26.78645,1,25,0,1.010,6.999
6854,274.160,58,0.64208,26.71431,1,25,0,0.789,6.999
6855,274.200,58,0.64788,26.53964,1,26,0,0.949,6.999
6856,274.240,58,0.65613,26.53302,1,26,0,0.783,6.999
6857,274.280,58,0.65656,26.56442,1,26,0,0.953,6.999
6858,274.320,58,0.65058,26.36356,1,26,0,0.802,6.999
6859,274.360,58,0.66105,26.27866,1,26,0,1.019,6.999
6860,274.400,58,0.66821,26.21453,1,26,0,0.976,6.999
6861,274.440,58,0.67617,26.17830,1,26,0,0.738,6.999
6862,274.480,58,0.66534,26.01778,1,25,0,0.858,6.999
6863,274.520,58,0.66548,26.00477,1,26,0,0.771,6.999
6864,274.560,58,0.67757,25.87019,1,25,0,0.968,6.999
6865,274.600,58,0.67789,25.84481,1,26,0,0.706,6.999
6866,274.640,58,0.68107,25.72617,1,26,0,0.937,6.999
6867,274.680,58,0.69033,25.67034,1,26,0,0.818,6.999
6868,274.720,58,0.69216,25.56500,1,26,0,0.964,6.999
6869,274.760,58,0.68400,25.50797,1,27,0,0.856,6.999
6870,274.800,58,0.68005,25.44496,1,27,0,0.840,6.999
6871,274.840,58,0.69966,25.41612,1,27,0,0.707,6.999
6872,274.880,58,0.69742,25.27354,1,27,0,0.828,6.999
6873,274.920,58,0.69236,25.18501,1,27,0,0.869,6.999
6874,274.960,58,0.70499,25.12881,1,26,0,0.894,6.999
6876,275.040,58,0.70743,25.02631,1,25,0,0.570,6.999
6877,275.080,58,0.70833,24.86771,1,26,0,0.832,6.999
6878,275.120,58,0.71915,24.75564,1,26,0,1.035,6.999
6879,275.160,58,0.71472,24.73870,1,28,0,0.893,6.999
6880,275.200,58,0.71452,24.58948,1,27,0,0.979,6.999
6881,275.240,58,0.72596,24.56810,1,28,0,0.866,6.999
6882,275.280,58,0.72837,24.54079,1,28,0,0.902,6.999
6883,275.320,58,0.72974,24.43386,1,28,0,0.831,6.999
6884,275.360,58,0.72711,24.29527,1,27,0,1.000,6.999
6885,275.400,58,0.73394,24.24530,1,28,0,0.956,6.999
6886,275.440,58,0.72976,24.15437,1,28,0,1.023,6.999
6887,275.480,58,0.74078,24.09241,1,28,0,0.826,6.999
6888,275.520,58,0.74374,24.00796,1,28,0,0.911,6.999
6889,275.560,58,0.75334,24.03614,1,28,0,0.811,6.999
6890,275.600,58,0.74294,23.87425,1,28,0,0.807,6.999
6891,275.640,58,0.74535,23.82989,1,28,0,1.005,6.999
6892,275.680,58,0.75975,23.77716,1,28,0,0.805,6.999
6893,275.720,58,0.75199,23.66916,1,28,0,0.866,6.999
6894,275.760,58,0.75969,23.61872,1,28,0,0.966,6.999
6895,275.800,58,0.75108,23.53531,1,28,0,0.980,6.999
6896,275.840,58,0.76206,23.47458,1,29,0,0.741,6.999
6897,275.880,58,0.75688,23.39247,1,29,0,0.866,6.999
6898,275.920,58,0.76482,23.31716,1,30,0,0.771,6.999
6899,275.960,58,0.76495,23.24743,1,31,0,0.773,6.999
6900,276.000,58,0.76586,23.17527,1,30,0,0.834,6.999
6901,276.040,58,0.76016,23.09335,1,30,0,0.896,6.999
6902,276.080,58,0.77211,23.02452,1,29,0,0.782,6.999
6903,276.120,58,0.77445,22.94233,1,30,0,0.921,6.999
6904,276.160,58,0.76983,22.88224,1,30,0,0.890,6.999
6905,276.200,58,0.77341,22.81093,1,30,0,0.848,6.999
6906,276.240,58,0.77879,22.73096,1,30,0,0.772,6.999
6907,276.280,58,0.77894,22.67416,1,30,0,0.937,6.999
6908,276.320,58,0.78317,22.59879,1,30,0,0.609,6.999
6909,276.360,58,0.77779,22.52130,1,31,0,0.801,6.999
6910,276.400,58,0.78886,22.51662,1,30,0,0.830,6.999
6911,276.440,58,0.78073,22.35258,1,30,0,0.904,6.999
6912,276.480,58,0.79756,22.30322,1,31,0,0.843,6.999
6913,276.520,58,0.79198,22.19431,1,31,0,0.846,6.999
6914,276.560,58,0.80016,22.23304,1,30,0,0.956,6.999
6915,276.600,58,0.79087,22.07586,1,31,0,0.754,6.999
6916,276.640,58,0.79292,22.04052,1,31,0,0.856,6.999
6917,276.680,58,0.79490,21.94108,1,31,0,0.754,6.999
6918,276.720,58,0.78423,21.83734,1,30,0,0.936,6.999
6919,276.760,58,0.79939,21.86466,1,31,0,0.746,6.999
6920,276.800,58,0.80194,21.69979,1,31,0,0.989,6.999
6921,276.840,58,0.80290,21.72941,1,30,0,0.808,6.999
6922,276.880,58,0.80460,21.57777,1,31,0,0.891,6.999
6923,276.920,58,0.79642,21.50755,1,32,0,0.968,6.999
6924,276.960,58,0.80700,21.47619,1,31,0,0.833,6.999
6925,277.000,58,0.80938,21.40160,1,32,0,0.874,6.999
6926,277.040,58,0.80669,21.35388,1,32,0,0.854,6.999
6927,277.080,58,0.80272,21.20713,1,32,0,0.786,6.999
6928,277.120,58,0.81970,21.23046,1,31,0,0.878,6.999
6929,277.160,58,0.80896,21.06820,1,32,0,0.772,6.999
6930,277.200,58,0.81464,21.10520,1,32,0,0.871,6.999
6931,277.240,58,0.81555,20.93616,1,32,0,0.806,6.999
6932,277.280,58,0.81491,20.85110,1,32,0,0.849,6.999
6933,277.320,58,0.81424,20.81078,1,32,0,0.823,6.999
6934,277.360,58,0.81504,20.72195,1,33,0,0.834,6.999
6935,277.400,58,0.82577,20.73335,1,34,0,0.830,6.999
6936,277.440,58,0.81656,20.58971,1,32,0,0.854,6.999
6937,277.480,58,0.81925,20.53430,1,32,0,0.772,6.999
6938,277.520,58,0.82753,20.46413,1,33,0,0.909,6.999
6939,277.560,58,0.83180,20.39079,1,33,0,0.805,6.999
6940,277.600,58,0.82302,20.31498,1,32,0,0.694,6.999
6941,277.640,58,0.82096,20.24138,1,34,0,0.686,6.999
6942,277.680,58,0.81985,20.18529,1,34,0,0.768,6.999
6943,277.720,58,0.83424,20.12422,1,33,0,0.756,6.999
6944,277.760,58,0.83368,20.07234,1,34,0,0.683,6.999
6945,277.800,58,0.82032,19.99569,1,34,0,0.798,6.999
6946,277.840,58,0.83821,19.90433,1,33,0,0.767,6.999
6947,277.880,58,0.83249,19.84870,1,35,0,0.676,6.999
6948,277.920,58,0.82349,19.78155,1,34,0,0.813,6.999
6949,277.960,58,0.83753,19.72867,1,34,0,0.707,6.999
6950,278.000,58,0.83575,19.63129,1,34,0,0.744,6.999
6951,278.040,58,0.83418,19.59095,1,33,0,0.801,6.999
6952,278.080,58,0.84084,19.50996,1,34,0,0.747,6.999
6953,278.120,58,0.84066,19.45155,1,35,0,0.864,6.999
6954,278.160,58,0.83806,19.37121,1,34,0,0.841,6.999
6955,278.200,58,0.84388,19.29896,1,34,0,0.669,6.999
6956,278.240,58,0.84390,19.23067,1,35,0,0.876,6.999
6957,278.280,58,0.84272,19.19012,1,35,0,0.747,6.999
6958,278.320,58,0.84603,19.08906,1,34,0,0.632,6.999
6959,278.360,58,0.84970,19.05523,1,35,0,0.761,6.999
6960,278.400,58,0.84523,18.97743,1,35,0,0.761,6.999
6961,278.440,58,0.84994,18.89729,1,35,0,0.691,6.999
6962,278.480,58,0.85354,18.85256,1,35,0,0.777,6.999
6963,278.520,58,0.84558,18.77768,1,36,0,0.784,6.999
6964,278.560,58,0.85393,18.68312,1,35,0,0.715,6.999
6965,278.600,58,0.84918,18.65472,1,36,0,0.729,6.999
6966,278.640,58,0.85149,18.56822,1,36,0,0.854,6.999
6967,278.680,58,0.84780,18.50203,1,37,0,0.829,6.999
6968,278.720,58,0.85520,18.45916,1,36,0,0.687,6.999
6969,278.760,58,0.84200,18.37847,1,37,0,0.667,6.999
6970,278.800,58,0.85881,18.30031,1,36,0,0.740,6.999
6971,278.840,58,0.85542,18.27320,1,36,0,0.647,6.999
6972,278.880,58,0.84485,18.18108,1,37,0,0.702,6.999
6973,278.920,58,0.85065,18.11443,1,38,0,0.800,6.999
6974,278.960,58,0.86164,18.06718,1,37,0,0.769,6.999
6975,279.000,58,0.85236,17.98785,1,38,0,0.725,6.999
6976,279.040,58,0.85303,17.90888,1,38,0,0.807,6.999
6977,279.080,58,0.85434,17.86929,1,38,0,0.807,6.999
6978,279.120,58,0.85482,17.78571,1,38,0,0.700,6.999
6979,279.160,58,0.85305,17.73083,1,38,0,0.778,6.999
6980,279.200,58,0.84745,17.68081,1,38,0,0.732,6.999
6981,279.240,58,0.84799,17.60255,1,38,0,0.642,6.999
6982,279.280,58,0.85116,17.51564,1,38,0,0.807,6.999
6983,279.320,58,0.85244,17.48519,1,39,0,0.722,6.999
6984,279.360,58,0.85087,17.41534,1,40,0,0.635,6.999
6985,279.400,58,0.85051,17.34174,1,39,0,0.710,6.999
6986,279.440,58,0.84903,17.27745,1,40,0,0.713,6.999
6987,279.480,58,0.85521,17.23128,1,39,0,0.724,6.999
6988,279.520,58,0.85291,17.15470,1,38,0,0.727,6.999
6989,279.560,58,0.84989,17.10312,1,40,0,0.744,6.999
6990,279.600,58,0.84709,17.03679,1,39,0,0.868,6.999
6991,279.640,58,0.85299,16.96843,1,40,0,0.732,6.999
6992,279.680,58,0.84944,16.90912,1,40,0,0.672,6.999
6993,279.720,58,0.84933,16.86777,1,40,0,0.867,6.999
6994,279.760,58,0.85326,16.79126,1,40,0,0.745,6.999
6995,279.800,58,0.84969,16.72778,1,40,0,0.679,6.999
6996,279.840,58,0.84627,16.66611,1,40,0,0.669,6.999
6997,279.880,58,0.84800,16.61009,1,39,0,0.917,6.999
6998,279.920,58,0.85178,16.55345,1,40,0,0.702,6.999
6999,279.960,58,0.84655,16.48204,1,40,0,0.644,6.999
7000,280.000,58,0.84543,16.42507,1,40,0,0.833,6.999
7001,280.040,58,0.84729,16.36490,1,40,0,0.815,6.999
7002,280.080,58,0.85154,16.29901,1,21,0,0.825,6.999
7003,280.120,58,0.84743,16.24822,1,21,0,0.738,6.999
7004,280.160,58,0.85060,16.17756,1,21,0,0.705,6.999
7005,280.200,58,0.84502,16.12687,1,21,0,0.734,6.999
7006,280.240,58,0.84480,16.06487,1,21,0,0.711,6.999
7007,280.280,58,0.84128,15.99594,1,21,0,0.747,6.999
7008,280.320,58,0.84487,15.94344,1,21,0,0.637,6.999
7009,280.360,58,0.84561,15.90142,1,21,0,0.714,6.999
7010,280.400,58,0.84215,15.81352,1,21,0,0.810,6.999
7011,280.440,58,0.84380,15.76202,1,21,0,0.639,6.999
7012,280.480,58,0.84821,15.72226,1,21,0,0.726,6.999
7013,280.520,58,0.84243,15.64772,1,22,0,0.774,6.999
7014,280.560,58,0.83700,15.58244,1,21,0,0.774,6.999
7015,280.600,58,0.84079,15.52473,1,21,0,0.689,6.999
7016,280.640,58,0.83795,15.49772,1,21,0,0.755,6.999
7017,280.680,58,0.83207,15.43008,1,21,0,0.687,6.999
7018,280.720,58,0.84350,15.35433,1,21,0,0.645,6.999
7019,280.760,58,0.83760,15.29011,1,22,0,0.672,6.999
7020,280.800,58,0.84015,15.26238,1,22,0,0.749,6.999
7021,280.840,58,0.84431,15.18988,1,21,0,0.727,6.999
7022,280.880,58,0.83895,15.12190,1,22,0,0.728,6.999
7023,280.920,58,0.83412,15.06517,1,22,0,0.720,6.999
7024,280.960,58,0.83430,15.00872,1,21,0,0.846,6.999
7025,281.000,58,0.83194,14.97148,1,22,0,0.613,6.999
7026,281.040,58,0.83535,14.89659,1,21,0,0.803,6.999
7027,281.080,58,0.82954,14.82780,1,22,0,0.676,6.999
7028,281.120,58,0.83848,14.78352,1,22,0,0.672,6.999
7029,281.160,58,0.83836,14.73362,1,23,0,0.809,6.999
7030,281.200,58,0.83096,14.67158,1,22,0,0.802,6.999
7031,281.240,58,0.83611,14.60729,1,22,0,0.628,6.999
7032,281.280,58,0.83342,14.55536,1,22,0,0.729,6.999
7033,281.320,58,0.83112,14.49800,1,22,0,0.824,6.999
7034,281.360,58,0.83747,14.45721,1,23,0,0.695,6.999
7035,281.400,58,0.82738,14.39730,1,23,0,0.688,6.999
7036,281.440,58,0.82888,14.32914,1,23,0,0.833,6.999
7037,281.480,58,0.83195,14.28328,1,23,0,0.656,6.999
7038,281.520,58,0.82835,14.22308,1,23,0,0.693,6.999
7039,281.560,58,0.82632,14.16333,1,23,0,0.656,6.999
7040,281.600,58,0.82246,14.10662,1,23,0,0.829,6.999
7041,281.640,58,0.82833,14.05219,1,23,0,0.770,6.999
7042,281.680,58,0.82786,14.01168,1,23,0,0.712,6.999
7043,281.720,58,0.81990,13.94519,1,23,0,0.738,6.999
7044,281.760,58,0.82349,13.88338,1,23,0,0.685,6.999
7045,281.800,58,0.82791,13.84057,1,23,0,0.805,6.999
7046,281.840,58,0.81954,13.78720,1,23,0,0.733,6.999
7047,281.880,58,0.82422,13.74250,1,24,0,0.626,6.999
7048,281.920,58,0.82646,13.67529,1,23,0,0.733,6.999
7049,281.960,58,0.81746,13.61906,1,23,0,0.710,6.999
7050,282.000,58,0.81413,13.56670,1,23,0,0.756,6.999
7051,282.040,58,0.81954,13.52022,1,24,0,0.815,6.999
7052,282.080,58,0.81731,13.47098,1,24,0,0.739,6.999
7053,282.120,58,0.81512,13.41188,1,24,0,0.807,6.999
7054,282.160,58,0.81486,13.35637,1,24,0,0.685,6.999
7055,282.200,58,0.81627,13.29435,1,24,0,0.640,6.999
7056,282.240,58,0.81281,13.24119,1,24,0,0.736,6.999
7057,282.280,58,0.81666,13.19360,1,24,0,0.721,6.999
7058,282.320,58,0.81190,13.14667,1,24,0,0.647,6.999
7059,282.360,58,0.81192,13.10501,1,24,0,0.715,6.999
7060,282.400,58,0.80039,13.03625,1,24,0,0.724,6.999
7061,282.440,58,0.80435,12.98198,1,24,0,0.764,6.999
7062,282.480,58,0.80687,12.93177,1,24,0,0.707,6.999
7063,282.520,58,0.80245,12.88384,1,25,0,0.729,6.999
7064,282.560,58,0.79859,12.83296,1,25,0,0.757,6.999
7065,282.600,58,0.79915,12.78759,1,25,0,0.676,6.999
7066,282.640,58,0.80016,12.73100,1,24,0,0.770,6.999
7067,282.680,58,0.79656,12.67413,1,24,0,0.803,6.999
7068,282.720,58,0.79367,12.62041,1,25,0,0.758,6.999
7069,282.760,58,0.79625,12.56085,1,24,0,0.712,6.999
7070,282.800,58,0.79290,12.51221,1,26,19,0.630,12.204
7071,282.840,58,0.78971,12.45833,1,27,0,0.856,6.999
7072,282.880,58,0.78901,12.41159,1,26,16,0.623,14.923
7073,282.920,58,0.78489,12.37024,1,25,0,0.776,6.999
7074,282.960,58,0.78416,12.31597,1,25,0,0.838,6.999
7075,283.000,58,0.78299,12.28083,1,25,13,0.670,14.025
7076,283.040,58,0.78428,12.22064,1,26,0,0.728,6.999
7077,283.080,58,0.78230,12.17243,1,27,0,0.627,6.999
7078,283.120,58,0.77902,12.10995,1,25,0,0.811,6.999
7079,283.160,58,0.77551,12.06758,1,26,21,0.572,14.240
7080,283.200,58,0.77901,12.01838,1,26,0,0.615,6.999
7081,283.240,58,0.77226,11.96111,1,26,0,0.722,6.999
7082,283.280,58,0.77096,11.90645,1,27,0,0.734,6.999
7083,283.320,58,0.76677,11.84970,1,27,0,0.722,6.999
7084,283.360,58,0.76250,11.81305,1,27,0,0.649,6.999
7085,283.400,58,0.76397,11.76262,1,26,0,0.641,6.999
7086,283.440,58,0.76225,11.72748,1,27,0,0.648,6.999
7087,283.480,58,0.76341,11.68098,1,26,0,0.743,6.999
7088,283.520,58,0.76490,11.63077,1,28,0,0.585,6.999
7089,283.560,58,0.75904,11.57558,1,28,0,0.574,6.999
7090,283.600,58,0.75334,11.52345,1,27,0,0.654,6.999
7091,283.640,58,0.74789,11.47787,1,28,0,0.608,6.999
7092,283.680,58,0.74808,11.42107,1,27,0,0.757,6.999
7093,283.720,58,0.75031,11.37441,1,28,0,0.652,6.999
7094,283.760,58,0.74587,11.32576,1,27,0,0.701,6.999
7095,283.800,58,0.74194,11.27202,1,27,0,0.709,6.999
7096,283.840,58,0.73852,11.23883,1,27,0,0.755,6.999
7097,283.880,58,0.73648,11.18954,1,27,0,0.729,6.999
7098,283.920,58,0.74068,11.14277,1,27,0,0.687,6.999
7099,283.960,58,0.73554,11.09214,1,27,0,0.779,6.999
7100,284.000,58,0.73320,11.05485,1,27,0,0.803,6.999
7101,284.040,58,0.73121,11.00316,1,28,0,0.861,6.999
7102,284.080,58,0.72756,10.96242,1,28,0,0.827,6.999
7103,284.120,58,0.72617,10.91055,1,28,0,0.708,6.999
7104,284.160,58,0.72451,10.86190,1,29,0,0.834,6.999
7105,284.200,58,0.72305,10.81321,1,28,0,0.807,6.999
7106,284.240,58,0.72222,10.76150,1,29,0,0.599,6.999
7107,284.280,58,0.71677,10.71726,1,29,0,0.679,6.999
7108,284.320,58,0.71545,10.67852,1,28,0,0.772,6.999
7109,284.360,58,0.71177,10.63438,1,29,0,0.758,6.999
7110,284.400,58,0.70764,10.59023,1,28,17,0.643,11.987
7111,284.440,58,0.71331,10.54394,1,29,0,0.792,6.999
7112,284.480,58,0.70996,10.51758,1,29,12,0.776,16.067
7113,284.520,58,0.70629,10.45552,1,29,0,0.717,6.999
7114,284.560,58,0.69788,10.40965,1,29,0,0.758,6.999
7115,284.600,58,0.69450,10.36844,1,30,0,0.759,6.999
7116,284.640,58,0.70045,10.31654,1,29,0,0.760,6.999
7117,284.680,58,0.69876,10.27086,1,29,0,0.698,6.999
7118,284.720,58,0.69068,10.22894,1,29,0,0.780,6.999
7119,284.760,58,0.68743,10.17986,1,29,0,0.735,6.999
7120,284.800,58,0.68503,10.13618,1,30,0,0.722,6.999
7121,284.840,58,0.68186,10.09325,1,30,0,0.651,6.999
7122,284.880,58,0.68544,10.04327,1,30,0,0.690,6.999
7123,284.920,58,0.67580,10.00367,1,30,0,0.542,6.999
7124,284.960,58,0.67610,9.95955,1,29,0,0.721,6.999
7125,285.000,58,0.67583,9.91550,1,30,27,0.557,9.880
7120,284.800,59,-0.16490,32.25574,1,20,0,0.887,6.999
7121,284.840,59,-0.18962,32.00887,0,589,0,50.955,
7122,284.880,59,-0.18244,32.00690,0,141,0,16.769,
7123,284.920,59,-0.17367,32.01089,0,557,0,53.864,
7124,284.960,59,-0.18167,32.04558,0,477,0,52.996,
7125,285.000,59,-0.19459,31.96389,0,484,0,53.244,
7126,285.040,58,0.67654,9.87789,1,30,0,0.570,6.999
7126,285.040,59,-0.18531,31.79249,0,421,0,60.020,
7127,285.080,58,0.67040,9.82740,1,31,0,0.610,6.999
7127,285.080,59,-0.19462,31.85769,0,505,0,58.033,
7128,285.120,58,0.66838,9.78465,1,31,0,0.710,6.999
7128,285.120,59,-0.19150,31.81498,0,519,0,55.614,
7129,285.160,58,0.66552,9.73953,1,30,32,0.589,9.915
7129,285.160,59,-0.20603,31.58307,0,714,0,62.283,
7130,285.200,58,0.66691,9.70140,1,30,0,0.643,6.999
7130,285.200,59,-0.22421,31.35489,0,569,0,53.703,
7131,285.240,58,0.66401,9.65984,1,32,26,0.528,10.902
7131,285.240,59,-0.21959,31.34137,0,648,0,69.977,
7132,285.280,58,0.65858,9.61223,1,31,0,0.687,6.999
7132,285.280,59,-0.22630,31.34454,0,592,0,53.002,
7133,285.320,58,0.65808,9.57378,1,31,0,0.629,6.999
7133,285.320,59,-0.22662,31.12294,0,584,0,52.960,
7134,285.360,58,0.65581,9.53462,1,31,0,0.538,6.999
7134,285.360,59,-0.22724,31.12567,0,714,0,61.909,
7135,285.400,58,0.65436,9.48822,1,31,0,0.762,6.999
7135,285.400,59,-0.23418,30.90627,0,614,0,51.972,
7136,285.440,58,0.65331,9.44812,1,31,0,0.720,6.999
7136,285.440,59,-0.23278,30.92518,1,23,0,0.905,6.999
7137,285.480,58,0.64973,9.40710,1,31,0,0.724,6.999
7137,285.480,59,-0.23419,30.85869,1,23,0,1.059,6.999
7138,285.520,58,0.64521,9.36427,1,31,0,0.763,6.999
7138,285.520,59,-0.24223,30.70073,0,584,0,52.081,
7139,285.560,58,0.64409,9.31900,1,31,15,0.626,9.205
7139,285.560,59,-0.23852,30.65847,1,23,0,1.072,6.999
7140,285.600,58,0.64339,9.28397,1,31,0,0.681,6.999
7140,285.600,59,-0.24368,30.51279,1,22,0,0.860,6.999
7141,285.640,58,0.63987,9.23115,1,31,15,0.616,9.219
7141,285.640,59,-0.26000,30.46510,0,526,0,53.398,
7140,285.600,60,-0.24020,30.79585,1,19,0,0.721,6.999
7141,285.640,60,-0.25699,30.47011,0,526,0,53.398,
7142,285.680,58,0.63763,9.19128,1,31,0,0.777,6.999
7142,285.680,59,-0.25052,30.32297,1,25,0,0.544,6.999
7142,285.680,60,-0.25051,30.32307,1,25,0,0.544,6.999
7143,285.720,58,0.63490,9.15125,1,31,0,0.773,6.999
7143,285.720,59,-0.24569,30.30986,1,27,0,0.324,6.999
7143,285.720,60,-0.24569,30.30986,1,27,0,0.324,6.999
7144,285.760,58,0.63308,9.11310,1,32,0,0.711,6.999
7144,285.760,59,-0.25869,30.23174,1,26,0,0.686,6.999
7145,285.800,58,0.63031,9.06725,1,32,0,0.653,6.999
7145,285.800,59,-0.26343,30.28280,0,86,0,10.375,
7146,285.840,58,0.62642,9.02622,1,33,0,0.658,6.999
7146,285.840,59,-0.26715,30.09943,0,88,0,10.570,
7147,285.880,58,0.62305,8.98738,1,32,0,0.713,6.999
7147,285.880,59,-0.26601,30.10392,0,162,0,18.196,
7148,285.920,58,0.62524,8.93601,1,31,22,0.545,11.081
7148,285.920,59,-0.26726,30.04600,0,106,0,11.413,
7149,285.960,58,0.62698,8.90194,1,32,35,0.486,8.754
7149,285.960,59,-0.27088,29.90373,0,130,0,15.568,
7150,286.000,58,0.61802,8.85940,1,33,18,0.562,11.052
7150,286.000,59,-0.26969,29.92645,0,126,0,15.691,
7151,286.040,58,0.61575,8.82082,1,33,28,0.527,9.632
7151,286.040,59,-0.28070,29.68171,0,116,0,11.576,
7152,286.080,58,0.61266,8.78340,1,32,22,0.523,11.947
7152,286.080,59,-0.28730,29.66562,0,117,0,11.949,
7153,286.120,58,0.60915,8.74522,1,32,32,0.453,9.330
7153,286.120,59,-0.28757,29.47464,0,115,0,11.847,
7154,286.160,58,0.61162,8.69948,1,33,0,0.712,6.999
7154,286.160,59,-0.28978,29.52617,0,120,0,12.132,
7155,286.200,58,0.60769,8.66167,1,33,20,0.613,9.798
7155,286.200,59,-0.28937,29.32727,1,24,0,0.758,6.999
7156,286.240,58,0.60648,8.61681,1,33,24,0.602,11.503
7156,286.240,59,-0.30514,29.28217,1,25,0,0.882,6.999
7157,286.280,58,0.60255,8.57023,1,34,0,0.743,6.999
7157,286.280,59,-0.29393,29.20214,1,26,0,0.772,6.999
7158,286.320,58,0.60157,8.53450,1,33,29,0.534,10.500
7158,286.320,59,-0.29637,29.10761,1,25,0,0.916,6.999
7159,286.360,58,0.59819,8.46394,1,47,17,1.252,9.048
7159,286.360,59,-0.30804,28.99346,1,24,0,0.842,6.999
7160,286.400,58,0.59108,8.41737,1,44,24,0.977,5.964
7160,286.400,59,-0.31106,28.92893,1,25,0,0.914,6.999
7161,286.440,58,0.58766,8.38258,1,52,0,1.156,6.999
7161,286.440,59,-0.31418,28.77839,1,25,0,0.917,6.999
7162,286.480,58,0.59011,8.37199,1,48,0,1.014,6.999
7162,286.480,59,-0.32141,28.79880,1,25,0,0.841,6.999
7163,286.520,58,0.58872,8.36412,1,42,0,1.258,10.094
7163,286.520,59,-0.32350,28.68116,1,24,0,0.972,6.999
7164,286.560,58,0.58628,8.35066,1,36,0,1.761,6.999
7164,286.560,59,-0.33364,28.61038,1,25,0,0.877,6.999
7165,286.600,58,0.59129,8.34134,1,34,0,2.185,6.999
7165,286.600,59,-0.32997,28.56520,1,29,0,0.735,6.999
7166,286.640,58,0.58913,8.32440,1,33,0,2.613,10.606
7166,286.640,59,-0.33550,28.49787,1,27,0,0.640,6.999
7167,286.680,58,0.56739,8.03842,1,31,0,1.824,6.999
7167,286.680,59,-0.34015,28.39757,1,26,0,0.834,6.999
7168,286.720,58,0.56895,8.13373,1,49,0,2.268,6.999
7168,286.720,59,-0.33253,28.37255,0,117,0,13.391,
7169,286.760,58,0.54667,8.11566,1,68,0,3.084,6.999
7169,286.760,59,-0.34371,28.18755,0,120,0,13.644,
7170,286.800,58,0.54615,7.98271,1,68,0,2.479,6.999
7170,286.800,59,-0.34866,28.15042,1,26,0,0.729,6.999
7171,286.840,58,0.54071,7.95141,1,41,0,2.664,6.999
7171,286.840,59,-0.35524,27.99855,0,0,0,,
7172,286.880,58,0.52560,7.93583,1,43,0,2.912,6.999
7172,286.880,59,-0.34672,27.99402,0,0,0,,
7173,286.920,58,0.52824,7.92106,1,52,20,2.143,5.172
7173,286.920,59,-0.35641,27.93990,1,24,0,0.912,6.999
7174,286.960,58,0.52594,7.88532,1,59,0,2.294,6.999
7174,286.960,59,-0.35010,27.82166,1,26,0,0.872,6.999
7170,286.800,61,-0.28805,30.10798,1,17,0,0.816,6.999
7171,286.840,61,-0.26576,30.08469,0,608,0,49.259,
7172,286.880,61,-0.24252,29.94701,0,620,0,49.274,
7174,286.960,61,-0.27937,29.73773,0,26,0,0.872,
7175,287.000,58,0.55600,7.85509,1,43,34,0.702,5.406
7175,287.000,59,-0.34949,27.80726,1,26,0,0.970,6.999
7175,287.000,61,-0.28982,29.30970,0,26,0,0.952,
7176,287.040,58,0.55104,7.82603,1,43,48,0.585,9.323
7176,287.040,59,-0.36042,27.75458,1,26,0,0.944,6.999
7176,287.040,61,-0.28016,29.30191,0,26,0,1.672,
7177,287.080,58,0.55337,7.80376,1,38,0,0.730,6.999
7177,287.080,59,-0.36563,27.56116,1,25,0,0.908,6.999
7177,287.080,61,-0.30712,29.30810,0,25,0,0.908,
7178,287.120,58,0.55147,7.77407,1,39,49,0.664,12.078
7178,287.120,59,-0.35217,27.56999,1,25,0,0.963,6.999
7178,287.120,61,-0.29957,29.08953,0,25,0,1.659,
7179,287.160,58,0.54955,7.73105,1,35,44,0.636,12.748
7179,287.160,59,-0.35074,27.40472,1,26,0,0.815,6.999
7179,287.160,61,-0.30489,28.77420,0,26,0,0.815,
7180,287.200,58,0.54669,7.70141,1,35,41,0.728,13.039
7180,287.200,59,-0.36711,27.43893,1,25,0,0.903,6.999
7180,287.200,61,-0.29668,28.97245,0,25,0,0.903,
7181,287.240,58,0.54260,7.67048,1,36,20,1.029,15.296
7181,287.240,59,-0.37723,27.26565,1,26,0,0.849,6.999
7181,287.240,61,-0.30098,28.91812,0,26,0,1.857,
7182,287.280,58,0.54052,7.60481,1,37,26,0.611,9.942
7182,287.280,59,-0.37844,27.27184,1,26,0,0.872,6.999
7182,287.280,61,-0.32152,29.11127,0,26,0,0.872,
7183,287.320,58,0.53533,7.57526,1,37,22,0.709,12.517
7183,287.320,59,-0.38781,27.20210,1,26,0,0.997,6.999
7183,287.320,61,-0.29528,28.80432,0,26,0,1.769,
7184,287.360,58,0.53898,7.55703,1,36,34,0.776,13.541
7184,287.360,59,-0.38071,27.11413,1,25,0,0.811,6.999
7184,287.360,61,-0.32420,28.75732,0,25,0,0.811,
7185,287.400,58,0.53202,7.50825,1,37,32,0.585,12.995
7185,287.400,59,-0.38395,26.92899,1,26,0,0.985,6.999
7185,287.400,61,-0.31833,28.54039,0,26,0,1.778,
7186,287.440,58,0.52973,7.48414,1,39,34,0.854,14.473
7186,287.440,59,-0.38470,26.95138,1,24,0,0.891,6.999
7186,287.440,61,-0.31903,28.51307,0,24,0,0.891,
7187,287.480,58,0.52613,7.43415,1,38,43,0.742,12.678
7187,287.480,59,-0.39965,26.71078,1,24,0,1.071,6.999
7187,287.480,61,-0.29859,28.31747,0,24,0,1.694,
7188,287.520,58,0.52721,7.41157,1,37,39,1.089,14.376
7188,287.520,59,-0.40066,26.71223,1,25,0,0.810,6.999
7188,287.520,61,-0.31811,28.33150,0,25,0,1.989,
7189,287.560,58,0.51948,7.35533,1,37,40,0.676,10.565
7189,287.560,59,-0.38980,26.69409,1,25,0,0.791,6.999
7189,287.560,61,-0.31915,28.32166,0,25,0,0.791,
7190,287.600,58,0.51756,7.32664,1,37,36,0.700,13.322
7190,287.600,59,-0.38362,26.53851,1,25,0,0.985,6.999
7190,287.600,61,-0.30928,28.20141,0,25,0,0.985,
7191,287.640,58,0.51442,7.29735,1,38,48,0.752,11.580
7191,287.640,59,-0.40221,26.57056,1,26,0,0.959,6.999
7191,287.640,61,-0.30408,28.78737,0,26,0,0.959,
7192,287.680,58,0.51342,7.25873,1,38,43,0.829,13.610
7192,287.680,59,-0.39883,26.41086,1,24,0,1.137,6.999
7192,287.680,61,-0.31809,28.19314,0,24,0,1.809,
7193,287.720,58,0.51017,7.21886,1,37,43,0.668,10.041
7193,287.720,59,-0.41187,26.41833,1,25,0,0.994,6.999
7193,287.720,61,-0.33549,27.96905,0,25,0,0.920,
7194,287.760,58,0.50585,7.17814,1,38,43,1.064,12.898
7194,287.760,59,-0.39782,26.24769,1,26,0,0.930,6.999
7194,287.760,61,-0.33528,27.76166,0,26,0,0.930,
7195,287.800,58,0.50759,7.16521,1,38,36,1.098,13.142
7195,287.800,59,-0.41666,26.25569,1,26,0,1.006,6.999
7195,287.800,61,-0.33346,27.81979,0,26,0,1.000,
7196,287.840,58,0.49911,7.11769,1,38,46,0.738,11.630
7196,287.840,59,-0.41618,26.08989,1,26,0,1.098,6.999
7196,287.840,61,-0.34130,27.88956,0,26,0,1.740,
7197,287.880,58,0.49449,7.06844,1,37,24,0.888,17.950
7197,287.880,59,-0.41244,26.02260,1,27,0,0.801,6.999
7197,287.880,61,-0.34739,27.75690,0,27,0,0.801,
7198,287.920,58,0.49549,7.05367,1,37,45,0.864,11.527
7198,287.920,59,-0.42695,26.06625,1,26,0,1.014,6.999
7198,287.920,61,-0.35642,27.68297,0,26,0,1.014,
7199,287.960,58,0.49017,7.01560,1,37,40,0.880,13.551
7199,287.960,59,-0.42493,25.92336,1,27,0,0.885,6.999
7199,287.960,61,-0.36303,27.66437,0,27,0,0.885,
7200,288.000,58,0.49148,6.99145,1,39,40,1.175,12.780
7200,288.000,59,-0.42969,25.77162,1,27,0,1.076,6.999
7200,288.000,61,-0.35301,27.57766,0,27,0,1.698,
7201,288.040,58,0.48370,6.95248,1,38,44,0.984,13.622
7201,288.040,59,-0.42753,25.75603,1,26,0,0.917,6.999
7201,288.040,61,-0.33177,27.71500,0,26,0,0.918,
7202,288.080,58,0.48011,6.88307,1,39,32,0.936,18.038
7202,288.080,59,-0.43290,25.62463,1,27,0,1.074,6.999
7202,288.080,61,-0.36026,27.39578,0,27,0,1.100,
7203,288.120,58,0.48626,6.87669,1,46,47,1.452,13.010
7203,288.120,59,-0.43804,25.53937,1,26,0,0.932,6.999
7203,288.120,61,-0.36576,27.47230,0,26,0,1.971,
7204,288.160,58,0.46483,6.73418,1,42,24,2.104,29.906
7204,288.160,59,-0.44405,25.51723,1,26,0,1.000,6.999
7204,288.160,61,-0.35617,27.40716,0,26,0,0.991,
7205,288.200,58,0.47377,6.79766,1,41,48,0.825,10.301
7205,288.200,59,-0.44363,25.36929,1,27,0,0.695,6.999
7205,288.200,61,-0.34417,27.38142,0,27,0,0.839,
7206,288.240,58,0.46898,6.77714,1,44,48,1.109,13.310
7206,288.240,59,-0.43642,25.41698,1,26,0,1.056,6.999
7206,288.240,61,-0.34860,27.27087,0,26,0,1.063,
7207,288.280,58,0.46736,6.75579,1,42,53,1.143,12.865
7207,288.280,59,-0.44572,25.22098,1,27,0,0.930,6.999
7207,288.280,61,-0.32217,27.32748,0,27,0,1.006,
7208,288.320,58,0.46117,6.69587,1,50,47,0.890,11.955
7208,288.320,59,-0.44865,25.22085,1,26,0,0.934,6.999
7208,288.320,61,-0.29254,27.31283,0,26,0,0.934,
7200,288.000,62,-0.32847,29.94734,1,21,0,0.208,6.999
7201,288.040,62,-0.32608,30.10081,0,26,0,0.917,
7202,288.080,62,-0.32317,29.89605,0,27,0,1.100,
7203,288.120,62,-0.32243,29.95643,0,26,0,0.929,
7204,288.160,62,-0.32225,29.91545,0,26,0,1.705,
7205,288.200,62,-0.32056,29.95151,0,27,0,0.839,
7206,288.240,62,-0.32598,29.69786,0,26,0,1.665,
7207,288.280,62,-0.32712,29.74073,0,27,0,1.006,
7208,288.320,62,-0.27295,29.15221,0,115,0,16.643,
7209,288.360,58,0.45254,6.68267,1,55,47,1.251,13.424
7209,288.360,59,-0.45544,25.08276,1,28,0,0.973,6.999
7209,288.360,61,-0.29128,27.21176,0,28,0,0.973,
7209,288.360,62,-0.29313,29.46279,0,28,0,0.973,
7210,288.400,58,0.45233,6.65844,1,52,47,1.433,14.030
7210,288.400,59,-0.46920,25.07346,1,27,0,0.768,6.999
7210,288.400,61,-0.26956,27.20684,0,27,0,0.768,
7210,288.400,62,-0.27641,29.99577,0,27,0,1.787,
7211,288.440,58,0.42609,6.61633,1,64,27,2.469,13.987
7211,288.440,59,-0.46138,24.93236,1,28,0,0.948,6.999
7211,288.440,61,-0.29969,27.20722,0,28,0,0.948,
7212,288.480,58,0.44665,6.57075,1,52,43,1.318,12.619
7212,288.480,59,-0.46473,24.78318,1,28,0,0.936,6.999
7212,288.480,61,-0.30220,26.88691,0,28,0,0.936,
7213,288.520,58,0.42374,6.56127,1,61,39,2.399,13.232
7213,288.520,59,-0.47043,24.77920,1,27,0,1.063,6.999
7213,288.520,61,-0.29292,27.06281,0,27,0,1.056,
7213,288.520,62,-0.27653,29.54007,0,27,0,1.056,
7214,288.560,58,0.43888,6.50260,1,49,40,1.720,13.028
7214,288.560,59,-0.48339,24.62224,1,27,0,1.073,6.999
7214,288.560,61,-0.31182,26.90948,0,27,0,1.072,
7214,288.560,62,-0.25379,29.41031,0,159,0,14.803,
7215,288.600,58,0.44056,6.49117,1,40,52,1.659,12.838
7215,288.600,59,-0.47519,24.64472,1,28,0,1.031,6.999
7215,288.600,61,-0.30690,27.03535,0,28,0,1.031,
7215,288.600,62,-0.29455,28.70153,0,28,0,1.797,
7216,288.640,58,0.44294,6.44234,1,41,38,1.639,12.852
7216,288.640,59,-0.49080,24.43066,1,28,0,0.828,6.999
7216,288.640,61,-0.30176,26.79460,0,28,0,0.996,
7216,288.640,62,-0.28199,29.16352,0,143,0,18.677,
7217,288.680,58,0.43427,6.42962,1,41,52,1.902,12.698
7217,288.680,59,-0.48783,24.47843,1,29,0,1.025,6.999
7217,288.680,61,-0.31292,27.00294,0,29,0,1.022,
7217,288.680,62,-0.30035,28.86934,0,29,0,0.983,
7218,288.720,58,0.42917,6.38470,1,43,50,1.664,13.667
7218,288.720,59,-0.48224,24.43522,1,28,0,0.913,6.999
7218,288.720,61,-0.32729,26.88862,0,28,0,0.913,
7219,288.760,58,0.43414,6.36619,1,48,59,1.790,10.265
7219,288.760,59,-0.48778,24.29757,1,28,0,0.771,6.999
7219,288.760,61,-0.31732,26.76184,0,28,0,0.771,
7220,288.800,58,0.41744,6.28438,1,50,66,1.129,5.477
7220,288.800,59,-0.48941,24.29712,1,28,0,0.853,6.999
7220,288.800,61,-0.34256,26.89197,0,28,0,0.853,
7220,288.800,62,-0.31353,28.11638,0,28,0,0.853,
7221,288.840,58,0.42459,6.28893,1,56,72,1.018,4.921
7221,288.840,59,-0.49204,24.18018,1,29,0,0.947,6.999
7221,288.840,61,-0.35456,26.84679,0,29,0,0.947,
7222,288.880,58,0.42416,6.26741,1,49,72,0.771,7.187
7222,288.880,59,-0.50090,24.14975,1,29,0,0.865,6.999
7222,288.880,61,-0.36467,26.90124,0,29,0,0.865,
7222,288.880,62,-0.29324,28.15092,0,29,0,0.865,
7223,288.920,58,0.42203,6.24212,1,55,72,1.261,8.357
7223,288.920,59,-0.50379,24.00313,1,29,0,0.886,6.999
7223,288.920,61,-0.36456,26.84640,0,29,0,0.886,
7223,288.920,62,-0.30505,28.73617,0,29,0,0.886,
7224,288.960,58,0.41205,6.17552,1,60,61,1.276,10.849
7224,288.960,59,-0.50325,23.89417,1,28,0,0.971,6.999
7224,288.960,61,-0.39041,26.89494,0,28,0,0.971,
7224,288.960,62,-0.31023,28.56111,0,169,0,16.572,
7225,289.000,58,0.39941,6.16420,1,72,61,1.714,11.302
7225,289.000,59,-0.50541,23.88594,1,28,0,0.973,6.999
7225,289.000,61,-0.40241,26.90934,0,28,0,0.973,
7220,288.800,63,-0.19171,30.92036,1,16,0,0.543,6.999
7221,288.840,63,-0.17501,30.96081,0,365,0,48.800,
7223,288.920,63,-0.22057,30.92560,0,184,0,17.882,
7225,289.000,63,-0.34167,30.17277,0,276,0,30.097,
7226,289.040,58,0.40704,6.13515,1,44,57,1.266,12.970
7226,289.040,59,-0.50557,23.86092,1,28,0,0.917,6.999
7226,289.040,61,-0.37830,27.07329,0,28,0,0.917,
7226,289.040,62,-0.33677,28.34125,0,28,0,0.917,
7226,289.040,63,-0.24108,30.61755,0,444,0,49.138,
7227,289.080,58,0.40414,6.10240,1,40,51,0.884,12.670
7227,289.080,59,-0.50492,23.81865,1,28,0,0.914,6.999
7227,289.080,61,-0.38189,27.00183,0,28,0,1.900,
7227,289.080,62,-0.33325,28.56990,0,28,0,1.914,
7227,289.080,63,-0.16483,30.47263,0,479,0,47.820,
7228,289.120,58,0.40177,6.07047,1,39,49,0.897,13.392
7228,289.120,59,-0.50858,23.69990,1,29,0,0.864,6.999
7228,289.120,61,-0.40013,27.04462,0,29,0,0.864,
7228,289.120,62,-0.34239,28.14977,0,29,0,0.864,
7228,289.120,63,-0.17700,30.53366,0,412,0,49.151,
7229,289.160,58,0.39986,6.05365,1,40,44,1.037,14.421
7229,289.160,59,-0.51008,23.57865,1,28,0,0.939,6.999
7229,289.160,61,-0.40114,27.06447,0,28,0,0.939,
7229,289.160,62,-0.36553,28.13631,0,28,0,0.939,
7230,289.200,58,0.39704,6.01149,1,41,45,1.407,14.660
7230,289.200,59,-0.51289,23.44526,1,28,0,0.963,6.999
7230,289.200,61,-0.41670,26.87613,0,28,0,1.903,
7230,289.200,62,-0.38767,27.54142,0,161,0,16.887,
7231,289.240,58,0.39417,5.97520,1,41,42,0.742,11.509
7231,289.240,59,-0.51167,23.53197,1,28,0,0.881,6.999
7231,289.240,61,-0.40912,27.07427,0,28,0,1.968,
7231,289.240,62,-0.42112,27.03435,0,28,0,1.980,
7232,289.280,58,0.38888,5.94598,1,40,46,0.756,12.698
7232,289.280,59,-0.51269,23.39119,1,29,0,0.807,6.999
7232,289.280,61,-0.44490,27.09105,0,29,0,2.024,
7232,289.280,62,-0.43349,27.07047,0,29,0,0.807,
7232,289.280,63,-0.24657,29.83971,0,407,0,50.939,
7233,289.320,58,0.38814,5.92221,1,40,49,0.764,12.978
7233,289.320,59,-0.51698,23.31101,1,30,0,0.900,6.999
7233,289.320,61,-0.44133,27.06335,0,30,0,1.906,
7233,289.320,62,-0.44405,27.07405,0,30,0,1.906,
7234,289.360,58,0.38401,5.88767,1,41,48,0.799,12.544
7234,289.360,59,-0.51285,23.26488,1,30,0,0.920,6.999
7235,289.400,58,0.37902,5.86176,1,41,52,0.837,13.082
7235,289.400,59,-0.52311,23.25104,1,30,0,0.907,6.999
7235,289.400,61,-0.61354,27.27201,0,30,0,1.929,
7235,289.400,63,-0.23337,29.30726,0,30,0,1.929,
7236,289.440,58,0.37588,5.82176,1,41,53,0.803,12.445
7236,289.440,59,-0.52196,23.04378,1,29,0,0.836,6.999
7236,289.440,61,-0.61507,27.12132,0,29,0,0.836,
7236,289.440,63,-0.23555,29.30909,0,192,0,21.068,
7237,289.480,58,0.37392,5.80641,1,41,52,0.968,12.910
7237,289.480,59,-0.53629,23.03087,1,30,0,0.897,6.999
7237,289.480,61,-0.62162,27.29293,0,30,0,1.935,
7237,289.480,63,-0.25027,29.23975,0,297,0,52.131,
7238,289.520,58,0.37148,5.77850,1,42,50,0.893,12.485
7238,289.520,59,-0.52665,22.97087,1,29,0,0.784,6.999
7238,289.520,63,-0.26408,29.44614,0,29,0,2.091,
7239,289.560,58,0.36879,5.74647,1,43,45,0.863,13.105
7239,289.560,59,-0.53204,22.89374,1,30,0,0.926,6.999
7239,289.560,63,-0.26199,29.94703,0,229,0,22.241,
7240,289.600,58,0.36497,5.71781,1,42,53,0.991,12.611
7240,289.600,59,-0.52874,22.84742,1,30,0,0.951,6.999
7240,289.600,61,-0.60889,27.51528,0,30,0,1.935,
7240,289.600,63,-0.26708,29.62395,0,186,0,21.057,
7241,289.640,58,0.36251,5.68830,1,41,55,0.874,12.659
7241,289.640,59,-0.54713,22.75228,1,30,0,0.916,6.999
7241,289.640,61,-0.60504,27.63249,0,30,0,0.916,
7241,289.640,63,-0.27189,30.09657,0,282,0,32.230,
7242,289.680,58,0.35661,5.64586,1,42,55,0.814,12.804
7242,289.680,59,-0.54960,22.59923,1,30,0,1.020,6.999
7242,289.680,61,-0.60680,27.66236,0,30,0,1.859,
7242,289.680,63,-0.29156,30.14193,0,206,0,21.701,
7243,289.720,58,0.35404,5.62209,1,42,54,0.820,12.627
7243,289.720,59,-0.54126,22.54726,1,31,0,0.776,6.999
7243,289.720,61,-0.60857,27.67169,0,31,0,2.076,
7244,289.760,58,0.34966,5.58930,1,41,49,0.950,11.804
7244,289.760,59,-0.54967,22.45878,1,30,0,0.893,6.999
7244,289.760,61,-0.61033,27.68158,0,30,0,0.893,
7245,289.800,58,0.34903,5.57074,1,43,52,1.011,10.585
7245,289.800,59,-0.55085,22.45432,1,30,0,0.870,6.999
7246,289.840,58,0.34571,5.54435,1,42,54,0.899,12.077
7246,289.840,59,-0.55364,22.34126,1,31,0,0.953,6.999
7247,289.880,58,0.34531,5.51844,1,42,51,0.922,12.701
7247,289.880,59,-0.55418,22.29015,1,30,0,0.727,6.999
7248,289.920,58,0.33969,5.47639,1,43,50,0.932,12.524
7248,289.920,59,-0.55514,22.16521,1,31,0,0.732,6.999
7248,289.920,63,-0.32993,29.49289,0,224,0,20.215,
7249,289.960,58,0.33868,5.45671,1,43,48,0.890,12.595
7249,289.960,59,-0.56167,22.21834,1,30,0,0.907,6.999
7249,289.960,63,-0.34841,29.31615,0,338,0,52.935,
7250,290.000,58,0.33171,5.42046,1,42,55,0.841,12.631
7250,290.000,59,-0.56154,22.03737,1,31,0,0.734,6.999
7250,290.000,63,-0.33755,29.01952,0,178,0,19.905,
7251,290.040,58,0.33134,5.40517,1,44,53,0.664,12.305
7251,290.040,59,-0.56382,22.01858,1,32,0,0.812,6.999
7251,290.040,63,-0.33632,29.13825,0,477,0,59.595,
7252,290.080,58,0.32776,5.36297,1,43,54,0.884,12.489
7252,290.080,59,-0.56614,21.89087,1,31,0,0.844,6.999
7253,290.120,58,0.32519,5.35292,1,43,56,0.818,12.085
7253,290.120,59,-0.56168,21.89579,1,31,0,0.900,6.999
7253,290.120,63,-0.53068,28.19400,0,326,0,54.979,
7254,290.160,58,0.31994,5.31135,1,44,56,0.928,11.966
7254,290.160,59,-0.56588,21.79244,1,32,0,0.950,6.999
7254,290.160,63,-0.58013,28.01215,0,180,0,20.363,
7255,290.200,58,0.31751,5.28230,1,44,56,0.785,12.132
7255,290.200,59,-0.57240,21.65703,1,31,0,0.757,6.999
7255,290.200,63,-0.59667,28.04925,0,322,0,31.787,
7256,290.240,58,0.31656,5.25497,1,44,53,0.905,12.523
7256,290.240,59,-0.57737,21.59704,1,32,0,0.936,6.999
7256,290.240,63,-0.63301,28.20965,0,282,0,33.515,
7257,290.280,58,0.31237,5.23948,1,44,54,0.950,12.402
7257,290.280,59,-0.57862,21.54826,1,33,0,0.894,6.999
7257,290.280,63,-0.66221,28.23389,0,185,0,19.375,
7258,290.320,58,0.30863,5.19702,1,44,51,0.834,12.378
7258,290.320,59,-0.58159,21.43214,1,32,0,0.956,6.999
7258,290.320,63,-0.66737,28.17406,0,243,0,30.563,
7259,290.360,58,0.30540,5.16908,1,44,45,0.852,12.473
7259,290.360,59,-0.57026,21.45860,1,31,0,0.979,6.999
7259,290.360,63,-0.71153,28.19829,0,227,0,30.023,
7260,290.400,58,0.30290,5.14036,1,45,44,0.802,12.206
7260,290.400,59,-0.58270,21.34341,1,32,0,0.852,6.999
7260,290.400,63,-0.70240,28.20089,0,113,0,16.485,
7261,290.440,58,0.30126,5.12463,1,44,47,0.773,12.351
7261,290.440,59,-0.58465,21.28663,1,32,0,0.861,6.999
7262,290.480,58,0.29721,5.08743,1,44,45,0.781,12.498
7262,290.480,59,-0.58624,21.17117,1,32,0,0.912,6.999
7262,290.480,63,-0.75580,28.38258,0,230,0,30.742,
7263,290.520,58,0.29449,5.07160,1,45,44,0.768,12.078
7263,290.520,59,-0.58603,21.21999,1,32,0,0.921,6.999
7263,290.520,63,-0.76780,28.39475,0,272,0,51.613,
7264,290.560,58,0.29316,5.05182,1,45,49,0.912,12.352
7264,290.560,59,-0.58985,21.06243,1,33,0,0.931,6.999
7264,290.560,63,-0.80602,28.38822,0,611,0,76.955,
7265,290.600,58,0.28862,5.02103,1,45,45,0.877,10.938
7265,290.600,59,-0.59946,21.09024,1,33,0,0.874,6.999
7265,290.600,63,-0.81727,28.59243,0,264,0,31.630,
7266,290.640,58,0.28777,4.98479,1,44,44,0.783,10.785
7266,290.640,59,-0.59078,20.95601,1,34,0,0.989,6.999
7266,290.640,63,-0.85041,28.41910,0,190,0,31.875,
7267,290.680,58,0.28281,4.95956,1,45,47,0.677,11.376
7267,290.680,59,-0.59259,20.86072,1,32,0,0.907,6.999
7267,290.680,63,-0.87981,28.62164,0,224,0,31.810,
7268,290.720,58,0.28044,4.93638,1,46,50,1.027,11.350
7268,290.720,59,-0.60594,20.73954,1,33,0,0.879,6.999
7268,290.720,63,-0.88118,28.58590,0,249,0,31.095,
7269,290.760,58,0.27692,4.91913,1,46,49,0.834,10.416
7269,290.760,59,-0.59618,20.72744,1,33,0,0.948,6.999
7269,290.760,63,-0.89535,28.78507,0,478,0,53.839,
7270,290.800,58,0.27446,4.88058,1,46,51,0.826,10.710
7270,290.800,59,-0.59982,20.61157,1,33,0,1.019,6.999
7270,290.800,63,-0.89677,28.80715,0,201,0,30.669,
7271,290.840,58,0.27051,4.86018,1,47,53,1.111,10.638
7271,290.840,59,-0.59770,20.56745,1,34,0,0.961,6.999
7271,290.840,63,-0.90024,28.78452,0,248,0,28.953,
7272,290.880,58,0.26818,4.82719,1,47,56,1.022,9.773
7272,290.880,59,-0.59988,20.45559,1,32,0,0.971,6.999
7272,290.880,63,-0.90600,28.78746,0,272,0,28.814,
7273,290.920,58,0.26301,4.79204,1,47,55,1.073,8.330
7273,290.920,59,-0.60165,20.48078,1,34,0,0.998,6.999
7273,290.920,63,-0.89902,28.77562,0,255,0,27.979,
7274,290.960,58,0.26219,4.77206,1,47,52,0.893,9.739
7274,290.960,59,-0.60174,20.33939,1,34,0,1.003,6.999
7275,291.000,58,0.25830,4.74604,1,47,54,1.061,8.606
7275,291.000,59,-0.60701,20.27320,1,35,0,0.920,6.999
7275,291.000,63,-0.90508,29.00998,0,163,0,25.710,
7276,291.040,58,0.25596,4.73306,1,47,51,0.941,10.705
7276,291.040,59,-0.60459,20.26646,1,34,0,0.978,6.999
7276,291.040,63,-0.87609,28.99651,0,168,0,25.705,
7277,291.080,58,0.25182,4.70518,1,48,49,0.770,10.301
7277,291.080,59,-0.60526,20.12761,1,33,0,1.014,6.999
7278,291.120,58,0.25087,4.68066,1,47,48,0.793,10.694
7278,291.120,59,-0.60936,20.06261,1,35,0,0.920,6.999
7279,291.160,58,0.24771,4.65588,1,47,53,0.862,10.439
7279,291.160,59,-0.61751,20.00820,1,33,0,1.027,6.999
7280,291.200,58,0.24544,4.61729,1,48,65,1.199,9.138
7280,291.200,59,-0.61211,19.91788,1,33,0,0.954,6.999
7281,291.240,58,0.24084,4.60203,1,48,55,0.870,9.337
7281,291.240,59,-0.61598,19.86548,1,34,0,0.958,6.999
7282,291.280,58,0.23865,4.57966,1,47,60,1.090,10.069
7282,291.280,59,-0.62396,19.79293,1,33,0,0.888,6.999
7283,291.320,58,0.23590,4.56201,1,48,49,0.756,10.242
7283,291.320,59,-0.62292,19.73557,1,34,0,0.795,6.999
7284,291.360,58,0.23169,4.54062,1,47,44,0.671,10.676
7284,291.360,59,-0.62460,19.66835,1,34,0,0.921,6.999
7285,291.400,58,0.22902,4.51541,1,47,44,0.710,10.114
7285,291.400,59,-0.62554,19.60065,1,35,0,0.861,6.999
7286,291.440,58,0.22782,4.48878,1,48,54,0.919,9.577
7286,291.440,59,-0.62644,19.53859,1,35,0,0.802,6.999
7287,291.480,58,0.22780,4.46837,1,49,51,1.055,8.750
7287,291.480,59,-0.62682,19.46256,1,34,0,1.004,6.999
7288,291.520,58,0.22248,4.44469,1,49,53,0.844,9.689
7288,291.520,59,-0.62914,19.38967,1,34,0,0.908,6.999
7289,291.560,58,0.22122,4.42446,1,51,55,1.001,9.635
7289,291.560,59,-0.63013,19.32223,1,35,0,0.817,6.999
7290,291.600,58,0.21713,4.39855,1,50,54,1.093,9.094
7290,291.600,59,-0.63057,19.25186,1,34,0,1.044,6.999
7291,291.640,58,0.21286,4.37737,1,51,54,1.062,9.297
7291,291.640,59,-0.63230,19.20915,1,35,0,0.794,6.999
7292,291.680,58,0.20811,4.35532,1,49,55,0.981,9.534
7292,291.680,59,-0.63359,19.11734,1,36,0,0.870,6.999
7293,291.720,58,0.20641,4.33648,1,51,56,0.810,9.650
7293,291.720,59,-0.63502,19.05885,1,34,0,0.929,6.999
7294,291.760,58,0.20392,4.31684,1,49,54,0.801,9.980
7294,291.760,59,-0.63660,18.99043,1,35,0,0.815,6.999
7295,291.800,58,0.19933,4.29430,1,50,58,0.773,9.909
7295,291.800,59,-0.63757,18.91906,1,36,0,0.950,6.999
7296,291.840,58,0.19885,4.27356,1,50,50,0.805,9.881
7296,291.840,59,-0.63865,18.86597,1,35,0,0.965,6.999
7297,291.880,58,0.19545,4.25223,1,51,55,0.894,10.026
7297,291.880,59,-0.63933,18.79822,1,36,0,0.864,6.999
7298,291.920,58,0.19299,4.23114,1,51,59,0.865,10.264
7298,291.920,59,-0.64104,18.71670,1,36,0,0.990,6.999
7299,291.960,58,0.18992,4.20182,1,52,63,1.224,9.114
7299,291.960,59,-0.64226,18.66547,1,36,0,0.910,6.999
7300,292.000,58,0.18496,4.18966,1,52,52,0.943,10.583
7300,292.000,59,-0.64563,18.59346,1,36,0,0.808,6.999
7301,292.040,58,0.18226,4.16608,1,51,57,0.805,9.857
7301,292.040,59,-0.64777,18.51539,1,37,0,0.926,6.999
7302,292.080,58,0.18104,4.12744,1,51,56,1.211,8.126
7302,292.080,59,-0.64967,18.46445,1,36,0,0.902,6.999
7303,292.120,58,0.17431,4.10782,1,51,52,1.150,8.076
7303,292.120,59,-0.65141,18.40351,1,36,0,0.853,6.999
7304,292.160,58,0.17350,4.11432,1,51,54,1.005,10.444
7304,292.160,59,-0.65056,18.31188,1,36,0,0.934,6.999
7305,292.200,58,0.17262,4.09427,1,54,54,1.212,9.264
7305,292.200,59,-0.65221,18.29912,1,37,0,0.819,6.999
7306,292.240,58,0.16719,4.07455,1,53,54,0.933,10.374
7306,292.240,59,-0.66276,18.20037,1,37,0,0.826,6.999
7307,292.280,58,0.16254,4.05290,1,52,54,0.881,10.763
7307,292.280,59,-0.65873,18.12159,1,38,0,0.920,6.999
7308,292.320,58,0.16145,4.01213,1,52,57,1.187,8.067
7308,292.320,59,-0.65821,18.06990,1,37,0,0.882,6.999
7309,292.360,58,0.15727,4.00700,1,51,58,1.068,9.940
7309,292.360,59,-0.65712,18.01317,1,37,0,0.882,6.999
7310,292.400,58,0.15324,3.97490,1,51,59,0.972,8.745
7310,292.400,59,-0.66475,17.93254,1,37,0,0.787,6.999
7311,292.440,58,0.15172,3.96362,1,52,60,0.955,9.506
7311,292.440,59,-0.66232,17.86952,1,38,0,0.858,6.999
7312,292.480,58,0.14968,3.94353,1,51,64,1.473,9.417
7312,292.480,59,-0.66616,17.81630,1,38,0,0.857,6.999
7313,292.520,58,0.14738,3.91840,1,54,63,0.956,9.184
7313,292.520,59,-0.66432,17.73348,1,38,0,0.866,6.999
7314,292.560,58,0.14410,3.90122,1,52,64,0.854,8.847
7314,292.560,59,-0.66649,17.67768,1,39,0,0.800,6.999
7315,292.600,58,0.14248,3.88243,1,53,64,0.829,9.041
7315,292.600,59,-0.66216,17.63072,1,37,0,0.785,6.999
7316,292.640,58,0.13628,3.86713,1,53,62,0.777,9.271
7316,292.640,59,-0.66943,17.54358,1,38,0,0.860,6.999
7317,292.680,58,0.13826,3.85695,1,54,65,1.078,9.007
7317,292.680,59,-0.67009,17.54154,1,39,0,0.843,6.999
7318,292.720,58,0.13151,3.83517,1,54,61,1.038,9.585
7318,292.720,59,-0.67508,17.42548,1,40,0,0.790,6.999
7319,292.760,58,0.12626,3.81114,1,55,64,0.858,8.807
7319,292.760,59,-0.67273,17.35877,1,38,0,0.893,6.999
7320,292.800,58,0.12543,3.79381,1,55,66,1.055,8.756
7320,292.800,59,-0.66480,17.28047,1,39,0,0.755,6.999
7321,292.840,58,0.12205,3.78165,1,56,64,0.900,9.349
7321,292.840,59,-0.67634,17.22656,1,40,0,0.829,6.999
7322,292.880,58,0.11744,3.77804,1,56,65,1.177,10.492
7322,292.880,59,-0.67712,17.16995,1,40,0,0.885,6.999
7323,292.920,58,0.11758,3.76240,1,55,63,1.378,10.373
7323,292.920,59,-0.67775,17.09717,1,38,0,0.962,6.999
7324,292.960,58,0.11490,3.74927,1,53,63,0.974,10.864
7324,292.960,59,-0.67933,17.03693,1,39,0,0.897,6.999
7325,293.000,58,0.11333,3.73255,1,53,64,1.430,10.396
7325,293.000,59,-0.67821,16.97463,1,40,0,0.812,6.999
7326,293.040,58,0.11015,3.71560,1,53,65,1.531,10.297
7326,293.040,59,-0.67858,16.91268,1,39,0,0.895,6.999
7327,293.080,58,0.10720,3.70432,1,53,65,1.256,10.711
7327,293.080,59,-0.67536,16.84081,1,39,0,0.825,6.999
7328,293.120,58,0.10131,3.69195,1,59,62,0.775,11.353
7328,293.120,59,-0.67631,16.78512,1,39,0,0.758,6.999
7329,293.160,58,0.09754,3.66578,1,55,63,1.218,10.426
7329,293.160,59,-0.68092,16.71309,1,40,0,0.827,6.999
7330,293.200,58,0.09373,3.65710,1,53,64,1.027,11.477
7330,293.200,59,-0.67862,16.65082,1,21,0,0.804,6.999
7331,293.240,58,0.08955,3.64108,1,56,65,0.987,11.310
7331,293.240,59,-0.68110,16.59323,1,40,0,0.818,6.999
7332,293.280,58,0.09041,3.61916,1,57,65,1.442,10.484
7332,293.280,59,-0.68070,16.53433,1,40,0,0.793,6.999
7333,293.320,58,0.08823,3.59894,1,56,64,1.658,10.240
7333,293.320,59,-0.68255,16.45490,1,21,0,0.820,6.999
7334,293.360,58,0.08613,3.57065,1,57,62,1.103,8.754
7334,293.360,59,-0.68439,16.39836,1,21,0,0.885,6.999
7335,293.400,58,0.07984,3.58437,0,134,34,35.659,
7335,293.400,59,-0.68386,16.34314,1,21,0,0.914,6.999
7336,293.440,58,0.08045,3.56566,0,134,33,35.233,
7336,293.440,59,-0.68847,16.27985,1,21,0,0.775,6.999
7337,293.480,58,0.07613,3.55640,0,148,33,34.106,
7337,293.480,59,-0.68146,16.21482,1,21,0,0.842,6.999
7338,293.520,58,0.11948,3.51655,1,139,61,9.240,9.253
7338,293.520,59,-0.68939,16.16389,1,21,0,0.827,6.999
7339,293.560,58,0.10153,3.51386,1,24,56,1.221,8.366
7339,293.560,59,-0.68986,16.09217,1,21,0,0.913,6.999
7340,293.600,58,0.09088,3.50017,1,40,59,1.367,8.804
7340,293.600,59,-0.68580,16.03086,1,21,0,0.917,6.999
7341,293.640,58,0.07752,3.48815,1,37,59,1.385,8.862
7341,293.640,59,-0.68798,15.96315,1,21,0,0.871,6.999
7342,293.680,59,-0.69211,15.90637,1,21,0,0.879,6.999
7343,293.720,58,0.04709,3.48565,1,37,62,0.777,11.791
7343,293.720,59,-0.69533,15.85988,1,22,0,0.955,6.999
7344,293.760,59,-0.69102,15.78268,1,22,0,0.985,6.999
7345,293.800,58,-0.01522,3.40536,1,190,45,22.180,21.921
7345,293.800,59,-0.68897,15.72902,1,21,0,0.920,6.999
7346,293.840,59,-0.69785,15.66202,1,21,0,0.965,6.999
7347,293.880,58,0.02676,3.15617,1,0,62,3.549,14.626
7347,293.880,59,-0.69214,15.61069,1,22,0,1.001,6.999
7348,293.920,58,0.02443,3.17202,1,0,62,2.361,16.838
7348,293.920,59,-0.69816,15.52936,1,22,0,0.959,6.999
7349,293.960,58,0.03400,3.18942,1,0,60,1.019,20.107
7349,293.960,59,-0.70123,15.49868,1,21,0,0.966,6.999
7350,294.000,58,0.03765,3.35005,1,0,72,1.006,6.847
7350,294.000,59,-0.70260,15.42241,1,21,0,0.985,6.999
7351,294.040,58,0.04624,3.34016,1,0,72,0.875,7.835
7351,294.040,59,-0.69819,15.35808,1,22,0,0.988,6.999
7352,294.080,58,0.04900,3.33977,1,0,72,1.282,8.622
7352,294.080,59,-0.69516,15.28680,1,22,0,0.846,6.999
7353,294.120,58,0.04642,3.33062,1,0,72,1.397,8.685
7353,294.120,59,-0.69590,15.26170,1,21,0,0.949,6.999
7354,294.160,58,0.03933,3.32062,1,0,72,1.285,9.024
7354,294.160,59,-0.69472,15.19131,1,21,0,0.893,6.999
7355,294.200,58,0.03748,3.31263,1,0,72,1.042,9.199
7355,294.200,59,-0.69648,15.13085,1,22,0,0.844,6.999
7356,294.240,58,0.03746,3.31694,1,0,72,1.141,9.838
7356,294.240,59,-0.69827,15.06160,1,22,0,0.830,6.999
7357,294.280,58,0.03329,3.30765,1,0,72,1.191,10.486
7357,294.280,59,-0.69959,15.00339,1,22,0,0.918,6.999
7358,294.320,58,0.03280,3.29792,1,0,72,0.922,10.988
7358,294.320,59,-0.70766,14.96070,1,22,0,1.004,6.999
7359,294.360,58,0.02816,3.29975,1,0,72,1.022,10.774
7359,294.360,59,-0.70064,14.89234,1,22,0,0.919,6.999
7360,294.400,58,0.01948,3.29503,1,0,72,0.783,10.739
7360,294.400,59,-0.70244,14.82622,1,22,0,0.914,6.999
7361,294.440,58,0.01484,3.28233,1,0,72,0.902,10.627
7361,294.440,59,-0.70233,14.76704,1,22,0,0.868,6.999
7362,294.480,58,0.01540,3.27179,1,0,72,0.822,10.861
7362,294.480,59,-0.70788,14.70438,1,22,0,0.934,6.999
7363,294.520,58,0.01384,3.27118,1,0,72,0.780,10.744
7363,294.520,59,-0.70077,14.65548,1,22,0,0.989,6.999
7364,294.560,58,0.01177,3.25779,1,0,72,1.112,10.898
7364,294.560,59,-0.70344,14.60385,1,22,0,0.858,6.999
7365,294.600,58,0.01308,3.24850,1,0,72,1.007,11.027
7365,294.600,59,-0.70542,14.54256,1,22,0,0.890,6.999
7366,294.640,58,0.01090,3.24012,1,0,72,1.141,11.054
7366,294.640,59,-0.70265,14.49083,1,22,0,0.752,6.999
7367,294.680,58,0.00940,3.23171,1,0,72,1.257,11.084
7367,294.680,59,-0.70487,14.42130,1,22,0,0.762,6.999
7368,294.720,58,0.00518,3.22292,1,0,72,1.210,10.761
7368,294.720,59,-0.70524,14.35537,1,22,0,0.728,6.999
7369,294.760,58,0.00575,3.21559,1,0,72,1.266,10.888
7369,294.760,59,-0.70262,14.30149,1,23,0,0.775,6.999
7370,294.800,58,0.00335,3.21022,1,0,72,1.406,10.728
7370,294.800,59,-0.70498,14.25877,1,23,0,0.868,6.999
7371,294.840,59,-0.70879,14.19735,1,23,0,0.866,6.999
7372,294.880,59,-0.71088,14.14199,1,23,0,0.802,6.999
7373,294.920,59,-0.70878,14.08096,1,23,0,0.776,6.999
7374,294.960,59,-0.70913,14.01913,1,23,0,0.831,6.999
7375,295.000,59,-0.71144,13.96471,1,23,0,0.831,6.999
7376,295.040,59,-0.71269,13.89856,1,23,0,0.850,6.999
7377,295.080,59,-0.70864,13.85685,1,24,0,0.851,6.999
7378,295.120,59,-0.70922,13.79299,1,23,0,0.932,6.999
7379,295.160,59,-0.71046,13.73569,1,23,0,0.939,6.999
7380,295.200,59,-0.70860,13.67970,1,23,0,0.802,6.999
7381,295.240,59,-0.70511,13.62182,1,24,0,0.820,6.999
7382,295.280,59,-0.70808,13.58070,1,24,0,0.695,6.999
7383,295.320,59,-0.70759,13.51014,1,24,0,0.682,6.999
7384,295.360,59,-0.70654,13.44851,1,24,0,0.751,6.999
7385,295.400,59,-0.71399,13.39933,1,24,0,0.870,6.999
7386,295.440,59,-0.71197,13.33619,1,24,0,0.743,6.999
7387,295.480,59,-0.71054,13.27848,1,24,0,0.800,6.999
7388,295.520,59,-0.70941,13.22209,1,24,0,0.874,6.999
7389,295.560,59,-0.71255,13.18545,1,25,0,0.564,6.999
7390,295.600,59,-0.71113,13.11112,1,25,0,0.615,6.999
7391,295.640,59,-0.71125,13.06745,1,25,0,0.696,6.999
7392,295.680,59,-0.71231,13.00459,1,25,0,0.730,6.999
7393,295.720,59,-0.71678,12.95904,1,25,0,0.510,6.999
7394,295.760,59,-0.71021,12.89053,1,25,0,0.760,6.999
7395,295.800,59,-0.71152,12.83746,1,25,0,0.816,6.999
7396,295.840,59,-0.71084,12.78137,1,25,0,0.735,6.999
7397,295.880,59,-0.71199,12.73400,1,25,0,0.695,6.999
7398,295.920,59,-0.71119,12.69075,1,25,15,0.550,15.190
7399,295.960,59,-0.71110,12.62220,1,26,0,0.653,6.999
7400,296.000,59,-0.70941,12.56411,1,25,0,0.659,6.999
7401,296.040,59,-0.71175,12.52140,1,26,0,0.634,6.999
7402,296.080,59,-0.71148,12.45502,1,26,0,0.618,6.999
7403,296.120,59,-0.71227,12.40507,1,26,0,0.700,6.999
7404,296.160,59,-0.70892,12.34827,1,25,0,0.740,6.999
7405,296.200,59,-0.71035,12.29520,1,26,0,0.759,6.999
7406,296.240,59,-0.71087,12.24566,1,26,0,0.782,6.999
7407,296.280,59,-0.71052,12.19713,1,26,0,0.801,6.999
7408,296.320,59,-0.70147,12.14550,1,26,0,0.785,6.999
7409,296.360,59,-0.70789,12.09754,1,26,0,0.842,6.999
7410,296.400,59,-0.70877,12.03817,1,26,0,0.750,6.999
7411,296.440,59,-0.70984,11.98352,1,26,0,0.771,6.999
7412,296.480,59,-0.70912,11.93802,1,27,0,0.792,6.999
7413,296.520,59,-0.71068,11.87857,1,26,0,0.846,6.999
7414,296.560,59,-0.71130,11.83058,1,27,0,0.833,6.999
7415,296.600,59,-0.70873,11.77690,1,27,0,0.834,6.999
7416,296.640,59,-0.71187,11.72139,1,27,0,0.813,6.999
7417,296.680,59,-0.71295,11.66850,1,27,0,0.830,6.999
7418,296.720,59,-0.70761,11.61943,1,27,0,0.726,6.999
7419,296.760,59,-0.70897,11.56863,1,27,0,0.686,6.999
7420,296.800,59,-0.70974,11.51516,1,27,0,0.765,6.999
7421,296.840,59,-0.71080,11.46346,1,27,0,0.785,6.999
7422,296.880,59,-0.70941,11.41991,1,28,0,0.744,6.999
7423,296.920,59,-0.71059,11.36126,1,28,0,0.821,6.999
7424,296.960,59,-0.71146,11.31346,1,28,0,0.851,6.999
7425,297.000,59,-0.71195,11.25435,1,28,0,0.758,6.999
7426,297.040,59,-0.70754,11.20128,1,27,0,0.803,6.999
7427,297.080,59,-0.70818,11.14985,1,27,0,0.807,6.999
7428,297.120,59,-0.70494,11.10020,1,28,0,0.798,6.999
7429,297.160,59,-0.70601,11.04812,1,28,0,0.839,6.999
7430,297.200,59,-0.70847,10.98878,1,28,0,0.855,6.999
7431,297.240,59,-0.70305,10.93691,1,28,0,0.760,6.999
7432,297.280,59,-0.70668,10.89316,1,28,0,0.709,6.999
7433,297.320,59,-0.70655,10.86069,1,28,19,0.651,15.183
7434,297.360,59,-0.70248,10.79199,1,28,0,0.791,6.999
7435,297.400,59,-0.70312,10.74241,1,28,0,0.778,6.999
7436,297.440,59,-0.70433,10.68655,1,28,0,0.766,6.999
7437,297.480,59,-0.70590,10.63737,1,28,0,0.808,6.999
7438,297.520,59,-0.70619,10.59672,1,28,0,0.830,6.999
7439,297.560,59,-0.70314,10.54861,1,29,0,0.702,6.999
7440,297.600,59,-0.70070,10.49559,1,29,0,0.759,6.999
7441,297.640,59,-0.70157,10.45004,1,29,0,0.772,6.999
7442,297.680,59,-0.69985,10.39124,1,29,0,0.766,6.999
7443,297.720,59,-0.70373,10.34420,1,29,0,0.827,6.999
7444,297.760,59,-0.70266,10.29638,1,29,0,0.721,6.999
7445,297.800,59,-0.69878,10.24582,1,29,0,0.685,6.999
7446,297.840,59,-0.69777,10.19736,1,29,0,0.732,6.999
7447,297.880,59,-0.69896,10.14854,1,29,0,0.791,6.999
7448,297.920,59,-0.69937,10.10251,1,29,0,0.784,6.999
7449,297.960,59,-0.69461,10.05374,1,30,0,0.834,6.999
7450,298.000,59,-0.69302,10.00469,1,30,0,0.753,6.999
7451,298.040,59,-0.69444,9.95494,1,30,0,0.732,6.999
7452,298.080,59,-0.69610,9.89514,1,30,0,0.694,6.999
7453,298.120,59,-0.69351,9.85767,1,31,18,0.615,10.590
7454,298.160,59,-0.69256,9.80472,1,30,0,0.681,6.999
7455,298.200,59,-0.69449,9.76010,1,31,0,0.617,6.999
7456,298.240,59,-0.69023,9.71847,1,32,0,0.668,6.999
7457,298.280,59,-0.68843,9.67312,1,31,0,0.777,6.999
7458,298.320,59,-0.68862,9.60984,1,32,21,0.599,11.646
7459,298.360,59,-0.68882,9.56650,1,32,0,0.711,6.999
7460,298.400,59,-0.68436,9.51352,1,32,22,0.530,9.273
7461,298.440,59,-0.68514,9.49637,1,31,33,0.803,14.862
7462,298.480,59,-0.68708,9.42570,1,32,0,0.763,9.560
7463,298.520,59,-0.68336,9.37491,1,32,18,0.689,21.807
7464,298.560,59,-0.68183,9.35265,1,32,19,0.907,14.273
7465,298.600,59,-0.68333,9.28330,1,32,0,0.690,9.418
7466,298.640,59,-0.68185,9.25322,1,32,28,1.029,13.139
7467,298.680,59,-0.68074,9.18331,1,32,27,0.542,9.343
7468,298.720,59,-0.67967,9.13634,1,33,38,0.477,9.400
7469,298.760,59,-0.67721,9.09081,1,33,46,0.473,9.718
7470,298.800,59,-0.67703,9.04240,1,34,36,0.476,10.351
7471,298.840,59,-0.67451,9.00631,1,33,42,0.484,9.830
7472,298.880,59,-0.67782,8.95575,1,33,31,0.545,10.462
7473,298.920,59,-0.67214,8.90660,1,34,49,0.472,10.590
7474,298.960,59,-0.67213,8.85811,1,34,50,0.471,10.368
7475,299.000,59,-0.67037,8.81466,1,33,38,0.599,9.561
7476,299.040,59,-0.66633,8.77188,1,33,44,0.467,10.292
7477,299.080,59,-0.66959,8.73721,1,33,37,0.548,12.904
7478,299.120,59,-0.66681,8.68529,1,34,34,0.490,12.268
7479,299.160,59,-0.66747,8.64315,1,34,16,0.733,12.557
7480,299.200,59,-0.66812,8.59848,1,34,18,1.097,15.807
7481,299.240,59,-0.66491,8.54432,1,35,25,0.626,10.204
7482,299.280,59,-0.66552,8.49557,1,34,0,0.648,6.999
7483,299.320,59,-0.66238,8.45763,1,35,15,0.655,10.371
7484,299.360,59,-0.66283,8.41532,1,35,20,0.702,10.902
7485,299.400,59,-0.66016,8.39490,1,35,14,0.993,13.762
7486,299.440,59,-0.65689,8.35593,1,35,18,1.207,10.993
7487,299.480,59,-0.65515,8.33936,1,33,13,1.580,16.009
7488,299.520,59,-0.65497,8.32969,1,33,0,2.192,6.999
7489,299.560,59,-0.65766,8.26872,1,58,0,2.475,6.999
7490,299.600,59,-0.65449,8.17285,1,51,0,2.695,6.999
7491,299.640,59,-0.64263,8.15073,1,59,0,3.236,6.999
7492,299.680,59,-0.65540,7.96941,1,30,0,1.169,6.999
7493,299.720,59,-0.64937,7.94804,1,58,0,1.931,6.999
7494,299.760,59,-0.65271,7.93643,1,39,0,1.348,6.999
7495,299.800,59,-0.64347,7.88156,1,49,0,1.559,6.999
7496,299.840,59,-0.65373,7.90630,1,47,34,1.178,7.015
7497,299.880,59,-0.64832,7.87555,1,45,72,0.841,5.238
7498,299.920,59,-0.64283,7.84352,1,40,72,0.619,5.929
7499,299.960,59,-0.64176,7.78894,1,42,0,0.992,6.999
7500,300.000,59,-0.64199,7.73756,1,35,48,0.668,13.182
7501,300.040,59,-0.64426,7.67672,1,36,0,0.605,6.999
7502,300.080,59,-0.64047,7.63127,1,36,0,0.784,22.698
7503,300.120,59,-0.63921,7.58928,1,37,0,0.704,6.999
7504,300.160,59,-0.63775,7.54852,1,37,0,0.597,6.999
7505,300.200,59,-0.63805,7.50754,1,37,0,0.657,6.999
7506,300.240,59,-0.63671,7.46403,1,36,34,0.491,10.705
7507,300.280,59,-0.63641,7.42635,1,37,32,0.566,9.901
7508,300.320,59,-0.63236,7.38399,1,37,44,0.531,9.917
7509,300.360,59,-0.63197,7.33932,1,36,12,0.652,9.731
7510,300.400,59,-0.63259,7.30008,1,37,24,0.541,10.830
7511,300.440,59,-0.63038,7.26232,1,37,24,0.599,9.130
7512,300.480,59,-0.62862,7.21664,1,37,48,0.581,9.954
7513,300.520,59,-0.62766,7.18034,1,38,39,0.569,10.236
7514,300.560,59,-0.62768,7.14046,1,38,43,0.544,10.118
7515,300.600,59,-0.62587,7.09201,1,38,37,0.386,9.862
7516,300.640,59,-0.62606,7.05683,1,37,41,0.559,9.930
7517,300.680,59,-0.62692,7.01304,1,38,45,0.609,9.497
7518,300.720,59,-0.62174,6.96912,1,37,31,0.588,9.650
7519,300.760,59,-0.62084,6.93250,1,38,35,0.673,10.056
7520,300.800,59,-0.62155,6.89619,1,39,47,0.554,10.041
7521,300.840,59,-0.61751,6.84814,1,40,0,0.724,6.999
7522,300.880,59,-0.61669,6.80112,1,42,0,0.779,6.999
7523,300.920,59,-0.61543,6.77449,1,39,41,0.595,9.528
7524,300.960,59,-0.61712,6.73459,1,45,31,0.850,9.476
7525,301.000,59,-0.61227,6.70764,1,49,33,0.716,8.506
7526,301.040,59,-0.60912,6.67288,1,57,50,1.205,9.755
7527,301.080,59,-0.60295,6.63538,1,65,45,1.690,9.219
7528,301.120,59,-0.60579,6.59102,1,64,40,1.335,8.218
7529,301.160,59,-0.60996,6.54710,1,64,40,1.251,9.913
7530,301.200,59,-0.60384,6.49070,1,59,37,1.578,9.666
7531,301.240,59,-0.60554,6.44542,1,60,29,1.533,10.684
7532,301.280,59,-0.60476,6.40551,1,50,33,1.036,12.192
7533,301.320,59,-0.59489,6.33797,1,41,0,2.251,6.999
7534,301.360,59,-0.60095,6.35072,1,52,24,1.202,7.918
7535,301.400,59,-0.60035,6.28074,1,50,0,1.328,3.596
7536,301.440,59,-0.59718,6.24542,1,52,54,0.762,6.339
7537,301.480,59,-0.59892,6.21531,1,55,59,0.886,8.423
7538,301.520,59,-0.59410,6.18313,1,41,52,0.845,9.382
7539,301.560,59,-0.59611,6.16578,1,63,47,0.900,11.650
7540,301.600,59,-0.59532,6.11574,1,43,41,0.648,10.737
7541,301.640,59,-0.58955,6.09781,1,42,38,1.061,13.722
7542,301.680,59,-0.58856,6.03374,1,42,39,0.606,8.711
7543,301.720,59,-0.58789,5.99257,1,42,43,0.667,7.544
7544,301.760,59,-0.58406,5.96005,1,44,49,0.655,9.681
7545,301.800,59,-0.58244,5.92650,1,43,57,0.650,9.937
7546,301.840,59,-0.58249,5.89103,1,42,51,0.646,9.738
7547,301.880,59,-0.57735,5.85039,1,60,60,0.658,9.661
7548,301.920,59,-0.57566,5.82121,1,60,59,0.844,9.683
7549,301.960,59,-0.57450,5.78450,1,60,55,0.675,9.885
7550,302.000,59,-0.57383,5.74560,1,43,55,0.722,9.655
7551,302.040,59,-0.57187,5.70937,1,59,51,0.735,10.051
7552,302.080,59,-0.57004,5.69567,1,61,44,1.334,7.890
7553,302.120,59,-0.56800,5.64034,1,62,39,1.044,8.960
7554,302.160,59,-0.56335,5.59790,1,64,34,0.983,7.702
7555,302.200,59,-0.56379,5.56273,1,44,0,0.840,6.999
7556,302.240,59,-0.56203,5.52777,1,43,39,0.856,8.992
7557,302.280,59,-0.55817,5.49326,1,44,0,0.844,8.998
7558,302.320,59,-0.55812,5.46117,1,44,34,1.318,9.855
7559,302.360,59,-0.55488,5.42267,1,43,42,0.796,9.012
7560,302.400,59,-0.55460,5.38210,1,43,48,0.774,8.527
7561,302.440,59,-0.55024,5.35027,1,44,35,0.831,8.194
7562,302.480,59,-0.54677,5.31512,1,45,49,0.851,8.986
7563,302.520,59,-0.54276,5.27412,1,44,43,0.951,8.188
7564,302.560,59,-0.54283,5.24706,1,45,43,1.263,9.848
7565,302.600,59,-0.53800,5.21132,1,44,52,0.841,9.464
7566,302.640,59,-0.53868,5.17557,1,44,50,0.839,9.247
7567,302.680,59,-0.53560,5.14218,1,45,47,0.895,8.780
7568,302.720,59,-0.53607,5.10406,1,45,50,0.771,8.693
7569,302.760,59,-0.53136,5.07219,1,45,52,0.701,8.761
7570,302.800,59,-0.53023,5.03874,1,47,58,0.649,9.028
7571,302.840,59,-0.52632,5.00638,1,46,57,0.841,9.573
7572,302.880,59,-0.52416,4.97621,1,71,52,1.022,9.494
7573,302.920,59,-0.52075,4.94130,1,73,47,1.156,9.371
7574,302.960,59,-0.52058,4.90283,1,48,54,0.783,9.382
7575,303.000,59,-0.51546,4.87127,1,73,53,1.110,9.342
7576,303.040,59,-0.51456,4.84114,1,71,54,1.160,8.430
7577,303.080,59,-0.51114,4.80927,1,73,57,0.992,9.141
7578,303.120,59,-0.51058,4.77874,1,72,52,0.972,9.266
7579,303.160,59,-0.50527,4.74555,1,70,52,1.173,8.804
7580,303.200,59,-0.50686,4.70772,1,80,49,1.208,9.324
7581,303.240,59,-0.50341,4.67720,1,75,55,1.022,8.909
7582,303.280,59,-0.50142,4.64231,1,58,52,0.740,8.639
7583,303.320,59,-0.49680,4.60850,1,54,54,0.957,9.482
7584,303.360,59,-0.49129,4.58476,1,76,51,1.212,9.315
7585,303.400,59,-0.49023,4.54298,1,57,50,1.061,9.580
7586,303.440,59,-0.48811,4.52981,1,49,59,1.174,10.674
7587,303.480,59,-0.48897,4.49091,1,49,57,1.367,10.649
7588,303.520,59,-0.48284,4.46083,1,52,50,1.527,10.850
7589,303.560,59,-0.48386,4.43503,1,50,57,1.388,11.254
7590,303.600,59,-0.47499,4.40449,1,54,51,1.643,10.946
7591,303.640,59,-0.47160,4.36894,1,59,54,1.707,10.638
7592,303.680,59,-0.46636,4.32929,1,60,60,1.262,8.684
7593,303.720,59,-0.45994,4.30515,1,64,63,1.371,7.706
7594,303.760,59,-0.46185,4.28401,1,52,65,1.257,6.666
7595,303.800,59,-0.45870,4.25098,1,66,64,1.873,8.319
7596,303.840,59,-0.45852,4.22703,1,46,66,2.098,9.587
7597,303.880,59,-0.45662,4.18058,1,48,65,0.978,9.624
7598,303.920,59,-0.45871,4.15193,1,49,58,0.807,10.439
7599,303.960,59,-0.45585,4.12730,1,49,58,0.983,10.838
7600,304.000,59,-0.45351,4.09451,1,51,57,1.192,10.812
7601,304.040,59,-0.45089,4.05898,1,50,57,0.966,9.823
7602,304.080,59,-0.44890,4.04318,1,51,60,1.039,11.870
7603,304.120,59,-0.44531,4.01505,1,52,59,1.051,11.865
7604,304.160,59,-0.44413,3.98013,1,54,59,1.315,11.565
7605,304.200,59,-0.44158,3.94963,1,53,60,1.355,11.102
7606,304.240,59,-0.43702,3.90551,1,53,54,1.088,9.593
7607,304.280,59,-0.43256,3.88188,1,75,59,1.137,9.526
7608,304.320,59,-0.43103,3.84754,1,56,55,1.003,8.902
7609,304.360,59,-0.42681,3.83343,1,70,49,1.712,10.294
7610,304.400,59,-0.42332,3.80941,1,69,61,1.722,10.295
7611,304.440,59,-0.42194,3.77220,1,69,50,1.537,10.693
7612,304.480,59,-0.42288,3.73413,1,83,47,1.833,10.632
7613,304.520,59,-0.41704,3.72214,1,71,61,1.500,10.669
7614,304.560,59,-0.41430,3.70343,1,68,66,1.139,11.157
7615,304.600,59,-0.40905,3.67866,1,68,66,1.394,10.553
7616,304.640,59,-0.41522,3.68424,1,64,72,1.734,7.754
7617,304.680,59,-0.40798,3.66655,1,65,72,1.706,7.504
7618,304.720,59,-0.40392,3.64434,1,61,72,1.709,7.336
7619,304.760,59,-0.39999,3.61805,1,64,72,1.792,7.270
7620,304.800,59,-0.38995,3.56389,1,74,70,2.106,9.148
7621,304.840,59,-0.39300,3.56691,1,59,72,1.985,6.784
7622,304.880,59,-0.31173,3.50659,1,90,37,5.476,11.997
7623,304.920,59,-0.38212,3.52687,1,50,72,2.179,5.523
7624,304.960,59,-0.34718,3.45522,1,68,56,3.213,9.362
7625,305.000,59,-0.34509,3.48400,1,66,72,2.799,4.653
7626,305.040,59,-0.36023,3.45348,1,67,72,2.232,5.234
7627,305.080,59,-0.35156,3.43620,1,74,72,1.800,4.409
7628,305.120,59,-0.35996,3.41350,1,27,72,1.308,4.628
7629,305.160,59,-0.37470,3.28520,1,78,72,2.266,8.897
7630,305.200,59,-0.35890,3.27826,1,86,72,3.280,9.594
7631,305.240,59,-0.35986,3.25812,1,85,72,2.910,10.280
7632,305.280,59,-0.35951,3.24730,1,82,72,3.383,11.240
7633,305.320,59,-0.35356,3.23402,1,89,72,3.740,11.458
7634,305.360,59,-0.34087,3.21501,1,83,72,3.688,11.875
7635,305.400,59,-0.34992,3.20411,1,96,72,4.224,11.709
7636,305.440,59,-0.35123,3.17902,1,97,72,4.900,11.806
7637,305.480,59,-0.33864,3.14761,1,97,72,4.769,11.810
7638,305.520,59,-0.33808,3.13096,1,100,72,5.283,11.851
7639,305.560,59,-0.36371,3.11328,1,101,72,5.425,11.865
7640,305.600,59,-0.35001,3.08210,1,100,72,5.059,11.966
7641,305.640,59,-0.36732,3.09026,1,109,59,6.403,13.001
7642,305.680,59,-0.33598,2.98281,1,71,72,2.527,11.695
7643,305.720,59,-0.33502,2.96402,1,72,72,2.764,11.889
7644,305.760,59,-0.33190,2.93928,1,74,72,3.046,11.697
7645,305.800,59,-0.33195,2.91218,1,77,72,3.239,11.436
7646,305.840,59,-0.32758,2.89124,1,76,72,3.302,11.505
7647,305.880,59,-0.32279,2.87255,1,86,72,3.642,10.933
7648,305.920,59,-0.32380,2.82994,1,76,72,2.267,10.139
7649,305.960,59,-0.32187,2.81634,1,76,72,2.462,9.504
7650,306.000,59,-0.32083,2.77255,1,79,72,2.218,11.040
7651,306.040,59,-0.32259,2.74693,1,89,67,1.999,11.450
7652,306.080,59,-0.32015,2.72741,1,73,66,2.054,11.469
7653,306.120,59,-0.31576,2.69524,1,87,63,2.328,10.728
7654,306.160,59,-0.31379,2.66607,1,90,62,1.979,9.786
7655,306.200,59,-0.31002,2.64722,1,89,63,1.882,9.613
7656,306.240,59,-0.31052,2.60543,1,67,63,1.075,8.460
7657,306.280,59,-0.31189,2.57981,1,69,63,1.330,8.097
7658,306.320,59,-0.30754,2.55714,1,73,59,2.043,7.714
7659,306.360,59,-0.30795,2.52974,1,74,62,1.660,7.635
7660,306.400,59,-0.30211,2.52239,1,77,65,2.528,7.666
7661,306.440,59,-0.31322,2.48609,1,76,62,2.247,7.044
7662,306.480,59,-0.30909,2.46502,1,84,60,1.585,8.202
7663,306.520,59,-0.29967,2.44472,1,83,60,1.539,7.773
7664,306.560,59,-0.29555,2.42045,1,76,63,1.605,6.841
7665,306.600,59,-0.29490,2.39419,1,72,65,1.549,6.553
7666,306.640,59,-0.29067,2.38177,1,65,65,1.362,7.889
7667,306.680,59,-0.28313,2.36360,1,69,64,1.486,8.037
7668,306.720,59,-0.29663,2.22684,1,71,55,5.699,14.845
7669,306.760,59,-0.28445,2.32243,1,68,67,1.193,8.081
7670,306.800,59,-0.27740,2.29816,1,83,69,1.828,6.330
7671,306.840,59,-0.27738,2.28107,1,70,72,1.683,7.772
7672,306.880,59,-0.27213,2.26824,1,78,68,1.209,9.007
7673,306.920,59,-0.27033,2.24159,1,85,72,2.023,6.654
7674,306.960,59,-0.26485,2.24016,1,80,70,2.447,7.434
7675,307.000,59,-0.26573,2.21036,1,79,72,2.238,7.160
7676,307.040,59,-0.26250,2.17093,1,81,72,1.827,5.708
7677,307.080,59,-0.26326,2.15631,1,78,72,1.530,6.642
7678,307.120,59,-0.25970,2.14278,1,76,72,1.579,7.204
7679,307.160,59,-0.25703,2.13102,1,74,72,1.566,7.964
7680,307.200,59,-0.25130,2.11952,1,77,72,1.828,9.577
7681,307.240,59,-0.25067,2.10252,1,68,72,1.620,10.104
7682,307.280,59,-0.24540,2.09517,1,74,72,1.987,10.855
7683,307.320,59,-0.24340,2.07819,1,77,72,2.038,11.269
7684,307.360,59,-0.23879,2.06550,1,77,72,2.236,11.338
7685,307.400,59,-0.24072,2.04923,1,76,72,2.172,11.309
7686,307.440,59,-0.24087,2.03204,1,79,72,2.004,11.831
7687,307.480,59,-0.23767,2.01227,1,75,72,2.194,12.128
7688,307.520,59,-0.23474,1.99844,1,73,72,2.334,12.120
7689,307.560,59,-0.22961,1.97569,1,71,72,1.873,12.195
7690,307.600,59,-0.22821,1.95712,1,72,72,1.989,12.244
7691,307.640,59,-0.22680,1.93952,1,74,72,1.932,11.958
7692,307.680,59,-0.22234,1.92295,1,70,72,2.108,11.986
7693,307.720,59,-0.21898,1.90320,1,73,72,2.232,11.579
7694,307.760,59,-0.21575,1.88733,1,73,72,2.268,11.755
7695,307.800,59,-0.21663,1.86755,1,72,72,2.307,11.859
7696,307.840,59,-0.21253,1.85059,1,72,72,2.314,11.958
7697,307.880,59,-0.21072,1.83368,1,72,72,2.361,11.815
7698,307.920,59,-0.20899,1.81529,1,72,72,2.353,12.008
7699,307.960,59,-0.20683,1.80028,1,73,72,2.369,12.058
7700,308.000,59,-0.20411,1.78402,1,74,72,2.265,11.661
7701,308.040,59,-0.20153,1.76681,1,70,72,2.265,11.979
7702,308.080,59,-0.19974,1.75063,1,73,72,2.556,11.442
7703,308.120,59,-0.19937,1.73908,1,71,72,2.552,11.266
7704,308.160,59,-0.18793,1.71405,1,81,72,2.757,11.995
7705,308.200,59,-0.18862,1.70364,1,81,72,2.824,11.603
7706,308.240,59,-0.18619,1.68884,1,88,72,2.921,10.897
7707,308.280,59,-0.18738,1.67151,1,87,72,3.186,10.419
7708,308.320,59,-0.18546,1.65934,1,85,72,3.159,10.396
7709,308.360,59,-0.18562,1.64171,1,85,72,3.296,9.936
7710,308.400,59,-0.18272,1.62847,1,85,72,3.096,10.384
7711,308.440,59,-0.17745,1.61398,1,83,72,2.408,11.490
7712,308.480,59,-0.17894,1.59777,1,77,71,2.587,11.021
7713,308.520,59,-0.18064,1.57771,1,87,72,3.437,9.547
7714,308.560,59,-0.18156,1.55788,1,84,72,3.205,9.361
7715,308.600,59,-0.17733,1.54620,1,85,72,3.136,9.301
7716,308.640,59,-0.17460,1.52914,1,79,72,2.977,9.325
7717,308.680,59,-0.17270,1.51619,1,77,72,2.778,9.409
7718,308.720,59,-0.16680,1.50424,1,83,72,2.623,9.528
7719,308.760,59,-0.16185,1.49278,1,82,72,2.628,9.752
7720,308.800,59,-0.16028,1.48262,1,81,72,2.546,10.112
7721,308.840,59,-0.15372,1.47627,1,89,72,2.225,10.435
7722,308.880,59,-0.14684,1.46590,1,93,72,2.877,10.721
7723,308.920,59,-0.14459,1.45090,1,86,72,2.503,10.481
7724,308.960,59,-0.14871,1.44108,1,80,72,2.207,11.071
7725,309.000,59,-0.14789,1.44060,1,0,71,1.465,11.276
7726,309.040,59,-0.14126,1.42758,1,0,69,1.243,11.138
7727,309.080,59,-0.15225,1.42937,1,0,72,2.048,11.970
7728,309.120,59,-0.11948,1.40318,1,0,72,1.429,10.103
7729,309.160,59,-0.09794,1.39053,1,0,72,2.320,8.931
7730,309.200,59,-0.19330,1.45774,1,0,68,10.970,25.815
7730,309.200,64,0.34728,32.90120,1,17,0,0.472,6.999
7731,309.240,64,0.35148,32.86148,0,31,0,1.070,
7732,309.280,64,0.34479,32.65685,0,64,0,7.390,
7733,309.320,64,0.34910,32.61859,0,122,0,10.775,
7734,309.360,64,0.36551,32.61789,0,86,0,8.017,
7735,309.400,64,0.35891,32.38106,0,70,0,7.038,
7736,309.440,64,0.35511,32.43450,0,46,0,5.023,
7737,309.480,64,0.35717,32.20870,0,78,0,7.693,
7738,309.520,59,-0.40302,0.73579,1,0,37,6.365,29.652
7738,309.520,64,0.37713,32.14687,0,73,0,7.562,
7739,309.560,59,-0.40951,0.88413,0,0,0,,
7739,309.560,64,0.37960,32.14604,0,63,0,7.148,
7740,309.600,59,-0.56128,0.74373,1,0,37,15.453,41.134
7740,309.600,64,0.38715,31.90956,0,59,0,7.005,
7741,309.640,64,0.38521,31.88282,0,98,0,11.289,
7742,309.680,64,0.38720,31.91779,0,100,0,11.742,
7743,309.720,64,0.38473,31.71774,0,104,0,11.439,
7744,309.760,64,0.38289,31.64516,0,113,0,11.937,
7745,309.800,64,0.40431,31.48120,0,111,0,12.025,
7746,309.840,64,0.40654,31.47278,0,64,0,8.491,
7747,309.880,64,0.40060,31.41905,0,83,0,10.092,
7748,309.920,64,0.39443,31.25099,0,82,0,10.355,
7749,309.960,59,-0.43255,0.91939,1,0,66,7.445,15.613
7749,309.960,64,0.40388,31.19644,0,77,0,10.515,
7750,310.000,59,-0.43187,0.89599,1,0,71,1.294,3.201
7750,310.000,64,0.41120,31.02118,0,60,0,8.780,
7751,310.040,59,-0.38183,1.00224,1,0,72,4.654,10.688
7751,310.040,64,0.41290,31.01113,0,60,0,8.806,
7752,310.080,59,-0.37404,0.85798,0,0,63,10.670,
7752,310.080,64,0.41573,31.05982,0,56,0,8.966,
7753,310.120,59,-0.37081,1.07130,1,0,72,4.015,9.676
7753,310.120,64,0.43247,30.80396,0,57,0,9.008,
7754,310.160,64,0.43096,30.73099,0,76,0,11.134,
7755,310.200,59,-0.33725,1.05254,1,0,71,6.556,12.310
7755,310.200,64,0.43391,30.78439,0,74,0,11.432,
7756,310.240,64,0.44145,30.61539,0,118,0,14.049,
7757,310.280,64,0.44447,30.60525,0,97,0,11.684,
7758,310.320,64,0.43858,30.39204,0,63,0,9.373,
7759,310.360,64,0.46836,30.39875,0,60,0,9.619,
7760,310.400,64,0.46696,30.39070,0,82,0,11.779,
7761,310.440,59,-0.31828,0.55716,1,0,50,5.648,17.105
7761,310.440,64,0.45827,30.17091,0,139,0,14.406,
7762,310.480,64,0.48555,30.17862,0,91,0,11.697,
7763,310.520,64,0.48355,30.17785,0,145,0,14.253,
7764,310.560,64,0.47773,30.02308,0,73,0,10.482,
7765,310.600,64,0.48984,29.96209,0,74,0,10.761,
7766,310.640,64,0.48734,29.85675,0,75,0,10.758,
7767,310.680,59,-0.19703,0.59980,1,0,72,5.834,9.422
7767,310.680,64,0.49430,29.73604,0,100,0,12.016,
7768,310.720,59,-0.12025,0.72819,0,0,0,,
7768,310.720,64,0.49314,29.75176,0,140,0,14.592,
7769,310.760,59,-0.11766,0.74381,0,0,0,,
7769,310.760,64,0.51378,29.59145,0,135,0,12.906,
7770,310.800,59,-0.12899,0.72979,0,0,29,27.956,
7770,310.800,64,0.48109,29.45149,0,103,0,12.516,
7771,310.840,59,-0.13417,0.72405,0,0,0,,
7771,310.840,64,0.55039,29.23541,0,98,0,13.939,
7772,310.880,59,-0.21447,0.59714,1,0,72,5.079,9.637
7772,310.880,64,0.52541,29.23556,0,19,0,1.274,
7773,310.920,59,-0.18777,0.59475,1,0,72,5.103,9.294
7773,310.920,64,0.51993,29.18822,1,22,0,1.217,6.999
7774,310.960,59,-0.13536,0.73201,0,0,0,,
7774,310.960,64,0.53728,29.06394,1,23,0,0.767,6.999
7775,311.000,59,-0.21088,0.59348,1,0,72,5.006,9.248
7775,311.000,64,0.53487,29.06376,1,23,0,0.770,6.999
7776,311.040,59,-0.14641,0.60321,1,0,48,4.260,11.778
7776,311.040,64,0.50894,28.88781,1,23,0,1.113,6.999
7777,311.080,59,-0.04317,0.58849,1,0,39,3.573,20.548
7777,311.080,64,0.55096,28.85981,1,24,0,0.844,6.999
7778,311.120,59,-0.10640,0.61036,1,0,42,4.898,14.992
7778,311.120,64,0.53621,28.79166,1,25,0,0.786,6.999
7779,311.160,59,-0.12336,0.74774,0,0,34,6.191,
7779,311.160,64,0.53979,28.78089,1,25,0,0.581,6.999
7780,311.200,59,-0.16723,0.60890,1,0,60,5.729,10.193
7780,311.200,64,0.54982,28.63613,1,26,0,0.777,6.999
7781,311.240,59,-0.12751,0.74878,0,0,27,30.374,
7781,311.240,64,0.55025,28.56654,1,25,0,0.781,6.999
7782,311.280,59,-0.12800,0.74667,0,0,0,,
7782,311.280,64,0.56177,28.45779,1,24,0,0.905,6.999
7783,311.320,59,-0.18897,0.59948,1,0,72,4.977,9.148
7783,311.320,64,0.56923,28.39828,0,34,0,3.348,
7780,311.200,65,0.45716,30.27452,1,37,0,1.618,6.999
7781,311.240,65,0.46516,30.21952,0,25,0,0.781,
7782,311.280,65,0.45532,30.16554,0,24,0,1.693,
7783,311.320,65,0.46225,29.95999,0,34,0,3.348,
7784,311.360,64,0.55776,28.20951,1,24,0,0.837,6.999
7784,311.360,65,0.46980,29.91646,0,24,0,0.837,
7785,311.400,59,-0.20952,0.61482,1,0,71,5.203,9.549
7785,311.400,64,0.57368,28.21496,0,33,0,3.164,
7785,311.400,65,0.48002,29.75254,0,33,0,3.164,
7786,311.440,59,-0.14817,0.72817,0,0,29,19.686,
7786,311.440,64,0.54888,28.16427,1,24,0,0.788,6.999
7786,311.440,65,0.49518,30.42889,0,24,0,0.790,
7787,311.480,59,-0.10608,0.79009,0,0,33,32.305,
7787,311.480,64,0.56759,28.06532,1,24,0,0.925,6.999
7787,311.480,65,0.49528,29.80344,0,24,0,0.777,
7788,311.520,59,-0.15085,0.82923,1,0,72,0.921,4.356
7788,311.520,64,0.58923,28.02698,1,22,0,0.894,6.999
7788,311.520,65,0.47783,29.70201,0,22,0,1.941,
7789,311.560,59,-0.11831,0.89558,0,0,0,,
7789,311.560,64,0.56366,27.92532,1,24,0,0.938,6.999
7789,311.560,65,0.48578,29.58471,0,24,0,0.938,
7790,311.600,59,-0.16184,1.20808,1,0,69,4.173,12.423
7790,311.600,64,0.58988,27.85879,1,24,0,0.893,6.999
7790,311.600,65,0.51078,29.58775,0,24,0,1.825,
7791,311.640,64,0.58901,27.76744,1,23,0,0.847,6.999
7791,311.640,65,0.48120,29.48948,0,23,0,0.845,
7792,311.680,59,-0.17405,1.16560,1,0,72,3.981,11.679
7792,311.680,64,0.58598,27.64371,1,24,0,1.111,6.999
7792,311.680,65,0.47789,29.36233,0,24,0,1.689,
7793,311.720,59,-0.14726,1.21946,1,0,72,5.323,14.499
7793,311.720,64,0.60105,27.59374,1,25,0,0.700,6.999
7793,311.720,65,0.48546,29.31958,0,25,0,0.700,
7794,311.760,59,-0.14686,1.30927,1,0,71,4.808,16.246
7794,311.760,64,0.61431,27.44020,1,25,0,0.947,6.999
7794,311.760,65,0.45853,29.18557,0,25,0,0.953,
7795,311.800,59,-0.17527,1.44869,1,0,72,7.908,15.697
7795,311.800,64,0.60019,27.44502,1,25,0,0.886,6.999
7795,311.800,65,0.47681,29.13967,0,25,0,0.888,
7796,311.840,59,-0.17478,1.48155,1,0,72,5.776,16.002
7796,311.840,64,0.61439,27.36927,1,25,0,0.809,6.999
7796,311.840,65,0.47203,29.13025,0,25,0,0.809,
7797,311.880,64,0.60875,27.27494,1,26,0,0.817,6.999
7797,311.880,65,0.45538,28.98100,0,26,0,0.817,
7798,311.920,64,0.60625,27.07860,1,25,0,0.945,6.999
7798,311.920,65,0.47266,28.99881,0,25,0,0.945,
7799,311.960,64,0.62493,27.15243,1,25,0,1.057,6.999
7799,311.960,65,0.48466,28.98437,0,25,0,1.721,
7800,312.000,64,0.63229,27.04987,1,24,0,0.689,6.999
7800,312.000,65,0.49249,28.93990,0,24,0,0.689,
7801,312.040,64,0.62299,26.96783,1,26,0,0.944,6.999
7801,312.040,65,0.49337,28.95233,0,26,0,1.696,
7802,312.080,64,0.62225,26.89154,1,26,0,0.907,6.999
7802,312.080,65,0.49653,28.81522,0,26,0,0.904,
7803,312.120,64,0.63058,26.94376,1,25,0,0.783,6.999
7803,312.120,65,0.48023,28.75897,0,25,0,0.783,
7804,312.160,64,0.64348,26.74112,1,25,0,0.899,6.999
7804,312.160,65,0.47909,28.74304,0,25,0,0.899,
7805,312.200,64,0.64207,26.75070,1,26,0,0.894,6.999
7805,312.200,65,0.48004,28.74513,0,26,0,0.894,
7806,312.240,64,0.64464,26.53970,1,26,0,0.823,6.999
7806,312.240,65,0.49849,28.75950,0,26,0,0.823,
7807,312.280,64,0.63775,26.60526,1,25,0,0.804,6.999
7807,312.280,65,0.49324,28.73549,0,25,0,0.804,
7808,312.320,64,0.64555,26.45130,1,26,0,1.003,6.999
7808,312.320,65,0.49699,28.81656,0,26,0,1.003,
7809,312.360,64,0.64994,26.42643,1,26,0,0.629,6.999
7809,312.360,65,0.51534,28.75312,0,26,0,0.629,
7810,312.400,64,0.66523,26.37543,1,26,0,0.918,6.999
7810,312.400,65,0.50481,28.79260,0,26,0,0.918,
7811,312.440,64,0.65039,26.18573,1,26,0,0.822,6.999
7812,312.480,64,0.66095,26.13953,1,27,0,0.927,6.999
7813,312.520,64,0.66181,26.02887,1,25,0,0.912,6.999
7813,312.520,65,0.42151,28.78309,0,25,0,0.908,
7814,312.560,64,0.66820,26.06930,1,27,0,0.911,6.999
7814,312.560,65,0.45503,28.80011,0,27,0,0.911,
7815,312.600,64,0.65881,25.86180,1,26,0,0.922,6.999
7815,312.600,65,0.45402,28.75099,0,26,0,0.922,
7816,312.640,64,0.67108,25.91295,1,25,0,0.858,6.999
7816,312.640,65,0.45335,28.74621,0,25,0,0.858,
7817,312.680,64,0.66785,25.74295,1,26,0,0.945,6.999
7818,312.720,64,0.68374,25.68481,1,26,0,0.815,6.999
7818,312.720,65,0.45396,28.75121,0,26,0,0.815,
7819,312.760,64,0.69113,25.56226,1,27,0,0.890,6.999
7820,312.800,64,0.68125,25.50502,1,28,0,0.891,6.999
7821,312.840,64,0.69500,25.49747,1,26,0,0.897,6.999
7821,312.840,65,0.48017,28.73841,0,26,0,0.666,
7822,312.880,64,0.68098,25.42067,1,26,0,0.734,6.999
7823,312.920,64,0.68404,25.33034,1,27,0,0.904,6.999
7823,312.920,65,0.46610,28.75432,0,27,0,1.815,
7824,312.960,64,0.68795,25.18132,1,27,0,0.868,6.999
7824,312.960,65,0.48073,28.73942,0,27,0,0.831,
7825,313.000,64,0.70881,25.19586,1,26,0,0.839,6.999
7825,313.000,65,0.46873,28.74834,0,26,0,0.822,
7826,313.040,64,0.70259,25.03607,1,27,0,0.959,6.999
7827,313.080,64,0.70169,25.02158,1,27,0,0.829,6.999
7828,313.120,64,0.69707,24.90260,1,27,0,0.990,6.999
7829,313.160,64,0.71482,24.86370,1,27,0,0.756,6.999
7830,313.200,64,0.70788,24.71500,1,26,0,0.904,6.999
7831,313.240,64,0.71435,24.70833,1,27,0,0.906,6.999
7832,313.280,64,0.72740,24.59038,1,27,0,0.941,6.999
7830,313.200,66,0.67432,33.03184,1,27,0,1.536,6.999
7832,313.280,66,0.63884,32.13229,0,331,0,27.343,
7833,313.320,64,0.72891,24.54931,1,28,0,0.915,6.999
7833,313.320,66,0.61862,31.92550,0,250,0,23.370,
7834,313.360,64,0.72581,24.44769,1,27,0,0.990,6.999
7834,313.360,66,0.73670,32.09474,0,283,0,22.902,
7835,313.400,64,0.72698,24.40143,1,26,0,0.835,6.999
7835,313.400,66,0.72105,31.86406,0,273,0,22.808,
7836,313.440,64,0.73353,24.29003,1,27,0,0.945,6.999
7836,313.440,66,0.75290,32.08399,0,295,0,26.459,
7837,313.480,64,0.73395,24.24531,1,28,0,0.956,6.999
7837,313.480,66,0.70449,32.10516,0,306,0,23.371,
7838,313.520,64,0.73726,24.15577,1,28,0,0.813,6.999
7838,313.520,66,0.70375,32.14505,0,317,0,24.873,
7839,313.560,64,0.73984,24.09649,1,28,0,0.847,6.999
7839,313.560,66,0.69144,31.88977,0,324,0,23.992,
7840,313.600,64,0.73502,23.99000,1,27,0,0.958,6.999
7840,313.600,66,0.71519,31.64737,0,277,0,24.492,
7841,313.640,64,0.73769,23.94850,1,27,0,0.879,6.999
7841,313.640,66,0.72767,31.82317,0,279,0,22.722,
7842,313.680,64,0.74461,23.87055,1,28,0,0.816,6.999
7842,313.680,66,0.68548,31.16865,0,273,0,23.418,
7843,313.720,64,0.75382,23.80040,1,28,0,0.814,6.999
7843,313.720,66,0.63957,31.01287,0,213,0,23.117,
7844,313.760,64,0.75431,23.73480,1,28,0,0.753,6.999
7845,313.800,64,0.74932,23.65703,1,28,0,0.911,6.999
7846,313.840,64,0.75284,23.57229,1,30,0,0.756,6.999
7840,313.600,67,0.56247,28.85934,1,16,0,0.511,6.999
7841,313.640,67,0.51630,28.92601,0,27,0,0.879,
7842,313.680,67,0.56469,28.95153,0,28,0,2.031,
7843,313.720,67,0.59800,28.92220,0,28,0,0.847,
7844,313.760,67,0.59042,28.95211,0,28,0,2.042,
7845,313.800,67,0.62250,29.02749,0,28,0,0.911,
7846,313.840,67,0.62636,29.12906,0,30,0,2.045,
7847,313.880,64,0.76065,23.48402,1,28,0,0.931,6.999
7847,313.880,67,0.65716,29.02132,0,28,0,0.931,
7848,313.920,64,0.75236,23.47931,1,29,0,0.815,6.999
7848,313.920,67,0.67127,29.14833,0,29,0,1.966,
7849,313.960,64,0.75557,23.35122,1,30,0,0.870,6.999
7850,314.000,64,0.76753,23.28068,1,30,0,0.742,6.999
7850,314.000,67,0.72325,29.31279,0,203,0,20.866,
7851,314.040,64,0.76775,23.22246,1,30,0,0.930,6.999
7851,314.040,67,0.74787,29.27926,0,201,0,20.523,
7852,314.080,64,0.76810,23.12610,1,30,0,0.828,6.999
7852,314.080,67,0.76117,29.22860,0,186,0,20.974,
7853,314.120,64,0.77103,23.05715,1,30,0,0.805,6.999
7854,314.160,64,0.77263,22.97435,1,30,0,0.834,6.999
7854,314.160,67,0.73288,29.41236,0,153,0,21.118,
7855,314.200,64,0.77019,22.89671,1,30,0,0.805,6.999
7855,314.200,67,0.80317,29.51347,0,103,0,15.598,
7856,314.240,64,0.78280,22.85925,1,30,0,0.760,6.999
7856,314.240,67,0.81756,29.35045,0,98,0,15.847,
7857,314.280,64,0.77950,22.74441,1,31,0,0.800,6.999
7857,314.280,66,0.83726,29.71698,0,98,0,15.441,
7857,314.280,67,0.82831,29.49650,0,98,0,15.441,
7858,314.320,64,0.78008,22.67763,1,30,0,0.958,6.999
7858,314.320,66,0.86417,29.46097,0,99,0,14.948,
7858,314.320,67,0.86721,29.44903,0,99,0,14.948,
7859,314.360,64,0.78527,22.61681,1,30,0,0.778,6.999
7859,314.360,66,0.88345,29.47073,0,105,0,14.975,
7859,314.360,67,0.88912,29.49014,0,105,0,14.975,
7860,314.400,64,0.78790,22.54336,1,30,0,0.955,6.999
7860,314.400,66,0.86365,29.46198,0,115,0,14.873,
7861,314.440,64,0.78627,22.47166,1,30,0,0.812,6.999
7861,314.440,66,0.86433,29.49090,0,76,0,11.515,
7862,314.480,64,0.78390,22.40054,1,31,0,0.948,6.999
7862,314.480,66,0.89055,29.54277,0,118,0,14.348,
7863,314.520,64,0.78646,22.33280,1,30,0,0.639,6.999
7863,314.520,66,0.89797,29.59241,0,103,0,15.054,
7864,314.560,64,0.79416,22.23683,1,30,0,0.890,6.999
7864,314.560,66,0.91792,29.71390,0,74,0,10.710,
7865,314.600,64,0.78945,22.24899,1,31,0,0.927,6.999
7865,314.600,66,0.92387,29.65894,0,76,0,10.997,
7866,314.640,64,0.79237,22.09936,1,32,0,0.785,6.999
7866,314.640,66,0.93917,29.66078,0,74,0,10.621,
7867,314.680,64,0.80597,22.11102,1,31,0,0.911,6.999
7867,314.680,66,0.92981,29.71473,0,97,0,14.446,
7868,314.720,64,0.79406,21.95148,1,31,0,0.719,6.999
7868,314.720,66,0.94890,29.71675,0,75,0,10.486,
7869,314.760,64,0.79366,21.91434,1,31,0,0.833,6.999
7869,314.760,66,0.95510,29.68962,0,82,0,11.061,
7870,314.800,64,0.80034,21.83785,1,31,0,0.808,6.999
7870,314.800,66,0.96790,29.68969,0,82,0,10.925,
7871,314.840,64,0.81100,21.84912,1,31,0,0.796,6.999
7871,314.840,66,0.97995,29.90010,0,140,0,14.020,
7872,314.880,64,0.80912,21.68527,1,31,0,0.838,6.999
7872,314.880,66,0.99195,29.87761,0,112,0,13.572,
7873,314.920,64,0.80352,21.58759,1,32,0,0.815,6.999
7873,314.920,66,1.01332,29.91503,0,207,0,17.022,
7874,314.960,64,0.80997,21.55237,1,32,0,0.779,6.999
7874,314.960,66,1.02098,29.94841,0,188,0,16.147,
7875,315.000,64,0.81468,21.45770,1,32,0,0.833,6.999
7875,315.000,66,1.03022,29.84726,0,156,0,16.614,
7876,315.040,64,0.81530,21.48263,1,32,0,0.792,6.999
7876,315.040,66,1.06517,29.97165,0,235,0,21.073,
7877,315.080,64,0.81356,21.32202,1,31,0,0.773,6.999
7877,315.080,66,1.07008,30.06401,0,280,0,21.805,
7878,315.120,64,0.82266,21.28811,1,32,0,0.829,6.999
7878,315.120,66,1.09536,30.01084,0,31,0,5.671,
7879,315.160,64,0.81709,21.18849,1,32,0,0.752,6.999
7879,315.160,66,1.09408,30.01494,0,199,0,17.381,
7880,315.200,64,0.82383,21.08343,1,31,0,0.759,6.999
7880,315.200,66,1.11233,30.06519,0,179,0,17.481,
7881,315.240,64,0.81891,21.05869,1,32,0,0.769,6.999
7881,315.240,66,1.11433,30.10480,0,176,0,17.665,
7882,315.280,64,0.82337,20.96823,1,32,0,0.911,6.999
7882,315.280,66,1.12274,30.07709,0,332,0,21.571,
7883,315.320,64,0.82621,20.97458,1,32,0,0.800,6.999
7883,315.320,66,1.12303,30.03969,0,198,0,17.196,
7884,315.360,64,0.82278,20.83787,1,32,0,0.826,6.999
7884,315.360,66,1.12175,30.03272,0,317,0,21.534,
7885,315.400,64,0.83343,20.84595,1,33,0,0.849,6.999
7885,315.400,66,1.12477,30.08961,0,49,0,5.709,
7886,315.440,64,0.84048,20.71479,1,32,0,0.813,6.999
7886,315.440,66,1.12250,30.03398,0,50,0,5.434,
7887,315.480,64,0.83301,20.60599,1,32,0,0.843,6.999
7887,315.480,66,1.12559,30.08824,0,348,0,28.227,
7888,315.520,64,0.83636,20.58716,1,33,0,0.841,6.999
7888,315.520,66,1.12430,30.06974,0,288,0,23.135,
7889,315.560,64,0.83638,20.48100,1,32,0,0.775,6.999
7889,315.560,66,1.12301,30.05044,0,248,0,22.271,
7890,315.600,64,0.83967,20.42677,1,32,0,0.674,6.999
7890,315.600,66,1.12659,30.10124,0,294,0,21.424,
7891,315.640,64,0.84009,20.35368,1,32,0,0.895,6.999
7891,315.640,66,1.15423,30.12137,0,265,0,22.355,
7892,315.680,64,0.83793,20.27513,1,33,0,0.731,6.999
7892,315.680,66,1.14917,30.03224,0,90,0,11.265,
7893,315.720,64,0.83935,20.23707,1,33,0,0.729,6.999
7893,315.720,66,1.16086,30.22562,0,353,0,28.817,
7894,315.760,64,0.84530,20.16547,1,32,0,0.827,6.999
7894,315.760,66,1.19213,30.28283,0,360,0,32.586,
7895,315.800,64,0.85313,20.09271,1,32,0,0.782,6.999
7896,315.840,64,0.84265,20.00726,1,34,0,0.750,6.999
7897,315.880,64,0.84400,19.94203,1,34,0,0.706,6.999
7898,315.920,64,0.85647,19.89142,1,33,0,0.800,6.999
7899,315.960,64,0.85190,19.80278,1,34,0,0.716,6.999
7900,316.000,64,0.84603,19.74291,1,34,0,0.773,6.999
7901,316.040,64,0.85758,19.67926,1,34,0,0.780,6.999
7902,316.080,64,0.85392,19.62252,1,35,0,0.688,6.999
7903,316.120,64,0.84686,19.52756,1,34,0,0.716,6.999
7904,316.160,64,0.85613,19.45817,1,34,0,0.803,6.999
7905,316.200,64,0.85639,19.40429,1,36,0,0.664,6.999
7906,316.240,64,0.86225,19.35060,1,34,0,0.771,6.999
7907,316.280,64,0.86625,19.28769,1,35,0,0.679,6.999
7908,316.320,64,0.86049,19.20330,1,36,0,0.723,6.999
7909,316.360,64,0.85892,19.13971,1,35,0,0.903,6.999
7910,316.400,64,0.86454,19.07768,1,36,0,0.647,6.999
7911,316.440,64,0.86319,18.99275,1,36,0,0.759,6.999
7912,316.480,64,0.86383,18.96050,1,35,0,0.755,6.999
7913,316.520,64,0.86411,18.87633,1,35,0,0.613,6.999
7914,316.560,64,0.86412,18.78437,1,36,0,0.730,6.999
7915,316.600,64,0.86705,18.76619,1,36,0,0.791,6.999
7916,316.640,64,0.86997,18.67040,1,35,0,0.655,6.999
7917,316.680,64,0.86490,18.58589,1,35,0,0.715,6.999
7918,316.720,64,0.86745,18.55998,1,35,0,0.795,6.999
7919,316.760,64,0.87345,18.47566,1,37,0,0.654,6.999
7920,316.800,64,0.86866,18.40606,1,36,0,0.693,6.999
7921,316.840,64,0.87072,18.35790,1,36,0,0.829,6.999
7922,316.880,64,0.87216,18.28105,1,36,0,0.763,6.999
7923,316.920,64,0.87191,18.23278,1,37,0,0.667,6.999
7924,316.960,64,0.86989,18.16639,1,36,0,0.751,6.999
7925,317.000,64,0.87608,18.08837,1,38,0,0.753,6.999
7926,317.040,64,0.87712,18.03193,1,38,0,0.648,6.999
7927,317.080,64,0.87756,17.97925,1,36,0,0.633,6.999
7928,317.120,64,0.88019,17.88958,1,38,0,0.688,6.999
7929,317.160,64,0.88114,17.84702,1,39,0,0.690,6.999
7930,317.200,64,0.87272,17.78095,1,39,0,0.726,6.999
7931,317.240,64,0.87806,17.70342,1,39,0,0.562,6.999
7932,317.280,64,0.87728,17.64089,1,40,0,0.668,6.999
7933,317.320,64,0.87388,17.58689,1,37,0,0.766,6.999
7934,317.360,64,0.88354,17.53087,1,38,0,0.718,6.999
7935,317.400,64,0.87987,17.46244,1,40,0,0.661,6.999
7936,317.440,64,0.87589,17.39020,1,39,0,0.734,6.999
7937,317.480,64,0.88377,17.33624,1,39,0,0.638,6.999
7938,317.520,64,0.87910,17.26176,1,39,0,0.684,6.999
7939,317.560,64,0.87764,17.20157,1,38,0,0.750,6.999
7940,317.600,64,0.88495,17.15017,1,39,0,0.648,6.999
7941,317.640,64,0.88212,17.07653,1,39,0,0.684,6.999
7942,317.680,64,0.87880,17.00112,1,39,0,0.779,6.999
7943,317.720,64,0.88646,16.96147,1,40,0,0.691,6.999
7944,317.760,64,0.88092,16.89755,1,39,0,0.647,6.999
7945,317.800,64,0.88173,16.82675,1,40,0,0.785,6.999
7946,317.840,64,0.88753,16.77841,1,39,0,0.725,6.999
7947,317.880,64,0.88267,16.71650,1,40,0,0.682,6.999
7948,317.920,64,0.88282,16.64421,1,40,0,0.792,6.999
7949,317.960,64,0.89212,16.58432,1,21,0,0.717,6.999
7950,318.000,64,0.88408,16.51649,1,21,0,0.725,6.999
7951,318.040,64,0.88380,16.46936,1,21,0,0.690,6.999
7952,318.080,64,0.88986,16.38687,1,40,0,0.757,6.999
7953,318.120,64,0.88878,16.34638,1,21,0,0.682,6.999
7954,318.160,64,0.88281,16.28460,1,21,0,0.714,6.999
7955,318.200,64,0.89072,16.20436,1,21,0,0.674,6.999
7956,318.240,64,0.88739,16.14544,1,21,0,0.625,6.999
7957,318.280,64,0.88225,16.09151,1,21,0,0.741,6.999
7958,318.320,64,0.88911,16.04469,1,21,0,0.620,6.999
7959,318.360,64,0.88507,15.98097,1,21,0,0.658,6.999
7960,318.400,64,0.88513,15.91512,1,21,0,0.700,6.999
7961,318.440,64,0.88476,15.84130,1,21,0,0.524,6.999
7962,318.480,64,0.88746,15.80500,1,21,0,0.693,6.999
7963,318.520,64,0.88482,15.73643,1,21,0,0.804,6.999
7964,318.560,64,0.88679,15.67598,1,21,0,0.656,6.999
7965,318.600,64,0.88184,15.60473,1,21,0,0.663,6.999
7966,318.640,64,0.88690,15.56368,1,21,0,0.815,6.999
7967,318.680,64,0.88680,15.49799,1,21,0,0.561,6.999
7968,318.720,64,0.88349,15.44039,1,21,0,0.655,6.999
7969,318.760,64,0.88138,15.39544,1,21,0,0.789,6.999
7970,318.800,64,0.88898,15.33928,1,22,0,0.731,6.999
7971,318.840,64,0.88486,15.26360,1,22,0,0.687,6.999
7972,318.880,64,0.87942,15.20977,1,22,0,0.692,6.999
7973,318.920,64,0.89013,15.15855,1,22,0,0.675,6.999
7974,318.960,64,0.88644,15.10511,1,22,0,0.693,6.999
7975,319.000,64,0.87952,15.04467,1,22,0,0.726,6.999
7976,319.040,64,0.88929,14.97650,1,21,0,0.768,6.999
7977,319.080,64,0.88536,14.92034,1,22,0,0.810,6.999
7978,319.120,64,0.88799,14.88221,1,22,0,0.644,6.999
7979,319.160,64,0.88801,14.80660,1,22,0,0.700,6.999
7980,319.200,64,0.88519,14.75158,1,23,0,0.749,6.999
7981,319.240,64,0.87991,14.69581,1,22,0,0.793,6.999
7982,319.280,64,0.88832,14.64751,1,22,0,0.717,6.999
7983,319.320,64,0.88383,14.58866,1,22,0,0.763,6.999
7984,319.360,64,0.88092,14.52978,1,22,0,0.826,6.999
7985,319.400,64,0.88666,14.46086,1,22,0,0.699,6.999
7986,319.440,64,0.88305,14.42726,1,23,0,0.609,6.999
7987,319.480,64,0.87975,14.36050,1,22,0,0.794,6.999
7988,319.520,64,0.88147,14.30563,1,23,0,0.679,6.999
7989,319.560,64,0.87962,14.24804,1,23,0,0.723,6.999
7990,319.600,64,0.88234,14.19951,1,23,0,0.834,6.999
7991,319.640,64,0.88514,14.14297,1,22,0,0.638,6.999
7992,319.680,64,0.88134,14.07937,1,23,0,0.658,6.999
7993,319.720,64,0.87636,14.02402,1,22,0,0.799,6.999
7990,319.600,68,-0.11642,33.46914,0,18,0,0.551,
7991,319.640,68,-0.11938,33.43471,1,23,0,0.507,6.999
7992,319.680,68,-0.12277,33.44638,0,87,0,9.183,
7993,319.720,68,-0.12331,33.19968,0,87,0,9.205,
7994,319.760,64,0.88039,13.97465,1,23,0,0.759,6.999
7994,319.760,68,-0.12664,33.19479,0,157,0,14.544,
7995,319.800,64,0.87769,13.91910,1,23,0,0.657,6.999
7995,319.800,68,-0.12899,33.09731,0,123,0,12.909,
7996,319.840,64,0.87529,13.87204,1,23,0,0.638,6.999
7996,319.840,68,-0.13433,32.95313,0,225,0,21.889,
7997,319.880,64,0.88469,13.80145,1,23,0,0.618,6.999
7997,319.880,68,-0.13361,32.95678,0,72,0,8.531,
7998,319.920,64,0.87760,13.74575,1,23,0,0.729,6.999
7998,319.920,68,-0.13315,32.98057,0,0,0,,
7999,319.960,64,0.87159,13.70179,1,24,0,0.876,6.999
7999,319.960,68,-0.13090,32.70588,0,0,0,,
8000,320.000,64,0.87489,13.66023,1,24,0,0.551,6.999
8000,320.000,68,-0.15436,32.70976,0,277,0,24.574,
8001,320.040,64,0.87305,13.59397,1,24,0,0.608,6.999
8001,320.040,68,-0.13947,32.72965,0,0,0,,
8002,320.080,64,0.87508,13.53636,1,24,0,0.762,6.999
8002,320.080,68,-0.16560,32.47024,0,0,0,,
8003,320.120,64,0.87713,13.47926,1,24,0,0.666,6.999
8003,320.120,68,-0.16772,32.46048,0,95,0,9.765,
8004,320.160,64,0.87321,13.41660,1,24,0,0.718,6.999
8004,320.160,68,-0.14596,32.46908,0,136,0,15.128,
8005,320.200,64,0.87263,13.37054,1,24,0,0.842,6.999
8005,320.200,68,-0.17193,32.24185,0,108,0,9.917,
8006,320.240,64,0.87901,13.33290,1,24,0,0.591,6.999
8006,320.240,68,-0.16618,32.31512,0,335,0,29.605,
8007,320.280,64,0.86905,13.27210,1,24,0,0.647,6.999
8007,320.280,68,-0.17392,32.10130,0,0,0,,
8008,320.320,64,0.86359,13.21199,1,24,0,0.645,6.999
8008,320.320,68,-0.18534,32.00689,0,0,0,,
8009,320.360,64,0.86919,13.14966,1,24,0,0.652,6.999
8009,320.360,68,-0.17334,31.99223,0,0,0,,
8010,320.400,64,0.86564,13.10918,1,24,0,0.614,6.999
8010,320.400,68,-0.17247,32.01190,0,0,0,,
8011,320.440,64,0.86654,13.05066,1,25,0,0.684,6.999
8011,320.440,68,-0.19109,31.78124,0,268,0,22.742,
8012,320.480,64,0.86353,13.00571,1,24,0,0.825,6.999
8012,320.480,68,-0.18373,31.79104,0,102,0,9.844,
8013,320.520,64,0.86701,12.96180,1,25,0,0.671,6.999
8013,320.520,68,-0.18561,31.78472,0,292,0,23.614,
8014,320.560,64,0.86337,12.90144,1,25,0,0.634,6.999
8014,320.560,68,-0.18492,31.80904,0,289,0,23.628,
8015,320.600,64,0.86517,12.84929,1,25,0,0.599,6.999
8015,320.600,68,-0.19615,31.56063,0,331,0,23.424,
8016,320.640,64,0.85636,12.78897,1,25,0,0.584,6.999
8016,320.640,68,-0.20913,31.33260,0,320,0,23.025,
8017,320.680,64,0.86355,12.75927,1,25,0,0.717,6.999
8017,320.680,68,-0.21558,31.34388,0,0,0,,
8018,320.720,64,0.85741,12.69352,1,25,0,0.693,6.999
8018,320.720,68,-0.20812,31.33950,0,112,0,10.611,
8019,320.760,64,0.86079,12.64189,1,25,0,0.514,6.999
8019,320.760,68,-0.20584,31.11369,0,105,0,10.254,
8020,320.800,64,0.85641,12.59099,1,25,0,0.694,6.999
8020,320.800,68,-0.21358,31.12045,0,0,0,,
8021,320.840,64,0.85496,12.53953,1,25,0,0.749,6.999
8021,320.840,68,-0.21182,30.89593,0,0,0,,
8022,320.880,64,0.85468,12.49059,1,25,0,0.698,6.999
8022,320.880,68,-0.22237,30.90399,0,0,0,,
8023,320.920,64,0.85080,12.43216,1,25,0,0.638,6.999
8023,320.920,68,-0.23270,30.85321,1,23,0,1.153,6.999
8024,320.960,64,0.85413,12.38816,1,25,0,0.768,6.999
8024,320.960,68,-0.22230,30.69423,1,22,0,1.103,6.999
8025,321.000,64,0.85108,12.33312,1,25,0,0.732,6.999
8025,321.000,68,-0.22359,30.74519,1,22,0,0.867,6.999
8026,321.040,64,0.84838,12.28611,1,25,0,0.644,6.999
8026,321.040,68,-0.23468,30.72645,1,23,0,1.208,6.999
8027,321.080,64,0.84843,12.23579,1,26,0,0.685,6.999
8027,321.080,68,-0.24463,30.49730,0,116,0,11.540,
8028,321.120,64,0.84767,12.17579,1,26,0,0.736,6.999
8028,321.120,68,-0.24031,30.52700,1,25,0,0.714,6.999
8029,321.160,64,0.84558,12.12697,1,25,0,0.754,6.999
8029,321.160,68,-0.23932,30.33216,1,24,0,0.562,6.999
8030,321.200,64,0.84408,12.08876,1,26,0,0.767,6.999
8030,321.200,68,-0.24398,30.26763,1,24,0,0.692,6.999
8031,321.240,64,0.84224,12.02525,1,27,0,0.814,6.999
8031,321.240,68,-0.24046,30.21073,1,25,0,0.733,6.999
8032,321.280,64,0.84177,11.99109,1,26,0,0.822,6.999
8032,321.280,68,-0.24156,30.06299,0,107,0,10.729,
8033,321.320,64,0.84530,11.93081,1,27,0,0.699,6.999
8033,321.320,68,-0.25126,30.07226,0,147,0,17.266,
8034,321.360,64,0.84120,11.88814,1,27,0,0.723,6.999
8034,321.360,68,-0.25477,30.09032,0,126,0,11.796,
8035,321.400,64,0.83971,11.82225,1,26,0,0.624,6.999
8035,321.400,68,-0.24166,30.03767,0,124,0,11.663,
8036,321.440,64,0.83959,11.77890,1,26,0,0.711,6.999
8036,321.440,68,-0.25855,29.85792,0,177,0,18.987,
8037,321.480,64,0.83425,11.73171,1,26,0,0.737,6.999
8037,321.480,68,-0.26003,29.83062,0,133,0,11.674,
8038,321.520,64,0.83409,11.68227,1,27,0,0.774,6.999
8038,321.520,68,-0.26244,29.70814,0,105,0,10.881,
8039,321.560,64,0.83346,11.63222,1,26,0,0.812,6.999
8039,321.560,68,-0.24730,29.71727,0,140,0,11.891,
8040,321.600,64,0.83293,11.58226,1,26,0,0.789,6.999
8040,321.600,68,-0.25966,29.51777,0,114,0,11.270,
8041,321.640,64,0.83201,11.53790,1,27,0,0.742,6.999
8041,321.640,68,-0.27764,29.46539,0,113,0,11.279,
8042,321.680,64,0.83396,11.50081,1,27,0,0.550,6.999
8042,321.680,68,-0.28381,29.48190,0,113,0,11.518,
8043,321.720,64,0.83382,11.44311,1,27,0,0.865,6.999
8043,321.720,68,-0.26027,29.31152,1,23,0,0.910,6.999
8044,321.760,64,0.83007,11.39844,1,27,0,0.776,6.999
8044,321.760,68,-0.28647,29.30119,1,23,0,0.889,6.999
8045,321.800,64,0.83054,11.35549,1,27,0,0.631,6.999
8045,321.800,68,-0.27918,29.20132,1,23,0,1.227,6.999
8046,321.840,64,0.82526,11.29718,1,27,0,0.735,6.999
8046,321.840,68,-0.29071,29.10141,1,22,0,0.989,6.999
8047,321.880,64,0.82271,11.25048,1,28,0,0.777,6.999
8047,321.880,68,-0.28491,29.08501,1,22,0,0.721,6.999
8048,321.920,64,0.82728,11.20636,1,28,0,0.680,6.999
8048,321.920,68,-0.28978,28.78860,1,24,0,0.899,6.999
8049,321.960,64,0.82181,11.15160,1,27,0,0.716,6.999
8049,321.960,68,-0.29407,28.79303,1,25,0,0.840,6.999
8050,322.000,64,0.81852,11.10530,1,28,0,0.661,6.999
8050,322.000,68,-0.30465,28.88720,1,23,0,0.870,6.999
8051,322.040,64,0.81588,11.07020,1,28,0,0.613,6.999
8051,322.040,68,-0.30622,28.65553,0,24,0,0.882,
8052,322.080,64,0.81866,11.01895,1,28,0,0.755,6.999
8052,322.080,68,-0.29834,28.59932,1,25,0,0.859,6.999
8053,322.120,64,0.81256,10.97109,1,27,0,0.860,6.999
8053,322.120,68,-0.30445,28.53434,1,24,0,0.899,6.999
8054,322.160,64,0.81443,10.92522,1,28,0,0.855,6.999
8054,322.160,68,-0.32005,28.43124,1,25,0,0.938,6.999
8055,322.200,64,0.81571,10.88511,1,28,0,0.650,6.999
8055,322.200,68,-0.31005,28.34497,1,25,0,0.965,6.999
8056,322.240,64,0.81408,10.82987,1,27,0,0.662,6.999
8056,322.240,68,-0.31115,28.36646,1,24,0,0.971,6.999
8057,322.280,64,0.81053,10.78683,1,27,0,0.754,6.999
8057,322.280,68,-0.32248,28.24859,0,116,0,13.065,
8058,322.320,64,0.81045,10.74135,1,28,0,0.704,6.999
8058,322.320,68,-0.31713,28.17325,0,127,0,13.674,
8059,322.360,64,0.81000,10.70046,1,28,0,0.665,6.999
8059,322.360,68,-0.33021,27.99142,0,0,0,,
8060,322.400,64,0.80902,10.65870,1,29,0,0.787,6.999
8060,322.400,68,-0.32672,28.07009,1,23,0,1.124,6.999
8061,322.440,64,0.80853,10.60843,1,29,0,0.712,6.999
8061,322.440,68,-0.33329,27.84222,1,24,0,0.925,6.999
8062,322.480,64,0.80564,10.56495,1,28,0,0.641,6.999
8062,322.480,68,-0.33129,27.93488,1,24,0,0.925,6.999
8063,322.520,64,0.80223,10.51511,1,28,0,0.749,6.999
8063,322.520,68,-0.32714,27.80082,1,25,0,0.990,6.999
8064,322.560,64,0.80198,10.47153,1,28,0,0.772,6.999
8064,322.560,68,-0.33753,27.65872,1,24,0,0.944,6.999
8065,322.600,64,0.80153,10.43550,1,29,0,0.707,6.999
8065,322.600,68,-0.33435,27.59684,1,25,0,0.939,6.999
8066,322.640,64,0.79900,10.38713,1,29,0,0.644,6.999
8066,322.640,68,-0.33829,27.49911,1,25,0,1.046,6.999
8067,322.680,64,0.79926,10.34482,1,28,0,0.569,6.999
8067,322.680,68,-0.33686,27.45972,1,25,0,0.939,6.999
8068,322.720,64,0.79981,10.29075,1,29,0,0.714,6.999
8068,322.720,68,-0.35030,27.45451,1,24,0,0.917,6.999
8069,322.760,64,0.79752,10.24914,1,29,0,0.671,6.999
8069,322.760,68,-0.35141,27.30441,1,26,0,0.956,6.999
8070,322.800,64,0.79356,10.20277,1,29,0,0.690,6.999
8070,322.800,68,-0.35039,27.27013,1,24,0,0.952,6.999
8071,322.840,64,0.79205,10.15828,1,30,0,0.660,6.999
8071,322.840,68,-0.35529,27.12679,1,26,0,0.976,6.999
8072,322.880,64,0.79185,10.12042,1,29,0,0.720,6.999
8072,322.880,68,-0.35686,27.09676,1,24,0,0.953,6.999
8073,322.920,64,0.79118,10.06898,1,29,0,0.714,6.999
8073,322.920,68,-0.35983,26.96126,1,25,0,1.040,6.999
8074,322.960,64,0.78354,10.02745,1,29,0,0.683,6.999
8074,322.960,68,-0.35848,26.94579,1,25,0,0.975,6.999
8075,323.000,64,0.78393,9.98378,1,30,0,0.650,6.999
8075,323.000,68,-0.36157,26.90392,1,24,0,1.008,6.999
8076,323.040,64,0.78035,9.93737,1,30,0,0.639,6.999
8076,323.040,68,-0.36367,26.76664,1,26,0,0.987,6.999
8077,323.080,64,0.78260,9.89344,1,30,0,0.726,6.999
8077,323.080,68,-0.37875,26.76797,1,24,0,0.909,6.999
8078,323.120,64,0.77982,9.85156,1,30,0,0.654,6.999
8078,323.120,68,-0.37714,26.60053,1,26,0,1.035,6.999
8079,323.160,64,0.77914,9.81184,1,30,0,0.685,6.999
8079,323.160,68,-0.36554,26.60653,1,25,0,1.038,6.999
8080,323.200,64,0.77554,9.76445,1,30,0,0.645,6.999
8080,323.200,68,-0.38323,26.55524,1,25,0,1.064,6.999
8081,323.240,64,0.77170,9.72653,1,30,0,0.715,6.999
8081,323.240,68,-0.38153,26.44045,1,25,0,1.047,6.999
8082,323.280,64,0.77549,9.67650,1,30,0,0.676,6.999
8082,323.280,68,-0.38001,26.39693,1,25,0,1.008,6.999
8083,323.320,64,0.77067,9.63888,1,31,0,0.677,6.999
8083,323.320,68,-0.38836,26.25696,1,25,0,1.178,6.999
8084,323.360,64,0.76764,9.59108,1,31,0,0.708,6.999
8084,323.360,68,-0.38327,26.26483,1,26,0,1.057,6.999
8085,323.400,64,0.76292,9.55216,1,31,0,0.697,6.999
8085,323.400,68,-0.39198,26.03438,1,25,0,1.203,6.999
8086,323.440,64,0.76178,9.51315,1,31,0,0.799,6.999
8086,323.440,68,-0.39176,26.06934,1,26,0,1.008,6.999
8087,323.480,64,0.76220,9.47357,1,32,0,0.661,6.999
8087,323.480,68,-0.39505,26.04232,1,25,0,1.104,6.999
8088,323.520,64,0.76009,9.43124,1,32,0,0.703,6.999
8088,323.520,68,-0.40609,25.90925,1,27,0,1.024,6.999
8089,323.560,64,0.75685,9.39219,1,32,0,0.752,6.999
8089,323.560,68,-0.39718,25.90119,1,25,0,0.974,6.999
8090,323.600,64,0.75710,9.35447,1,31,0,0.512,6.999
8090,323.600,68,-0.40370,25.75187,1,26,0,1.092,6.999
8091,323.640,64,0.75098,9.30852,1,32,0,0.627,6.999
8091,323.640,68,-0.41282,25.68786,1,26,0,0.823,6.999
8080,323.200,69,-0.24643,30.68024,1,17,0,1.009,6.999
8081,323.240,69,-0.22448,30.59406,0,25,0,1.047,
8082,323.280,69,-0.25021,30.61957,0,25,0,1.717,
8083,323.320,69,-0.24921,30.76665,0,111,0,18.252,
8084,323.360,69,-0.25563,30.45273,0,26,0,0.870,
8085,323.400,69,-0.28139,30.56262,0,25,0,1.203,
8086,323.440,69,-0.31208,30.46194,0,26,0,1.008,
8087,323.480,69,-0.27527,30.89606,0,25,0,1.104,
8088,323.520,69,-0.28962,30.84611,0,112,0,16.032,
8089,323.560,69,-0.30295,30.84425,0,138,0,18.517,
8090,323.600,69,-0.32916,30.89339,0,26,0,1.131,
8091,323.640,69,-0.32571,30.95131,0,148,0,18.130,
8092,323.680,64,0.75222,9.26630,1,31,0,0.722,6.999
8092,323.680,68,-0.41804,25.61339,1,26,0,1.175,6.999
8092,323.680,69,-0.30467,30.76867,0,26,0,1.175,
8093,323.720,64,0.74793,9.22107,1,31,0,0.790,6.999
8093,323.720,68,-0.41020,25.58833,1,26,0,1.057,6.999
8093,323.720,69,-0.28061,30.57143,0,176,0,20.070,
8094,323.760,64,0.74734,9.18585,1,32,0,0.744,6.999
8094,323.760,68,-0.40695,25.55460,1,26,0,1.087,6.999
8094,323.760,69,-0.21566,29.92520,0,187,0,20.853,
8095,323.800,64,0.74627,9.15069,1,32,0,0.567,6.999
8095,323.800,68,-0.40851,25.40511,1,26,0,1.047,6.999
8095,323.800,69,-0.20281,29.90096,0,26,0,0.848,
8096,323.840,64,0.74432,9.10676,1,32,0,0.719,6.999
8096,323.840,68,-0.41066,25.42201,1,26,0,1.048,6.999
8097,323.880,64,0.74009,9.06328,1,32,0,0.717,6.999
8097,323.880,68,-0.41275,25.24843,1,27,0,1.048,6.999
8098,323.920,64,0.73653,9.02293,1,32,0,0.743,6.999
8098,323.920,68,-0.41471,25.26322,1,26,0,1.149,6.999
8099,323.960,64,0.73692,8.97622,1,32,0,0.613,6.999
8099,323.960,68,-0.42306,25.08550,1,26,0,1.087,6.999
8100,324.000,64,0.73262,8.93434,1,33,0,0.625,6.999
8100,324.000,68,-0.42156,25.10314,1,27,0,1.033,6.999
8101,324.040,64,0.73379,8.91727,1,33,14,0.730,13.505
8101,324.040,68,-0.42219,24.94409,1,26,0,1.124,6.999
8100,324.000,70,-0.28122,30.57648,1,16,0,0.399,6.999
8101,324.040,70,-0.27617,30.87116,0,26,0,1.681,
8102,324.080,64,0.73051,8.85853,1,33,0,0.601,6.999
8102,324.080,68,-0.42387,24.88640,1,27,0,1.096,6.999
8103,324.120,64,0.72684,8.82305,1,33,0,0.586,6.999
8103,324.120,68,-0.43405,24.78617,1,26,0,1.141,6.999
8104,324.160,64,0.72667,8.77720,1,33,0,0.668,6.999
8104,324.160,68,-0.43751,24.75208,1,28,0,0.969,6.999
8105,324.200,64,0.72459,8.74204,1,33,0,0.695,11.209
8105,324.200,68,-0.42938,24.68429,1,26,0,1.197,6.999
8106,324.240,64,0.72037,8.70581,1,33,17,0.583,11.515
8106,324.240,68,-0.43717,24.59630,1,28,0,0.808,6.999
8107,324.280,64,0.71987,8.66703,1,33,28,0.499,10.679
8107,324.280,68,-0.42872,24.61648,1,28,0,1.119,6.999
8108,324.320,64,0.71434,8.62797,1,33,21,0.450,13.117
8108,324.320,68,-0.43933,24.44156,1,28,0,0.886,6.999
8109,324.360,64,0.71356,8.60111,1,33,30,0.829,12.592
8109,324.360,68,-0.43148,24.47318,1,28,0,1.111,6.999
8110,324.400,64,0.71196,8.56286,1,33,35,0.794,14.355
8110,324.400,68,-0.44685,24.29204,1,28,0,0.887,6.999
8111,324.440,64,0.71362,8.52315,1,34,38,0.853,13.520
8111,324.440,68,-0.43904,24.33124,1,28,0,1.087,6.999
8111,324.440,69,-0.25755,29.42515,0,169,0,16.858,
8112,324.480,64,0.70580,8.48037,1,34,32,0.687,14.241
8112,324.480,68,-0.45793,24.14621,1,28,0,0.917,6.999
8113,324.520,64,0.70847,8.45368,1,34,26,0.735,13.946
8113,324.520,68,-0.44272,24.15266,1,28,0,0.846,6.999
8114,324.560,64,0.70226,8.41642,1,36,23,0.664,17.377
8114,324.560,68,-0.46104,23.99949,1,28,0,0.937,6.999
8115,324.600,64,0.70400,8.37824,1,42,23,0.822,17.590
8115,324.600,68,-0.44585,24.00643,1,28,0,0.867,6.999
8115,324.600,69,-0.29762,28.83504,0,190,0,17.786,
8116,324.640,64,0.70260,8.36458,1,35,0,1.357,15.015
8116,324.640,68,-0.46463,23.86155,1,28,0,0.956,6.999
8116,324.640,69,-0.34418,28.16750,0,28,0,0.956,
8117,324.680,64,0.70375,8.35514,1,32,34,1.443,12.127
8117,324.680,68,-0.45239,23.84296,1,29,0,0.879,6.999
8117,324.680,69,-0.35836,28.20674,0,29,0,0.879,
8118,324.720,64,0.70006,8.31146,1,32,30,1.878,13.226
8118,324.720,68,-0.46771,23.71709,1,28,0,0.959,6.999
8119,324.760,64,0.69532,8.27639,1,53,30,2.050,13.045
8119,324.760,68,-0.45557,23.69913,1,29,0,0.899,6.999
8120,324.800,64,0.68727,8.13614,1,29,38,1.345,8.811
8120,324.800,68,-0.46791,23.58294,1,28,0,0.988,6.999
8121,324.840,64,0.68870,8.11350,0,29,21,21.893,
8121,324.840,68,-0.46693,23.56067,1,29,0,0.923,6.999
8122,324.880,64,0.67974,8.04375,1,28,36,1.300,6.986
8122,324.880,68,-0.46832,23.54801,1,28,0,0.925,6.999
8123,324.920,64,0.68864,8.06112,1,31,44,1.986,13.930
8123,324.920,68,-0.47141,23.42356,1,29,0,0.970,6.999
8124,324.960,64,0.67115,7.97451,1,32,44,1.719,6.689
8124,324.960,68,-0.47106,23.35157,1,28,0,0.986,6.999
8125,325.000,64,0.66957,7.91639,1,34,0,1.860,6.999
8125,325.000,68,-0.47432,23.28372,1,29,0,0.991,6.999
8126,325.040,64,0.66632,7.88493,1,43,0,1.360,6.999
8126,325.040,68,-0.47575,23.21052,1,28,0,0.931,6.999
8127,325.080,64,0.66578,7.87129,1,53,0,0.879,4.484
8127,325.080,68,-0.47640,23.14821,1,30,0,1.000,6.999
8128,325.120,64,0.67741,7.93185,1,40,58,1.229,10.045
8128,325.120,68,-0.46859,23.09592,1,29,0,0.925,6.999
8129,325.160,64,0.66576,7.84935,1,39,50,0.643,5.334
8129,325.160,68,-0.47775,23.00708,1,30,0,0.995,6.999
8130,325.200,64,0.66470,7.81617,1,44,51,0.844,10.227
8130,325.200,68,-0.47994,22.95403,1,28,0,0.892,6.999
8131,325.240,64,0.66029,7.75043,1,36,31,0.473,15.144
8131,325.240,68,-0.48128,22.86720,1,30,0,0.994,6.999
8132,325.280,64,0.65820,7.71452,1,36,27,0.543,18.729
8132,325.280,68,-0.48303,22.83313,1,28,0,1.029,6.999
8133,325.320,64,0.65506,7.67656,1,36,0,0.591,6.999
8133,325.320,68,-0.48337,22.73649,1,30,0,1.037,6.999
8134,325.360,64,0.65136,7.64203,1,37,0,0.708,24.498
8134,325.360,68,-0.48668,22.71040,1,29,0,0.979,6.999
8135,325.400,64,0.65016,7.60688,1,37,0,0.627,6.999
8135,325.400,68,-0.48677,22.57772,1,30,0,0.973,6.999
8136,325.440,64,0.64612,7.57219,1,38,0,0.591,6.999
8136,325.440,68,-0.48667,22.57186,1,30,0,0.961,6.999
8137,325.480,64,0.64553,7.55626,1,37,25,0.836,12.475
8137,325.480,68,-0.48950,22.44555,1,30,0,0.994,6.999
8138,325.520,64,0.64325,7.51705,1,37,40,0.642,11.327
8138,325.520,68,-0.49196,22.43929,1,28,0,1.017,6.999
8139,325.560,64,0.64479,7.49389,1,38,43,0.842,13.469
8139,325.560,68,-0.49802,22.31523,1,30,0,1.021,6.999
8140,325.600,64,0.63868,7.44994,1,37,44,0.779,12.211
8140,325.600,68,-0.49809,22.21071,1,30,0,1.128,6.999
8141,325.640,64,0.63777,7.42326,1,37,43,0.802,13.461
8141,325.640,68,-0.50115,22.15525,1,30,0,0.929,6.999
8142,325.680,64,0.63488,7.38528,1,37,47,0.822,14.053
8142,325.680,68,-0.49446,22.16721,1,30,0,1.051,6.999
8143,325.720,64,0.63047,7.35557,1,37,48,0.832,13.575
8143,325.720,68,-0.50425,22.03122,1,30,0,0.957,6.999
8144,325.760,64,0.62789,7.31583,1,37,45,0.826,13.470
8144,325.760,68,-0.50009,21.91271,1,30,0,1.061,6.999
8145,325.800,64,0.62226,7.27463,1,37,45,0.724,12.490
8145,325.800,68,-0.49676,21.89918,1,31,0,0.954,6.999
8146,325.840,64,0.62245,7.25039,1,38,41,0.929,13.861
8146,325.840,68,-0.49476,21.90799,1,30,0,1.137,6.999
8147,325.880,64,0.62398,7.21995,1,38,46,0.931,13.191
8147,325.880,68,-0.50951,21.77340,1,30,0,0.989,6.999
8148,325.920,64,0.61593,7.18222,1,37,44,0.873,13.777
8148,325.920,68,-0.50419,21.70448,1,30,0,1.153,6.999
8149,325.960,64,0.61688,7.14852,1,38,37,0.894,13.485
8149,325.960,68,-0.50194,21.69128,1,31,0,1.035,6.999
8150,326.000,64,0.61251,7.11133,1,38,45,0.715,12.930
8150,326.000,68,-0.51244,21.56278,1,30,0,1.161,6.999
8151,326.040,64,0.61045,7.07229,1,38,35,0.942,13.029
8151,326.040,68,-0.51601,21.50514,1,32,0,1.021,6.999
8152,326.080,64,0.60576,7.04350,1,38,35,0.971,13.039
8152,326.080,68,-0.50923,21.43738,1,30,0,1.097,6.999
8153,326.120,64,0.60436,7.01149,1,39,37,0.886,13.195
8153,326.120,68,-0.51086,21.39405,1,32,0,1.053,6.999
8154,326.160,64,0.60093,6.97590,1,38,37,0.759,12.581
8154,326.160,68,-0.51646,21.28264,1,30,0,1.045,6.999
8155,326.200,64,0.59650,6.94087,1,38,37,0.888,12.678
8155,326.200,68,-0.52130,21.26283,1,32,0,0.997,6.999
8156,326.240,64,0.59571,6.91141,1,39,39,0.893,12.213
8156,326.240,68,-0.51805,21.15875,1,31,0,0.881,6.999
8157,326.280,64,0.59563,6.87784,1,39,42,0.871,13.428
8157,326.280,68,-0.52256,21.13837,1,32,0,0.996,6.999
8158,326.320,64,0.58919,6.84989,1,40,33,0.986,12.916
8158,326.320,68,-0.51532,21.04112,1,32,0,0.863,6.999
8159,326.360,64,0.58780,6.80765,1,39,40,0.725,11.553
8159,326.360,68,-0.51133,21.00779,1,31,0,0.988,6.999
8160,326.400,64,0.58452,6.78708,1,39,45,0.771,12.963
8160,326.400,68,-0.51236,20.91776,1,32,0,0.946,6.999
8161,326.440,64,0.58154,6.75511,1,42,44,0.671,12.320
8161,326.440,68,-0.52615,20.85453,1,32,0,0.979,6.999
8162,326.480,64,0.57803,6.72731,1,45,47,0.669,12.996
8162,326.480,68,-0.51766,20.79563,1,32,0,0.721,6.999
8163,326.520,64,0.57013,6.69999,1,47,45,1.301,13.066
8163,326.520,68,-0.52463,20.73203,1,34,0,0.953,6.999
8164,326.560,64,0.57173,6.67439,1,53,44,1.611,12.903
8164,326.560,68,-0.51733,20.67694,1,32,0,0.839,6.999
8165,326.600,64,0.57371,6.63088,1,65,45,1.056,12.711
8165,326.600,68,-0.52088,20.57890,1,32,0,0.990,6.999
8166,326.640,64,0.57456,6.58795,1,62,37,2.133,11.839
8166,326.640,68,-0.52872,20.59911,1,32,0,0.992,6.999
8167,326.680,64,0.56467,6.49264,1,35,50,1.773,5.151
8167,326.680,68,-0.52332,20.45251,1,33,0,0.967,6.999
8168,326.720,64,0.56017,6.50785,1,36,35,2.071,11.529
8168,326.720,68,-0.53355,20.47681,1,32,0,0.967,6.999
8169,326.760,64,0.56478,6.52476,1,27,41,1.590,11.415
8169,326.760,68,-0.52273,20.33296,1,33,0,0.980,6.999
8170,326.800,64,0.54958,6.49858,1,32,41,1.915,11.966
8170,326.800,68,-0.52681,20.26999,1,33,0,0.963,6.999
8171,326.840,64,0.54748,6.48112,1,34,33,2.293,10.866
8171,326.840,68,-0.52504,20.22017,1,33,0,1.001,6.999
8172,326.880,64,0.53601,6.31730,1,33,0,3.010,6.999
8172,326.880,68,-0.52840,20.12948,1,33,0,0.979,6.999
8173,326.920,64,0.54283,6.30270,1,33,0,2.602,6.999
8173,326.920,68,-0.54056,20.14784,1,33,0,1.048,6.999
8174,326.960,64,0.54037,6.27637,1,45,0,2.165,6.999
8174,326.960,68,-0.53214,19.99935,1,33,0,1.020,6.999
8175,327.000,64,0.54201,6.28904,1,53,56,1.170,5.063
8175,327.000,68,-0.53643,19.95301,1,34,0,0.916,6.999
8176,327.040,64,0.54300,6.28003,1,67,72,1.100,5.996
8176,327.040,68,-0.53177,19.88741,1,33,0,1.065,6.999
8177,327.080,64,0.53916,6.27596,1,52,72,0.875,6.422
8177,327.080,68,-0.53313,19.81771,1,33,0,0.868,6.999
8178,327.120,64,0.54833,6.25551,1,56,72,1.196,7.939
8178,327.120,68,-0.52515,19.78043,1,34,0,0.934,6.999
8179,327.160,64,0.53514,6.24480,1,56,72,1.185,8.368
8179,327.160,68,-0.52935,19.68409,1,32,0,0.934,6.999
8180,327.200,64,0.53814,6.19499,1,49,62,1.195,11.075
8180,327.200,68,-0.53453,19.64425,1,34,0,0.854,6.999
8181,327.240,64,0.52952,6.15068,1,65,0,1.456,6.999
8181,327.240,68,-0.54254,19.58336,1,34,0,0.945,6.999
8182,327.280,64,0.52796,6.11933,1,40,50,0.793,10.891
8182,327.280,68,-0.53743,19.50709,1,34,0,0.850,6.999
8183,327.320,64,0.52632,6.08678,1,41,41,0.848,12.369
8183,327.320,68,-0.53374,19.45615,1,34,0,1.025,6.999
8184,327.360,64,0.52204,6.05426,1,40,30,0.780,10.596
8184,327.360,68,-0.54082,19.39272,1,33,0,0.940,6.999
8185,327.400,64,0.52028,6.01864,1,40,30,0.579,10.129
8185,327.400,68,-0.53667,19.31361,1,35,0,0.863,6.999
8186,327.440,64,0.51631,6.00144,1,40,33,0.717,10.924
8186,327.440,68,-0.53807,19.27910,1,34,0,0.899,6.999
8187,327.480,64,0.51541,5.96864,1,41,38,0.515,11.584
8187,327.480,68,-0.53873,19.19659,1,34,0,0.820,6.999
8188,327.520,64,0.51176,5.94780,1,41,37,0.746,11.176
8188,327.520,68,-0.54009,19.13761,1,34,0,1.057,6.999
8189,327.560,64,0.51025,5.91429,1,40,39,0.633,11.480
8189,327.560,68,-0.54602,19.08895,1,35,0,0.789,6.999
8190,327.600,64,0.50775,5.88617,1,41,49,0.657,12.137
8190,327.600,68,-0.54264,19.00016,1,35,0,0.917,6.999
8191,327.640,64,0.50291,5.86610,1,41,47,0.828,12.067
8191,327.640,68,-0.54357,18.96648,1,34,0,0.887,6.999
8192,327.680,64,0.49925,5.83206,1,41,48,0.737,12.315
8192,327.680,68,-0.54447,18.88923,1,36,0,0.864,6.999
8193,327.720,64,0.49658,5.80825,1,42,49,0.801,12.338
8193,327.720,68,-0.54575,18.81390,1,35,0,0.983,6.999
8194,327.760,64,0.49344,5.77926,1,42,46,0.788,12.038
8194,327.760,68,-0.54762,18.77992,1,36,0,0.895,6.999
8195,327.800,64,0.49208,5.75486,1,41,49,0.741,12.344
8195,327.800,68,-0.54646,18.70258,1,36,0,0.972,6.999
8196,327.840,64,0.48727,5.73288,1,41,46,0.863,12.655
8196,327.840,68,-0.54947,18.65441,1,34,0,1.042,6.999
8197,327.880,64,0.48677,5.70382,1,41,49,0.815,12.087
8197,327.880,68,-0.54846,18.58111,1,36,0,0.827,6.999
8198,327.920,64,0.48233,5.67321,1,41,45,0.747,11.826
8198,327.920,68,-0.55225,18.50548,1,35,0,0.998,6.999
8199,327.960,64,0.47716,5.64954,1,41,47,0.791,12.026
8199,327.960,68,-0.55008,18.47985,1,36,0,0.843,6.999
8200,328.000,64,0.47864,5.62346,1,42,46,0.814,12.161
8200,328.000,68,-0.53953,18.38908,1,35,0,0.866,6.999
8201,328.040,64,0.47547,5.59714,1,42,45,0.855,12.309
8201,328.040,68,-0.55119,18.35389,1,36,0,0.924,6.999
8202,328.080,64,0.47155,5.57286,1,42,44,0.727,12.304
8202,328.080,68,-0.54352,18.29006,1,36,0,0.823,6.999
8203,328.120,64,0.46864,5.55314,1,42,28,1.037,12.915
8203,328.120,68,-0.55116,18.20466,1,36,0,0.887,6.999
8204,328.160,64,0.46761,5.52561,1,43,42,0.913,11.977
8204,328.160,68,-0.55449,18.16968,1,36,0,0.901,6.999
8205,328.200,64,0.46264,5.49933,1,42,47,0.794,12.045
8205,328.200,68,-0.54806,18.09586,1,37,0,0.880,6.999
8206,328.240,64,0.45983,5.47718,1,42,46,0.897,12.038
8206,328.240,68,-0.55510,18.02190,1,36,0,0.974,6.999
8207,328.280,64,0.45616,5.45366,1,42,49,0.720,12.341
8207,328.280,68,-0.55878,17.98359,1,37,0,0.856,6.999
8208,328.320,64,0.45301,5.42768,1,42,50,0.750,12.353
8208,328.320,68,-0.55307,17.90769,1,36,0,0.911,6.999
8209,328.360,64,0.44996,5.40394,1,43,46,0.782,12.314
8209,328.360,68,-0.55595,17.86686,1,37,0,0.900,6.999
8210,328.400,64,0.44591,5.37769,1,43,49,0.974,12.895
8210,328.400,68,-0.55453,17.81197,1,37,0,0.885,6.999
8211,328.440,64,0.44453,5.35459,1,43,49,0.793,12.331
8211,328.440,68,-0.56176,17.72470,1,38,0,0.859,6.999
8212,328.480,64,0.44028,5.32546,1,43,48,0.790,12.852
8212,328.480,68,-0.56207,17.69106,1,37,0,0.894,6.999
8213,328.520,64,0.43795,5.30291,1,43,49,0.831,12.940
8213,328.520,68,-0.56522,17.62363,1,38,0,0.915,6.999
8214,328.560,64,0.43455,5.28287,1,43,50,0.960,13.243
8214,328.560,68,-0.55751,17.55763,1,38,0,0.869,6.999
8215,328.600,64,0.43089,5.25362,1,43,46,0.855,12.788
8215,328.600,68,-0.55979,17.50782,1,38,0,0.846,6.999
8216,328.640,64,0.42820,5.23678,1,43,52,0.975,13.135
8216,328.640,68,-0.55570,17.44320,1,38,0,0.825,6.999
8217,328.680,64,0.42321,5.21407,1,43,51,0.975,12.982
8217,328.680,68,-0.55995,17.39436,1,38,0,0.830,6.999
8218,328.720,64,0.42286,5.18963,1,44,49,0.996,13.128
8218,328.720,68,-0.55956,17.33649,1,38,0,0.856,6.999
8219,328.760,64,0.41976,5.16514,1,44,52,0.960,13.016
8219,328.760,68,-0.55928,17.26708,1,38,0,0.872,6.999
8220,328.800,64,0.41755,5.14475,1,44,53,0.972,12.640
8220,328.800,68,-0.56332,17.20781,1,38,0,0.812,6.999
8221,328.840,64,0.41136,5.11963,1,44,51,0.958,12.585
8221,328.840,68,-0.56343,17.15774,1,39,0,0.837,6.999
8222,328.880,64,0.41031,5.09376,1,45,53,0.907,12.655
8222,328.880,68,-0.55915,17.08296,1,38,0,0.957,6.999
8223,328.920,64,0.40623,5.07013,1,44,54,0.849,12.645
8223,328.920,68,-0.56539,17.02985,1,40,0,0.838,6.999
8224,328.960,64,0.40350,5.05075,1,45,53,0.962,12.647
8224,328.960,68,-0.56014,16.97634,1,39,0,0.980,6.999
8225,329.000,64,0.40182,5.02612,1,44,55,0.827,12.690
8225,329.000,68,-0.56255,16.90513,1,38,0,0.979,6.999
8226,329.040,64,0.39790,5.00500,1,44,55,0.853,12.364
8226,329.040,68,-0.56147,16.85421,1,39,0,0.944,6.999
8227,329.080,64,0.39332,4.98565,1,45,55,0.946,12.848
8227,329.080,68,-0.56223,16.79830,1,40,0,0.971,6.999
8228,329.120,64,0.39191,4.96379,1,46,55,1.035,12.850
8228,329.120,68,-0.56373,16.73233,1,38,0,0.984,6.999
8229,329.160,64,0.38963,4.94175,1,47,54,1.061,12.826
8229,329.160,68,-0.55917,16.69115,1,39,0,0.862,6.999
8230,329.200,64,0.38416,4.92175,1,46,54,1.036,12.728
8230,329.200,68,-0.56336,16.62958,1,39,0,0.926,6.999
8231,329.240,64,0.38377,4.90146,1,47,57,1.102,12.575
8231,329.240,68,-0.56165,16.57451,1,40,0,0.873,6.999
8232,329.280,64,0.38029,4.88144,1,45,57,1.031,12.703
8232,329.280,68,-0.56458,16.51269,1,21,0,0.820,6.999
8233,329.320,64,0.37716,4.85673,1,48,59,1.144,12.800
8233,329.320,68,-0.55983,16.45566,1,39,0,0.941,6.999
8234,329.360,64,0.37367,4.83609,1,48,59,1.229,12.462
8234,329.360,68,-0.56534,16.41085,1,40,0,0.911,6.999
8235,329.400,64,0.37136,4.81137,1,49,57,1.311,12.056
8235,329.400,68,-0.56009,16.34954,1,21,0,0.853,6.999
8236,329.440,64,0.36942,4.78994,1,49,44,1.191,12.815
8236,329.440,68,-0.55998,16.29079,1,40,0,0.919,6.999
8237,329.480,64,0.36474,4.76873,1,49,56,1.372,12.050
8237,329.480,68,-0.55879,16.23654,1,21,0,0.944,6.999
8238,329.520,64,0.35927,4.75685,1,65,52,1.094,12.535
8238,329.520,68,-0.56270,16.17648,1,40,0,1.001,6.999
8239,329.560,64,0.35957,4.73039,1,65,52,1.392,11.657
8239,329.560,68,-0.56012,16.11979,1,40,0,0.944,6.999
8240,329.600,64,0.35682,4.71199,1,67,55,1.256,11.879
8240,329.600,68,-0.56238,16.07753,1,21,0,0.919,6.999
8241,329.640,64,0.35178,4.68726,1,68,49,1.368,11.498
8241,329.640,68,-0.55407,15.99918,1,21,0,0.964,6.999
8242,329.680,64,0.35022,4.66012,1,70,52,1.383,10.164
8242,329.680,68,-0.56087,15.94817,1,21,0,0.944,6.999
8243,329.720,64,0.34699,4.64050,1,71,49,1.446,10.174
8243,329.720,68,-0.55581,15.89131,1,21,0,1.062,6.999
8244,329.760,64,0.34394,4.61640,1,71,55,1.346,10.049
8244,329.760,68,-0.55638,15.84059,1,21,0,0.973,6.999
8245,329.800,64,0.34007,4.59858,1,70,53,1.468,9.680
8245,329.800,68,-0.56619,15.78511,1,21,0,0.919,6.999
8246,329.840,64,0.33682,4.57325,1,49,51,1.028,9.973
8246,329.840,68,-0.56535,15.72149,1,21,0,1.008,6.999
8247,329.880,64,0.33219,4.56319,1,49,56,1.377,10.520
8247,329.880,68,-0.56277,15.67128,1,21,0,1.111,6.999
8248,329.920,64,0.33068,4.53151,1,48,53,0.772,9.340
8248,329.920,68,-0.55998,15.62613,1,21,0,1.029,6.999
8249,329.960,64,0.32670,4.52060,1,75,56,0.967,9.197
8249,329.960,68,-0.56638,15.56034,1,21,0,0.964,6.999
8250,330.000,64,0.32449,4.51260,1,68,56,1.524,11.194
8250,330.000,68,-0.56098,15.54265,1,21,0,0.957,6.999
8251,330.040,64,0.32242,4.48943,1,51,56,1.399,10.824
8251,330.040,68,-0.56091,15.46050,1,21,0,0.977,6.999
8252,330.080,64,0.31935,4.47355,1,50,55,1.470,11.367
8252,330.080,68,-0.55893,15.40629,1,21,0,0.980,6.999
8253,330.120,64,0.31503,4.46122,1,70,59,1.513,11.102
8253,330.120,68,-0.56203,15.33362,1,21,0,0.961,6.999
8254,330.160,64,0.31231,4.44086,1,71,61,1.547,11.100
8254,330.160,68,-0.55740,15.30333,1,21,0,1.001,6.999
8255,330.200,64,0.30987,4.42542,1,68,59,1.531,11.115
8255,330.200,68,-0.56361,15.24932,1,21,0,0.924,6.999
8256,330.240,64,0.30606,4.40735,1,72,60,1.459,11.494
8256,330.240,68,-0.55365,15.18977,1,21,0,0.868,6.999
8257,330.280,64,0.30437,4.37514,1,53,60,0.874,9.975
8257,330.280,68,-0.55446,15.14050,1,21,0,0.984,6.999
8258,330.320,64,0.30123,4.36978,1,70,62,1.093,10.346
8258,330.320,68,-0.55412,15.08952,1,21,0,0.891,6.999
8259,330.360,64,0.29680,4.35927,1,69,51,1.614,11.468
8259,330.360,68,-0.55569,15.02243,1,22,0,0.937,6.999
8260,330.400,64,0.29641,4.34186,1,70,56,1.546,11.009
8260,330.400,68,-0.55830,14.97014,1,21,0,0.958,6.999
8261,330.440,64,0.29133,4.32617,1,67,46,1.554,11.249
8261,330.440,68,-0.55769,14.93724,1,22,0,1.004,6.999
8262,330.480,64,0.28989,4.30176,1,51,59,1.584,10.725
8262,330.480,68,-0.55866,14.88642,1,22,0,0.905,6.999
8263,330.520,64,0.28844,4.28739,1,50,59,1.613,10.665
8263,330.520,68,-0.56148,14.81959,1,22,0,0.920,6.999
8264,330.560,64,0.28437,4.26937,1,52,54,1.461,10.851
8264,330.560,68,-0.56208,14.75729,1,22,0,0.940,6.999
8265,330.600,64,0.27903,4.24330,1,50,58,1.061,8.985
8265,330.600,68,-0.55679,14.72989,1,22,0,0.914,6.999
8266,330.640,64,0.27713,4.23002,1,71,53,1.564,9.072
8266,330.640,68,-0.55909,14.67297,1,22,0,0.750,6.999
8267,330.680,64,0.27275,4.20832,1,79,57,1.158,8.108
8267,330.680,68,-0.56086,14.61198,1,22,0,0.769,6.999
8268,330.720,64,0.27236,4.19706,1,72,57,1.380,8.779
8268,330.720,68,-0.55111,14.58063,1,22,0,0.924,6.999
8269,330.760,64,0.27078,4.18281,1,71,56,1.287,8.798
8269,330.760,68,-0.56615,14.52854,1,22,0,0.768,6.999
8270,330.800,64,0.26873,4.17299,1,71,58,1.271,9.658
8270,330.800,68,-0.55242,14.45746,1,23,0,0.924,6.999
8271,330.840,64,0.26538,4.15731,1,78,57,1.208,9.622
8271,330.840,68,-0.55651,14.39384,1,22,0,1.023,6.999
8272,330.880,64,0.26274,4.15195,1,69,58,1.507,11.007
8272,330.880,68,-0.55250,14.34938,1,23,0,0.837,6.999
8273,330.920,64,0.26033,4.13295,1,70,61,1.541,10.377
8273,330.920,68,-0.54959,14.32145,1,23,0,0.765,6.999
8274,330.960,64,0.26012,4.12215,1,67,66,1.695,9.741
8274,330.960,68,-0.55295,14.26051,1,23,0,0.822,6.999
8275,331.000,64,0.25702,4.10523,1,68,60,1.521,10.383
8275,331.000,68,-0.55465,14.20542,1,23,0,0.814,6.999
8276,331.040,64,0.25955,4.07694,1,0,61,1.198,8.737
8276,331.040,68,-0.54467,14.15540,1,23,0,0.984,6.999
8277,331.080,64,0.25519,4.07636,1,0,64,1.210,10.120
8277,331.080,68,-0.55627,14.11481,1,22,0,0.855,6.999
8278,331.120,64,0.25371,3.98548,0,0,0,,
8278,331.120,68,-0.54774,14.05486,1,23,0,0.989,6.999
8279,331.160,64,0.25807,3.93868,0,0,0,,
8279,331.160,68,-0.54757,14.01238,1,23,0,0.943,6.999
8280,331.200,64,0.26178,3.93452,0,0,0,,
8280,331.200,68,-0.54633,13.95380,1,23,0,0.892,6.999
8281,331.240,64,0.25073,3.93111,0,0,0,,
8281,331.240,68,-0.55010,13.90231,1,23,0,0.964,6.999
8282,331.280,64,0.25023,3.93630,0,0,0,,
8282,331.280,68,-0.55635,13.84659,1,23,0,0.888,6.999
8283,331.320,64,0.24922,3.93637,0,0,0,,
8283,331.320,68,-0.54942,13.80275,1,24,0,0.723,6.999
8284,331.360,64,0.25517,3.93626,0,0,0,,
8284,331.360,68,-0.55112,13.74687,1,23,0,0.823,6.999
8285,331.400,64,0.25135,3.95521,0,0,0,,
8285,331.400,68,-0.55351,13.69337,1,23,0,0.900,6.999
8286,331.440,64,0.26679,3.97536,0,0,0,,
8286,331.440,68,-0.54580,13.64531,1,24,0,0.859,6.999
8287,331.480,64,0.28274,3.98962,0,0,0,,
8287,331.480,68,-0.54735,13.60633,1,24,0,0.632,6.999
8288,331.520,64,0.29711,4.01762,0,0,0,,
8288,331.520,68,-0.54168,13.55016,1,24,0,0.849,6.999
8289,331.560,64,0.31195,4.03888,0,0,46,5.764,
8289,331.560,68,-0.54946,13.50346,1,24,0,0.698,6.999
8290,331.600,64,0.33871,4.07311,0,0,0,,
8290,331.600,68,-0.54716,13.44519,1,24,0,0.893,6.999
8291,331.640,68,-0.54901,13.41621,1,24,0,0.718,6.999
8292,331.680,68,-0.54476,13.35944,1,24,0,0.879,6.999
8293,331.720,68,-0.55014,13.30107,1,24,0,0.921,6.999
8294,331.760,68,-0.55178,13.25145,1,24,0,0.916,6.999
8295,331.800,68,-0.54586,13.22256,1,23,0,0.866,6.999
8296,331.840,68,-0.54790,13.16585,1,24,0,0.758,6.999
8297,331.880,68,-0.54546,13.11322,1,24,0,0.809,6.999
8298,331.920,68,-0.54304,13.05203,1,25,0,0.700,6.999
8299,331.960,68,-0.54276,13.01416,1,25,0,0.627,6.999
8300,332.000,68,-0.54031,12.97110,1,24,0,0.665,6.999
8301,332.040,68,-0.54280,12.92499,1,25,0,0.701,6.999
8302,332.080,68,-0.53846,12.87301,1,25,0,0.781,6.999
8303,332.120,68,-0.54020,12.82212,1,24,0,0.785,6.999
8304,332.160,68,-0.54152,12.78065,1,25,0,0.762,6.999
8305,332.200,68,-0.54101,12.74592,1,25,0,0.674,6.999
8306,332.240,68,-0.53531,12.68715,1,25,0,0.711,6.999
8307,332.280,68,-0.53488,12.63655,1,25,0,0.779,6.999
8308,332.320,68,-0.53343,12.59707,1,26,0,0.784,6.999
8309,332.360,68,-0.53391,12.54828,1,25,0,0.789,6.999
8310,332.400,68,-0.53207,12.50255,1,25,0,0.787,6.999
8311,332.440,68,-0.53301,12.45690,1,25,0,0.738,6.999
8312,332.480,68,-0.53224,12.40277,1,26,0,0.784,6.999
8313,332.520,68,-0.53323,12.36702,1,26,0,0.679,6.999
8314,332.560,68,-0.53128,12.30956,1,26,0,0.682,6.999
8315,332.600,68,-0.52810,12.26722,1,26,0,0.831,6.999
8316,332.640,68,-0.52289,12.21877,1,26,0,0.672,6.999
8317,332.680,68,-0.52428,12.17563,1,25,0,0.744,6.999
8318,332.720,68,-0.52652,12.13423,1,26,0,0.757,6.999
8319,332.760,68,-0.52452,12.09057,1,26,0,0.693,6.999
8320,332.800,68,-0.52108,12.03820,1,27,0,0.639,6.999
8321,332.840,68,-0.52203,12.00148,1,26,0,0.854,6.999
8322,332.880,68,-0.52204,11.95586,1,25,0,0.821,6.999
8323,332.920,68,-0.51876,11.91201,1,26,0,0.844,6.999
8324,332.960,68,-0.52002,11.86971,1,26,0,0.786,6.999
8325,333.000,68,-0.51733,11.81643,1,26,0,0.775,6.999
8326,333.040,68,-0.51355,11.77389,1,26,0,0.698,6.999
8327,333.080,68,-0.51402,11.73549,1,26,0,0.913,6.999
8328,333.120,68,-0.51379,11.69992,1,26,0,0.762,6.999
8329,333.160,68,-0.51415,11.64702,1,26,0,0.826,6.999
8330,333.200,68,-0.51021,11.60274,1,26,0,0.845,6.999
8331,333.240,68,-0.50781,11.56199,1,27,0,0.714,6.999
8332,333.280,68,-0.50736,11.50865,1,27,0,0.735,6.999
8333,333.320,68,-0.50806,11.47570,1,27,0,0.800,6.999
8334,333.360,68,-0.50094,11.43514,1,27,0,0.788,6.999
8335,333.400,68,-0.50121,11.38667,1,27,0,0.779,6.999
8336,333.440,68,-0.50237,11.34176,1,26,0,0.809,6.999
8337,333.480,68,-0.50246,11.29660,1,27,0,0.789,6.999
8338,333.520,68,-0.50067,11.25910,1,27,0,0.749,6.999
8339,333.560,68,-0.49737,11.22722,1,27,0,0.788,6.999
8340,333.600,68,-0.49773,11.17965,1,27,0,0.870,6.999
8341,333.640,68,-0.49889,11.13723,1,27,0,0.838,6.999
8342,333.680,68,-0.49298,11.09039,1,27,0,0.714,6.999
8343,333.720,68,-0.48942,11.04680,1,27,0,0.830,6.999
8344,333.760,68,-0.49039,11.00491,1,28,0,0.807,6.999
8345,333.800,68,-0.49379,10.96615,1,27,0,0.904,6.999
8346,333.840,68,-0.48549,10.92260,1,27,0,0.906,6.999
8347,333.880,68,-0.48466,10.88894,1,27,0,0.647,6.999
8348,333.920,68,-0.48415,10.84221,1,27,0,0.750,12.057
8349,333.960,68,-0.48362,10.80020,1,28,0,0.715,6.999
8350,334.000,68,-0.48598,10.75167,1,28,0,0.927,6.999
8351,334.040,68,-0.48039,10.72297,1,28,0,0.769,6.999
8352,334.080,68,-0.47854,10.67699,1,29,0,0.767,6.999
8353,334.120,68,-0.47818,10.64015,1,28,0,0.783,6.999
8354,334.160,68,-0.47579,10.59417,1,28,0,0.924,6.999
8355,334.200,68,-0.47156,10.55524,1,29,0,0.871,6.999
8356,334.240,68,-0.47147,10.50825,1,28,0,0.842,6.999
8357,334.280,68,-0.47462,10.48213,1,28,20,0.669,13.821
8358,334.320,68,-0.47303,10.44032,1,29,19,0.752,16.498
8359,334.360,68,-0.46692,10.40438,1,29,26,0.641,16.166
8360,334.400,68,-0.46440,10.36535,1,29,27,0.767,15.903
8361,334.440,68,-0.46491,10.33111,1,29,25,0.693,16.471
8362,334.480,68,-0.46760,10.28937,1,29,28,0.719,15.169
8363,334.520,68,-0.46423,10.25151,1,28,28,0.584,16.638
8364,334.560,68,-0.46275,10.21266,1,29,31,0.613,16.460
8365,334.600,68,-0.46035,10.16851,1,30,37,0.753,15.598
8366,334.640,68,-0.45796,10.12273,1,29,34,0.611,15.355
8367,334.680,68,-0.46053,10.08615,1,29,40,0.607,14.904
8368,334.720,68,-0.45872,10.04405,1,29,37,0.621,15.196
8369,334.760,68,-0.45832,10.00370,1,30,37,0.617,14.610
8370,334.800,68,-0.45387,9.96048,1,29,39,0.767,13.842
8371,334.840,68,-0.45161,9.93547,1,30,39,0.576,14.018
8372,334.880,68,-0.44989,9.88701,1,29,44,0.647,13.233
8373,334.920,68,-0.45206,9.84892,1,30,42,0.588,12.930
8374,334.960,68,-0.44846,9.81953,1,30,42,0.621,11.529
8375,335.000,68,-0.44474,9.76371,1,31,44,0.552,13.817
8376,335.040,68,-0.44558,9.72509,1,31,48,0.557,12.185
8377,335.080,68,-0.44833,9.68818,1,31,37,0.644,12.435
8378,335.120,68,-0.44699,9.65935,1,32,39,0.563,12.798
8379,335.160,68,-0.44186,9.62214,1,31,42,0.525,12.535
8380,335.200,68,-0.44110,9.57974,1,30,41,0.596,12.761
8381,335.240,68,-0.44225,9.54291,1,31,41,0.568,12.354
8382,335.280,68,-0.44321,9.49908,1,31,55,0.719,12.953
8383,335.320,68,-0.44068,9.46916,1,32,56,0.730,12.480
8384,335.360,68,-0.43609,9.44358,1,32,39,0.902,12.077
8385,335.400,68,-0.43308,9.40704,1,32,42,0.905,12.288
8386,335.440,68,-0.43271,9.38156,1,32,44,0.738,12.735
8387,335.480,68,-0.43499,9.33765,1,32,42,0.789,13.842
8388,335.520,68,-0.43092,9.29745,1,33,40,0.962,12.708
8389,335.560,68,-0.42994,9.24158,1,34,0,0.716,6.999
8390,335.600,68,-0.42819,9.22451,1,33,27,1.056,14.431
8391,335.640,68,-0.42735,9.16410,1,33,0,0.846,15.121
8392,335.680,68,-0.42142,9.14762,1,34,27,0.968,15.854
8393,335.720,68,-0.42252,9.09678,1,33,0,0.738,12.799
8394,335.760,68,-0.42208,9.06427,1,33,31,0.634,10.159
8395,335.800,68,-0.42036,9.04134,1,33,36,1.236,12.793
8396,335.840,68,-0.41756,8.99009,1,34,32,0.600,8.526
8397,335.880,68,-0.41796,8.96120,1,33,31,1.190,11.551
8398,335.920,68,-0.41875,8.94572,1,34,32,1.049,14.134
8399,335.960,68,-0.40991,8.90841,1,33,42,1.117,13.384
8400,336.000,68,-0.41510,8.88677,1,35,40,0.877,15.325
8401,336.040,68,-0.40729,8.84588,1,35,42,0.918,14.266
8402,336.080,68,-0.40375,8.81496,1,32,40,0.819,15.584
8403,336.120,68,-0.40238,8.78473,1,33,52,0.726,15.378
8404,336.160,68,-0.39954,8.73927,1,33,38,0.992,15.079
8405,336.200,68,-0.39865,8.70955,1,32,46,0.857,14.951
8406,336.240,68,-0.39440,8.67937,1,33,36,0.885,15.034
8407,336.280,68,-0.39572,8.64246,1,34,33,0.931,15.851
8408,336.320,68,-0.39238,8.61354,1,33,37,0.809,15.962
8409,336.360,68,-0.38970,8.57385,1,33,35,0.785,16.289
8410,336.400,68,-0.38699,8.54566,1,33,34,0.868,14.932
8411,336.440,68,-0.38304,8.49908,1,34,43,1.018,13.303
8412,336.480,68,-0.38421,8.47274,1,36,45,0.923,14.544
8413,336.520,68,-0.38032,8.44006,1,37,32,0.992,13.641
8414,336.560,68,-0.37926,8.41311,1,38,34,0.921,14.594
8415,336.600,68,-0.37725,8.37869,1,36,28,0.827,17.761
8416,336.640,68,-0.37433,8.36188,1,35,45,0.948,16.092
8417,336.680,68,-0.37493,8.29045,1,35,44,0.631,8.399
8418,336.720,68,-0.36667,8.37152,1,34,66,1.445,7.647
8419,336.760,68,-0.36764,8.31811,1,33,42,1.931,11.454
8420,336.800,68,-0.37014,8.04057,1,33,18,1.874,32.333
8421,336.840,68,-0.36703,7.99904,1,33,18,1.755,34.494
8422,336.880,68,-0.36579,8.14273,1,54,39,1.254,9.008
8423,336.920,68,-0.35737,8.13550,1,57,44,2.364,12.604
8424,336.960,68,-0.36279,8.07373,1,32,46,1.776,13.658
8425,337.000,68,-0.35916,8.03957,1,29,46,1.502,13.687
8426,337.040,68,-0.36027,8.01309,1,29,33,1.425,14.426
8427,337.080,68,-0.34922,7.93685,1,31,0,1.712,6.999
8428,337.120,68,-0.34991,7.88072,1,50,0,1.547,6.999
8429,337.160,68,-0.34643,7.92434,1,46,42,1.488,11.199
8430,337.200,68,-0.33959,7.90485,1,37,63,0.860,6.415
8431,337.240,68,-0.34302,7.82677,1,38,60,0.580,8.060
8432,337.280,68,-0.34074,7.83355,1,49,66,1.018,8.059
8433,337.320,68,-0.33745,7.79590,1,55,46,0.640,10.306
8434,337.360,68,-0.33819,7.77093,1,55,49,0.616,12.999
8435,337.400,68,-0.33543,7.75054,1,36,45,0.738,13.746
8436,337.440,68,-0.33105,7.72185,1,35,42,0.851,15.339
8437,337.480,68,-0.32474,7.70150,1,35,42,0.913,15.682
8438,337.520,68,-0.32543,7.66968,1,35,38,1.087,16.649
8439,337.560,68,-0.32528,7.62312,1,36,40,0.777,13.276
8440,337.600,68,-0.32474,7.58637,1,36,32,0.736,11.623
8441,337.640,68,-0.32005,7.56054,1,37,40,0.423,12.310
8442,337.680,68,-0.32130,7.52747,1,35,34,0.646,10.442
8443,337.720,68,-0.31636,7.48693,1,36,47,0.539,11.146
8444,337.760,68,-0.31527,7.46516,1,36,44,0.497,10.391
8445,337.800,68,-0.31114,7.43255,1,37,41,0.621,11.399
8446,337.840,68,-0.31045,7.40237,1,37,51,0.558,10.578
8447,337.880,68,-0.30967,7.36921,1,36,49,0.611,10.798
8448,337.920,68,-0.30751,7.34929,1,37,49,0.532,11.086
8449,337.960,68,-0.30410,7.32390,1,36,51,0.578,10.951
8450,338.000,68,-0.30290,7.29393,1,37,50,0.590,11.135
8451,338.040,68,-0.30378,7.26772,1,37,52,0.583,10.294
8452,338.080,68,-0.29762,7.23834,1,36,45,0.630,11.707
8453,338.120,68,-0.29693,7.21566,1,37,46,0.591,10.894
8454,338.160,68,-0.29782,7.18144,1,37,50,0.643,10.834
8455,338.200,68,-0.29422,7.15630,1,37,41,0.550,10.524
8456,338.240,68,-0.29183,7.12903,1,38,47,0.581,10.972
8457,338.280,68,-0.28991,7.09869,1,38,52,0.502,10.958
8458,338.320,68,-0.28725,7.06842,1,37,51,0.601,10.937
8459,338.360,68,-0.28469,7.04588,1,38,47,0.597,11.424
8460,338.400,68,-0.28182,7.02424,1,38,47,0.570,10.946
8461,338.440,68,-0.28262,6.99415,1,38,48,0.560,10.343
8462,338.480,68,-0.27761,6.97317,1,39,42,0.586,10.241
8463,338.520,68,-0.27848,6.94293,1,39,46,0.581,10.831
8464,338.560,68,-0.27750,6.91291,1,38,45,0.544,10.768
8465,338.600,68,-0.27430,6.88660,1,39,45,0.620,11.265
8466,338.640,68,-0.27313,6.85731,1,39,49,0.498,10.945
8467,338.680,68,-0.26993,6.83307,1,40,53,0.504,10.662
8468,338.720,68,-0.26975,6.80813,1,39,48,0.576,10.653
8469,338.760,68,-0.26974,6.78765,1,39,50,0.563,10.537
8470,338.800,68,-0.26924,6.75718,1,41,52,0.720,10.630
8471,338.840,68,-0.26252,6.74020,1,41,48,0.679,11.076
8472,338.880,68,-0.26315,6.71277,1,51,45,0.828,10.633
8473,338.920,68,-0.26220,6.68323,1,52,47,0.873,10.279
8474,338.960,68,-0.26049,6.66766,1,50,51,0.698,10.221
8475,339.000,68,-0.26494,6.70403,1,51,27,5.015,59.875
8476,339.040,68,-0.25547,6.61186,1,51,39,1.143,9.228
8477,339.080,68,-0.25306,6.58407,1,47,33,0.978,12.495
8478,339.120,68,-0.25300,6.56014,1,45,28,0.880,12.102
8479,339.160,68,-0.24652,6.53351,1,50,29,0.930,11.709
8480,339.200,68,-0.24635,6.50691,1,61,29,0.844,12.079
8481,339.240,68,-0.24367,6.49675,1,57,41,0.782,9.985
8482,339.280,68,-0.24531,6.46191,1,44,33,1.148,9.308
8483,339.320,68,-0.24458,6.44435,1,47,39,0.852,10.415
8484,339.360,68,-0.24156,6.42619,1,54,34,0.830,10.525
8485,339.400,68,-0.24116,6.39328,1,57,38,0.798,9.994
8486,339.440,68,-0.23782,6.37372,1,42,49,1.059,8.914
8487,339.480,68,-0.23653,6.39202,1,49,72,1.084,5.383
8488,339.520,68,-0.23028,6.36250,1,55,72,0.957,5.995
8489,339.560,68,-0.23203,6.33640,1,52,72,0.937,6.266
8490,339.600,68,-0.22615,6.31947,1,47,72,0.968,6.117
8491,339.640,68,-0.22298,6.29243,1,47,72,0.804,6.877
8492,339.680,68,-0.22147,6.27442,1,47,72,0.856,6.944
8493,339.720,68,-0.21996,6.25816,1,49,72,0.955,7.299
8494,339.760,68,-0.22159,6.21482,1,49,67,1.170,11.443
8495,339.800,68,-0.21721,6.20348,1,49,65,1.050,12.735
8496,339.840,68,-0.21601,6.18835,1,48,62,1.112,13.503
8497,339.880,68,-0.21537,6.16919,1,48,58,1.237,13.897
8498,339.920,68,-0.21753,6.12605,1,41,56,1.687,12.369
8499,339.960,68,-0.20910,6.08024,1,42,53,0.832,8.642
8500,340.000,68,-0.21077,6.06350,1,41,32,0.598,7.986
8501,340.040,68,-0.20573,6.04209,1,42,37,0.696,7.999
8502,340.080,68,-0.20272,6.02147,1,42,0,0.724,6.999
8503,340.120,68,-0.20124,6.00307,1,42,52,0.541,9.100
8504,340.160,68,-0.19763,5.98348,1,41,37,0.789,8.194
8505,340.200,68,-0.19804,5.96470,1,42,34,0.708,8.745
8506,340.240,68,-0.19370,5.94175,1,42,44,0.741,9.329
8507,340.280,68,-0.19207,5.92022,1,43,36,0.823,8.840
8508,340.320,68,-0.19109,5.90060,1,42,37,0.691,8.768
8509,340.360,68,-0.18781,5.88345,1,42,49,0.759,9.100
8510,340.400,68,-0.18322,5.86530,1,67,46,0.855,8.728
8511,340.440,68,-0.18273,5.84715,1,43,56,0.588,9.509
8512,340.480,68,-0.18021,5.82165,1,43,53,0.650,8.936
8513,340.520,68,-0.17825,5.80796,1,69,52,0.793,9.353
8514,340.560,68,-0.17663,5.78556,1,42,58,0.629,9.317
8515,340.600,68,-0.17188,5.77160,1,70,53,0.731,9.177
8516,340.640,68,-0.17354,5.75132,1,42,48,0.749,9.101
8517,340.680,68,-0.16935,5.73849,1,42,55,0.682,9.603
8518,340.720,68,-0.16514,5.72134,1,67,56,0.884,9.668
8519,340.760,68,-0.16542,5.69812,1,43,54,0.704,9.458
8520,340.800,68,-0.16231,5.68345,1,68,57,0.825,9.201
8521,340.840,68,-0.15772,5.67082,1,70,51,0.873,9.238
8522,340.880,68,-0.16025,5.64593,1,42,44,0.800,9.529
8523,340.920,68,-0.15404,5.64063,1,68,50,0.962,9.421
8524,340.960,68,-0.15159,5.61945,1,71,56,0.956,9.326
8525,341.000,68,-0.14840,5.60131,1,70,52,1.014,9.691
8526,341.040,68,-0.14560,5.58883,1,69,58,0.916,9.077
8527,341.080,68,-0.14447,5.56925,1,70,58,0.915,9.102
8528,341.120,68,-0.14213,5.55424,1,69,38,1.068,8.926
8529,341.160,68,-0.14030,5.54118,1,70,57,0.898,8.940
8530,341.200,68,-0.14016,5.51958,1,42,54,0.594,8.424
8531,341.240,68,-0.13668,5.50230,1,51,37,0.811,9.499
8532,341.280,68,-0.13313,5.48957,1,52,51,0.684,9.083
8533,341.320,68,-0.13106,5.47170,1,53,56,0.614,8.837
8534,341.360,68,-0.13344,5.45894,1,49,33,0.813,8.858
8535,341.400,68,-0.12425,5.44943,1,71,60,1.030,9.599
8536,341.440,68,-0.12296,5.43280,1,49,61,0.906,9.676
8537,341.480,68,-0.12047,5.43515,1,67,59,1.441,9.911
8538,341.520,68,-0.11949,5.40208,1,68,66,1.008,9.489
8539,341.560,68,-0.11876,5.38978,1,65,62,0.955,9.445
8540,341.600,68,-0.11570,5.37652,1,65,66,0.939,8.975
8541,341.640,68,-0.11321,5.36232,1,61,61,1.069,9.405
8542,341.680,68,-0.11172,5.35371,1,58,62,1.111,10.138
8543,341.720,68,-0.10978,5.33945,1,65,64,1.074,9.960
8544,341.760,68,-0.10740,5.31973,1,59,64,0.958,9.306
8545,341.800,68,-0.10691,5.30775,1,59,62,0.942,9.702
8546,341.840,68,-0.10446,5.29527,1,57,59,0.909,8.991
8547,341.880,68,-0.10482,5.28055,1,56,63,0.915,9.020
8548,341.920,68,-0.10203,5.26837,1,61,62,0.942,9.435
8549,341.960,68,-0.09890,5.25958,1,60,64,1.162,9.791
8550,342.000,68,-0.09707,5.24437,1,64,61,1.058,9.317
8551,342.040,68,-0.09442,5.23082,1,60,61,1.055,9.359
8552,342.080,68,-0.09098,5.22639,1,58,61,1.177,10.492
8553,342.120,68,-0.06930,5.22689,1,0,54,1.279,10.726
8554,342.160,68,-0.08212,5.19577,1,0,60,0.571,9.460
8555,342.200,68,-0.05825,5.21195,1,0,46,1.284,11.176
8556,342.240,68,-0.05829,5.20255,1,0,59,0.870,12.374
8557,342.280,68,-0.03609,5.17808,1,0,43,1.608,10.565
8558,342.320,68,-0.08718,5.11175,0,285,44,33.306,
8559,342.360,68,-0.10881,5.08058,0,289,43,33.208,
8560,342.400,68,-0.06612,5.17130,1,0,61,1.380,10.884
8561,342.440,68,-0.09210,5.06306,0,0,0,,
8562,342.480,68,-0.08916,5.05758,0,0,38,8.893,
8563,342.520,68,-0.08904,5.04667,0,0,60,6.888,
8564,342.560,68,-0.08237,5.05919,0,0,0,,
8565,342.600,68,-0.08327,5.04121,0,0,0,,
8566,342.640,68,-0.25840,5.18289,1,0,70,3.897,20.167
8575,343.000,68,-0.14714,4.55999,0,0,0,,
8576,343.040,68,-0.14676,4.56536,0,0,0,,
8577,343.080,68,-0.14308,4.56412,0,0,0,,
8578,343.120,68,-0.13022,4.56305,0,0,0,,
8579,343.160,68,-0.12564,4.57736,0,0,0,,
8580,343.200,68,-0.13180,4.55831,0,0,0,,
8581,343.240,68,-0.13066,4.55402,0,0,0,,
8582,343.280,68,-0.12850,4.56201,0,0,0,,
8583,343.320,68,-0.13785,4.56259,0,0,0,,
8584,343.360,68,-0.13671,4.56004,0,0,0,,
8585,343.400,68,-0.13556,4.56019,0,0,0,,
8586,343.440,68,-0.12839,4.57429,0,0,0,,
8587,343.480,68,-0.13369,4.57646,0,0,0,,
8588,343.520,68,-0.13243,4.58073,0,0,0,,
8589,343.560,68,-0.13600,4.57971,0,0,0,,
8590,343.600,68,-0.13731,4.58215,0,0,0,,
8591,343.640,68,-0.13570,4.57365,0,0,0,,
8592,343.680,68,-0.14532,4.56864,0,0,0,,
8593,343.720,68,-0.13748,4.55768,0,0,0,,
8594,343.760,68,-0.13963,4.55721,0,0,0,,
8595,343.800,68,-0.13767,4.55175,0,0,0,,
8596,343.840,68,-0.13775,4.56153,0,0,0,,
8597,343.880,68,-0.13918,4.55540,0,0,0,,
8598,343.920,68,-0.13889,4.55075,0,0,0,,
8599,343.960,68,-0.13774,4.56063,0,0,0,,
8600,344.000,68,-0.13735,4.55348,0,0,0,,
8650,346.000,71,0.37205,32.68802,1,26,0,1.118,6.999
8651,346.040,71,0.36206,32.60733,0,59,0,7.204,
8652,346.080,71,0.38139,32.37055,0,65,0,7.657,
8653,346.120,71,0.37530,32.35801,0,74,0,7.514,
8654,346.160,71,0.38874,32.37832,0,69,0,7.445,
8655,346.200,71,0.39623,32.16107,0,81,0,9.320,
8656,346.240,71,0.39959,32.13957,0,190,0,20.811,
8657,346.280,71,0.39209,32.15169,0,90,0,9.278,
8658,346.320,71,0.39945,31.91599,0,110,0,11.135,
8659,346.360,71,0.41194,31.90690,0,141,0,13.690,
8660,346.400,71,0.41499,31.94785,0,112,0,10.843,
8661,346.440,71,0.40887,31.67120,0,137,0,13.830,
8662,346.480,71,0.41154,31.67853,0,133,0,14.818,
8663,346.520,71,0.41422,31.67464,0,130,0,13.570,
8664,346.560,71,0.42172,31.48023,0,94,0,11.414,
8665,346.600,71,0.42446,31.51984,0,99,0,11.152,
8666,346.640,71,0.42779,31.28728,0,87,0,11.764,
8667,346.680,71,0.42751,31.29996,0,134,0,18.162,
8668,346.720,71,0.42127,31.23133,0,119,0,14.190,
8669,346.760,71,0.43908,31.03610,0,112,0,14.687,
8670,346.800,71,0.43513,31.00706,0,127,0,14.411,
8671,346.840,71,0.46622,31.00243,0,129,0,14.512,
8672,346.880,71,0.46008,30.78492,0,103,0,12.351,
8673,346.920,71,0.45854,30.80415,0,144,0,17.941,
8674,346.960,71,0.45251,30.59448,0,138,0,14.428,
8675,347.000,71,0.47008,30.60113,0,144,0,14.186,
8676,347.040,71,0.47319,30.60098,0,142,0,13.928,
8677,347.080,71,0.46592,30.38807,0,106,0,11.192,
8678,347.120,71,0.49127,30.27239,0,134,0,14.380,
8679,347.160,71,0.48991,30.29550,0,136,0,14.191,
8680,347.200,71,0.48623,30.16145,0,122,0,14.691,
8681,347.240,71,0.51155,30.16271,0,99,0,10.789,
8682,347.280,71,0.50627,30.07233,0,99,0,10.821,
8683,347.320,71,0.50006,29.93507,0,96,0,10.734,
8684,347.360,71,0.50303,29.95899,0,49,0,8.481,
8685,347.400,71,0.49268,29.71265,0,97,0,11.080,
8686,347.440,71,0.51783,29.68223,0,101,0,11.105,
8687,347.480,71,0.51211,29.58285,0,102,0,11.184,
8688,347.520,71,0.51956,29.51878,0,100,0,11.190,
8689,347.560,71,0.52706,29.54648,0,113,0,11.557,
8690,347.600,71,0.52038,29.32493,0,96,0,11.312,
8691,347.640,71,0.51939,29.23753,0,271,0,21.838,
8692,347.680,71,0.52689,29.01769,0,253,0,22.695,
8693,347.720,71,0.57093,29.02075,0,132,0,13.976,
8694,347.760,71,0.54507,28.94018,1,24,0,1.060,6.999
8695,347.800,71,0.55075,28.83440,1,24,0,0.903,6.999
8696,347.840,71,0.55888,28.84310,1,24,0,0.820,6.999
8697,347.880,71,0.56004,28.77349,1,25,0,0.709,6.999
8698,347.920,71,0.55860,28.66209,1,24,0,0.887,6.999
8699,347.960,71,0.56040,28.61095,1,25,0,0.727,6.999
8700,348.000,71,0.58483,28.50604,1,24,0,0.785,6.999
8701,348.040,71,0.58333,28.44585,1,24,0,0.865,6.999
8702,348.080,71,0.57742,28.35292,1,24,0,0.830,6.999
8703,348.120,71,0.56909,28.26234,1,25,0,0.878,6.999
8704,348.160,71,0.57962,28.18662,1,25,0,0.674,6.999
8705,348.200,71,0.60045,28.10685,1,25,0,0.824,6.999
8706,348.240,71,0.59869,28.06515,1,25,0,0.870,6.999
8707,348.280,71,0.58884,27.98515,0,0,0,,
8708,348.320,71,0.58309,27.88837,1,25,0,1.004,6.999
8709,348.360,71,0.58362,27.80774,1,26,0,0.751,6.999
8710,348.400,71,0.58452,27.74170,1,24,0,0.840,6.999
8711,348.440,71,0.61500,27.63089,1,25,0,0.766,6.999
8712,348.480,71,0.59234,27.55708,1,25,0,0.901,6.999
8713,348.520,71,0.61173,27.49452,1,25,0,0.901,6.999
8714,348.560,71,0.61467,27.41090,1,24,0,0.707,6.999
8715,348.600,71,0.62112,27.32297,1,25,0,0.952,6.999
8716,348.640,71,0.61335,27.25314,1,26,0,0.866,6.999
8710,348.400,72,0.53302,29.27712,0,34,0,2.248,
8711,348.440,72,0.52797,29.39726,0,25,0,0.766,
8712,348.480,72,0.51391,29.37535,0,25,0,0.894,
8713,348.520,72,0.53154,29.20197,0,25,0,1.709,
8714,348.560,72,0.52597,29.21522,0,24,0,0.707,
8715,348.600,72,0.50172,29.12873,0,25,0,1.705,
8716,348.640,72,0.50186,28.93544,0,26,0,0.864,
8717,348.680,71,0.61287,27.08347,1,24,0,0.904,6.999
8717,348.680,72,0.50889,28.96786,0,24,0,0.904,
8718,348.720,71,0.63671,27.08320,1,25,0,0.826,6.999
8718,348.720,72,0.52634,28.99149,0,25,0,0.826,
8719,348.760,71,0.63799,27.02927,1,24,0,0.884,6.999
8719,348.760,72,0.51434,28.98389,0,24,0,0.881,
8720,348.800,71,0.63232,26.90721,1,25,0,0.827,6.999
8720,348.800,72,0.51542,28.76772,0,25,0,0.827,
8721,348.840,71,0.64243,26.95056,1,24,0,0.774,6.999
8721,348.840,72,0.51722,28.74347,0,24,0,0.774,
8722,348.880,71,0.63194,26.72923,1,26,0,0.853,6.999
8722,348.880,72,0.53087,28.79238,0,26,0,0.853,
8723,348.920,71,0.63989,26.72277,1,26,0,0.878,6.999
8723,348.920,72,0.53040,28.72978,0,26,0,0.878,
8724,348.960,71,0.64558,26.55078,1,26,0,0.952,6.999
8724,348.960,72,0.53231,28.55620,0,26,0,0.952,
8725,349.000,71,0.64512,26.53954,1,26,0,0.821,6.999
8725,349.000,72,0.52533,28.54460,0,26,0,0.821,
8726,349.040,71,0.65842,26.56490,1,26,0,0.909,6.999
8726,349.040,72,0.52882,28.54142,0,26,0,0.909,
8727,349.080,71,0.66170,26.39789,1,26,0,0.957,6.999
8727,349.080,72,0.51682,28.56609,0,26,0,1.831,
8728,349.120,71,0.65738,26.36215,1,25,0,0.752,6.999
8728,349.120,72,0.52438,28.53911,0,25,0,0.752,
8729,349.160,71,0.65448,26.22061,1,26,0,0.949,6.999
8729,349.160,72,0.52364,28.55881,0,26,0,0.954,
8730,349.200,71,0.66839,26.24308,1,27,0,0.776,6.999
8730,349.200,72,0.52034,28.36377,0,27,0,0.776,
8731,349.240,71,0.66679,26.02261,1,26,0,1.011,6.999
8731,349.240,72,0.54367,28.53927,0,26,0,1.011,
8732,349.280,71,0.66547,26.00478,1,26,0,0.771,6.999
8732,349.280,72,0.53310,28.36570,0,26,0,0.771,
8733,349.320,71,0.66295,26.03020,1,27,0,0.922,6.999
8733,349.320,72,0.52794,28.35121,0,27,0,0.921,
8734,349.360,71,0.66593,25.86647,1,26,0,0.919,6.999
8734,349.360,72,0.55989,28.42591,0,26,0,0.916,
8735,349.400,71,0.67584,25.83828,1,26,0,0.767,6.999
8735,349.400,72,0.56506,28.53839,0,26,0,0.762,
8736,349.440,71,0.67191,25.67648,1,26,0,0.740,6.999
8736,349.440,72,0.57009,28.54539,0,26,0,0.818,
8737,349.480,71,0.68492,25.67614,1,25,0,0.788,6.999
8737,349.480,72,0.58197,28.52267,0,25,0,0.826,
8738,349.520,71,0.68910,25.52212,1,26,0,0.877,6.999
8738,349.520,72,0.59470,28.36898,0,26,0,0.877,
8739,349.560,71,0.68415,25.50458,1,27,0,0.796,6.999
8739,349.560,72,0.59863,28.54734,0,27,0,0.796,
8740,349.600,71,0.67667,25.38517,1,27,0,0.801,6.999
8740,349.600,72,0.60131,28.39698,0,27,0,0.801,
8741,349.640,71,0.70000,25.34965,1,26,0,0.701,6.999
8742,349.680,71,0.69543,25.19812,1,26,0,0.920,6.999
8743,349.720,71,0.69567,25.18278,1,26,0,0.883,6.999
8744,349.760,71,0.71177,25.12837,1,27,0,0.725,6.999
8745,349.800,71,0.70326,25.02537,1,28,0,0.843,6.999
8746,349.840,71,0.70877,24.97346,1,28,0,0.838,6.999
8747,349.880,71,0.69853,24.86553,1,27,0,0.762,6.999
8747,349.880,72,0.58877,28.33883,0,27,0,0.762,
8748,349.920,71,0.71162,24.84083,1,28,0,0.822,6.999
8748,349.920,72,0.45328,28.37241,0,28,0,0.822,
8749,349.960,71,0.71007,24.70914,1,28,0,0.726,6.999
8749,349.960,72,0.44783,28.26780,0,28,0,0.726,
8750,350.000,71,0.72128,24.73907,1,28,0,0.826,6.999
8751,350.040,71,0.71499,24.56573,1,28,0,0.753,6.999
8752,350.080,71,0.71911,24.55948,1,28,0,0.734,6.999
8753,350.120,71,0.72193,24.41034,1,28,0,0.772,6.999
8753,350.120,72,0.56748,28.57448,0,28,0,0.712,
8754,350.160,71,0.72575,24.40325,1,28,0,0.751,6.999
8755,350.200,71,0.72790,24.26209,1,27,0,0.864,6.999
8756,350.240,71,0.73293,24.24432,1,28,0,0.959,6.999
8757,350.280,71,0.72508,24.11505,1,28,0,0.769,6.999
8758,350.320,71,0.73110,24.08905,1,29,0,0.840,6.999
8759,350.360,71,0.74209,23.98428,1,28,0,0.925,6.999
8760,350.400,71,0.72956,23.94136,1,28,0,0.952,6.999
8761,350.440,71,0.74467,23.88987,1,28,0,0.815,6.999
8762,350.480,71,0.75150,23.79414,1,28,0,0.973,6.999
8763,350.520,71,0.74713,23.67166,1,29,0,0.745,6.999
8764,350.560,71,0.74825,23.62514,1,29,0,0.798,6.999
8765,350.600,71,0.74305,23.53084,1,27,0,0.891,6.999
8766,350.640,71,0.73991,23.47599,1,29,0,0.792,6.999
8767,350.680,71,0.74709,23.38055,1,29,0,0.841,6.999
8768,350.720,71,0.75306,23.32031,1,29,0,0.752,6.999
8769,350.760,71,0.74878,23.23980,1,29,0,0.891,6.999
8770,350.800,71,0.75830,23.19280,1,30,0,0.877,6.999
8771,350.840,71,0.74952,23.10044,1,29,0,0.906,6.999
8772,350.880,71,0.75738,23.04406,1,30,0,0.812,6.999
8760,350.400,73,0.61542,28.76569,0,18,0,0.602,
8761,350.440,73,0.60984,28.72961,0,28,0,1.917,
8762,350.480,73,0.65801,28.72634,0,28,0,0.973,
8763,350.520,73,0.65883,28.76417,0,29,0,1.902,
8764,350.560,73,0.68402,28.75134,0,29,0,0.798,
8765,350.600,73,0.70883,28.74728,0,27,0,1.902,
8766,350.640,73,0.72100,28.91401,0,29,0,2.036,
8767,350.680,73,0.75498,28.92373,0,29,0,1.874,
8768,350.720,73,0.77923,28.92068,0,29,0,2.069,
8769,350.760,73,0.78849,28.88942,0,29,0,1.901,
8770,350.800,73,0.80735,28.89332,0,30,0,2.012,
8771,350.840,73,0.84769,29.00486,0,29,0,1.869,
8772,350.880,73,0.87720,29.06638,0,30,0,2.024,
8773,350.920,71,0.76050,22.97105,1,28,0,0.889,6.999
8773,350.920,73,0.87134,28.94175,0,20,0,1.448,
8774,350.960,71,0.76670,22.86439,1,30,0,0.783,6.999
8774,350.960,73,0.93634,29.11634,0,20,0,1.444,
8775,351.000,71,0.76511,22.81401,1,29,0,0.952,6.999
8775,351.000,73,0.91137,29.17854,0,20,0,1.258,
8776,351.040,71,0.77210,22.74766,1,30,0,0.799,6.999
8776,351.040,73,0.93333,29.35960,0,20,0,1.143,
8777,351.080,71,0.75655,22.68281,1,28,0,0.907,6.999
8777,351.080,73,0.93226,29.44183,0,20,0,1.363,
8778,351.120,71,0.77517,22.64715,1,30,0,0.859,6.999
8778,351.120,73,0.91481,29.68961,0,238,0,23.108,
8779,351.160,71,0.77098,22.54615,1,30,0,0.962,6.999
8780,351.200,71,0.77855,22.51629,1,30,0,0.701,6.999
8781,351.240,71,0.77958,22.35705,1,30,0,0.817,6.999
8782,351.280,71,0.77566,22.31080,1,30,0,0.859,6.999
8782,351.280,73,0.99079,29.61097,0,274,0,26.546,
8783,351.320,71,0.77957,22.23331,1,31,0,0.774,6.999
8783,351.320,73,1.10788,29.57002,0,19,0,1.220,
8784,351.360,71,0.78459,22.25481,1,30,0,0.810,6.999
8785,351.400,71,0.77649,22.08390,1,30,0,0.890,6.999
8785,351.400,73,1.15834,29.33366,0,77,0,11.557,
8786,351.440,71,0.78594,21.96180,1,29,0,0.902,6.999
8787,351.480,71,0.78400,21.95242,1,30,0,0.837,6.999
8788,351.520,71,0.79021,21.83402,1,30,0,1.053,6.999
8789,351.560,71,0.79426,21.86078,1,30,0,0.988,6.999
8790,351.600,71,0.78172,21.72533,1,32,0,0.902,6.999
8791,351.640,71,0.78828,21.68350,1,30,0,0.817,6.999
8792,351.680,71,0.79690,21.58773,1,32,0,0.860,6.999
8793,351.720,71,0.79238,21.61038,1,31,0,0.842,6.999
8794,351.760,71,0.79420,21.45901,1,31,0,0.813,6.999
8795,351.800,71,0.80446,21.42012,1,32,0,0.903,6.999
8796,351.840,71,0.80286,21.31922,1,31,0,0.826,6.999
8797,351.880,71,0.80214,21.26380,1,32,0,0.882,6.999
8798,351.920,71,0.79677,21.19727,1,31,0,0.874,6.999
8799,351.960,71,0.80431,21.08689,1,31,0,0.798,6.999
8800,352.000,71,0.81061,21.10716,1,33,0,0.883,6.999
8801,352.040,71,0.80250,20.96062,1,32,0,0.857,6.999
8802,352.080,71,0.81807,20.94710,1,32,0,0.627,6.999
8803,352.120,71,0.81249,20.83814,1,32,0,0.874,6.999
8804,352.160,71,0.81202,20.77917,1,32,0,0.854,6.999
8805,352.200,71,0.81267,20.70238,1,32,0,0.672,6.999
8806,352.240,71,0.81853,20.62500,1,32,0,0.900,6.999
8807,352.280,71,0.81624,20.58100,1,34,0,0.859,6.999
8808,352.320,71,0.81353,20.47487,1,33,0,0.803,6.999
8809,352.360,71,0.82045,20.45933,1,33,0,0.804,6.999
8810,352.400,71,0.82045,20.35677,1,32,0,0.895,6.999
8811,352.440,71,0.81623,20.28430,1,33,0,0.860,6.999
8812,352.480,71,0.82057,20.23503,1,33,0,0.742,6.999
8813,352.520,71,0.82417,20.14213,1,32,0,0.930,6.999
8814,352.560,71,0.82716,20.15585,1,34,0,0.867,6.999
8815,352.600,71,0.81950,20.02256,1,34,0,0.759,6.999
8816,352.640,71,0.82016,19.95103,1,33,0,0.742,6.999
8817,352.680,71,0.81156,19.89765,1,34,0,0.789,6.999
8818,352.720,71,0.82477,19.80889,1,34,0,0.856,6.999
8819,352.760,71,0.82508,19.75150,1,33,0,0.777,6.999
8820,352.800,71,0.81769,19.68298,1,34,0,0.812,6.999
8821,352.840,71,0.82901,19.59881,1,33,0,0.844,6.999
8822,352.880,71,0.82820,19.54230,1,35,0,0.771,6.999
8823,352.920,71,0.82928,19.48290,1,34,0,0.810,6.999
8824,352.960,71,0.83128,19.42548,1,34,0,0.842,6.999
8825,353.000,71,0.83266,19.34085,1,35,0,0.850,6.999
8826,353.040,71,0.82989,19.29824,1,35,0,0.724,6.999
8827,353.080,71,0.83485,19.21666,1,34,0,0.904,6.999
8828,353.120,71,0.84035,19.14099,1,34,0,0.885,6.999
8829,353.160,71,0.83092,19.08267,1,36,0,0.687,6.999
8830,353.200,71,0.83043,19.01110,1,35,0,0.877,6.999
8831,353.240,71,0.83831,18.97066,1,36,0,0.692,6.999
8832,353.280,71,0.83453,18.88736,1,36,0,0.783,6.999
8833,353.320,71,0.83257,18.81918,1,35,0,0.944,6.999
8834,353.360,71,0.83372,18.76778,1,35,0,0.747,6.999
8835,353.400,71,0.83808,18.67548,1,36,0,0.736,6.999
8836,353.440,71,0.83788,18.63105,1,36,0,0.977,6.999
8837,353.480,71,0.84012,18.56698,1,36,0,0.671,6.999
8838,353.520,71,0.83419,18.47766,1,36,0,0.604,6.999
8839,353.560,71,0.84333,18.46065,1,37,0,0.816,6.999
8840,353.600,71,0.83791,18.37254,1,36,0,0.836,6.999
8841,353.640,71,0.84238,18.28623,1,37,0,0.792,6.999
8842,353.680,71,0.84400,18.26431,1,37,0,0.792,6.999
8843,353.720,71,0.84122,18.17693,1,36,0,0.872,6.999
8844,353.760,71,0.84488,18.09587,1,37,0,0.780,6.999
8845,353.800,71,0.84459,18.06373,1,37,0,0.782,6.999
8846,353.840,71,0.83164,17.98127,1,36,0,0.723,6.999
8847,353.880,71,0.84376,17.90361,1,38,0,0.737,6.999
8848,353.920,71,0.84693,17.87642,1,37,0,0.815,6.999
8849,353.960,71,0.84411,17.79163,1,37,0,0.713,6.999
8850,354.000,71,0.84681,17.72669,1,37,0,0.763,6.999
8851,354.040,71,0.84921,17.68157,1,37,0,0.824,6.999
8852,354.080,71,0.84598,17.60358,1,38,0,0.700,6.999
8853,354.120,71,0.84460,17.53424,1,38,0,0.688,6.999
8854,354.160,71,0.84586,17.47509,1,38,0,0.750,6.999
8855,354.200,71,0.84266,17.41825,1,38,0,0.854,6.999
8856,354.240,71,0.84578,17.34874,1,38,0,0.656,6.999
8857,354.280,71,0.84853,17.28517,1,39,0,0.741,6.999
8858,354.320,71,0.84529,17.23009,1,39,0,0.853,6.999
8859,354.360,71,0.84633,17.15828,1,40,0,0.728,6.999
8860,354.400,71,0.84767,17.10865,1,38,0,0.722,6.999
8861,354.440,71,0.84601,17.06013,1,39,0,0.789,6.999
8862,354.480,71,0.85217,16.97009,1,39,0,0.726,6.999
8863,354.520,71,0.84739,16.91435,1,38,0,0.754,6.999
8864,354.560,71,0.84827,16.85648,1,39,0,0.825,6.999
8865,354.600,71,0.84215,16.79402,1,39,0,0.847,6.999
8866,354.640,71,0.84930,16.73134,1,40,0,0.698,6.999
8867,354.680,71,0.84709,16.67717,1,40,0,0.715,6.999
8868,354.720,71,0.85616,16.61245,1,39,0,0.799,6.999
8869,354.760,71,0.85194,16.55146,1,39,0,0.713,6.999
8870,354.800,71,0.84748,16.48593,1,40,0,0.684,6.999
8871,354.840,71,0.85414,16.42098,1,40,0,0.821,6.999
8872,354.880,71,0.85411,16.37256,1,40,0,0.765,6.999
8873,354.920,71,0.84943,16.31261,1,40,0,0.685,6.999
8874,354.960,71,0.84505,16.25033,1,40,0,0.729,6.999
8875,355.000,71,0.85429,16.19312,1,40,0,0.813,6.999
8876,355.040,71,0.85424,16.12074,1,21,0,0.854,6.999
8877,355.080,71,0.84897,16.06169,1,40,0,0.675,6.999
8878,355.120,71,0.84968,15.99598,1,21,0,0.686,6.999
8879,355.160,71,0.85600,15.94841,1,21,0,0.884,6.999
8880,355.200,71,0.84868,15.89257,1,21,0,0.698,6.999
8881,355.240,71,0.85236,15.82699,1,21,0,0.676,6.999
8882,355.280,71,0.85476,15.76863,1,21,0,0.848,6.999
8883,355.320,71,0.85125,15.71566,1,22,0,0.811,6.999
8884,355.360,71,0.84864,15.64551,1,22,0,0.789,6.999
8885,355.400,71,0.85858,15.60303,1,21,0,0.714,6.999
8886,355.440,71,0.84324,15.52723,1,22,0,0.766,6.999
8887,355.480,71,0.85282,15.47942,1,21,0,0.781,6.999
8888,355.520,71,0.85069,15.41839,1,22,0,0.690,6.999
8889,355.560,71,0.84286,15.35099,1,21,0,0.625,6.999
8890,355.600,71,0.84894,15.30592,1,22,0,0.835,6.999
8891,355.640,71,0.84884,15.24936,1,21,0,0.804,6.999
8892,355.680,71,0.84679,15.18852,1,22,0,0.751,6.999
8893,355.720,71,0.84048,15.12642,1,22,0,0.669,6.999
8890,355.600,74,-0.16027,32.76641,1,16,0,0.729,6.999
8891,355.640,74,-0.15514,32.71028,0,86,0,8.785,
8892,355.680,74,-0.16433,32.72086,0,354,0,27.063,
8893,355.720,74,-0.17413,32.48610,0,279,0,24.160,
8894,355.760,71,0.84916,15.06267,1,21,0,0.728,6.999
8894,355.760,74,-0.17074,32.46345,0,130,0,9.972,
8895,355.800,71,0.84651,15.03128,1,22,0,0.778,6.999
8895,355.800,74,-0.17759,32.48604,0,276,0,25.081,
8896,355.840,71,0.84023,14.95767,1,21,0,0.779,6.999
8896,355.840,74,-0.19657,32.25263,0,189,0,20.273,
8897,355.880,71,0.83449,14.89479,1,22,0,0.780,6.999
8897,355.880,74,-0.19087,32.23122,0,214,0,22.146,
8898,355.920,71,0.84559,14.83882,1,22,0,0.835,6.999
8898,355.920,74,-0.19562,32.02696,0,249,0,21.435,
8899,355.960,71,0.84716,14.78562,1,22,0,0.806,6.999
8899,355.960,74,-0.21719,32.02491,0,259,0,20.786,
8900,356.000,71,0.84248,14.74052,1,22,0,0.692,6.999
8900,356.000,74,-0.21064,32.02793,0,258,0,20.731,
8901,356.040,71,0.84351,14.67177,1,22,0,0.767,6.999
8901,356.040,74,-0.22521,31.80473,0,272,0,21.877,
8902,356.080,71,0.84026,14.61063,1,22,0,0.804,6.999
8902,356.080,74,-0.23198,31.81882,0,258,0,22.074,
8903,356.120,71,0.83654,14.56073,1,22,0,0.749,6.999
8903,356.120,74,-0.23041,31.78455,0,254,0,22.271,
8904,356.160,71,0.84158,14.50445,1,23,0,0.715,6.999
8904,356.160,74,-0.22465,31.79604,0,234,0,22.871,
8905,356.200,71,0.84079,14.45270,1,22,0,0.855,6.999
8905,356.200,74,-0.22387,31.79263,0,237,0,22.853,
8906,356.240,71,0.84175,14.39434,1,23,0,0.922,6.999
8906,356.240,74,-0.23830,31.56785,0,243,0,22.886,
8907,356.280,71,0.83755,14.33739,1,22,0,0.680,6.999
8907,356.280,74,-0.24262,31.36059,0,272,0,22.252,
8908,356.320,71,0.83312,14.28621,1,23,0,0.605,6.999
8908,356.320,74,-0.23494,31.34845,0,234,0,22.242,
8909,356.360,71,0.83690,14.21087,1,23,0,0.805,6.999
8909,356.360,74,-0.24462,31.23556,0,266,0,21.913,
8910,356.400,71,0.83206,14.15962,1,23,0,0.801,6.999
8910,356.400,74,-0.24883,31.12784,0,227,0,21.989,
8911,356.440,71,0.83674,14.10761,1,23,0,0.766,6.999
8911,356.440,74,-0.24479,31.13233,0,229,0,21.818,
8912,356.480,71,0.82916,14.04848,1,23,0,0.778,6.999
8912,356.480,74,-0.25735,30.90559,0,231,0,21.995,
8913,356.520,71,0.83126,14.00979,1,23,0,0.799,6.999
8913,356.520,74,-0.25034,30.90813,0,242,0,23.335,
8914,356.560,71,0.83365,13.95012,1,23,0,0.773,6.999
8914,356.560,74,-0.24996,30.95445,1,21,0,1.124,6.999
8915,356.600,71,0.83146,13.90770,1,23,0,0.854,6.999
8915,356.600,74,-0.26438,30.76496,0,225,0,22.475,
8916,356.640,71,0.83628,13.84548,1,23,0,0.877,6.999
8916,356.640,74,-0.27391,30.76388,1,23,0,1.062,6.999
8917,356.680,71,0.83526,13.79026,1,23,0,0.817,6.999
8917,356.680,74,-0.27524,30.57729,0,24,0,0.994,
8918,356.720,71,0.82960,13.73996,1,23,0,0.766,6.999
8918,356.720,74,-0.27992,30.53319,1,24,0,0.767,6.999
8919,356.760,71,0.82493,13.67409,1,23,0,0.781,6.999
8919,356.760,74,-0.28410,30.49637,1,24,0,0.650,6.999
8920,356.800,71,0.82608,13.61983,1,23,0,0.618,6.999
8920,356.800,74,-0.28783,30.27203,0,103,0,11.875,
8921,356.840,71,0.83425,13.57930,1,23,0,0.908,6.999
8921,356.840,74,-0.28647,30.24484,1,26,0,0.715,6.999
8922,356.880,71,0.82570,13.52892,1,23,0,0.771,6.999
8922,356.880,74,-0.29288,30.28232,0,163,0,18.019,
8923,356.920,71,0.82829,13.47843,1,23,0,0.606,6.999
8923,356.920,74,-0.30980,30.08135,0,165,0,18.427,
8924,356.960,71,0.82724,13.42016,1,24,0,0.626,6.999
8924,356.960,74,-0.30311,30.09596,0,161,0,18.313,
8925,357.000,71,0.82425,13.35741,1,23,0,0.776,6.999
8925,357.000,74,-0.30337,30.07307,0,158,0,18.639,
8926,357.040,71,0.82543,13.28973,1,24,0,0.698,6.999
8926,357.040,74,-0.31398,29.87312,0,164,0,18.973,
8927,357.080,71,0.82302,13.24724,1,23,0,0.679,6.999
8927,357.080,74,-0.29774,29.93813,0,301,0,22.246,
8928,357.120,71,0.82258,13.19333,1,23,0,0.907,6.999
8928,357.120,74,-0.31418,29.72005,0,341,0,34.102,
8929,357.160,71,0.82653,13.15679,1,24,0,0.722,6.999
8929,357.160,74,-0.31410,29.71257,0,261,0,22.489,
8930,357.200,71,0.82650,13.09214,1,24,0,0.770,6.999
8930,357.200,74,-0.32677,29.51441,0,259,0,27.377,
8931,357.240,71,0.81787,13.04010,1,23,0,0.788,6.999
8931,357.240,74,-0.32604,29.46589,1,24,0,0.723,6.999
8932,357.280,71,0.81662,12.97754,1,24,0,0.562,6.999
8932,357.280,74,-0.32882,29.40803,1,26,0,0.790,6.999
8933,357.320,71,0.81901,12.92124,1,24,0,0.743,6.999
8933,357.320,74,-0.33502,29.29108,1,25,0,0.826,6.999
8934,357.360,71,0.81864,12.89659,1,24,0,0.747,6.999
8934,357.360,74,-0.33383,29.30036,0,442,0,36.961,
8935,357.400,71,0.81330,12.83800,1,24,0,0.792,6.999
8935,357.400,74,-0.33692,29.08265,0,0,0,,
8936,357.440,71,0.82034,12.79007,1,24,0,0.837,6.999
8936,357.440,74,-0.33843,29.09092,0,224,0,23.054,
8937,357.480,71,0.81194,12.73108,1,24,0,1.157,6.999
8937,357.480,74,-0.35007,29.10362,0,222,0,23.457,
8938,357.520,71,0.81592,12.67115,1,25,0,0.621,6.999
8938,357.520,74,-0.33037,28.87708,0,221,0,23.439,
8939,357.560,71,0.81500,12.61886,1,25,0,0.973,6.999
8939,357.560,74,-0.34839,28.90633,1,23,0,0.801,6.999
8940,357.600,71,0.81647,12.57491,1,25,0,0.795,6.999
8940,357.600,74,-0.34124,28.68896,0,238,0,23.410,
8941,357.640,71,0.81033,12.52083,1,25,0,0.741,6.999
8941,357.640,74,-0.34407,28.69189,0,212,0,23.280,
8942,357.680,71,0.80993,12.47640,1,24,0,1.004,6.999
8942,357.680,74,-0.34691,28.55922,0,187,0,24.663,
8940,357.600,75,-0.22292,31.78999,1,25,0,0.678,6.999
8941,357.640,75,-0.24400,31.65252,0,212,0,23.280,
8942,357.680,75,-0.23659,31.10326,0,187,0,24.663,
8943,357.720,71,0.81079,12.42617,1,29,0,0.967,6.999
8943,357.720,74,-0.34422,28.56689,0,233,0,24.299,
8943,357.720,75,-0.22794,30.45987,0,233,0,24.299,
8944,357.760,71,0.80285,12.36708,1,25,0,1.061,6.999
8944,357.760,74,-0.35667,28.40699,0,247,0,25.569,
8944,357.760,75,-0.22684,30.65438,0,247,0,25.569,
8945,357.800,71,0.81165,12.31615,1,25,0,1.037,6.999
8945,357.800,74,-0.34749,28.33180,0,232,0,25.959,
8945,357.800,75,-0.26096,29.93094,0,232,0,25.959,
8946,357.840,71,0.80398,12.26791,1,25,0,0.677,6.999
8946,357.840,74,-0.38273,28.35682,0,224,0,27.287,
8946,357.840,75,-0.25585,30.11388,0,224,0,27.287,
8947,357.880,71,0.80339,12.21275,1,25,0,0.805,6.999
8947,357.880,74,-0.39077,28.20300,1,24,0,0.879,6.999
8947,357.880,75,-0.29797,29.91535,0,24,0,0.879,
8948,357.920,71,0.80226,12.15600,1,25,0,0.891,6.999
8948,357.920,74,-0.38376,28.18697,0,100,0,15.161,
8948,357.920,75,-0.25902,30.55808,0,100,0,15.161,
8949,357.960,71,0.80322,12.11218,1,26,0,0.830,6.999
8949,357.960,74,-0.40378,28.13609,1,23,0,0.915,6.999
8949,357.960,75,-0.27053,30.43808,0,23,0,1.710,
8950,358.000,71,0.79878,12.06302,1,26,0,0.650,6.999
8950,358.000,74,-0.40319,27.95925,1,24,0,0.689,6.999
8950,358.000,75,-0.26599,30.55105,0,24,0,0.689,
8951,358.040,71,0.79922,12.01693,1,25,0,0.749,6.999
8951,358.040,74,-0.40769,27.95185,1,24,0,1.019,6.999
8951,358.040,75,-0.26505,30.11126,0,24,0,1.023,
8950,358.000,76,-0.23981,32.31040,1,19,0,1.238,6.999
8951,358.040,76,-0.22924,31.60659,0,98,0,16.144,
8952,358.080,71,0.79938,11.95829,1,26,0,0.744,6.999
8952,358.080,74,-0.39324,27.80404,1,24,0,0.799,6.999
8952,358.080,75,-0.27588,30.11626,0,24,0,0.917,
8952,358.080,76,-0.24659,30.87723,0,81,0,13.764,
8953,358.120,71,0.79961,11.89911,1,26,0,0.785,6.999
8953,358.120,74,-0.40885,27.70805,1,24,0,0.925,6.999
8953,358.120,75,-0.28700,29.77699,0,24,0,0.925,
8953,358.120,76,-0.27316,30.25102,0,88,0,13.931,
8954,358.160,71,0.79712,11.86247,1,26,0,0.769,6.999
8954,358.160,74,-0.40512,27.62237,1,24,0,0.792,6.999
8954,358.160,75,-0.28153,29.93033,0,24,0,0.792,
8954,358.160,76,-0.28648,29.85143,0,24,0,0.866,
8955,358.200,71,0.79489,11.80592,1,26,0,0.737,6.999
8955,358.200,74,-0.41578,27.52564,1,24,0,0.996,6.999
8955,358.200,75,-0.27461,30.22022,0,24,0,0.985,
8955,358.200,76,-0.27651,30.23425,0,24,0,1.007,
8956,358.240,71,0.79688,11.76305,1,27,0,0.779,6.999
8956,358.240,74,-0.41742,27.44609,1,24,0,1.127,6.999
8956,358.240,75,-0.29726,29.86714,0,24,0,1.127,
8956,358.240,76,-0.28353,29.90397,0,24,0,1.061,
8957,358.280,71,0.79330,11.70296,1,27,0,0.810,6.999
8957,358.280,74,-0.41557,27.47593,1,25,0,0.711,6.999
8957,358.280,75,-0.28886,29.75083,0,25,0,0.711,
8958,358.320,71,0.78726,11.66571,1,26,0,0.829,6.999
8958,358.320,74,-0.40940,27.26450,1,24,0,1.137,6.999
8958,358.320,75,-0.34176,29.13567,0,24,0,1.697,
8959,358.360,71,0.78940,11.60687,1,27,0,0.730,6.999
8959,358.360,74,-0.42396,27.23555,1,26,0,0.970,6.999
8960,358.400,71,0.79325,11.56889,1,27,0,0.839,6.999
8960,358.400,74,-0.42851,27.13907,1,27,0,0.976,6.999
8961,358.440,71,0.78879,11.51754,1,26,0,0.827,6.999
8961,358.440,74,-0.42298,27.07960,1,25,0,0.833,6.999
8961,358.440,75,-0.30422,29.49968,0,25,0,1.893,
8962,358.480,71,0.78366,11.46232,1,27,0,0.866,6.999
8962,358.480,74,-0.43120,27.10754,1,25,0,0.852,6.999
8962,358.480,75,-0.31157,29.75762,0,25,0,0.852,
8963,358.520,71,0.78232,11.40978,1,27,0,0.764,6.999
8963,358.520,74,-0.42125,26.97537,1,25,0,1.008,6.999
8963,358.520,75,-0.30686,29.49166,0,25,0,1.008,
8964,358.560,71,0.77730,11.36553,1,27,0,0.845,6.999
8964,358.560,74,-0.43547,26.87725,1,24,0,0.742,6.999
8964,358.560,75,-0.26602,28.96110,0,24,0,0.742,
8965,358.600,71,0.77805,11.31412,1,27,0,0.888,6.999
8965,358.600,74,-0.44556,26.76481,1,25,0,0.997,6.999
8965,358.600,75,-0.26797,29.48266,0,25,0,1.672,
8966,358.640,71,0.78118,11.25811,1,27,0,0.824,6.999
8966,358.640,74,-0.43932,26.70910,1,26,0,0.783,6.999
8967,358.680,71,0.77643,11.21950,1,27,0,0.752,6.999
8967,358.680,74,-0.44949,26.73845,1,25,0,0.951,6.999
8968,358.720,71,0.77129,11.17934,1,27,0,0.771,6.999
8968,358.720,74,-0.45390,26.54177,1,27,0,0.763,6.999
8969,358.760,71,0.77482,11.12934,1,27,0,0.907,6.999
8969,358.760,74,-0.45334,26.58570,1,25,0,0.904,6.999
8970,358.800,71,0.77352,11.07425,1,27,0,0.736,6.999
8970,358.800,74,-0.44820,26.44258,1,24,0,0.797,6.999
8971,358.840,71,0.76899,11.03370,1,27,0,0.800,6.999
8971,358.840,74,-0.45784,26.41875,1,26,0,0.848,6.999
8972,358.880,71,0.76908,10.98760,1,27,0,0.825,6.999
8972,358.880,74,-0.46573,26.28244,1,25,0,1.068,6.999
8973,358.920,71,0.76382,10.94466,1,26,0,0.759,6.999
8973,358.920,74,-0.45984,26.26622,1,26,0,0.988,6.999
8973,358.920,75,-0.21626,28.42915,0,26,0,0.988,
8974,358.960,71,0.76825,10.89558,1,27,0,0.773,6.999
8974,358.960,74,-0.47003,26.13091,1,26,0,1.037,6.999
8974,358.960,75,-0.21937,28.12866,0,26,0,1.067,
8975,359.000,71,0.76274,10.84425,1,27,0,0.745,6.999
8975,359.000,74,-0.47571,26.02965,1,26,0,0.787,6.999
8975,359.000,75,-0.23058,28.05942,0,26,0,0.787,
8976,359.040,71,0.75882,10.79816,1,27,0,0.831,6.999
8976,359.040,74,-0.47471,25.89535,1,26,0,1.051,6.999
8976,359.040,75,-0.24709,28.12112,0,26,0,1.051,
8977,359.080,71,0.75375,10.74985,1,27,0,0.848,6.999
8977,359.080,74,-0.48278,25.87220,1,26,0,0.895,6.999
8977,359.080,75,-0.24738,27.96956,0,26,0,0.895,
8978,359.120,71,0.75463,10.70143,1,27,17,0.675,13.724
8978,359.120,74,-0.47485,25.90465,1,26,0,1.034,6.999
8978,359.120,75,-0.24766,27.92259,0,26,0,1.034,
8979,359.160,71,0.75446,10.65348,1,29,0,0.881,6.999
8979,359.160,74,-0.48644,25.72034,1,26,0,0.963,6.999
8979,359.160,75,-0.27345,27.97839,0,26,0,0.963,
8980,359.200,71,0.74971,10.60876,1,28,0,0.918,6.999
8980,359.200,74,-0.48565,25.70616,1,26,0,0.874,6.999
8980,359.200,75,-0.30768,27.98957,0,26,0,0.874,
8981,359.240,71,0.74842,10.56384,1,27,0,0.873,6.999
8981,359.240,74,-0.48174,25.58276,1,27,0,1.001,6.999
8981,359.240,75,-0.32068,27.94017,0,27,0,1.001,
8982,359.280,71,0.75107,10.52380,1,28,0,0.735,6.999
8982,359.280,74,-0.50086,25.55217,1,25,0,0.814,6.999
8982,359.280,75,-0.34721,27.97035,0,25,0,0.814,
8983,359.320,71,0.74575,10.46639,1,28,0,0.727,6.999
8983,359.320,74,-0.49678,25.41967,1,25,0,1.017,6.999
8984,359.360,71,0.74190,10.42355,1,29,0,0.824,6.999
8984,359.360,74,-0.49771,25.39174,1,26,0,0.719,6.999
8985,359.400,71,0.73470,10.37595,1,28,0,0.846,6.999
8985,359.400,74,-0.51418,25.29277,1,27,0,1.093,6.999
8986,359.440,71,0.74234,10.33195,1,28,0,0.763,6.999
8986,359.440,74,-0.50212,25.21907,1,26,0,0.763,6.999
8987,359.480,71,0.73464,10.28098,1,29,0,0.805,6.999
8987,359.480,74,-0.51789,25.11942,1,27,0,1.078,6.999
8987,359.480,75,-0.43956,27.95626,0,27,0,1.078,
8988,359.520,71,0.72945,10.23420,1,28,0,0.827,6.999
8988,359.520,74,-0.51170,25.06271,1,27,0,0.916,6.999
8988,359.520,75,-0.47349,27.92385,0,27,0,0.915,
8989,359.560,71,0.73390,10.19701,1,29,0,0.810,6.999
8989,359.560,74,-0.51117,25.08497,1,27,0,1.058,6.999
8990,359.600,71,0.73090,10.15658,1,29,0,0.893,6.999
8990,359.600,74,-0.51988,24.92733,1,28,0,0.914,6.999
8991,359.640,71,0.73157,10.10571,1,29,18,0.667,11.711
8991,359.640,74,-0.52075,24.91432,1,27,0,0.716,6.999
8992,359.680,71,0.72761,10.06228,1,29,0,0.839,6.999
8992,359.680,74,-0.52631,24.76080,1,27,0,0.981,6.999
8993,359.720,71,0.72286,10.01796,1,29,0,0.858,15.085
8993,359.720,74,-0.51507,24.80196,1,28,0,1.042,6.999
8993,359.720,75,-0.64068,28.43456,0,28,0,1.042,
8994,359.760,71,0.72176,9.97378,1,29,15,0.663,14.385
8994,359.760,74,-0.52606,24.61617,1,27,0,0.937,6.999
8994,359.760,75,-0.64271,28.34352,0,27,0,0.937,
8995,359.800,71,0.71831,9.92695,1,29,30,0.596,11.822
8995,359.800,74,-0.52800,24.60417,1,28,0,0.812,6.999
8995,359.800,75,-0.64323,28.36550,0,28,0,0.812,
8996,359.840,71,0.71499,9.88306,1,29,0,0.826,6.999
8996,359.840,74,-0.54108,24.44596,1,28,0,0.843,6.999
8996,359.840,75,-0.65193,28.53031,0,28,0,0.843,
8997,359.880,71,0.71410,9.83200,1,29,30,0.666,11.950
8997,359.880,74,-0.53852,24.45961,1,29,0,0.801,6.999
8997,359.880,75,-0.66393,28.56770,0,144,0,16.045,
8998,359.920,71,0.71578,9.80963,1,30,21,0.739,17.582
8998,359.920,74,-0.53982,24.37713,1,28,0,0.895,6.999
8998,359.920,75,-0.67707,28.55038,0,28,0,1.889,
8999,359.960,71,0.71470,9.77849,1,30,32,0.739,16.448
8999,359.960,74,-0.54283,24.30976,1,29,0,0.843,6.999
8999,359.960,75,-0.67743,28.57124,0,164,0,16.505,
9000,360.000,71,0.70794,9.72889,1,30,22,0.789,16.564
9000,360.000,74,-0.55564,24.20540,1,28,0,0.955,6.999
9000,360.000,75,-0.70107,28.76114,0,28,0,1.836,
9001,360.040,71,0.70344,9.65682,1,30,31,0.584,11.722
9001,360.040,74,-0.54557,24.16198,1,29,0,0.864,6.999
9001,360.040,75,-0.71307,28.77010,0,152,0,16.743,
9000,360.000,78,-0.39679,31.27542,1,23,0,0.641,6.999
9001,360.040,78,-0.43429,32.00252,0,152,0,16.743,
9002,360.080,71,0.70532,9.61613,1,30,25,0.651,14.663
9002,360.080,74,-0.55740,24.11410,1,28,0,0.902,6.999
9002,360.080,75,-0.72609,28.75486,0,160,0,15.762,
9003,360.120,71,0.70246,9.56917,1,30,17,0.657,9.717
9003,360.120,74,-0.55532,24.00810,1,28,0,0.864,6.999
9003,360.120,75,-0.76755,28.75872,0,187,0,17.272,
9004,360.160,71,0.69909,9.52888,1,30,0,0.735,6.999
9004,360.160,74,-0.56148,23.91231,1,28,0,0.997,6.999
9004,360.160,75,-0.80605,28.76454,0,182,0,17.791,
9005,360.200,71,0.69362,9.48353,1,30,0,0.788,11.381
9005,360.200,74,-0.55763,23.86293,1,28,0,0.884,6.999
9005,360.200,75,-0.82084,28.78737,0,28,0,0.884,
9006,360.240,71,0.69360,9.44470,1,31,0,0.784,6.999
9006,360.240,74,-0.55367,23.80215,1,28,0,0.850,6.999
9007,360.280,71,0.69364,9.40741,1,30,0,0.851,6.999
9007,360.280,74,-0.56096,23.72812,1,28,0,0.834,6.999
9007,360.280,75,-0.92397,28.64709,0,100,0,20.298,
9008,360.320,71,0.69153,9.37358,1,30,13,0.744,12.527
9008,360.320,74,-0.56782,23.65694,1,30,0,0.755,6.999
9009,360.360,71,0.68895,9.32217,1,31,27,0.570,11.160
9009,360.360,74,-0.56668,23.57121,1,28,0,0.909,6.999
9010,360.400,71,0.68532,9.28841,1,31,13,0.766,12.450
9010,360.400,74,-0.57396,23.50437,1,29,0,0.829,6.999
9011,360.440,71,0.68297,9.23552,1,30,0,0.840,6.999
9011,360.440,74,-0.57100,23.44047,1,29,0,0.938,6.999
9012,360.480,71,0.68149,9.19713,1,30,0,0.705,6.999
9012,360.480,74,-0.57931,23.37286,1,29,0,0.846,6.999
9013,360.520,71,0.67915,9.15285,1,30,0,0.795,6.999
9013,360.520,74,-0.57363,23.30076,1,29,0,0.958,6.999
9014,360.560,71,0.67629,9.10150,1,31,0,0.859,6.999
9014,360.560,74,-0.57458,23.21577,1,30,0,0.861,6.999
9015,360.600,71,0.67422,9.06462,1,31,0,0.703,6.999
9015,360.600,74,-0.58275,23.16160,1,30,0,0.975,6.999
9016,360.640,71,0.67055,9.02313,1,31,0,0.708,6.999
9016,360.640,74,-0.58602,23.07180,1,29,0,0.866,6.999
9017,360.680,71,0.66658,8.97663,1,31,0,0.664,6.999
9017,360.680,74,-0.58616,22.99154,1,30,0,0.887,6.999
9018,360.720,71,0.66227,8.93585,1,31,0,0.665,14.880
9018,360.720,74,-0.58799,23.00023,1,28,0,0.897,6.999
9019,360.760,71,0.66059,8.89823,1,31,0,0.778,6.999
9019,360.760,74,-0.58843,22.85574,1,30,0,0.908,6.999
9020,360.800,71,0.66443,8.86860,1,32,13,0.835,13.933
9020,360.800,74,-0.60228,22.85410,1,29,0,0.904,6.999
9021,360.840,71,0.65987,8.81819,1,32,0,0.731,6.999
9021,360.840,74,-0.59069,22.71449,1,30,0,0.900,6.999
9022,360.880,71,0.65714,8.79260,1,32,20,0.771,14.360
9022,360.880,74,-0.59222,22.66741,1,29,0,0.927,6.999
9023,360.920,71,0.65676,8.75408,1,32,23,0.843,13.696
9023,360.920,74,-0.59481,22.56193,1,30,0,0.866,6.999
9024,360.960,71,0.65502,8.71172,1,32,31,0.573,13.973
9024,360.960,74,-0.59543,22.48584,1,29,0,1.027,6.999
9025,361.000,71,0.65678,8.67208,1,32,36,0.742,14.142
9025,361.000,74,-0.59878,22.44179,1,30,0,0.888,6.999
9026,361.040,71,0.65289,8.62670,1,32,38,0.663,14.060
9026,361.040,74,-0.59776,22.35454,1,30,0,1.045,6.999
9027,361.080,71,0.65029,8.58542,1,32,26,0.730,13.707
9027,361.080,74,-0.60014,22.30277,1,31,0,0.737,6.999
9028,361.120,71,0.64242,8.54302,1,33,26,0.807,13.174
9028,361.120,74,-0.61138,22.23408,1,30,0,1.005,6.999
9029,361.160,71,0.64213,8.48885,1,33,24,0.602,13.609
9029,361.160,74,-0.61114,22.17907,1,32,0,0.781,6.999
9030,361.200,71,0.64011,8.46620,1,33,27,0.743,13.852
9030,361.200,74,-0.61207,22.09404,1,30,0,1.024,6.999
9031,361.240,71,0.64094,8.41902,1,34,26,0.714,14.380
9031,361.240,74,-0.61339,22.05050,1,32,0,0.801,6.999
9032,361.280,71,0.63804,8.39414,1,34,29,0.803,13.353
9032,361.280,74,-0.62446,21.94470,1,31,0,0.934,6.999
9033,361.320,71,0.63775,8.36025,1,34,27,1.157,14.265
9033,361.320,74,-0.61486,21.90699,1,31,0,0.729,6.999
9034,361.360,71,0.63778,8.35169,1,33,40,1.511,7.244
9034,361.360,74,-0.62683,21.80649,1,31,0,0.898,6.999
9035,361.400,71,0.63403,8.31737,1,32,43,1.834,7.527
9035,361.400,74,-0.61692,21.78081,1,31,0,0.749,6.999
9036,361.440,71,0.63722,8.27423,1,30,12,2.714,12.713
9036,361.440,74,-0.61968,21.67115,1,32,0,0.854,6.999
9037,361.480,71,0.61131,8.18954,1,53,16,2.606,12.414
9037,361.480,74,-0.62929,21.65204,1,31,0,0.817,6.999
9038,361.520,71,0.64222,8.15052,1,54,0,2.930,6.999
9038,361.520,74,-0.62172,21.54695,1,32,0,0.874,6.999
9039,361.560,71,0.62282,8.11344,1,53,27,2.371,12.428
9039,361.560,74,-0.62257,21.55322,1,31,0,0.943,6.999
9040,361.600,71,0.61104,7.99352,1,27,0,1.199,13.532
9040,361.600,74,-0.62355,21.42021,1,31,0,0.874,6.999
9041,361.640,71,0.61248,7.95717,1,56,0,1.836,4.153
9041,361.640,74,-0.63411,21.34606,1,31,0,0.970,6.999
9042,361.680,71,0.62042,7.92556,1,41,0,1.808,6.999
9042,361.680,74,-0.62553,21.29831,1,31,0,0.894,6.999
9043,361.720,71,0.60946,7.91550,1,44,34,1.047,5.968
9043,361.720,74,-0.62737,21.23013,1,32,0,0.984,6.999
9044,361.760,71,0.61321,7.91088,1,34,34,0.905,13.774
9044,361.760,74,-0.62718,21.16087,1,32,0,0.880,6.999
9045,361.800,71,0.60350,7.86692,1,33,72,0.502,3.901
9045,361.800,74,-0.63155,21.06352,1,32,0,0.934,6.999
9046,361.840,71,0.60315,7.81345,1,38,56,0.527,9.983
9046,361.840,74,-0.63956,21.09354,1,32,0,0.925,6.999
9047,361.880,71,0.59998,7.78919,1,39,48,0.549,12.605
9047,361.880,74,-0.63346,20.94188,1,32,0,0.918,6.999
9048,361.920,71,0.60004,7.75981,1,35,45,0.824,13.020
9048,361.920,74,-0.63483,20.91862,1,32,0,0.953,6.999
9049,361.960,71,0.59141,7.70158,1,36,0,0.726,6.999
9049,361.960,74,-0.63415,20.81325,1,32,0,0.878,6.999
9050,362.000,71,0.59403,7.66548,1,36,22,0.761,21.362
9050,362.000,74,-0.63731,20.77653,1,32,0,0.905,6.999
9051,362.040,71,0.59228,7.65228,1,35,31,0.879,15.546
9051,362.040,74,-0.63829,20.69893,1,32,0,0.723,6.999
9052,362.080,71,0.59194,7.60349,1,37,33,0.799,13.535
9052,362.080,74,-0.64872,20.60470,1,33,0,0.944,6.999
9053,362.120,71,0.58436,7.55941,1,36,32,0.634,12.340
9053,362.120,74,-0.64084,20.57214,1,32,0,0.911,6.999
9054,362.160,71,0.58152,7.53294,1,36,37,0.834,13.517
9054,362.160,74,-0.64758,20.50718,1,32,0,0.903,6.999
9055,362.200,71,0.58264,7.49079,1,36,35,0.794,13.602
9055,362.200,74,-0.64587,20.49852,1,32,0,0.945,6.999
9056,362.240,71,0.57640,7.44750,1,36,40,0.670,14.195
9056,362.240,74,-0.65410,20.35645,1,33,0,0.822,6.999
9057,362.280,71,0.57409,7.42299,1,36,40,0.826,14.190
9057,362.280,74,-0.65200,20.29952,1,33,0,0.854,6.999
9058,362.320,71,0.57157,7.37980,1,36,44,0.624,13.842
9058,362.320,74,-0.66273,20.24016,1,33,0,0.809,6.999
9059,362.360,71,0.57181,7.34778,1,37,48,0.872,14.257
9059,362.360,74,-0.65949,20.16681,1,33,0,0.862,6.999
9060,362.400,71,0.56862,7.30545,1,36,47,0.666,13.332
9060,362.400,74,-0.66485,20.11989,1,33,0,0.821,6.999
9061,362.440,71,0.56583,7.27652,1,36,48,0.898,14.288
9061,362.440,74,-0.66096,20.02027,1,34,0,0.894,6.999
9062,362.480,71,0.56564,7.23812,1,35,48,0.882,14.915
9062,362.480,74,-0.65491,19.99261,1,33,0,0.847,6.999
9063,362.520,71,0.56427,7.20674,1,36,46,0.874,14.862
9063,362.520,74,-0.65651,19.90946,1,33,0,0.893,6.999
9064,362.560,71,0.55635,7.16839,1,36,49,0.844,14.874
9064,362.560,74,-0.66581,19.82714,1,33,0,0.921,6.999
9065,362.600,71,0.55257,7.12259,1,37,49,0.670,13.814
9065,362.600,74,-0.65968,19.79646,1,33,0,0.888,6.999
9066,362.640,71,0.55268,7.09578,1,37,49,0.798,14.420
9066,362.640,74,-0.66297,19.69561,1,34,0,0.958,6.999
9067,362.680,71,0.54889,7.05652,1,36,48,0.825,14.281
9067,362.680,74,-0.66237,19.67168,1,34,0,0.894,6.999
9068,362.720,71,0.54638,7.02108,1,36,47,0.791,14.566
9068,362.720,74,-0.66542,19.58545,1,33,0,0.964,6.999
9069,362.760,71,0.54137,6.98945,1,37,50,0.879,14.344
9069,362.760,74,-0.67179,19.50927,1,33,0,0.956,6.999
9070,362.800,71,0.54102,6.94969,1,37,46,0.923,14.190
9070,362.800,74,-0.66504,19.47205,1,34,0,0.959,6.999
9071,362.840,71,0.53654,6.91679,1,37,50,0.977,14.060
9071,362.840,74,-0.66981,19.37087,1,32,0,0.986,6.999
9072,362.880,71,0.53428,6.88139,1,38,43,0.879,14.253
9072,362.880,74,-0.67638,19.34437,1,34,0,0.911,6.999
9073,362.920,71,0.53136,6.84128,1,40,35,1.060,14.044
9073,362.920,74,-0.67729,19.27217,1,34,0,1.010,6.999
9074,362.960,71,0.52804,6.81258,1,40,46,0.992,13.417
9074,362.960,74,-0.67775,19.20935,1,34,0,0.833,6.999
9075,363.000,71,0.52564,6.78263,1,37,40,0.763,14.497
9075,363.000,74,-0.67188,19.13944,1,34,0,0.916,6.999
9076,363.040,71,0.52238,6.74928,1,41,38,1.022,14.254
9076,363.040,74,-0.68133,19.09246,1,36,0,0.891,6.999
9077,363.080,71,0.51667,6.70709,1,49,40,1.056,14.341
9077,363.080,74,-0.67963,19.00115,1,34,0,0.784,6.999
9078,363.120,71,0.51389,6.70227,1,63,40,1.451,12.941
9078,363.120,74,-0.69091,18.96270,1,34,0,1.025,6.999
9079,363.160,71,0.50199,6.66204,1,60,45,1.790,13.856
9079,363.160,74,-0.68968,18.89775,1,36,0,0.919,6.999
9080,363.200,71,0.49960,6.61810,1,59,34,1.907,14.068
9080,363.200,74,-0.67836,18.82348,1,34,0,0.897,6.999
9081,363.240,71,0.49720,6.56299,1,60,50,2.053,10.344
9081,363.240,74,-0.69101,18.76134,1,36,0,0.961,6.999
9082,363.280,71,0.50083,6.54424,1,59,49,1.799,13.415
9082,363.280,74,-0.69225,18.71089,1,34,0,0.915,6.999
9083,363.320,71,0.51564,6.52924,1,52,52,1.991,13.548
9083,363.320,74,-0.68343,18.62396,1,35,0,0.931,6.999
9084,363.360,71,0.49826,6.49135,1,45,50,1.978,14.430
9084,363.360,74,-0.69327,18.59801,1,36,0,0.900,6.999
9085,363.400,71,0.48932,6.46874,1,40,45,2.154,13.403
9085,363.400,74,-0.68325,18.51034,1,36,0,0.836,6.999
9086,363.440,71,0.49178,6.38462,1,37,0,1.444,19.358
9086,363.440,74,-0.69506,18.46439,1,36,0,0.982,6.999
9087,363.480,71,0.49333,6.38456,1,59,49,2.063,11.005
9087,363.480,74,-0.69715,18.40789,1,36,0,0.826,6.999
9088,363.520,71,0.48943,6.35712,1,43,56,1.447,7.833
9088,363.520,74,-0.68765,18.31432,1,36,0,0.843,6.999
9089,363.560,71,0.48355,6.29210,1,43,72,0.668,5.447
9089,363.560,74,-0.69832,18.29044,1,36,0,0.943,6.999
9090,363.600,71,0.48740,6.27522,1,47,72,0.675,5.121
9090,363.600,74,-0.69961,18.21326,1,37,0,0.857,6.999
9091,363.640,71,0.48625,6.26841,1,58,72,0.778,8.149
9091,363.640,74,-0.69912,18.12875,1,36,0,0.880,6.999
9092,363.680,71,0.48187,6.23992,1,53,72,0.998,8.368
9092,363.680,74,-0.70119,18.09180,1,36,0,0.934,6.999
9093,363.720,71,0.47776,6.22726,1,45,72,1.106,8.445
9093,363.720,74,-0.70257,18.02232,1,37,0,0.897,6.999
9094,363.760,71,0.46992,6.15630,1,41,52,1.215,13.778
9094,363.760,74,-0.70222,17.94223,1,36,0,0.836,6.999
9095,363.800,71,0.46560,6.12710,1,40,40,1.228,13.450
9095,363.800,74,-0.70387,17.91735,1,37,0,0.916,6.999
9096,363.840,71,0.46098,6.08860,1,39,47,0.877,12.199
9096,363.840,74,-0.70429,17.83367,1,37,0,0.897,6.999
9097,363.880,71,0.45794,6.06633,1,40,33,1.268,15.732
9097,363.880,74,-0.70600,17.77102,1,37,0,0.863,6.999
9098,363.920,71,0.45724,6.04926,1,41,43,1.296,15.435
9098,363.920,74,-0.70659,17.72703,1,37,0,0.937,6.999
9099,363.960,71,0.45215,6.00051,1,39,34,1.086,13.861
9099,363.960,74,-0.70673,17.65335,1,38,0,0.860,6.999
9100,364.000,71,0.44983,5.95638,1,41,26,1.064,10.730
9100,364.000,74,-0.70815,17.58355,1,37,0,0.870,6.999
9101,364.040,71,0.44585,5.91794,1,39,29,0.741,10.491
9101,364.040,74,-0.70956,17.53241,1,38,0,0.918,6.999
9102,364.080,71,0.44315,5.88926,1,40,28,0.854,11.449
9102,364.080,74,-0.70896,17.46889,1,38,0,0.919,6.999
9103,364.120,71,0.44137,5.87360,1,40,37,1.019,11.949
9103,364.120,74,-0.71133,17.40381,1,36,0,0.893,6.999
9104,364.160,71,0.43757,5.83895,1,40,40,0.915,12.743
9104,364.160,74,-0.70931,17.34763,1,38,0,0.942,6.999
9105,364.200,71,0.43659,5.80854,1,41,47,0.969,12.223
9105,364.200,74,-0.71252,17.30016,1,38,0,0.875,6.999
9106,364.240,71,0.43378,5.78234,1,41,45,0.932,12.569
9106,364.240,74,-0.71349,17.22659,1,38,0,0.914,6.999
9107,364.280,71,0.43068,5.74450,1,40,37,1.056,12.911
9107,364.280,74,-0.71221,17.17440,1,38,0,0.995,6.999
9108,364.320,71,0.42614,5.72169,1,41,39,0.965,12.214
9108,364.320,74,-0.71555,17.12465,1,38,0,0.930,6.999
9109,364.360,71,0.42373,5.69132,1,41,38,0.829,12.815
9109,364.360,74,-0.71646,17.04780,1,39,0,0.928,6.999
9110,364.400,71,0.42045,5.66448,1,41,47,0.869,11.908
9110,364.400,74,-0.71488,16.99013,1,38,0,1.003,6.999
9111,364.440,71,0.41706,5.62136,1,42,41,0.705,10.280
9111,364.440,74,-0.71575,16.93727,1,38,0,0.982,6.999
9112,364.480,71,0.41311,5.60179,1,41,23,1.080,12.300
9112,364.480,74,-0.71695,16.87104,1,39,0,0.931,6.999
9113,364.520,71,0.41101,5.56661,1,41,37,0.825,10.458
9113,364.520,74,-0.71774,16.81301,1,39,0,0.978,6.999
9114,364.560,71,0.40625,5.53806,1,41,36,0.853,11.098
9114,364.560,74,-0.70952,16.76130,1,39,0,0.871,6.999
9115,364.600,71,0.40519,5.50852,1,43,46,0.760,9.935
9115,364.600,74,-0.71597,16.69634,1,40,0,0.839,6.999
9116,364.640,71,0.40207,5.48048,1,42,40,0.729,11.141
9116,364.640,74,-0.72002,16.63713,1,39,0,1.019,6.999
9117,364.680,71,0.39913,5.44217,1,42,33,0.763,9.809
9117,364.680,74,-0.71279,16.59888,1,40,0,0.843,6.999
9118,364.720,71,0.39777,5.41897,1,43,36,0.682,10.117
9118,364.720,74,-0.71782,16.53301,1,40,0,0.910,6.999
9119,364.760,71,0.39369,5.39053,1,42,38,0.640,10.780
9119,364.760,74,-0.71780,16.45867,1,39,0,0.845,6.999
9120,364.800,71,0.39114,5.36742,1,42,39,0.634,10.374
9120,364.800,74,-0.71462,16.41351,1,40,0,0.869,6.999
9121,364.840,71,0.38748,5.33330,1,42,36,0.749,10.213
9121,364.840,74,-0.71770,16.35496,1,40,0,0.870,6.999
9122,364.880,71,0.38279,5.29882,1,42,33,0.802,9.723
9122,364.880,74,-0.72077,16.29715,1,40,0,0.843,6.999
9123,364.920,71,0.38240,5.27859,1,43,39,0.716,10.134
9123,364.920,74,-0.71626,16.21551,1,21,0,0.861,6.999
9124,364.960,71,0.37888,5.24551,1,44,36,0.758,9.932
9124,364.960,74,-0.71997,16.17868,1,40,0,0.921,6.999
9125,365.000,71,0.37625,5.21915,1,45,35,0.727,9.706
9125,365.000,74,-0.71688,16.11620,1,21,0,0.927,6.999
9126,365.040,71,0.37536,5.19635,1,44,25,0.665,9.960
9126,365.040,74,-0.71798,16.05633,1,21,0,0.902,6.999
9127,365.080,71,0.36991,5.16836,1,44,26,0.777,8.737
9127,365.080,74,-0.72261,16.01454,1,40,0,0.961,6.999
9128,365.120,71,0.36764,5.14031,1,43,33,0.700,9.618
9128,365.120,74,-0.71951,15.95571,1,21,0,0.963,6.999
9129,365.160,71,0.36360,5.11081,1,43,17,0.824,8.944
9129,365.160,74,-0.72226,15.88157,1,40,0,0.970,6.999
9130,365.200,71,0.36314,5.08504,1,44,33,0.630,8.417
9130,365.200,74,-0.72165,15.81785,1,21,0,0.963,6.999
9131,365.240,71,0.35973,5.05935,1,44,31,0.690,9.955
9131,365.240,74,-0.72124,15.78657,1,21,0,0.992,6.999
9132,365.280,71,0.35729,5.03145,1,44,35,0.803,8.850
9132,365.280,74,-0.72788,15.72297,1,21,0,1.000,6.999
9133,365.320,71,0.35417,5.00343,1,44,33,0.804,9.242
9133,365.320,74,-0.71492,15.65502,1,21,0,0.770,6.999
9134,365.360,71,0.35047,4.97382,1,44,29,0.765,9.549
9134,365.360,74,-0.72327,15.59297,1,21,0,0.948,6.999
9135,365.400,71,0.34672,4.94696,1,44,38,0.769,8.443
9135,365.400,74,-0.72243,15.54387,1,21,0,0.894,6.999
9136,365.440,71,0.34534,4.91472,1,45,47,0.783,8.369
9136,365.440,74,-0.72025,15.48969,1,22,0,0.796,6.999
9137,365.480,71,0.34255,4.89196,1,45,45,0.757,8.387
9137,365.480,74,-0.72444,15.42433,1,21,0,0.763,6.999
9138,365.520,71,0.33970,4.86623,1,46,49,0.871,8.550
9138,365.520,74,-0.72883,15.37898,1,21,0,0.840,6.999
9139,365.560,71,0.33602,4.83974,1,46,33,0.876,8.800
9139,365.560,74,-0.71659,15.33854,1,22,0,0.973,6.999
9140,365.600,71,0.33337,4.81816,1,45,42,0.759,8.389
9140,365.600,74,-0.72523,15.27127,1,21,0,0.988,6.999
9141,365.640,71,0.33122,4.79938,1,45,24,0.757,10.108
9141,365.640,74,-0.72486,15.21444,1,21,0,0.930,6.999
9142,365.680,71,0.32810,4.76339,1,45,33,0.858,8.245
9142,365.680,74,-0.72797,15.15435,1,22,0,0.887,6.999
9143,365.720,71,0.32572,4.74010,1,45,32,0.824,7.553
9143,365.720,74,-0.72540,15.11697,1,21,0,0.948,6.999
9144,365.760,71,0.32386,4.71744,1,47,26,0.799,6.691
9144,365.760,74,-0.71440,15.06848,1,22,0,0.791,6.999
9145,365.800,71,0.32333,4.68612,1,47,44,0.961,9.268
9145,365.800,74,-0.72845,14.98224,1,21,0,0.663,6.999
9146,365.840,71,0.31741,4.65798,1,46,44,0.834,8.763
9146,365.840,74,-0.71964,14.92381,1,22,0,0.941,6.999
9147,365.880,71,0.31534,4.64478,1,47,0,0.846,6.999
9147,365.880,74,-0.72775,14.89750,1,22,0,0.810,6.999
9148,365.920,71,0.31229,4.61200,1,47,40,0.844,8.885
9148,365.920,74,-0.71976,14.83575,1,22,0,0.792,6.999
9149,365.960,71,0.31036,4.59504,1,50,0,0.946,6.999
9149,365.960,74,-0.71859,14.76698,1,21,0,0.883,6.999
9150,366.000,71,0.30615,4.55864,1,49,41,0.920,7.715
9150,366.000,74,-0.72620,14.72744,1,22,0,0.918,6.999
9151,366.040,71,0.30248,4.54671,1,48,0,0.890,9.553
9151,366.040,74,-0.71530,14.66322,1,22,0,0.953,6.999
9152,366.080,71,0.29861,4.51684,1,48,21,0.801,6.578
9152,366.080,74,-0.72287,14.61649,1,22,0,0.875,6.999
9153,366.120,71,0.29682,4.49425,1,49,15,0.981,5.832
9153,366.120,74,-0.72269,14.55911,1,22,0,0.977,6.999
9154,366.160,71,0.29417,4.47691,1,49,21,0.848,7.219
9154,366.160,74,-0.71925,14.50312,1,22,0,0.897,6.999
9155,366.200,71,0.28956,4.44948,1,49,37,0.757,8.199
9155,366.200,74,-0.72500,14.44256,1,22,0,0.983,6.999
9156,366.240,71,0.28848,4.42282,1,50,21,0.977,7.012
9156,366.240,74,-0.72163,14.40425,1,22,0,0.979,6.999
9157,366.280,71,0.28569,4.40785,1,48,34,0.705,8.255
9157,366.280,74,-0.71971,14.35101,1,22,0,0.792,6.999
9158,366.320,71,0.28311,4.38685,1,48,23,1.329,9.831
9158,366.320,74,-0.71758,14.29138,1,22,0,0.926,6.999
9159,366.360,71,0.27942,4.35801,1,50,24,0.923,8.384
9159,366.360,74,-0.72453,14.23470,1,23,0,0.879,6.999
9160,366.400,71,0.27717,4.33850,1,49,43,0.765,9.330
9160,366.400,74,-0.72317,14.18740,1,23,0,0.844,6.999
9161,366.440,71,0.27209,4.31360,1,50,36,0.878,8.659
9161,366.440,74,-0.72395,14.13567,1,23,0,0.926,6.999
9162,366.480,71,0.26881,4.29280,1,50,41,0.858,8.947
9162,366.480,74,-0.71955,14.07101,1,23,0,0.854,6.999
9163,366.520,71,0.26714,4.27421,1,49,29,1.150,9.456
9163,366.520,74,-0.72409,14.02046,1,23,0,0.851,6.999
9164,366.560,71,0.26502,4.25120,1,50,38,0.975,9.261
9164,366.560,74,-0.72110,13.96134,1,23,0,0.949,6.999
9165,366.600,71,0.26088,4.23561,1,50,27,1.312,10.362
9165,366.600,74,-0.72388,13.91305,1,23,0,0.936,6.999
9166,366.640,71,0.25780,4.20502,1,49,46,0.904,9.309
9166,366.640,74,-0.71302,13.85754,1,23,0,0.923,6.999
9167,366.680,71,0.25543,4.18655,1,50,48,0.896,9.932
9167,366.680,74,-0.71803,13.80953,1,23,0,0.958,6.999
9168,366.720,71,0.24943,4.16496,1,50,46,0.748,9.268
9168,366.720,74,-0.72828,13.75473,1,23,0,0.942,6.999
9169,366.760,71,0.24757,4.14473,1,51,47,0.820,10.052
9169,366.760,74,-0.71640,13.70043,1,23,0,0.976,6.999
9170,366.800,71,0.24525,4.12289,1,51,49,0.878,10.155
9170,366.800,74,-0.72058,13.64795,1,23,0,0.805,6.999
9171,366.840,71,0.24112,4.10802,1,51,51,0.938,10.544
9171,366.840,74,-0.71671,13.60346,1,23,24,0.647,13.390
9172,366.880,71,0.23774,4.08268,1,51,53,0.902,10.526
9172,366.880,74,-0.71823,13.54262,1,24,0,0.963,6.999
9173,366.920,71,0.23565,4.06310,1,52,54,0.903,10.264
9173,366.920,74,-0.71929,13.49880,1,24,0,0.867,6.999
9174,366.960,71,0.23254,4.04304,1,50,55,0.843,10.610
9174,366.960,74,-0.71728,13.45500,1,24,0,0.919,6.999
9175,367.000,71,0.22945,4.02521,1,50,58,1.157,10.703
9175,367.000,74,-0.71854,13.39469,1,24,0,0.918,6.999
9176,367.040,71,0.22450,4.00123,1,51,54,0.869,10.395
9176,367.040,74,-0.71916,13.33376,1,24,0,0.939,6.999
9177,367.080,71,0.22067,3.98789,1,51,55,0.887,10.801
9177,367.080,74,-0.71512,13.29587,1,24,0,0.881,6.999
9178,367.120,71,0.21796,3.96407,1,49,54,0.903,10.392
9178,367.120,74,-0.71684,13.23891,1,24,0,0.982,6.999
9179,367.160,71,0.21516,3.94698,1,50,57,1.029,10.582
9179,367.160,74,-0.71954,13.18738,1,24,0,0.902,6.999
9180,367.200,71,0.21023,3.92328,1,50,57,0.856,10.221
9180,367.200,74,-0.71784,13.14779,1,24,0,0.832,6.999
9181,367.240,71,0.20949,3.91037,1,51,45,1.397,10.915
9181,367.240,74,-0.71911,13.08953,1,24,0,0.817,6.999
9182,367.280,71,0.20662,3.89085,1,51,59,1.097,10.421
9182,367.280,74,-0.71931,13.03257,1,24,0,0.890,6.999
9183,367.320,71,0.20456,3.87380,1,51,46,1.458,10.877
9183,367.320,74,-0.72022,12.99001,1,24,0,0.944,6.999
9184,367.360,71,0.19807,3.84901,1,52,53,0.955,10.122
9184,367.360,74,-0.72310,12.93865,1,24,0,0.894,6.999
9185,367.400,71,0.19630,3.83386,1,53,42,1.403,11.423
9185,367.400,74,-0.72146,12.89597,1,24,0,0.913,6.999
9186,367.440,71,0.19116,3.81285,1,51,56,0.864,10.391
9186,367.440,74,-0.72173,12.83800,1,24,0,0.872,6.999
9187,367.480,71,0.18861,3.79836,1,54,53,1.092,11.245
9187,367.480,74,-0.71670,12.78432,1,24,0,0.920,6.999
9188,367.520,71,0.18613,3.77969,1,53,56,1.200,10.862
9188,367.520,74,-0.72135,12.71936,1,24,0,0.692,6.999
9189,367.560,71,0.18318,3.76271,1,52,54,0.925,11.339
9189,367.560,74,-0.71535,12.68399,1,25,0,0.849,6.999
9190,367.600,71,0.17859,3.74485,1,54,57,0.934,10.852
9190,367.600,74,-0.71298,12.62455,1,25,0,0.943,6.999
9191,367.640,71,0.17666,3.73521,1,53,55,1.179,11.589
9191,367.640,74,-0.72005,12.59325,1,24,0,0.909,6.999
9192,367.680,71,0.17416,3.72258,1,52,57,0.996,11.569
9192,367.680,74,-0.71652,12.54209,1,25,0,0.910,6.999
9193,367.720,71,0.16945,3.70182,1,53,58,1.152,11.620
9193,367.720,74,-0.71359,12.48994,1,25,0,0.848,6.999
9194,367.760,71,0.16848,3.69045,1,53,59,1.027,11.625
9194,367.760,74,-0.71629,12.43532,1,25,0,0.926,6.999
9195,367.800,71,0.16291,3.66934,1,56,57,1.155,11.761
9195,367.800,74,-0.71628,12.38263,1,26,0,0.878,6.999
9196,367.840,71,0.16766,3.66210,1,57,58,1.646,11.908
9196,367.840,74,-0.71374,12.33199,1,25,0,0.791,6.999
9197,367.880,71,0.15728,3.63546,1,57,59,1.226,11.797
9197,367.880,74,-0.71071,12.28897,1,25,0,0.851,6.999
9198,367.920,71,0.15618,3.62907,1,65,56,1.990,11.960
9198,367.920,74,-0.71242,12.24106,1,26,0,0.802,6.999
9199,367.960,71,0.15214,3.60872,1,66,57,2.008,11.586
9199,367.960,74,-0.71461,12.19013,1,25,0,0.888,6.999
9200,368.000,71,0.15411,3.59883,1,63,56,2.231,11.514
9200,368.000,74,-0.71360,12.14358,1,25,0,0.942,6.999
9201,368.040,71,0.14593,3.56828,1,67,53,1.663,11.736
9201,368.040,74,-0.71178,12.09471,1,26,0,0.899,6.999
9202,368.080,71,0.14500,3.57063,1,68,55,2.402,11.887
9202,368.080,74,-0.70958,12.04345,1,26,0,0.870,6.999
9203,368.120,71,0.13566,3.52180,1,54,46,2.400,13.357
9203,368.120,74,-0.71068,11.98868,1,26,0,0.888,6.999
9204,368.160,71,0.13000,3.51963,1,62,53,1.478,11.628
9204,368.160,74,-0.71123,11.94567,1,26,0,0.883,6.999
9205,368.200,71,0.12666,3.50717,1,65,57,1.602,11.468
9205,368.200,74,-0.70985,11.90144,1,26,0,0.896,6.999
9206,368.240,71,0.12817,3.48666,1,55,58,1.252,11.451
9206,368.240,74,-0.70718,11.84796,1,25,0,0.938,6.999
9207,368.280,71,0.11469,3.48289,1,69,55,2.085,11.699
9207,368.280,74,-0.71080,11.80232,1,26,0,0.869,6.999
9208,368.320,71,0.10981,3.46363,1,67,56,2.287,11.884
9208,368.320,74,-0.70925,11.75135,1,27,0,0.960,6.999
9209,368.360,71,0.10863,3.44929,1,66,57,1.921,11.432
9209,368.360,74,-0.71172,11.70242,1,27,0,0.935,6.999
9210,368.400,71,0.10701,3.43617,1,69,58,2.050,11.728
9210,368.400,74,-0.70676,11.64800,1,26,0,0.884,6.999
9211,368.440,71,0.10580,3.42918,1,69,60,2.291,10.419
9211,368.440,74,-0.70751,11.61439,1,27,0,0.770,6.999
9212,368.480,71,0.10161,3.35399,1,67,71,2.201,4.919
9212,368.480,74,-0.70748,11.56025,1,26,0,0.827,6.999
9213,368.520,71,0.10443,3.35106,1,74,72,2.497,5.455
9213,368.520,74,-0.70362,11.52189,1,26,0,0.879,6.999
9214,368.560,71,0.10879,3.33726,1,74,72,2.187,7.316
9214,368.560,74,-0.70751,11.46635,1,26,0,0.991,6.999
9215,368.600,71,0.10768,3.33226,1,72,72,1.869,7.702
9215,368.600,74,-0.70701,11.42048,1,27,0,0.869,6.999
9216,368.640,71,0.10509,3.32787,1,87,72,1.778,8.324
9216,368.640,74,-0.70673,11.37825,1,27,0,0.678,6.999
9217,368.680,71,0.10074,3.32187,1,83,72,1.758,9.107
9217,368.680,74,-0.69632,11.33069,1,27,0,0.753,6.999
9218,368.720,71,0.09903,3.31741,1,77,72,2.011,9.689
9218,368.720,74,-0.70276,11.27992,1,27,0,0.856,6.999
9219,368.760,71,0.09974,3.31645,1,76,72,2.665,10.111
9219,368.760,74,-0.70016,11.22724,1,27,0,0.820,6.999
9220,368.800,71,0.09426,3.30828,1,77,72,2.498,10.539
9220,368.800,74,-0.70188,11.16814,1,27,0,0.951,6.999
9221,368.840,71,0.09089,3.30935,1,84,72,3.585,10.829
9221,368.840,74,-0.70220,11.12358,1,27,0,0.805,6.999
9222,368.880,71,0.08881,3.30083,1,85,72,3.685,11.012
9222,368.880,74,-0.69781,11.08115,1,28,0,0.907,6.999
9223,368.920,71,0.08889,3.29173,1,85,72,3.727,10.931
9223,368.920,74,-0.69462,11.04605,1,28,0,0.870,6.999
9224,368.960,71,0.07707,3.27003,1,73,72,2.309,11.206
9224,368.960,74,-0.69571,10.99730,1,28,0,0.890,6.999
9225,369.000,71,0.07443,3.26455,1,77,72,2.466,11.567
9225,369.000,74,-0.69613,10.95047,1,28,0,0.870,6.999
9226,369.040,71,0.07699,3.25672,1,75,72,2.575,11.439
9226,369.040,74,-0.69667,10.90775,1,27,22,0.714,13.843
9227,369.080,71,0.07368,3.24651,1,76,72,2.664,11.505
9227,369.080,74,-0.68823,10.86685,1,28,0,0.822,6.999
9228,369.120,71,0.08699,3.23487,1,84,72,2.517,11.358
9228,369.120,74,-0.69056,10.81962,1,28,0,0.847,6.999
9229,369.160,71,0.08883,3.23089,1,83,72,3.221,11.298
9229,369.160,74,-0.68915,10.76584,1,27,0,0.777,6.999
9230,369.200,71,0.08845,3.22038,1,84,72,3.640,11.489
9230,369.200,74,-0.69039,10.72501,1,28,0,0.870,6.999
9231,369.240,71,0.08609,3.20784,1,90,72,3.890,11.578
9231,369.240,74,-0.69145,10.67658,1,28,0,0.854,6.999
9232,369.280,71,0.08949,3.20459,1,95,72,4.381,11.515
9232,369.280,74,-0.69017,10.62691,1,28,0,1.018,6.999
9233,369.320,71,0.09162,3.20055,1,94,72,4.635,11.466
9233,369.320,74,-0.68711,10.58782,1,28,0,0.902,6.999
9234,369.360,71,0.09312,3.19584,1,97,72,4.779,11.280
9234,369.360,74,-0.69164,10.53547,1,29,0,0.901,6.999
9235,369.400,71,0.06700,3.17288,1,88,72,3.628,11.226
9235,369.400,74,-0.68682,10.49679,1,28,0,0.950,6.999
9236,369.440,71,0.05864,3.13240,1,63,72,1.775,11.131
9236,369.440,74,-0.68890,10.45482,1,28,0,0.865,6.999
9237,369.480,71,0.05521,3.12299,1,64,72,1.886,11.237
9237,369.480,74,-0.68942,10.40609,1,28,0,0.886,6.999
9238,369.520,71,0.05319,3.11202,1,65,72,1.864,11.166
9238,369.520,74,-0.68188,10.36234,1,29,0,0.870,6.999
9239,369.560,71,0.05129,3.10410,1,65,72,1.837,11.222
9239,369.560,74,-0.68019,10.31710,1,29,0,0.822,6.999
9240,369.600,71,0.04815,3.09380,1,64,72,1.918,11.107
9240,369.600,74,-0.68038,10.27492,1,29,0,0.863,6.999
9241,369.640,71,0.04657,3.08410,1,66,72,1.921,11.066
9241,369.640,74,-0.68228,10.23016,1,29,0,0.885,6.999
9242,369.680,71,0.04623,3.07633,1,63,72,1.801,11.054
9242,369.680,74,-0.68364,10.17857,1,29,0,0.875,6.999
9243,369.720,71,0.04362,3.06265,1,63,72,1.716,11.026
9243,369.720,74,-0.67561,10.14236,1,29,20,0.603,12.458
9244,369.760,71,0.04176,3.05431,1,61,72,1.723,10.857
9244,369.760,74,-0.67674,10.09808,1,29,0,0.790,6.999
9245,369.800,71,0.03958,3.04566,1,60,72,1.712,10.960
9245,369.800,74,-0.67884,10.05296,1,29,0,0.806,6.999
9246,369.840,71,0.03876,3.03681,1,61,72,1.761,11.037
9246,369.840,74,-0.67511,10.00628,1,30,0,0.907,6.999
9247,369.880,71,0.03603,3.03009,1,63,72,1.774,11.067
9247,369.880,74,-0.67177,9.96461,1,30,0,0.906,6.999
9248,369.920,71,0.03467,3.02292,1,60,72,1.670,11.011
9248,369.920,74,-0.67052,9.92109,1,30,0,0.839,6.999
9249,369.960,71,0.03205,3.01323,1,63,72,1.748,11.154
9249,369.960,74,-0.66990,9.88057,1,30,0,0.793,6.999
9250,370.000,71,0.03122,3.00644,1,59,72,1.694,11.103
9250,370.000,74,-0.67295,9.84042,1,30,0,0.759,6.999
9251,370.040,71,0.03003,2.99918,1,61,72,1.676,11.051
9251,370.040,74,-0.67035,9.79011,1,31,0,0.929,6.999
9252,370.080,71,0.02845,2.99187,1,62,72,1.692,10.926
9252,370.080,74,-0.66566,9.74907,1,30,0,0.851,6.999
9253,370.120,71,0.02793,2.98642,1,61,72,1.695,10.850
9253,370.120,74,-0.66697,9.70624,1,30,0,0.967,6.999
9254,370.160,71,0.02684,2.98093,1,60,72,1.630,10.795
9254,370.160,74,-0.66415,9.66347,1,30,0,0.900,6.999
9255,370.200,71,0.02520,2.97324,1,60,72,1.671,10.905
9255,370.200,74,-0.66406,9.61982,1,31,0,0.889,6.999
9256,370.240,71,0.02387,2.96764,1,60,72,1.671,10.898
9256,370.240,74,-0.66569,9.58031,1,30,0,0.828,9.900
9257,370.280,71,0.02341,2.96461,1,63,72,1.670,10.908
9257,370.280,74,-0.66294,9.53654,1,30,0,0.786,6.999
9258,370.320,71,0.02274,2.95970,1,65,72,1.658,10.794
9258,370.320,74,-0.66304,9.49683,1,30,0,0.867,6.999
9259,370.360,71,0.02205,2.95629,1,62,72,1.683,10.669
9259,370.360,74,-0.65794,9.44917,1,31,0,0.779,6.999
9260,370.400,71,0.02151,2.95187,1,60,72,1.614,10.681
9260,370.400,74,-0.65871,9.40730,1,31,0,0.782,10.274
9261,370.440,71,0.02010,2.94788,1,60,72,1.665,10.718
9261,370.440,74,-0.65686,9.36818,1,31,0,0.767,6.999
9262,370.480,74,-0.65563,9.32437,1,31,0,0.671,6.999
9263,370.520,74,-0.65612,9.28349,1,32,0,0.699,11.429
9264,370.560,74,-0.65190,9.24176,1,31,0,0.860,12.267
9265,370.600,74,-0.64980,9.20364,1,31,0,0.780,6.999
9266,370.640,74,-0.64960,9.15830,1,32,0,0.709,6.999
9267,370.680,74,-0.64685,9.11809,1,32,0,0.751,6.999
9268,370.720,74,-0.64795,9.09340,1,32,28,0.889,12.749
9269,370.760,74,-0.64535,9.03345,1,32,31,0.613,11.137
9270,370.800,74,-0.64925,9.00036,1,32,0,0.829,12.822
9271,370.840,74,-0.64136,8.95236,1,32,35,0.596,11.076
9272,370.880,74,-0.64444,8.92032,1,33,0,0.743,6.999
9273,370.920,74,-0.64317,8.87392,1,32,38,0.538,10.917
9274,370.960,74,-0.64189,8.83821,1,32,0,0.746,6.999
9275,371.000,74,-0.63742,8.79288,1,32,31,0.620,10.875
9276,371.040,74,-0.63883,8.74943,1,33,0,0.820,6.999
9277,371.080,74,-0.63660,8.71195,1,33,20,0.607,10.683
9278,371.120,74,-0.63242,8.67099,1,33,0,0.777,6.999
9279,371.160,74,-0.63449,8.63218,1,32,19,0.540,10.444
9280,371.200,74,-0.62971,8.58517,1,33,0,0.831,6.999
9281,371.240,74,-0.63148,8.54533,1,33,17,0.644,9.544
9282,371.280,74,-0.62800,8.51248,1,33,0,0.746,9.612
9283,371.320,74,-0.62487,8.46689,1,33,26,0.617,10.793
9284,371.360,74,-0.62844,8.43356,1,34,26,0.586,12.060
9285,371.400,74,-0.62646,8.40187,1,35,0,0.820,10.596
9286,371.440,74,-0.62397,8.37793,1,37,0,1.026,6.999
9287,371.480,74,-0.62120,8.36592,1,35,0,1.502,14.260
9288,371.520,74,-0.62022,8.34824,1,34,0,1.804,6.999
9289,371.560,74,-0.62024,8.32836,1,33,0,2.264,6.999
9290,371.600,74,-0.61667,8.28820,1,59,0,2.366,6.999
9291,371.640,74,-0.62290,8.19712,1,53,0,2.470,6.999
9292,371.680,74,-0.61073,8.12744,1,49,0,1.836,6.999
9293,371.720,74,-0.60284,8.10205,1,65,0,3.214,6.999
9294,371.760,74,-0.60564,7.97429,1,63,0,2.303,6.999
9295,371.800,74,-0.61495,7.94711,1,58,0,1.970,6.999
9296,371.840,74,-0.61082,7.92389,1,39,0,1.755,6.999
9297,371.880,74,-0.59841,7.92220,1,42,0,1.599,6.999
9298,371.920,74,-0.60574,7.86182,1,46,0,1.306,10.372
9299,371.960,74,-0.60371,7.85296,1,38,40,0.853,8.389
9300,372.000,74,-0.60390,7.85688,1,40,58,0.775,5.987
9301,372.040,74,-0.60376,7.81363,1,42,45,0.587,8.966
9302,372.080,74,-0.60450,7.76464,1,57,34,0.708,12.861
9303,372.120,74,-0.59815,7.73171,1,35,54,0.670,13.278
9304,372.160,74,-0.59653,7.67280,1,35,0,0.677,6.999
9305,372.200,74,-0.59454,7.66688,1,35,24,1.047,15.315
9306,372.240,74,-0.59391,7.60483,1,35,0,0.627,6.999
9307,372.280,74,-0.59410,7.56350,1,36,0,0.768,6.999
9308,372.320,74,-0.59282,7.53103,1,36,0,0.816,6.999
9309,372.360,74,-0.59152,7.49688,1,35,28,0.698,9.513
9310,372.400,74,-0.58798,7.44483,1,36,41,0.554,9.390
9311,372.440,74,-0.58786,7.42080,1,36,28,0.631,9.626
9312,372.480,74,-0.58464,7.38079,1,36,27,0.680,9.993
9313,372.520,74,-0.58547,7.34344,1,36,24,0.696,10.565
9314,372.560,74,-0.58560,7.31278,1,36,32,0.623,9.603
9315,372.600,74,-0.58422,7.27428,1,37,24,0.682,10.819
9316,372.640,74,-0.58311,7.24020,1,37,42,0.565,9.876
9317,372.680,74,-0.58155,7.20351,1,37,37,0.567,10.669
9318,372.720,74,-0.57882,7.17658,1,37,27,0.657,9.475
9319,372.760,74,-0.57717,7.13509,1,37,37,0.625,10.650
9320,372.800,74,-0.57303,7.09806,1,37,34,0.631,10.921
9321,372.840,74,-0.57155,7.06570,1,37,42,0.630,10.268
9322,372.880,74,-0.56926,7.03203,1,36,34,0.730,11.758
9323,372.920,74,-0.57030,6.99527,1,38,37,0.496,10.261
9324,372.960,74,-0.56663,6.95657,1,37,45,0.573,10.683
9325,373.000,74,-0.56577,6.93133,1,37,29,0.633,9.384
9326,373.040,74,-0.56465,6.89128,1,38,35,0.640,10.195
9327,373.080,74,-0.56371,6.85322,1,37,28,0.604,10.211
9328,373.120,74,-0.56316,6.82347,1,41,29,0.582,10.004
9329,373.160,74,-0.55878,6.78055,1,39,25,0.663,10.464
9330,373.200,74,-0.58892,6.67094,1,66,0,2.718,2.688
9331,373.240,74,-0.55782,6.72583,1,40,29,0.699,11.504
9332,373.280,74,-0.58298,6.66293,1,66,38,2.084,9.201
9333,373.320,74,-0.57684,6.64367,1,70,33,2.126,9.946
9334,373.360,74,-0.54874,6.65255,1,57,38,1.725,13.571
9335,373.400,74,-0.54845,6.62501,1,67,39,2.115,13.099
9336,373.440,74,-0.56095,6.56396,1,66,37,2.276,11.833
9337,373.480,74,-0.55923,6.54942,1,62,30,2.438,13.180
9338,373.520,74,-0.54491,6.48263,1,54,34,1.001,10.025
9339,373.560,74,-0.54346,6.44505,1,50,28,1.509,10.592
9340,373.600,74,-0.54235,6.40937,1,47,34,1.033,8.377
9341,373.640,74,-0.53710,6.38866,1,37,29,1.069,10.367
9342,373.680,74,-0.53563,6.34459,1,39,22,1.375,8.898
9343,373.720,74,-0.53176,6.31984,1,47,35,0.979,10.173
9344,373.760,74,-0.53433,6.28384,1,50,30,0.969,9.130
9345,373.800,74,-0.52613,6.25787,1,55,44,0.908,9.825
9346,373.840,74,-0.52676,6.23342,1,37,43,0.916,11.438
9347,373.880,74,-0.52406,6.20476,1,44,36,0.793,10.587
9348,373.920,74,-0.52019,6.17445,1,46,37,0.716,12.017
9349,373.960,74,-0.52177,6.14129,1,40,30,0.802,10.953
9350,374.000,74,-0.51956,6.10753,1,41,31,0.784,10.992
9351,374.040,74,-0.51638,6.07514,1,39,0,0.919,10.895
9352,374.080,74,-0.51336,6.03998,1,40,0,0.940,6.999
9353,374.120,74,-0.51050,6.01597,1,40,31,0.666,11.299
9354,374.160,74,-0.50997,5.98004,1,40,36,0.811,10.472
9355,374.200,74,-0.50517,5.95667,1,40,41,0.783,11.834
9356,374.240,74,-0.50630,5.92986,1,40,42,0.975,12.547
9357,374.280,74,-0.50343,5.90020,1,41,44,0.902,12.819
9358,374.320,74,-0.50066,5.87107,1,41,49,0.944,12.812
9359,374.360,74,-0.49928,5.84323,1,40,49,0.916,13.046
9360,374.400,74,-0.49600,5.81488,1,41,49,0.906,13.220
9361,374.440,74,-0.49426,5.77966,1,40,53,1.176,12.477
9362,374.480,74,-0.49014,5.75419,1,41,52,0.990,12.396
9363,374.520,74,-0.48798,5.71888,1,41,50,1.089,12.554
9364,374.560,74,-0.48574,5.69014,1,42,53,1.232,11.523
9365,374.600,74,-0.48256,5.65072,1,42,48,1.278,10.880
9366,374.640,74,-0.48302,5.62564,1,40,46,1.265,12.184
9367,374.680,74,-0.47397,5.59030,1,42,49,0.812,10.456
9368,374.720,74,-0.47742,5.56739,1,42,45,1.377,12.101
9369,374.760,74,-0.47631,5.54851,1,42,51,0.965,12.696
9370,374.800,74,-0.47060,5.51714,1,42,44,1.010,12.645
9371,374.840,74,-0.46868,5.49165,1,42,44,0.972,12.882
9372,374.880,74,-0.46693,5.45484,1,41,45,1.183,11.998
9373,374.920,74,-0.46331,5.42876,1,41,40,1.134,12.837
9374,374.960,74,-0.46301,5.40658,1,42,49,1.024,12.600
9375,375.000,74,-0.45563,5.37493,1,42,46,0.975,13.475
9376,375.040,74,-0.45799,5.35357,1,42,47,1.087,12.420
9377,375.080,74,-0.45062,5.31738,1,43,39,1.167,12.197
9378,375.120,74,-0.44987,5.28678,1,42,34,0.972,13.854
9379,375.160,74,-0.44609,5.26467,1,44,42,1.190,11.926
9380,375.200,74,-0.44612,5.23945,1,43,49,1.124,12.352
9381,375.240,74,-0.44413,5.21147,1,42,52,1.170,12.132
9382,375.280,74,-0.43793,5.18278,1,44,50,1.042,12.246
9383,375.320,74,-0.43770,5.15192,1,46,35,1.195,12.647
9384,375.360,74,-0.43519,5.12987,1,43,55,1.039,12.175
9385,375.400,74,-0.43295,5.08993,1,45,58,1.225,11.779
9386,375.440,74,-0.42877,5.06522,1,44,55,1.361,10.611
9387,375.480,74,-0.42542,5.04640,1,44,58,1.092,12.127
9388,375.520,74,-0.42215,5.01148,1,44,44,1.423,11.727
9389,375.560,74,-0.42116,4.99367,1,45,56,1.080,12.038
9390,375.600,74,-0.42140,4.96599,1,45,53,1.004,12.803
9391,375.640,74,-0.41505,4.93552,1,44,52,1.258,11.610
9392,375.680,74,-0.41175,4.90737,1,46,53,1.237,11.775
9393,375.720,74,-0.40799,4.87512,1,46,54,1.460,11.377
9394,375.760,74,-0.40805,4.85823,1,44,60,1.007,11.856
9395,375.800,74,-0.40282,4.82698,1,45,52,1.299,11.686
9396,375.840,74,-0.40219,4.80260,1,45,60,1.214,11.424
9397,375.880,74,-0.40023,4.77894,1,47,59,1.006,12.333
9398,375.920,74,-0.39741,4.74848,1,45,60,1.125,12.170
9399,375.960,74,-0.39551,4.72773,1,47,59,1.071,12.166
9400,376.000,74,-0.39178,4.69703,1,50,57,0.962,12.383
9401,376.040,74,-0.38831,4.67361,1,48,57,1.278,11.463
9402,376.080,74,-0.38486,4.64892,1,48,55,0.859,11.785
9403,376.120,74,-0.38157,4.60164,1,51,50,1.010,10.195
9404,376.160,74,-0.37534,4.58250,1,48,54,1.056,9.815
9405,376.200,74,-0.37628,4.56171,1,52,56,1.138,10.804
9406,376.240,74,-0.37066,4.52820,1,54,56,1.146,9.186
9407,376.280,74,-0.36980,4.50935,1,56,42,1.537,10.335
9408,376.320,74,-0.36711,4.49794,1,48,41,1.059,11.961
9409,376.360,74,-0.37219,4.47517,1,56,53,0.878,11.952
9410,376.400,74,-0.35742,4.44883,1,53,51,1.207,11.671
9411,376.440,74,-0.35499,4.42998,1,59,53,1.226,11.690
9412,376.480,74,-0.35767,4.40220,1,63,57,1.035,11.451
9413,376.520,74,-0.35912,4.38508,1,59,55,1.195,11.773
9414,376.560,74,-0.35773,4.35884,1,61,52,1.337,11.741
9415,376.600,74,-0.35898,4.33320,1,62,51,1.516,11.976
9416,376.640,74,-0.36000,4.31095,1,62,53,1.821,11.988
9417,376.680,74,-0.35787,4.28801,1,64,49,1.843,12.155
9418,376.720,74,-0.33918,4.25819,1,49,54,0.886,10.990
9419,376.760,74,-0.33962,4.23949,1,47,52,0.932,11.331
9420,376.800,74,-0.33296,4.21876,1,49,52,0.984,11.461
9421,376.840,74,-0.33248,4.19373,1,49,54,0.864,11.061
9422,376.880,74,-0.32909,4.17384,1,50,54,0.937,11.663
9423,376.920,74,-0.32732,4.15191,1,48,53,0.935,11.274
9424,376.960,74,-0.32466,4.12480,1,49,54,0.926,11.332
9425,377.000,74,-0.32161,4.10354,1,49,53,0.850,11.232
9426,377.040,74,-0.31835,4.08197,1,50,54,0.930,11.097
9427,377.080,74,-0.31571,4.06055,1,49,53,0.806,11.385
9428,377.120,74,-0.31307,4.03744,1,50,55,0.823,11.016
9429,377.160,74,-0.31156,4.01798,1,48,57,0.878,11.224
9430,377.200,74,-0.30665,3.99713,1,50,55,0.873,11.037
9431,377.240,74,-0.30594,3.97497,1,48,56,0.883,11.221
9432,377.280,74,-0.30246,3.95146,1,51,54,0.799,10.887
9433,377.320,74,-0.30192,3.92881,1,50,54,0.856,10.899
9434,377.360,74,-0.29891,3.91051,1,50,54,0.793,10.710
9435,377.400,74,-0.29589,3.89113,1,50,55,0.882,10.765
9436,377.440,74,-0.29163,3.87155,1,51,53,0.953,10.220
9437,377.480,74,-0.29060,3.84644,1,51,53,0.853,10.069
9438,377.520,74,-0.28780,3.82768,1,53,54,0.897,10.249
9439,377.560,74,-0.28384,3.80766,1,51,52,0.852,10.159
9440,377.600,74,-0.28237,3.79010,1,52,53,0.956,10.407
9441,377.640,74,-0.27769,3.77140,1,51,51,0.941,10.227
9442,377.680,74,-0.27766,3.75200,1,53,30,1.203,10.885
9443,377.720,74,-0.27192,3.73683,1,54,51,0.828,10.283
9444,377.760,74,-0.27233,3.72187,1,53,37,1.289,10.675
9445,377.800,74,-0.26810,3.70520,1,56,49,1.175,10.237
9446,377.840,74,-0.26643,3.68873,1,58,51,1.476,10.308
9447,377.880,74,-0.26084,3.67400,1,56,53,1.509,10.499
9448,377.920,74,-0.25980,3.66399,1,55,49,1.966,10.693
9449,377.960,74,-0.26045,3.65227,1,58,54,2.129,11.107
9450,378.000,74,-0.25332,3.62609,1,56,48,1.871,10.471
9451,378.040,74,-0.25398,3.60374,1,59,52,1.896,10.184
9452,378.080,74,-0.25023,3.58862,1,59,38,2.163,9.999
9453,378.120,74,-0.24786,3.57572,1,62,48,2.149,10.175
9454,378.160,74,-0.24426,3.55512,1,63,42,2.455,9.842
9455,378.200,74,-0.24519,3.53695,1,64,54,2.395,10.284
9456,378.240,74,-0.24827,3.51590,1,63,50,2.670,10.076
9457,378.280,74,-0.25196,3.50095,1,57,47,2.623,10.279
9458,378.320,74,-0.24236,3.47854,1,66,51,3.278,9.345
9459,378.360,74,-0.24582,3.46110,1,69,42,2.853,10.128
9460,378.400,74,-0.25423,3.45756,1,63,30,3.120,10.810
9461,378.440,74,-0.24476,3.44896,1,76,35,2.855,12.439
9462,378.480,74,-0.24459,3.41941,1,71,38,2.740,10.586
9463,378.520,74,-0.23905,3.40142,1,75,42,2.887,9.971
9464,378.560,74,-0.23377,3.38985,1,76,49,3.002,9.800
9465,378.600,74,-0.22189,3.33591,1,75,72,2.456,6.919
9466,378.640,74,-0.22240,3.31949,1,73,72,1.837,7.800
9467,378.680,74,-0.22077,3.31245,1,72,72,1.859,8.297
9468,378.720,74,-0.11846,3.13256,1,140,53,12.600,22.025
9469,378.760,74,-0.11811,3.13103,1,134,50,12.891,22.722
9470,378.800,74,-0.11903,3.12136,1,130,56,12.803,20.055
9471,378.840,74,-0.12668,3.12957,1,135,64,12.626,17.700
9472,378.880,74,-0.08833,3.11577,1,125,50,11.218,22.820
9475,379.000,74,0.00853,2.88941,0,120,50,10.823,
9476,379.040,74,0.01053,2.88859,0,130,53,12.865,
9477,379.080,74,0.00840,2.88888,0,134,63,12.849,
9478,379.120,74,0.00441,2.88209,0,130,61,12.767,
9479,379.160,74,-0.13084,3.09238,1,130,68,13.132,20.287
9481,379.240,74,-0.09944,3.08514,1,119,50,11.230,19.548
9485,379.400,74,-0.08709,3.06211,1,120,33,11.684,22.707
9486,379.440,74,-0.08348,3.05203,1,117,35,11.951,23.402
9488,379.520,74,-0.07853,3.03510,1,124,35,12.443,23.667
9490,379.600,74,-0.08161,3.02308,1,142,37,12.629,23.653
9490,379.600,79,0.31972,32.91462,1,21,0,0.353,6.999
9491,379.640,79,0.32399,32.87483,0,227,0,18.436,
9492,379.680,79,0.32826,32.86509,0,262,0,19.240,
9493,379.720,79,0.33588,32.63006,0,251,0,19.084,
9494,379.760,79,0.34023,32.62179,0,156,0,14.998,
9495,379.800,79,0.33370,32.38494,0,299,0,19.413,
9496,379.840,79,0.33127,32.42393,0,124,0,9.309,
9497,379.880,79,0.35261,32.38032,0,188,0,13.377,
9498,379.920,74,-0.21826,3.11557,1,79,72,3.612,11.622
9498,379.920,79,0.34616,32.14490,0,128,0,13.385,
9499,379.960,74,-0.21929,3.11426,1,78,72,3.577,11.634
9499,379.960,79,0.34415,32.12417,0,135,0,13.219,
9500,380.000,74,-0.22089,3.11800,1,82,72,3.697,11.559
9500,380.000,79,0.37014,32.07377,0,183,0,16.067,
9501,380.040,74,-0.22140,3.11646,1,82,72,3.602,11.561
9501,380.040,79,0.36775,31.92553,0,196,0,16.020,
9502,380.080,74,-0.22089,3.12195,1,86,72,3.749,11.562
9502,380.080,79,0.37024,31.92310,0,215,0,17.988,
9503,380.120,74,-0.22118,3.11950,1,84,72,3.821,11.596
9503,380.120,79,0.38224,31.83124,0,131,0,13.465,
9504,380.160,74,-0.22093,3.12185,1,87,72,3.904,11.635
9504,380.160,79,0.38981,31.68577,0,210,0,17.516,
9505,380.200,79,0.37396,31.68532,0,80,0,9.024,
9506,380.240,79,0.37680,31.71894,0,88,0,9.703,
9507,380.280,79,0.39481,31.51378,0,107,0,9.634,
9508,380.320,79,0.39305,31.43617,0,88,0,9.891,
9509,380.360,79,0.38901,31.25491,0,123,0,14.157,
9510,380.400,79,0.39172,31.24850,0,131,0,14.187,
9511,380.440,79,0.42176,31.23733,0,120,0,14.094,
9512,380.480,79,0.41165,31.01850,0,130,0,14.646,
9513,380.520,79,0.41004,30.96338,0,126,0,14.353,
9514,380.560,79,0.41287,31.01531,0,130,0,14.104,
9515,380.600,79,0.43100,30.81714,0,0,0,,
9516,380.640,79,0.42920,30.82550,0,131,0,14.016,
9517,380.680,79,0.44120,30.71912,0,115,0,12.816,
9518,380.720,79,0.44309,30.63287,0,100,0,9.693,
9519,380.760,79,0.44651,30.60263,0,139,0,13.430,
9520,380.800,79,0.44060,30.41723,0,135,0,13.564,
9521,380.840,79,0.43922,30.34425,0,136,0,14.008,
9520,380.800,80,0.40060,33.38995,0,16,0,0.702,
9521,380.840,80,0.38594,32.76636,0,136,0,14.008,
9522,380.880,79,0.45564,30.38151,0,131,0,14.506,
9522,380.880,80,0.38689,32.66176,0,131,0,14.506,
9523,380.920,79,0.45320,30.17517,0,130,0,14.628,
9524,380.960,79,0.45636,30.16250,0,131,0,14.624,
9524,380.960,80,0.36928,31.88636,0,131,0,14.624,
9525,381.000,79,0.45952,30.19719,0,134,0,14.424,
9525,381.000,80,0.39833,32.42457,0,134,0,14.424,
9526,381.040,79,0.46895,30.02960,0,90,0,10.822,
9526,381.040,80,0.40154,32.78423,0,90,0,10.822,
9527,381.080,79,0.46321,29.93916,0,113,0,12.171,
9527,381.080,80,0.42586,32.07855,0,113,0,12.171,
9528,381.120,79,0.46157,29.76611,0,133,0,14.754,
9528,381.120,80,0.43724,32.37542,0,133,0,14.754,
9529,381.160,79,0.46007,29.76897,0,130,0,15.040,
9529,381.160,80,0.43506,32.62412,0,130,0,15.040,
9530,381.200,79,0.48649,29.63268,0,90,0,11.992,
9530,381.200,80,0.47131,31.94355,0,90,0,11.992,
9531,381.240,79,0.48089,29.53557,0,151,0,14.695,
9531,381.240,80,0.44247,31.73457,0,151,0,14.695,
9532,381.280,79,0.47326,29.55691,0,134,0,14.908,
9532,381.280,80,0.46817,32.30133,0,134,0,14.908,
9533,381.320,79,0.47070,29.33544,0,90,0,13.053,
9533,381.320,80,0.46498,32.58580,0,90,0,13.053,
9534,381.360,79,0.49507,29.31034,0,305,0,25.008,
9534,381.360,80,0.48996,32.09709,0,305,0,25.008,
9535,381.400,79,0.49409,29.23310,0,129,0,20.598,
9536,381.440,79,0.48209,29.11310,0,135,0,18.353,
9536,381.440,80,0.46660,31.68039,0,135,0,18.353,
9537,381.480,79,0.49695,29.14098,0,412,0,46.399,
9538,381.520,79,0.52450,28.91118,0,124,0,14.072,
9539,381.560,79,0.52415,28.84511,1,24,0,0.812,6.999
9540,381.600,79,0.53483,28.84213,0,478,0,56.715,
9541,381.640,79,0.52726,28.81979,0,157,0,17.644,
9541,381.640,80,0.49825,31.72706,0,157,0,17.644,
9542,381.680,79,0.52791,28.64209,0,118,0,13.303,
9542,381.680,80,0.51546,32.31130,0,118,0,13.304,
9540,381.600,81,0.52132,33.36728,0,33,0,2.302,
9541,381.640,81,0.53039,33.39237,0,157,0,17.644,
9542,381.680,81,0.52277,32.62899,0,118,0,13.303,
9543,381.720,79,0.52293,28.56072,0,20,0,1.277,
9543,381.720,81,0.51201,33.09399,0,216,0,17.381,
9544,381.760,79,0.51603,28.46502,1,24,0,0.590,6.999
9544,381.760,81,0.54146,33.10127,0,94,0,12.214,
9545,381.800,79,0.56009,28.38040,1,24,0,0.646,6.999
9545,381.800,81,0.55111,33.12308,0,25,0,1.623,
9546,381.840,79,0.54181,28.33522,1,26,0,0.795,6.999
9546,381.840,81,0.54810,33.27945,0,26,0,1.763,
9547,381.880,79,0.54439,28.29381,1,25,0,0.777,6.999
9547,381.880,80,0.54519,31.66780,0,25,0,1.601,
9547,381.880,81,0.54033,33.58149,0,31,0,3.321,
9548,381.920,79,0.53937,28.17648,1,24,0,0.573,6.999
9548,381.920,80,0.51158,31.90436,0,24,0,0.573,
9548,381.920,81,0.50255,32.99329,0,262,0,23.362,
9549,381.960,79,0.55316,28.07782,1,26,0,0.904,6.999
9549,381.960,80,0.53670,31.26765,0,26,0,0.904,
9549,381.960,81,0.45206,33.10166,0,229,0,23.642,
9550,382.000,79,0.57254,27.98362,1,25,0,0.885,6.999
9550,382.000,80,0.50607,30.58092,0,25,0,0.885,
9550,382.000,81,0.53933,32.27192,0,231,0,23.584,
9551,382.040,79,0.58253,27.98065,1,24,0,0.648,6.999
9551,382.040,80,0.51401,30.79391,0,24,0,0.648,
9551,382.040,81,0.54972,31.41244,0,24,0,1.695,
9552,382.080,79,0.58887,27.86865,1,25,0,0.886,6.999
9552,382.080,80,0.55916,31.18915,0,25,0,0.886,
9552,382.080,81,0.55686,31.19017,0,25,0,0.886,
9553,382.120,79,0.58290,27.82893,1,25,0,0.973,6.999
9553,382.120,80,0.52423,31.05118,0,25,0,0.881,
9553,382.120,81,0.52639,31.04116,0,25,0,0.881,
9554,382.160,79,0.58342,27.67508,1,24,0,0.889,6.999
9554,382.160,80,0.54872,30.41090,0,24,0,0.889,
9554,382.160,81,0.53687,30.29698,0,24,0,0.889,
9555,382.200,79,0.58906,27.61363,1,24,0,0.683,6.999
9555,382.200,80,0.53058,30.00351,0,24,0,0.683,
9556,382.240,79,0.56843,27.55474,1,24,0,0.941,6.999
9556,382.240,80,0.50150,29.32326,0,24,0,0.941,
9557,382.280,79,0.57989,27.46865,1,25,0,0.896,6.999
9557,382.280,80,0.50416,29.12228,0,25,0,1.855,
9558,382.320,79,0.58868,27.40005,1,25,0,0.718,6.999
9558,382.320,80,0.49532,29.13447,0,25,0,0.718,
9559,382.360,79,0.58373,27.26850,1,26,0,0.779,6.999
9559,382.360,80,0.49439,29.08860,0,26,0,0.779,
9560,382.400,79,0.58675,27.23438,1,26,0,0.617,6.999
9560,382.400,80,0.49346,29.07077,0,26,0,0.617,
9561,382.440,79,0.58890,27.08707,1,24,0,0.900,6.999
9561,382.440,80,0.48811,28.96910,0,24,0,0.900,
9562,382.480,79,0.59944,27.08612,1,26,0,0.799,6.999
9562,382.480,80,0.49658,29.00628,0,26,0,0.799,
9563,382.520,79,0.60168,27.01975,1,25,0,0.898,6.999
9563,382.520,80,0.48566,28.94407,0,25,0,0.898,
9564,382.560,79,0.60785,26.92662,1,26,0,0.922,6.999
9564,382.560,80,0.46993,29.18156,0,26,0,0.929,
9565,382.600,79,0.60317,26.86682,1,25,0,0.730,6.999
9565,382.600,80,0.49209,29.15096,0,25,0,0.730,
9566,382.640,79,0.62006,26.71999,1,25,0,0.972,6.999
9566,382.640,80,0.47917,28.77801,0,25,0,0.972,
9567,382.680,79,0.61596,26.70361,1,26,0,0.557,6.999
9567,382.680,80,0.48874,28.62520,0,26,0,0.557,
9568,382.720,79,0.60509,26.54773,1,27,0,0.885,6.999
9568,382.720,80,0.49123,28.61912,0,27,0,0.885,
9569,382.760,79,0.62190,26.53649,1,25,0,0.794,6.999
9569,382.760,80,0.47873,28.63069,0,25,0,0.794,
9570,382.800,79,0.62008,26.52488,1,26,0,0.751,6.999
9570,382.800,80,0.46400,28.74142,0,26,0,0.751,
9571,382.840,79,0.61366,26.37827,1,27,0,0.847,6.999
9571,382.840,80,0.45000,28.55261,0,27,0,0.847,
9572,382.880,79,0.63796,26.42428,1,25,0,0.796,6.999
9572,382.880,80,0.42178,28.36299,0,25,0,0.796,
9573,382.920,79,0.63276,26.21938,1,26,0,0.882,6.999
9573,382.920,80,0.38972,28.19262,0,26,0,0.882,
9574,382.960,79,0.63856,26.17604,1,26,0,0.634,6.999
9574,382.960,80,0.38800,28.13865,0,26,0,0.634,
9575,383.000,79,0.63361,26.04782,1,26,0,0.935,6.999
9576,383.040,79,0.64189,26.01142,1,27,0,0.788,6.999
9577,383.080,79,0.64048,25.92232,1,26,0,0.925,6.999
9578,383.120,79,0.64886,25.83918,1,26,0,0.775,6.999
9579,383.160,79,0.65552,25.82136,1,26,0,0.859,6.999
9579,383.160,80,0.18279,28.21589,0,26,0,0.859,
9580,383.200,79,0.64639,25.67745,1,27,0,0.834,6.999
9580,383.200,80,0.18217,28.23448,0,27,0,0.834,
9581,383.240,79,0.65285,25.74281,1,26,0,0.909,6.999
9581,383.240,80,0.18504,28.30464,0,26,0,0.909,
9582,383.280,79,0.65946,25.52404,1,27,0,0.898,6.999
9582,383.280,80,0.13029,28.24048,0,27,0,0.899,
9583,383.320,79,0.65964,25.51835,1,26,0,0.835,6.999
9583,383.320,80,0.15491,28.24238,0,26,0,0.830,
9584,383.360,79,0.65828,25.38038,1,27,0,0.939,6.999
9584,383.360,80,0.13957,28.12278,0,27,0,0.939,
9585,383.400,79,0.66494,25.34667,1,26,0,0.724,6.999
9585,383.400,80,0.09572,28.05716,0,26,0,0.724,
9586,383.440,79,0.66645,25.20961,1,26,0,0.904,6.999
9586,383.440,80,0.09190,28.04969,0,26,0,0.900,
9587,383.480,79,0.66414,25.18504,1,28,0,0.829,6.999
9587,383.480,80,0.07811,28.05329,0,28,0,0.835,
9588,383.520,79,0.66276,25.12073,1,28,0,0.837,6.999
9588,383.520,80,0.06076,28.05281,0,28,0,0.837,
9589,383.560,79,0.67841,25.03199,1,27,0,0.712,6.999
9589,383.560,80,0.03085,28.07158,0,27,0,0.712,
9590,383.600,79,0.67612,24.98038,1,26,0,0.908,6.999
9590,383.600,80,0.05494,28.24388,0,26,0,0.908,
9591,383.640,79,0.67535,24.87964,1,28,0,0.732,6.999
9591,383.640,80,0.00490,28.13997,0,28,0,0.732,
9590,383.600,82,0.60178,30.09238,0,23,0,3.431,
9591,383.640,82,0.63104,30.41366,0,32,0,1.173,
9592,383.680,79,0.68798,24.84826,1,28,0,0.869,6.999
9592,383.680,80,0.00386,28.31113,0,28,0,0.869,
9593,383.720,79,0.68471,24.71513,1,29,0,0.732,6.999
9593,383.720,80,-0.01762,28.14465,0,0,0,,
9593,383.720,82,0.62844,30.39194,0,318,0,28.961,
9594,383.760,79,0.69119,24.70406,1,27,0,0.893,6.999
9594,383.760,80,-0.02452,28.13611,0,0,0,,
9594,383.760,82,0.59717,29.75949,0,312,0,26.841,
9595,383.800,79,0.69083,24.55788,1,28,0,0.802,6.999
9595,383.800,80,-0.01061,28.15035,0,0,0,,
9595,383.800,82,0.59123,29.58023,0,28,0,0.802,
9596,383.840,79,0.69892,24.55386,1,29,0,0.740,6.999
9596,383.840,80,-0.02106,27.88648,0,0,0,,
9596,383.840,82,0.59012,29.59593,0,252,0,27.163,
9597,383.880,79,0.69350,24.43512,1,29,0,0.922,6.999
9597,383.880,80,-0.00868,27.94097,0,0,0,,
9597,383.880,82,0.58901,29.57163,0,251,0,27.284,
9598,383.920,79,0.70348,24.39561,1,27,0,0.797,6.999
9598,383.920,80,0.02059,27.93677,0,0,0,,
9598,383.920,82,0.57839,29.36571,0,263,0,26.907,
9599,383.960,79,0.69794,24.27000,1,28,0,0.779,6.999
9599,383.960,80,0.04209,27.85836,0,0,0,,
9599,383.960,82,0.57736,29.36652,0,28,0,1.931,
9600,384.000,79,0.71514,24.29821,1,27,0,0.969,6.999
9600,384.000,80,0.03157,27.56865,0,27,0,1.101,
9600,384.000,82,0.56969,29.17307,0,27,0,1.101,
9601,384.040,79,0.70947,24.14946,1,29,0,0.901,6.999
9601,384.040,80,0.02706,27.35928,0,0,0,,
9601,384.040,82,0.54202,28.86931,0,29,0,1.894,
9602,384.080,79,0.70919,24.08639,1,29,0,0.810,6.999
9602,384.080,80,0.07784,27.36159,0,29,0,0.810,
9602,384.080,82,0.51406,28.18211,0,29,0,1.910,
9603,384.120,79,0.70873,24.01298,1,28,0,0.863,6.999
9603,384.120,80,0.07145,27.18577,0,28,0,0.863,
9603,384.120,82,0.47629,27.49758,0,28,0,2.014,
9604,384.160,79,0.71482,23.95163,1,28,0,0.952,6.999
9604,384.160,80,0.06337,27.15705,0,28,0,0.789,
9604,384.160,82,0.45524,27.26018,0,28,0,0.789,
9605,384.200,79,0.71870,23.84506,1,28,0,0.762,6.999
9605,384.200,80,0.08117,27.00750,0,28,0,0.762,
9605,384.200,82,0.45643,26.66789,0,28,0,0.762,
9606,384.240,79,0.71522,23.80180,1,29,0,0.858,6.999
9606,384.240,80,0.09220,27.05100,0,29,0,0.858,
9606,384.240,82,0.43346,26.61596,0,29,0,0.858,
9607,384.280,79,0.72773,23.73182,1,29,0,0.874,6.999
9607,384.280,80,0.09594,26.81789,0,29,0,0.881,
9607,384.280,82,0.44629,26.56830,0,29,0,0.881,
9608,384.320,79,0.71952,23.65963,1,27,0,0.896,6.999
9608,384.320,80,0.12362,26.82175,0,27,0,0.896,
9608,384.320,82,0.43834,26.45719,0,27,0,0.896,
9609,384.360,79,0.72575,23.57280,1,28,0,0.816,6.999
9610,384.400,79,0.72766,23.51057,1,28,0,0.906,6.999
9610,384.400,82,0.42615,26.46046,0,28,0,0.905,
9611,384.440,79,0.73767,23.40941,1,29,0,0.810,6.999
9611,384.440,82,0.40830,26.24555,0,29,0,0.810,
9612,384.480,79,0.73275,23.36939,1,30,0,0.909,6.999
9612,384.480,80,0.12716,26.63242,0,30,0,0.909,
9610,384.400,83,0.36733,30.56904,0,39,0,3.484,
9611,384.440,83,0.37368,30.69073,0,22,0,1.372,
9612,384.480,83,0.37992,30.87961,0,335,0,28.238,
9613,384.520,79,0.73433,23.27977,1,29,0,0.836,6.999
9613,384.520,80,0.12644,26.63837,0,29,0,0.846,
9613,384.520,83,0.40669,30.15069,0,335,0,28.462,
9614,384.560,79,0.73149,23.18121,1,28,0,0.876,6.999
9614,384.560,80,0.11040,26.46283,0,28,0,0.876,
9614,384.560,82,0.42010,26.07443,0,28,0,0.876,
9614,384.560,83,0.40898,30.60263,0,253,0,27.733,
9615,384.600,79,0.74071,23.13101,1,29,0,0.816,6.999
9615,384.600,80,0.11607,26.64216,0,29,0,0.816,
9616,384.640,79,0.73558,23.04055,1,30,0,0.784,6.999
9616,384.640,80,0.09231,26.67132,0,0,0,,
9616,384.640,82,0.40592,26.08032,0,30,0,0.784,
9616,384.640,83,0.31501,29.88516,0,249,0,28.110,
9617,384.680,79,0.74092,23.00455,1,30,0,0.669,6.999
9617,384.680,80,0.07694,26.65478,0,0,0,,
9617,384.680,82,0.41008,26.07617,0,30,0,0.515,
9617,384.680,83,0.25019,29.20418,0,260,0,27.193,
9618,384.720,79,0.73651,22.91809,1,30,0,0.800,6.999
9618,384.720,80,0.04711,26.67970,0,0,0,,
9618,384.720,82,0.41745,25.95015,0,30,0,0.800,
9618,384.720,83,0.20567,28.52215,0,234,0,28.882,
9619,384.760,79,0.74453,22.83957,1,30,0,0.822,6.999
9619,384.760,80,0.02995,26.86891,0,0,0,,
9619,384.760,82,0.42541,25.90734,0,30,0,0.822,
9619,384.760,83,0.11906,27.86684,0,305,0,27.751,
9620,384.800,79,0.74176,22.76971,1,30,0,0.857,6.999
9620,384.800,80,-0.03987,26.70110,0,0,0,,
9620,384.800,82,0.44183,25.93320,0,30,0,0.857,
9620,384.800,83,0.13559,28.30651,0,277,0,28.208,
9621,384.840,79,0.74565,22.77489,1,30,0,0.863,6.999
9621,384.840,80,-0.03719,26.82471,0,0,0,,
9621,384.840,82,0.43958,25.97743,0,30,0,0.863,
9621,384.840,83,0.16774,28.82846,0,254,0,27.929,
9622,384.880,79,0.75315,22.61812,1,30,0,0.822,6.999
9622,384.880,80,-0.04792,26.85439,0,0,0,,
9622,384.880,82,0.43193,25.81036,0,30,0,0.822,
9622,384.880,83,0.15098,28.65062,0,263,0,27.676,
9623,384.920,79,0.75128,22.56222,1,30,0,0.897,6.999
9623,384.920,80,-0.06081,26.87829,0,0,0,,
9623,384.920,82,0.42006,25.76626,0,30,0,1.984,
9623,384.920,83,0.11273,28.25624,0,273,0,27.495,
9624,384.960,79,0.74475,22.48961,1,30,0,0.796,6.999
9624,384.960,80,-0.07148,26.86202,0,0,0,,
9624,384.960,82,0.40312,25.74742,0,30,0,0.796,
9624,384.960,83,0.09263,28.31857,0,0,0,,
9625,385.000,79,0.75114,22.41972,1,31,0,0.887,6.999
9625,385.000,80,-0.08466,26.85543,0,0,0,,
9625,385.000,82,0.41995,25.63698,0,31,0,0.887,
9625,385.000,83,0.08625,28.25144,0,296,0,27.548,
9620,384.800,84,0.37567,31.22360,0,22,0,3.058,
9621,384.840,84,0.38938,31.23712,0,254,0,27.929,
9622,384.880,84,0.39681,31.44269,0,263,0,27.676,
9623,384.920,84,0.38108,31.10298,0,273,0,27.495,
9624,384.960,84,0.36021,31.00405,0,304,0,27.160,
9625,385.000,84,0.40674,31.58136,0,296,0,27.548,
9626,385.040,79,0.75858,22.38007,1,30,0,0.901,6.999
9626,385.040,80,-0.12490,26.85126,0,0,0,,
9626,385.040,82,0.42412,25.59548,0,30,0,0.901,
9626,385.040,83,0.10585,28.68885,0,317,0,26.864,
9626,385.040,84,0.43254,31.53137,0,317,0,26.864,
9627,385.080,79,0.76573,22.29293,1,32,0,0.870,6.999
9627,385.080,80,-0.08424,26.84030,0,0,0,,
9627,385.080,82,0.43179,25.58550,0,32,0,1.942,
9627,385.080,83,0.03415,28.07684,0,318,0,26.827,
9627,385.080,84,0.35675,30.97278,0,318,0,26.827,
9628,385.120,79,0.75701,22.20579,1,30,0,0.659,6.999
9628,385.120,80,-0.10020,26.85173,0,0,0,,
9628,385.120,82,0.43596,25.42702,0,30,0,0.659,
9628,385.120,83,0.08968,28.64402,0,288,0,27.533,
9628,385.120,84,0.33391,30.35650,0,288,0,27.533,
9629,385.160,79,0.76449,22.14968,1,30,0,0.907,6.999
9629,385.160,80,-0.10100,26.67162,0,0,0,,
9629,385.160,82,0.42419,25.42521,0,30,0,0.995,
9629,385.160,83,0.03107,28.04490,0,291,0,27.478,
9629,385.160,84,0.32804,30.46813,0,291,0,27.478,
9630,385.200,79,0.76191,22.07120,1,30,0,0.752,6.999
9630,385.200,80,-0.13805,26.67391,0,0,0,,
9630,385.200,82,0.43006,25.43712,0,30,0,2.112,
9630,385.200,83,0.04816,28.13317,0,284,0,27.915,
9630,385.200,84,0.40503,31.10735,0,284,0,27.915,
9631,385.240,79,0.76370,21.97681,1,32,0,0.783,6.999
9631,385.240,80,-0.07043,26.67841,0,0,0,,
9631,385.240,82,0.42276,25.32841,0,32,0,0.783,
9631,385.240,83,-0.00863,27.47881,0,305,0,27.533,
9632,385.280,79,0.77202,21.94124,1,31,0,0.763,6.999
9632,385.280,80,-0.07673,26.64898,0,0,0,,
9632,385.280,82,0.40702,25.26660,0,31,0,0.763,
9632,385.280,83,0.01798,27.36000,0,0,0,,
9632,385.280,84,0.36921,31.29372,0,339,0,27.392,
9633,385.320,79,0.76862,21.83842,1,31,0,0.886,6.999
9633,385.320,80,-0.06739,26.53409,0,0,0,,
9633,385.320,83,-0.05751,26.69211,0,0,0,,
9633,385.320,84,0.36751,31.25691,0,291,0,28.100,
9634,385.360,79,0.76598,21.80602,1,31,0,0.812,6.999
9634,385.360,80,-0.05806,26.48797,0,0,0,,
9634,385.360,83,-0.05828,26.48501,0,0,0,,
9634,385.360,84,0.33998,30.47186,0,288,0,28.286,
9635,385.400,79,0.76781,21.70697,1,32,0,0.797,6.999
9635,385.400,80,-0.06073,26.36714,0,0,0,,
9635,385.400,83,-0.05894,26.35357,0,0,0,,
9635,385.400,84,0.34178,30.87642,0,268,0,29.360,
9636,385.440,79,0.77891,21.72448,1,31,0,0.951,6.999
9636,385.440,80,-0.06338,26.32087,0,0,0,,
9636,385.440,84,0.32659,30.16558,0,292,0,30.854,
9637,385.480,79,0.77823,21.57218,1,31,0,0.784,6.999
9637,385.480,80,-0.10634,26.15153,0,0,0,,
9637,385.480,82,0.39547,25.12870,0,31,0,2.153,
9637,385.480,84,0.34225,30.66666,0,306,0,28.096,
9638,385.520,79,0.77651,21.50101,1,31,0,0.994,6.999
9638,385.520,82,0.38197,24.99493,0,31,0,0.994,
9638,385.520,84,0.34914,30.78954,0,295,0,28.973,
9639,385.560,79,0.78040,21.44447,1,32,0,0.815,6.999
9639,385.560,80,-0.10862,26.03220,0,0,0,,
9639,385.560,82,0.39031,24.95780,0,32,0,2.109,
9639,385.560,84,0.31308,30.17042,0,324,0,28.138,
9640,385.600,79,0.78583,21.34519,1,32,0,0.835,6.999
9640,385.600,82,0.38989,24.95788,0,32,0,0.835,
9640,385.600,84,0.30677,30.07694,0,317,0,28.204,
9641,385.640,79,0.78282,21.30735,1,31,0,0.784,6.999
9641,385.640,80,-0.09595,25.99626,0,0,0,,
9641,385.640,82,0.40238,24.83868,0,31,0,2.109,
9641,385.640,84,0.33958,30.20522,0,270,0,29.760,
9642,385.680,79,0.77910,21.21920,1,33,0,0.859,6.999
9642,385.680,80,-0.07780,26.06358,0,0,0,,
9642,385.680,82,0.40670,24.80329,0,33,0,0.859,
9642,385.680,84,0.34197,30.25715,0,271,0,29.851,
9643,385.720,79,0.78379,21.19002,1,32,0,0.596,6.999
9643,385.720,82,0.40248,24.80452,0,32,0,2.126,
9643,385.720,84,0.32419,30.04258,0,289,0,29.169,
9644,385.760,79,0.78558,21.06433,1,32,0,0.795,6.999
9644,385.760,80,-0.04460,25.97416,0,0,0,,
9644,385.760,82,0.40286,24.80781,0,32,0,2.158,
9645,385.800,79,0.78648,21.03585,1,33,0,0.840,6.999
9645,385.800,80,-0.09873,25.82441,0,0,0,,
9645,385.800,82,0.38466,24.68686,0,33,0,0.840,
9646,385.840,79,0.78509,20.96145,1,32,0,0.767,6.999
9646,385.840,80,-0.05856,25.91840,0,0,0,,
9646,385.840,82,0.40624,24.65144,0,32,0,2.166,
9647,385.880,79,0.79609,20.88007,1,32,0,0.850,6.999
9647,385.880,80,-0.07024,25.85752,0,0,0,,
9647,385.880,82,0.39620,24.65382,0,32,0,0.850,
9648,385.920,79,0.79484,20.87244,1,32,0,0.895,6.999
9648,385.920,80,-0.08701,25.71875,0,0,0,,
9648,385.920,82,0.40055,24.53448,0,32,0,0.895,
9649,385.960,79,0.79265,20.74255,1,33,0,0.852,6.999
9649,385.960,80,-0.09357,25.69206,0,0,0,,
9649,385.960,82,0.38894,24.50245,0,0,0,,
9650,386.000,79,0.78740,20.69201,1,32,0,0.956,6.999
9650,386.000,82,0.40128,24.52952,0,32,0,2.094,
9651,386.040,79,0.79769,20.59869,1,32,0,0.886,6.999
9651,386.040,80,-0.09302,25.74409,0,0,0,,
9651,386.040,82,0.42520,24.57078,0,0,0,,
9652,386.080,79,0.80824,20.61548,1,34,0,0.897,6.999
9652,386.080,80,-0.08929,25.68462,0,0,0,,
9652,386.080,82,0.41770,24.38023,0,0,0,,
9652,386.080,84,0.32068,29.29628,0,450,0,40.740,
9653,386.120,79,0.80474,20.46664,1,33,0,0.704,6.999
9653,386.120,80,-0.09956,25.55743,0,0,0,,
9653,386.120,82,0.40443,24.34906,0,0,0,,
9653,386.120,84,0.24015,28.63956,0,300,0,30.048,
9654,386.160,79,0.80370,20.41103,1,33,0,0.824,6.999
9654,386.160,80,-0.07424,25.55639,0,138,0,20.236,
9654,386.160,82,0.41278,24.34969,0,138,0,20.236,
9654,386.160,84,0.23309,28.47314,0,138,0,20.236,
9655,386.200,79,0.79834,20.34936,1,34,0,0.880,6.999
9655,386.200,80,-0.07735,25.38735,0,152,0,20.269,
9655,386.200,82,0.40398,24.27400,0,152,0,20.269,
9655,386.200,84,0.26957,28.80785,0,152,0,20.269,
9656,386.240,79,0.80225,20.28948,1,34,0,0.706,6.999
9656,386.240,80,-0.04308,25.30731,0,141,0,20.665,
9656,386.240,82,0.40851,24.21669,0,141,0,20.665,
9657,386.280,79,0.80435,20.20043,1,34,0,0.818,6.999
9657,386.280,80,-0.08703,25.20211,0,140,0,20.748,
9657,386.280,82,0.42252,24.24254,0,140,0,20.748,
9658,386.320,79,0.80528,20.13195,1,33,0,0.925,6.999
9658,386.320,80,-0.05702,25.21969,0,140,0,20.740,
9658,386.320,82,0.41565,24.20092,0,140,0,20.740,
9659,386.360,79,0.81007,20.08580,1,35,0,0.683,6.999
9659,386.360,80,-0.06929,25.06565,0,140,0,20.794,
9659,386.360,82,0.41515,24.06449,0,140,0,20.794,
9659,386.360,84,0.23507,28.02244,0,140,0,20.794,
9660,386.400,79,0.80389,20.01335,1,34,0,0.750,6.999
9660,386.400,80,-0.07283,25.03679,0,140,0,20.879,
9660,386.400,82,0.42189,24.05712,0,140,0,20.879,
9660,386.400,84,0.16481,27.17207,0,140,0,20.879,
9661,386.440,79,0.81075,19.95834,1,34,0,0.819,6.999
9661,386.440,80,-0.04080,24.91096,0,144,0,20.849,
9661,386.440,84,0.12391,26.84219,0,144,0,20.849,
9662,386.480,79,0.81639,19.86927,1,34,0,0.766,6.999
9662,386.480,80,0.01417,24.99076,0,143,0,20.708,
9662,386.480,82,0.43716,24.06412,0,143,0,20.708,
9663,386.520,79,0.80841,19.80268,1,34,0,0.838,6.999
9663,386.520,80,0.01632,24.60160,0,153,0,20.809,
9663,386.520,82,0.42837,23.90951,0,153,0,20.809,
9663,386.520,84,0.16481,26.35822,0,153,0,20.809,
9664,386.560,79,0.81003,19.74240,1,34,0,0.756,6.999
9664,386.560,80,0.06474,24.55352,0,154,0,20.857,
9664,386.560,82,0.43672,23.90665,0,154,0,20.857,
9664,386.560,84,0.19942,26.08213,0,154,0,20.857,
9665,386.600,79,0.82129,19.68107,1,34,0,0.831,6.999
9665,386.600,80,0.09363,24.30857,0,141,0,21.079,
9665,386.600,82,0.41536,23.91971,0,141,0,21.079,
9665,386.600,84,0.18839,25.59063,0,141,0,21.079,
9666,386.640,79,0.81687,19.62616,1,34,0,0.734,6.999
9666,386.640,80,0.13396,24.12867,0,140,0,21.110,
9666,386.640,82,0.43122,23.78810,0,140,0,21.110,
9666,386.640,84,0.16797,24.86637,0,140,0,21.110,
9667,386.680,79,0.80820,19.53971,1,34,0,0.806,6.999
9667,386.680,80,0.14879,23.85944,0,125,0,21.933,
9667,386.680,82,0.47993,23.82263,0,125,0,21.933,
9667,386.680,84,0.15881,24.11949,0,125,0,21.933,
9668,386.720,79,0.81254,19.49012,1,36,0,0.850,6.999
9668,386.720,80,0.24965,23.62377,0,122,0,22.171,
9668,386.720,84,0.24443,23.58094,0,122,0,22.171,
9669,386.760,79,0.82031,19.42107,1,34,0,0.811,6.999
9669,386.760,80,0.33992,23.69700,0,0,0,,
9669,386.760,82,0.34248,23.69647,0,0,0,,
9669,386.760,84,0.33644,23.69476,0,0,0,,
9670,386.800,79,0.81374,19.33756,1,34,0,0.889,6.999
9670,386.800,80,0.33757,23.50722,0,0,0,,
9670,386.800,82,0.34010,23.53655,0,0,0,,
9671,386.840,79,0.81955,19.29281,1,35,0,0.854,6.999
9671,386.840,80,0.35712,23.42645,0,123,0,21.401,
9671,386.840,82,0.35692,23.41918,0,123,0,21.401,
9672,386.880,79,0.82100,19.20946,1,35,0,0.830,6.999
9672,386.880,80,0.36276,23.39219,0,0,0,,
9673,386.920,79,0.81954,19.14980,1,34,0,0.874,6.999
9673,386.920,80,0.38336,23.35808,0,0,0,,
9674,386.960,79,0.81638,19.08874,1,36,0,0.756,6.999
9674,386.960,80,0.40748,23.34984,0,0,0,,
9675,387.000,79,0.82086,18.99842,1,35,0,0.688,6.999
9675,387.000,80,0.39748,23.39104,0,0,0,,
9676,387.040,79,0.82415,18.95543,1,34,0,0.851,6.999
9676,387.040,80,0.41013,23.41260,0,0,0,,
9677,387.080,79,0.81722,18.87873,1,36,0,0.745,6.999
9677,387.080,80,0.40425,23.34291,0,0,0,,
9678,387.120,79,0.82481,18.83448,1,36,0,0.852,6.999
9678,387.120,80,0.41692,23.35343,0,0,0,,
9679,387.160,79,0.82702,18.77014,1,36,0,0.718,6.999
9679,387.160,80,0.42538,23.22807,0,0,0,,
9680,387.200,79,0.82211,18.68765,1,36,0,0.800,6.999
9680,387.200,80,0.42369,23.24560,0,0,0,,
9681,387.240,79,0.82296,18.64487,1,36,0,0.790,6.999
9681,387.240,80,0.44707,23.26110,0,120,0,24.142,
9682,387.280,79,0.82454,18.57942,1,37,0,0.610,6.999
9682,387.280,80,0.46071,23.25613,0,118,0,23.708,
9683,387.320,79,0.82236,18.48941,1,36,0,0.802,6.999
9684,387.360,79,0.82798,18.45081,1,36,0,0.738,6.999
9685,387.400,79,0.82607,18.37970,1,36,0,0.709,6.999
9685,387.400,80,0.43674,23.20679,0,0,0,,
9686,387.440,79,0.82588,18.29012,1,36,0,0.842,6.999
9687,387.480,79,0.83346,18.27091,1,36,0,0.763,6.999
9688,387.520,79,0.82865,18.17765,1,38,0,0.709,6.999
9689,387.560,79,0.82202,18.09266,1,37,0,0.750,6.999
9689,387.560,80,0.43206,22.92962,0,0,0,,
9690,387.600,79,0.83466,18.07876,1,37,0,0.641,6.999
9690,387.600,80,0.42078,22.94398,0,0,0,,
9691,387.640,79,0.83092,17.98435,1,38,0,0.713,6.999
9692,387.680,79,0.83328,17.91664,1,37,0,0.780,6.999
9693,387.720,79,0.82516,17.87207,1,39,0,0.808,6.999
9693,387.720,80,0.50038,22.68499,0,0,0,,
9694,387.760,79,0.83542,17.78969,1,37,0,0.770,6.999
9694,387.760,80,0.49764,22.67702,0,0,0,,
9695,387.800,79,0.83053,17.73986,1,39,0,0.676,6.999
9695,387.800,80,0.49270,22.65802,0,0,0,,
9696,387.840,79,0.82955,17.66346,1,39,0,0.645,6.999
9696,387.840,80,0.50834,22.70783,0,0,0,,
9697,387.880,79,0.83157,17.60409,1,38,0,0.633,6.999
9697,387.880,80,0.49486,22.54093,0,0,0,,
9698,387.920,79,0.83123,17.55565,1,38,0,0.737,6.999
9698,387.920,80,0.52045,22.54050,0,0,0,,
9699,387.960,79,0.83167,17.50839,1,37,0,0.799,6.999
9699,387.960,80,0.54412,22.43030,0,0,0,,
9700,388.000,79,0.83158,17.42159,1,38,0,0.727,6.999
9700,388.000,80,0.52525,22.42205,0,0,0,,
9701,388.040,79,0.83273,17.36350,1,38,0,0.702,6.999
9701,388.040,80,0.56526,22.39031,0,0,0,,
9702,388.080,79,0.83167,17.28039,1,40,0,0.795,6.999
9702,388.080,80,0.54859,22.29523,0,0,0,,
9703,388.120,79,0.83630,17.23728,1,38,0,0.721,6.999
9703,388.120,80,0.54016,22.26391,0,0,0,,
9704,388.160,79,0.83452,17.17713,1,39,0,0.673,6.999
9704,388.160,80,0.53629,22.25769,0,131,0,25.634,
9705,388.200,79,0.83143,17.11894,1,40,0,0.676,6.999
9705,388.200,80,0.57448,22.11446,0,127,0,26.036,
9706,388.240,79,0.83450,17.05333,1,40,0,0.801,6.999
9707,388.280,79,0.83372,16.99144,1,40,0,0.721,6.999
9707,388.280,80,0.46156,21.99197,0,122,0,25.099,
9708,388.320,79,0.83259,16.93900,1,39,0,0.691,6.999
9708,388.320,80,0.46318,21.95112,0,0,0,,
9709,388.360,79,0.82879,16.87828,1,40,0,0.711,6.999
9709,388.360,80,0.47293,21.91415,0,0,0,,
9710,388.400,79,0.83625,16.80849,1,39,0,0.694,6.999
9710,388.400,80,0.48493,21.86606,0,0,0,,
9711,388.440,79,0.83471,16.75275,1,39,0,0.669,6.999
9711,388.440,80,0.48987,21.75240,0,0,0,,
9712,388.480,79,0.82810,16.69472,1,39,0,0.694,6.999
9712,388.480,80,0.49720,21.72187,0,0,0,,
9713,388.520,79,0.83696,16.62846,1,39,0,0.803,6.999
9713,388.520,80,0.49600,21.62731,0,0,0,,
9714,388.560,79,0.83658,16.56301,1,40,0,0.679,6.999
9714,388.560,80,0.51742,21.52417,0,0,0,,
9715,388.600,79,0.83218,16.49493,1,40,0,0.688,6.999
9715,388.600,80,0.52240,21.49888,0,0,0,,
9716,388.640,79,0.83538,16.45380,1,21,0,0.754,6.999
9716,388.640,80,0.53460,21.52165,0,0,0,,
9717,388.680,79,0.83973,16.38120,1,21,0,0.652,6.999
9717,388.680,80,0.54675,21.40799,0,0,0,,
9718,388.720,79,0.83160,16.31458,1,21,0,0.643,6.999
9718,388.720,80,0.54578,21.38170,0,0,0,,
9719,388.760,79,0.82726,16.24119,1,21,0,0.810,6.999
9719,388.760,80,0.55057,21.28142,0,0,0,,
9720,388.800,79,0.83517,16.21135,1,21,0,0.718,6.999
9720,388.800,80,0.55927,21.25214,0,0,0,,
9721,388.840,79,0.83466,16.14724,1,21,0,0.685,6.999
9721,388.840,80,0.54799,21.27579,0,0,0,,
9722,388.880,79,0.83069,16.07575,1,21,0,0.784,6.999
9722,388.880,80,0.57328,21.15321,0,0,0,,
9723,388.920,79,0.83884,16.01754,1,21,0,0.725,6.999
9723,388.920,80,0.55169,21.13140,0,0,0,,
9724,388.960,79,0.83777,15.97112,1,21,0,0.742,6.999
9724,388.960,80,0.58128,21.12363,0,0,0,,
9725,389.000,79,0.83106,15.90265,1,21,0,0.749,6.999
9725,389.000,80,0.58577,21.13498,0,0,0,,
9726,389.040,79,0.83557,15.83656,1,21,0,0.644,6.999
9726,389.040,80,0.59356,21.17678,0,0,0,,
9727,389.080,79,0.83410,15.79688,1,21,0,0.831,6.999
9727,389.080,80,0.61666,21.12446,0,0,0,,
9728,389.120,79,0.82981,15.73664,1,21,0,0.755,6.999
9728,389.120,80,0.63849,21.12086,0,0,0,,
9729,389.160,79,0.83652,15.66369,1,40,0,0.630,6.999
9729,389.160,80,0.64286,21.12834,0,0,0,,
9730,389.200,79,0.83135,15.59907,1,21,0,0.641,6.999
9731,389.240,79,0.83119,15.54796,1,21,0,0.807,6.999
9731,389.240,80,0.53699,21.17754,0,0,0,,
9732,389.280,79,0.84065,15.49121,1,22,0,0.715,6.999
9732,389.280,80,0.55024,21.13821,0,0,0,,
9733,389.320,79,0.83281,15.43457,1,22,0,0.610,6.999
9733,389.320,80,0.55214,21.15582,0,0,0,,
9734,389.360,79,0.82956,15.37413,1,22,0,0.648,6.999
9734,389.360,80,0.56414,21.17967,0,0,0,,
9735,389.400,79,0.83411,15.31339,1,22,0,0.750,6.999
9735,389.400,80,0.56602,21.15650,0,0,0,,
9736,389.440,79,0.83566,15.26400,1,22,0,0.809,6.999
9736,389.440,80,0.56004,21.15022,0,0,0,,
9737,389.480,79,0.83192,15.20570,1,21,0,0.669,6.999
9737,389.480,80,0.56217,21.15212,0,0,0,,
9738,389.520,79,0.82629,15.14366,1,22,0,0.780,6.999
9738,389.520,80,0.53997,21.14840,0,0,0,,
9739,389.560,79,0.83483,15.08789,1,21,0,0.745,6.999
9739,389.560,80,0.53475,21.02400,0,0,0,,
9740,389.600,79,0.83171,15.02529,1,22,0,0.773,6.999
9741,389.640,79,0.82586,14.97438,1,21,0,0.716,6.999
9742,389.680,79,0.83111,14.91399,1,22,0,0.689,6.999
9743,389.720,79,0.83143,14.86931,1,21,0,0.772,6.999
9744,389.760,79,0.82717,14.80729,1,22,0,0.716,6.999
9745,389.800,79,0.82256,14.74166,1,22,0,0.796,6.999
9745,389.800,80,0.46823,21.26513,0,196,0,32.609,
9746,389.840,79,0.82787,14.68098,1,22,0,0.699,6.999
9747,389.880,79,0.81792,14.63491,1,22,0,0.638,6.999
9748,389.920,79,0.82330,14.58020,1,22,0,0.783,6.999
9749,389.960,79,0.82150,14.52935,1,22,0,0.751,6.999
9750,390.000,79,0.82295,14.46045,1,22,0,0.765,6.999
9751,390.040,79,0.82073,14.40696,1,23,0,0.821,6.999
9752,390.080,79,0.82312,14.36280,1,23,0,0.694,6.999
9753,390.120,79,0.82305,14.29981,1,23,0,0.735,6.999
9754,390.160,79,0.82131,14.23924,1,22,0,0.896,6.999
9755,390.200,79,0.81290,14.18458,1,23,0,0.754,6.999
9756,390.240,79,0.82092,14.12379,1,23,0,0.768,6.999
9757,390.280,79,0.81508,14.07314,1,23,0,0.611,6.999
9758,390.320,79,0.81321,14.01907,1,23,0,0.633,6.999
9759,390.360,79,0.81892,13.95458,1,23,0,0.751,6.999
9760,390.400,79,0.81317,13.91228,1,23,0,0.789,6.999
9761,390.440,79,0.81280,13.85553,1,23,0,0.844,6.999
9762,390.480,79,0.82151,13.80938,1,22,0,0.854,6.999
9763,390.520,79,0.81707,13.74553,1,23,0,0.660,6.999
9764,390.560,79,0.81110,13.68479,1,23,0,0.720,6.999
9765,390.600,79,0.80883,13.62524,1,23,0,0.718,6.999
9766,390.640,79,0.81334,13.58281,1,23,0,0.818,6.999
9767,390.680,79,0.80955,13.53321,1,24,0,0.811,6.999
9768,390.720,79,0.80653,13.47311,1,24,0,0.762,6.999
9769,390.760,79,0.81289,13.41898,1,24,0,0.586,6.999
9770,390.800,79,0.80211,13.36043,1,23,0,0.625,6.999
9771,390.840,79,0.80240,13.30315,1,24,0,0.847,6.999
9772,390.880,79,0.80608,13.25483,1,24,0,0.806,6.999
9773,390.920,79,0.80373,13.22067,1,24,0,0.649,6.999
9774,390.960,79,0.80416,13.16522,1,24,0,0.732,6.999
9775,391.000,79,0.80367,13.09714,1,24,0,0.742,6.999
9776,391.040,79,0.80376,13.03663,1,24,0,0.643,6.999
9777,391.080,79,0.79692,12.98061,1,24,0,0.700,6.999
9778,391.120,79,0.79754,12.93463,1,24,0,0.827,6.999
9779,391.160,79,0.79680,12.86932,1,24,0,0.712,6.999
9780,391.200,79,0.79766,12.84166,1,24,0,0.799,6.999
9781,391.240,79,0.79444,12.78003,1,25,0,0.792,6.999
9782,391.280,79,0.79495,12.72828,1,25,0,0.667,6.999
9783,391.320,79,0.79223,12.67457,1,25,0,0.731,6.999
9784,391.360,79,0.79096,12.61333,1,25,0,0.781,6.999
9785,391.400,79,0.78842,12.57116,1,24,0,0.812,6.999
9786,391.440,79,0.79232,12.50997,1,25,0,0.735,6.999
9787,391.480,79,0.78736,12.47155,1,25,0,0.608,6.999
9788,391.520,79,0.78772,12.41741,1,25,0,0.767,6.999
9789,391.560,79,0.78745,12.35453,1,25,0,0.618,6.999
9790,391.600,79,0.78017,12.29990,1,26,0,0.617,6.999
9791,391.640,79,0.78303,12.24704,1,26,0,0.782,6.999
9792,391.680,79,0.78486,12.19509,1,25,0,0.605,6.999
9793,391.720,79,0.78223,12.14793,1,25,0,0.727,6.999
9794,391.760,79,0.78011,12.09693,1,25,0,0.798,6.999
9795,391.800,79,0.78182,12.05040,1,26,0,0.770,6.999
9796,391.840,79,0.77528,12.00772,1,26,0,0.494,6.999
9797,391.880,79,0.77324,11.94988,1,27,0,0.646,6.999
9798,391.920,79,0.77749,11.89828,1,27,0,0.429,6.999
9799,391.960,79,0.77162,11.83719,1,26,0,0.715,6.999
9800,392.000,79,0.77079,11.78511,1,26,0,0.706,6.999
9801,392.040,79,0.77037,11.74157,1,27,0,0.708,6.999
9802,392.080,79,0.77251,11.69196,1,27,0,0.589,6.999
9803,392.120,79,0.76659,11.63553,1,27,0,0.570,6.999
9804,392.160,79,0.76537,11.59012,1,27,0,0.758,6.999
9805,392.200,79,0.76778,11.53639,1,27,0,0.572,6.999
9806,392.240,79,0.76299,11.48298,1,27,0,0.663,6.999
9807,392.280,79,0.76119,11.45048,1,27,0,0.714,6.999
9808,392.320,79,0.76334,11.39837,1,27,0,0.777,6.999
9809,392.360,79,0.75827,11.34581,1,27,0,0.720,6.999
9810,392.400,79,0.75801,11.29749,1,27,0,0.751,6.999
9811,392.440,79,0.75429,11.24802,1,27,0,0.812,6.999
9812,392.480,79,0.75249,11.19537,1,27,0,0.794,6.999
9813,392.520,79,0.75202,11.14667,1,27,0,0.799,6.999
9814,392.560,79,0.75141,11.10567,1,27,0,0.728,6.999
9815,392.600,79,0.74860,11.05141,1,27,0,0.851,6.999
9816,392.640,79,0.74800,11.00197,1,27,0,0.765,6.999
9817,392.680,79,0.74571,10.95644,1,28,0,0.858,6.999
9818,392.720,79,0.74445,10.91070,1,27,0,0.773,6.999
9819,392.760,79,0.73902,10.85884,1,28,0,0.851,6.999
9820,392.800,79,0.74466,10.81545,1,28,0,0.684,6.999
9821,392.840,79,0.74062,10.76502,1,28,0,0.728,6.999
9822,392.880,79,0.73438,10.71333,1,28,0,0.910,6.999
9823,392.920,79,0.73877,10.66343,1,29,0,0.619,6.999
9824,392.960,79,0.73190,10.62180,1,28,0,0.715,6.999
9825,393.000,79,0.73027,10.56798,1,28,0,0.673,6.999
9826,393.040,79,0.72660,10.52362,1,28,0,0.868,6.999
9827,393.080,79,0.72831,10.47641,1,29,0,0.758,6.999
9828,393.120,79,0.72756,10.42277,1,29,0,0.704,6.999
9829,393.160,79,0.72320,10.37911,1,28,0,0.706,6.999
9830,393.200,79,0.72150,10.33596,1,29,0,0.852,6.999
9831,393.240,79,0.72168,10.28471,1,29,0,0.755,6.999
9832,393.280,79,0.71984,10.23305,1,29,0,0.731,6.999
9833,393.320,79,0.71311,10.18547,1,29,0,0.711,6.999
9834,393.360,79,0.71221,10.14110,1,29,0,0.787,6.999
9835,393.400,79,0.71266,10.09890,1,30,0,0.614,6.999
9836,393.440,79,0.71267,10.05062,1,29,0,0.779,6.999
9837,393.480,79,0.70638,10.00580,1,30,0,0.716,6.999
9838,393.520,79,0.70391,9.96138,1,29,0,0.689,6.999
9839,393.560,79,0.70348,9.91669,1,29,29,0.461,11.571
9840,393.600,79,0.70313,9.87779,1,30,0,0.640,6.999
9841,393.640,79,0.70214,9.82212,1,30,0,0.784,13.940
9842,393.680,79,0.69930,9.78136,1,30,0,0.648,6.999
9843,393.720,79,0.69587,9.73418,1,30,25,0.561,10.185
9844,393.760,79,0.69208,9.69234,1,30,18,0.607,13.413
9845,393.800,79,0.69125,9.64841,1,31,0,0.636,6.999
9846,393.840,79,0.69190,9.60676,1,31,0,0.596,6.999
9847,393.880,79,0.68846,9.56519,1,31,0,0.694,6.999
9848,393.920,79,0.68556,9.51676,1,31,0,0.758,6.999
9849,393.960,79,0.68204,9.47747,1,30,17,0.654,11.186
9850,394.000,79,0.68138,9.42318,1,31,0,0.611,6.999
9851,394.040,79,0.68188,9.38569,1,31,32,0.533,10.748
9852,394.080,79,0.67840,9.34010,1,31,0,0.729,6.999
9853,394.120,79,0.67882,9.31163,1,31,33,0.769,12.958
9854,394.160,79,0.67193,9.25143,1,31,32,0.492,13.049
9855,394.200,79,0.67176,9.21118,1,31,0,0.644,6.999
9856,394.240,79,0.66983,9.16866,1,31,35,0.550,13.020
9857,394.280,79,0.66671,9.12479,1,31,0,0.795,6.999
9858,394.320,79,0.66730,9.07397,1,32,0,0.663,6.999
9859,394.360,79,0.66346,9.02978,1,32,0,0.547,6.999
9860,394.400,79,0.65961,8.98958,1,31,0,0.707,6.999
9861,394.440,79,0.66182,8.95164,1,32,18,0.844,14.660
9862,394.480,79,0.65619,8.89694,1,32,0,0.706,6.999
9863,394.520,79,0.65693,8.86671,1,32,27,0.650,13.463
9864,394.560,79,0.65135,8.80825,1,32,0,0.705,6.999
9865,394.600,79,0.64710,8.77955,1,33,28,0.538,12.980
9866,394.640,79,0.65069,8.75099,1,33,26,0.852,13.293
9867,394.680,79,0.64787,8.70873,1,33,41,0.670,14.513
9868,394.720,79,0.64248,8.65247,1,33,31,0.663,15.255
9869,394.760,79,0.64284,8.60982,1,33,43,0.546,12.360
9870,394.800,79,0.63685,8.55563,1,34,0,0.599,15.270
9871,394.840,79,0.64031,8.53362,1,35,39,0.761,12.289
9872,394.880,79,0.63446,8.48143,1,34,35,0.634,13.492
9873,394.920,79,0.63413,8.44888,1,34,27,0.759,12.557
9874,394.960,79,0.63115,8.41327,1,35,36,0.631,13.979
9875,395.000,79,0.63016,8.37119,1,41,27,1.126,12.392
9876,395.040,79,0.62433,8.33200,1,32,41,0.911,13.804
9877,395.080,79,0.62325,8.27890,1,32,38,1.255,13.331
9878,395.120,79,0.62147,8.22673,1,32,40,0.961,13.073
9879,395.160,79,0.60471,8.03522,1,30,0,1.878,4.146
9880,395.200,79,0.60724,8.14997,1,49,29,2.222,13.008
9881,395.240,79,0.61352,8.11806,1,52,36,2.204,12.634
9882,395.280,79,0.59966,7.99388,1,27,38,0.872,6.757
9883,395.320,79,0.60997,7.96600,1,54,30,1.439,4.720
9884,395.360,79,0.59524,7.91916,1,37,0,1.643,6.999
9885,395.400,79,0.60691,7.94186,1,34,30,0.704,8.381
9886,395.440,79,0.60558,7.91570,1,35,46,0.840,7.573
9887,395.480,79,0.59903,7.86405,1,35,72,0.460,4.564
9888,395.520,79,0.59740,7.80802,1,53,55,0.616,10.232
9889,395.560,79,0.59279,7.77430,1,35,43,0.712,13.166
9890,395.600,79,0.59384,7.74654,1,37,49,0.745,13.383
9891,395.640,79,0.58834,7.69879,1,36,40,0.663,13.039
9892,395.680,79,0.58555,7.64486,1,36,0,0.809,15.755
9893,395.720,79,0.58355,7.61121,1,37,38,0.757,11.146
9894,395.760,79,0.58225,7.57239,1,36,26,0.727,13.206
9895,395.800,79,0.58340,7.53914,1,37,39,0.814,11.542
9896,395.840,79,0.57938,7.50118,1,36,40,0.683,12.837
9897,395.880,79,0.57529,7.46838,1,36,36,0.873,14.454
9898,395.920,79,0.57431,7.42296,1,37,42,0.695,12.595
9899,395.960,79,0.56994,7.37871,1,37,38,0.729,13.841
9900,396.000,79,0.56659,7.35448,1,37,32,1.010,13.160
9901,396.040,79,0.56299,7.30959,1,37,35,1.042,13.788
9902,396.080,79,0.56414,7.27099,1,36,30,1.042,15.209
9903,396.120,79,0.56338,7.23707,1,37,35,1.010,14.038
9904,396.160,79,0.55779,7.19167,1,37,35,0.923,14.019
9905,396.200,79,0.55751,7.15852,1,37,39,0.905,14.056
9906,396.240,79,0.55467,7.11902,1,40,45,0.906,14.748
9907,396.280,79,0.54970,7.08409,1,39,46,1.005,14.723
9908,396.320,79,0.54973,7.04731,1,38,45,1.039,14.114
9909,396.360,79,0.54437,7.00762,1,38,44,0.815,14.123
9910,396.400,79,0.54635,6.96906,1,38,38,1.174,14.319
9911,396.440,79,0.54118,6.93062,1,38,43,1.092,14.035
9912,396.480,79,0.53920,6.89196,1,38,43,0.895,15.129
9913,396.520,79,0.53596,6.85782,1,39,42,0.935,14.671
9914,396.560,79,0.52954,6.81894,1,40,47,0.924,14.566
9915,396.600,79,0.52834,6.78756,1,40,43,0.906,13.773
9916,396.640,79,0.52269,6.74993,1,43,40,0.954,14.416
9917,396.680,79,0.52381,6.71599,1,45,46,1.055,13.702
9918,396.720,79,0.51875,6.69079,1,57,34,1.649,14.695
9919,396.760,79,0.51220,6.66799,1,58,41,1.705,13.964
9920,396.800,79,0.50571,6.57739,1,58,25,2.389,20.412
9921,396.840,79,0.50430,6.53482,1,58,25,2.488,18.798
9922,396.880,79,0.50510,6.53280,1,57,36,2.114,14.575
9923,396.920,79,0.52042,6.51488,1,48,0,2.785,6.999
9924,396.960,79,0.49927,6.48314,1,44,35,2.232,14.664
9925,397.000,79,0.49648,6.42375,1,45,37,1.751,13.418
9926,397.040,79,0.48759,6.33202,1,37,0,2.099,21.656
9927,397.080,79,0.49773,6.38909,1,42,53,1.513,11.082
9928,397.120,79,0.49069,6.30036,1,42,68,0.848,4.997
9920,396.800,85,-0.18352,31.98485,1,20,0,0.638,6.999
9921,396.840,85,-0.18997,32.01356,0,42,0,7.333,
9922,396.880,85,-0.19472,32.01907,0,26,0,3.879,
9923,396.920,85,-0.18272,31.89907,0,26,0,3.879,
9924,396.960,85,-0.19242,31.79349,0,26,0,3.886,
9925,397.000,85,-0.20327,31.78754,0,26,0,3.886,
9926,397.040,85,-0.21626,31.78758,0,26,0,3.892,
9927,397.080,85,-0.20426,31.76701,0,26,0,3.879,
9928,397.120,85,-0.20878,31.56725,0,26,0,3.879,
9929,397.160,79,0.49035,6.27643,1,44,72,0.617,5.169
9929,397.160,85,-0.22694,31.33916,0,26,0,3.879,
9930,397.200,79,0.49049,6.26362,1,42,72,0.756,8.354
9930,397.200,85,-0.22121,31.34400,0,28,0,4.291,
9931,397.240,79,0.48774,6.24170,1,63,72,0.925,7.944
9931,397.240,85,-0.22284,31.23533,0,28,0,4.290,
9930,397.200,86,-0.20491,31.69721,1,14,0,1.354,6.999
9931,397.240,86,-0.21975,31.29533,0,28,0,4.290,
9932,397.280,79,0.49076,6.23048,1,55,72,1.181,8.605
9932,397.280,85,-0.23338,31.12532,0,26,0,3.883,
9932,397.280,86,-0.22403,31.13073,0,26,0,3.883,
9933,397.320,79,0.48143,6.17330,1,71,55,1.635,14.117
9933,397.320,85,-0.22681,31.11986,0,26,0,3.881,
9933,397.320,86,-0.23356,31.12910,0,26,0,3.881,
9934,397.360,79,0.47922,6.14986,1,74,41,1.955,13.645
9934,397.360,85,-0.23184,30.90072,0,34,0,6.057,
9935,397.400,79,0.47436,6.09406,1,40,46,1.306,14.536
9935,397.400,85,-0.23664,30.88637,1,23,0,0.722,6.999
9936,397.440,79,0.46858,6.04072,1,39,41,0.851,12.618
9936,397.440,85,-0.24574,30.95117,1,23,0,1.109,6.999
9937,397.480,79,0.46844,6.01257,1,40,18,1.367,18.801
9937,397.480,85,-0.23875,30.75245,0,29,0,1.009,
9938,397.520,79,0.46137,5.97591,1,41,30,1.273,12.202
9938,397.520,85,-0.24963,30.77303,1,22,0,1.124,6.999
9939,397.560,79,0.46055,5.93586,1,40,30,0.875,11.811
9939,397.560,85,-0.25205,30.56415,1,23,0,0.949,6.999
9940,397.600,79,0.45924,5.90554,1,40,30,1.097,11.256
9940,397.600,85,-0.25596,30.47603,0,321,0,52.915,
9941,397.640,79,0.45497,5.87785,1,41,46,0.943,12.037
9941,397.640,85,-0.25492,30.55551,0,83,0,10.085,
9940,397.600,87,-0.21978,32.73452,0,21,0,3.434,
9941,397.640,87,-0.25690,33.21368,0,83,0,10.085,
9942,397.680,79,0.45067,5.84123,1,40,45,0.872,12.281
9942,397.680,85,-0.24782,30.34680,0,108,0,11.304,
9942,397.680,87,-0.22841,32.85055,0,108,0,11.304,
9943,397.720,79,0.44920,5.81274,1,41,36,1.021,12.026
9943,397.720,85,-0.25930,30.29918,1,26,0,0.478,6.999
9943,397.720,87,-0.25903,33.03962,0,99,0,10.337,
9944,397.760,79,0.44537,5.77676,1,57,46,0.982,11.601
9944,397.760,85,-0.26064,30.30484,0,114,0,11.485,
9944,397.760,87,-0.23991,32.93708,0,114,0,11.485,
9945,397.800,79,0.44428,5.73698,1,42,44,0.832,12.379
9945,397.800,85,-0.26441,30.20090,0,106,0,11.414,
9945,397.800,87,-0.23942,32.96116,0,106,0,11.413,
9946,397.840,79,0.43914,5.69569,1,41,0,0.970,11.482
9946,397.840,85,-0.26811,30.07765,0,392,0,46.141,
9946,397.840,87,-0.22347,32.23460,0,392,0,46.141,
9947,397.880,79,0.43859,5.67205,1,42,36,1.026,11.812
9947,397.880,85,-0.26696,30.06506,0,108,0,11.087,
9947,397.880,87,-0.24315,32.00418,0,108,0,11.087,
9948,397.920,79,0.43217,5.62899,1,41,34,1.062,11.199
9948,397.920,85,-0.27059,29.92268,0,214,0,17.163,
9948,397.920,87,-0.25102,32.65469,0,214,0,17.165,
9949,397.960,79,0.43337,5.60395,1,42,31,1.016,11.424
9949,397.960,85,-0.27177,29.84012,0,108,0,11.331,
9949,397.960,87,-0.25142,31.92344,0,108,0,11.331,
9950,398.000,79,0.42926,5.56818,1,42,40,1.051,10.858
9950,398.000,85,-0.28539,29.70233,0,26,0,3.879,
9950,398.000,87,-0.24058,32.43318,0,26,0,3.883,
9951,398.040,79,0.42348,5.52465,1,41,27,1.163,11.233
9951,398.040,85,-0.29963,29.62790,0,117,0,12.030,
9951,398.040,87,-0.24007,32.54938,0,117,0,12.030,
9952,398.080,79,0.42380,5.50458,1,42,39,0.999,10.271
9952,398.080,85,-0.28944,29.67231,0,0,0,,
9953,398.120,79,0.41735,5.45827,1,42,22,1.097,11.635
9953,398.120,85,-0.29109,29.49011,0,79,0,10.326,
9953,398.120,87,-0.25694,32.35732,0,79,0,10.326,
9950,398.000,88,0.74553,30.29024,1,16,0,1.043,6.999
9951,398.040,88,0.72309,30.14798,0,171,0,22.740,
9952,398.080,88,0.69659,30.10882,0,703,0,76.027,
9953,398.120,88,0.68776,29.92463,0,79,0,10.326,
9954,398.160,79,0.41486,5.43871,1,41,34,0.856,10.990
9954,398.160,85,-0.29086,29.48282,0,0,0,,
9954,398.160,87,-0.25585,32.23215,0,26,0,3.879,
9954,398.160,88,0.68079,29.91156,0,825,0,71.934,
9955,398.200,79,0.41181,5.40716,1,42,39,1.071,10.859
9955,398.200,85,-0.29991,29.30167,0,349,0,47.245,
9955,398.200,87,-0.26327,32.18575,0,349,0,46.911,
9955,398.200,88,0.68180,29.93575,0,0,0,,
9956,398.240,79,0.40940,5.36924,1,42,41,0.710,9.671
9956,398.240,85,-0.30662,29.28379,0,0,0,,
9956,398.240,87,-0.25265,31.78690,0,26,0,3.873,
9956,398.240,88,0.64948,29.63853,0,811,0,74.675,
9957,398.280,79,0.40591,5.33740,1,43,33,0.748,10.385
9957,398.280,85,-0.31133,29.31652,1,23,0,0.850,6.999
9957,398.280,87,-0.27994,32.17247,0,23,0,0.850,
9957,398.280,88,0.64576,29.60469,0,23,0,1.644,
9958,398.320,79,0.40174,5.30027,1,43,35,0.804,9.333
9958,398.320,85,-0.31983,29.10846,1,23,0,0.840,6.999
9958,398.320,87,-0.25347,31.58464,0,23,0,0.840,
9958,398.320,88,0.61578,29.51924,0,23,0,0.840,
9959,398.360,79,0.40088,5.27073,1,43,39,0.683,8.957
9959,398.360,85,-0.31944,28.99551,1,24,0,0.837,6.999
9959,398.360,87,-0.28297,32.03159,0,24,0,0.903,
9959,398.360,88,0.61953,29.56674,0,24,0,1.689,
9960,398.400,79,0.39684,5.23692,1,43,34,0.709,9.265
9960,398.400,85,-0.32683,28.86422,1,24,0,0.863,6.999
9960,398.400,87,-0.29723,31.42442,0,24,0,0.842,
9960,398.400,88,0.55629,29.38747,0,24,0,0.842,
9961,398.440,79,0.39331,5.19746,1,43,40,0.894,8.219
9961,398.440,85,-0.34043,28.78300,0,0,0,,
9961,398.440,87,-0.28101,31.06894,0,26,0,3.873,
9961,398.440,88,0.55820,29.36885,0,731,0,73.273,
9962,398.480,79,0.39178,5.17524,1,43,36,0.794,8.332
9962,398.480,85,-0.32694,28.78387,0,0,0,,
9962,398.480,87,-0.28013,30.78086,0,27,0,4.081,
9962,398.480,88,0.57127,29.09728,0,703,0,77.344,
9963,398.520,79,0.39034,5.14240,1,44,40,0.763,9.409
9963,398.520,85,-0.32568,28.76094,0,166,0,16.437,
9963,398.520,87,-0.28404,30.68591,0,166,0,16.437,
9963,398.520,88,0.52936,29.12737,0,0,0,,
9964,398.560,79,0.38463,5.10821,1,44,38,0.852,8.837
9964,398.560,85,-0.32117,28.69768,0,128,0,13.199,
9964,398.560,87,-0.27336,30.28648,0,128,0,13.199,
9964,398.560,88,0.50828,29.14129,0,128,0,13.199,
9965,398.600,79,0.38222,5.08280,1,44,37,0.797,8.364
9965,398.600,85,-0.32404,28.49120,0,94,0,14.376,
9965,398.600,87,-0.27699,30.52575,0,94,0,14.376,
9965,398.600,88,0.51227,28.98192,0,94,0,14.376,
9966,398.640,79,0.38058,5.05165,1,45,31,0.846,9.194
9966,398.640,85,-0.31730,28.51946,0,155,0,16.394,
9966,398.640,87,-0.26827,31.10289,0,155,0,16.394,
9966,398.640,88,0.56616,28.97521,0,0,0,,
9967,398.680,79,0.37810,5.01760,1,45,30,0.665,9.224
9967,398.680,85,-0.31555,28.38908,0,0,0,,
9967,398.680,87,-0.24509,30.96222,0,26,0,3.879,
9967,398.680,88,0.60291,28.95366,0,504,0,63.008,
9968,398.720,79,0.37479,4.99070,1,45,30,0.809,8.046
9968,398.720,85,-0.31286,28.36189,0,0,0,,
9968,398.720,87,-0.25251,30.91921,0,27,0,4.101,
9968,398.720,88,0.58749,28.87488,0,509,0,63.787,
9969,398.760,79,0.37306,4.95422,1,44,44,0.709,8.236
9969,398.760,85,-0.35009,28.26363,0,0,0,,
9969,398.760,87,-0.24092,30.19155,0,523,0,48.429,
9969,398.760,88,0.56914,28.74598,0,610,0,67.142,
9970,398.800,79,0.36734,4.92374,1,45,34,0.848,8.021
9970,398.800,85,-0.32552,28.14743,0,0,0,,
9970,398.800,87,-0.22742,30.77413,0,27,0,4.106,
9971,398.840,79,0.36659,4.89578,1,46,47,0.730,7.353
9971,398.840,85,-0.34802,28.15298,0,0,0,,
9971,398.840,87,-0.20350,31.11648,0,788,0,54.509,
9971,398.840,88,0.52430,28.57080,0,0,0,,
9972,398.880,79,0.36259,4.86594,1,46,47,0.730,8.331
9972,398.880,85,-0.35450,28.09044,0,0,0,,
9972,398.880,87,-0.19103,30.93850,0,756,0,54.541,
9973,398.920,79,0.36065,4.83792,1,46,39,0.662,9.201
9973,398.920,85,-0.34715,27.97406,1,25,0,0.901,6.999
9973,398.920,87,-0.20856,30.26243,0,25,0,0.901,
9974,398.960,79,0.35658,4.81186,1,46,46,0.682,7.761
9974,398.960,85,-0.36484,27.84186,1,26,0,0.891,6.999
9974,398.960,87,-0.20234,30.23443,0,26,0,0.891,
9975,399.000,79,0.35388,4.77971,1,46,44,0.738,8.288
9975,399.000,85,-0.35986,27.76674,1,24,0,0.615,6.999
9975,399.000,87,-0.20314,30.48687,0,24,0,0.615,
9976,399.040,79,0.34987,4.73947,1,46,33,0.870,7.285
9976,399.040,85,-0.38434,27.59138,1,25,0,0.689,6.999
9976,399.040,87,-0.20715,30.38330,0,25,0,0.689,
9976,399.040,88,0.45727,28.20160,0,25,0,0.689,
9977,399.080,79,0.35048,4.71591,1,48,32,1.127,8.233
9977,399.080,85,-0.38272,27.63814,1,25,0,0.850,6.999
9977,399.080,87,-0.24089,30.68192,0,25,0,0.850,
9977,399.080,88,0.42047,28.18399,0,25,0,1.844,
9978,399.120,79,0.34866,4.68985,1,49,38,0.929,7.642
9978,399.120,85,-0.37917,27.63026,1,24,0,0.778,6.999
9978,399.120,87,-0.22678,29.96925,0,24,0,0.999,
9979,399.160,79,0.34479,4.65778,1,49,33,0.929,9.055
9979,399.160,85,-0.38050,27.44096,1,25,0,0.951,6.999
9979,399.160,87,-0.28150,29.50954,0,25,0,0.948,
9979,399.160,88,0.36320,28.01374,0,25,0,1.899,
9980,399.200,79,0.34422,4.63129,1,51,33,1.111,8.253
9980,399.200,85,-0.39353,27.41215,1,26,0,0.577,6.999
9980,399.200,87,-0.29296,29.93395,0,26,0,0.603,
9981,399.240,79,0.33620,4.59523,1,47,32,0.777,7.806
9981,399.240,85,-0.39402,27.23777,0,0,0,,
9981,399.240,87,-0.33112,29.94005,0,359,0,32.130,
9981,399.240,88,0.30939,27.88330,0,0,0,,
9980,399.200,90,0.40328,31.08355,1,19,0,1.413,6.999
9981,399.240,90,0.36529,30.48115,0,359,0,32.130,
9982,399.280,79,0.33662,4.58114,1,49,0,0.879,6.025
9982,399.280,85,-0.38015,27.23666,0,0,0,,
9982,399.280,87,-0.37004,30.05515,0,33,0,5.717,
9982,399.280,90,0.39458,30.21499,0,766,0,54.118,
9983,399.320,79,0.33105,4.54892,1,49,24,0.978,7.078
9983,399.320,85,-0.40070,27.23152,0,0,0,,
9983,399.320,87,-0.40986,30.08703,0,730,0,56.466,
9983,399.320,88,0.25032,27.65556,0,0,0,,
9983,399.320,90,0.35300,30.87956,0,732,0,55.099,
9984,399.360,79,0.33021,4.51810,1,51,30,0.951,7.666
9984,399.360,85,-0.41913,27.13536,1,26,0,0.980,6.999
9984,399.360,87,-0.40627,30.16249,0,26,0,0.980,
9984,399.360,88,0.24165,27.67088,0,26,0,1.679,
9980,399.200,89,-0.30000,31.69600,0,32,0,2.249,
9981,399.240,89,-0.32589,31.81841,0,359,0,32.130,
9984,399.360,89,-0.40297,31.34604,0,26,0,0.980,
9985,399.400,79,0.32500,4.49136,1,53,27,0.795,8.451
9985,399.400,85,-0.41775,27.12246,1,26,0,0.799,6.999
9985,399.400,87,-0.43086,30.17639,0,26,0,0.799,
9985,399.400,88,0.19501,27.66030,0,26,0,0.799,
9985,399.400,90,0.27280,30.58964,0,594,0,62.595,
9986,399.440,79,0.32104,4.45612,1,49,0,0.880,6.999
9986,399.440,85,-0.42286,26.88509,0,0,0,,
9986,399.440,87,-0.47476,30.19294,0,323,0,31.881,
9986,399.440,88,0.16432,27.50950,0,0,0,,
9986,399.440,90,0.29479,30.40327,0,323,0,31.881,
9987,399.480,79,0.32074,4.43559,1,53,31,0.829,7.987
9987,399.480,85,-0.42202,26.96842,1,26,0,0.761,6.999
9987,399.480,87,-0.49198,29.99435,0,26,0,0.761,
9987,399.480,89,-0.49436,30.16148,0,26,0,0.761,
9987,399.480,90,0.31795,29.95507,0,507,0,54.254,
9988,399.520,79,0.31457,4.40599,1,52,32,0.872,8.548
9988,399.520,85,-0.42154,26.92688,1,26,0,0.807,6.999
9988,399.520,87,-0.54222,29.50020,0,26,0,0.807,
9988,399.520,88,0.12861,27.35865,0,26,0,0.807,
9988,399.520,89,-0.54158,29.56569,0,26,0,0.807,
9988,399.520,90,0.23830,30.36335,0,26,0,0.807,
9989,399.560,79,0.31402,4.37770,1,51,21,0.940,10.304
9989,399.560,85,-0.41882,26.72001,0,0,0,,
9989,399.560,88,0.09266,27.18617,0,0,0,,
9989,399.560,90,0.20136,30.44130,0,707,0,59.716,
9990,399.600,79,0.30984,4.34966,1,52,28,0.962,8.547
9990,399.600,85,-0.42471,26.75073,0,0,0,,
9990,399.600,88,0.11248,27.14111,0,0,0,,
9990,399.600,90,0.18479,30.41159,0,705,0,61.573,
9991,399.640,79,0.30747,4.32224,1,53,40,0.903,8.585
9991,399.640,85,-0.43841,26.56433,0,0,0,,
9991,399.640,87,-0.46836,29.15269,0,564,0,79.561,
9991,399.640,89,-0.46986,29.14807,0,564,0,80.340,
9991,399.640,90,0.22417,30.36210,0,537,0,73.785,
9990,399.600,91,-0.45372,28.36802,0,25,0,3.333,
9991,399.640,91,-0.47064,28.97115,0,546,0,75.623,
9992,399.680,79,0.30372,4.29631,1,51,34,0.741,8.799
9992,399.680,85,-0.42469,26.59567,0,0,0,,
9992,399.680,87,-0.49218,28.75019,0,605,0,62.054,
9992,399.680,88,0.06002,27.00609,0,668,0,87.826,
9992,399.680,89,-0.49475,28.77506,0,605,0,62.054,
9992,399.680,90,0.20564,30.21188,0,599,0,63.309,
9992,399.680,91,-0.49994,29.13753,0,605,0,62.054,
9993,399.720,79,0.30421,4.27132,1,54,42,0.905,8.400
9993,399.720,85,-0.43157,26.45431,1,27,0,1.107,6.999
9993,399.720,87,-0.53298,28.54192,0,27,0,1.107,
9993,399.720,89,-0.52276,28.54603,0,27,0,1.107,
9993,399.720,90,0.15170,30.22110,0,717,0,61.023,
9993,399.720,91,-0.49446,28.58433,0,27,0,1.107,
9994,399.760,79,0.29706,4.24169,1,50,46,0.831,8.369
9994,399.760,85,-0.44791,26.39069,0,0,0,,
9994,399.760,87,-0.51008,29.12735,0,783,0,54.562,
9994,399.760,88,0.00809,26.83596,0,0,0,,
9994,399.760,90,0.14035,30.28324,0,774,0,56.667,
9994,399.760,91,-0.51469,29.18581,0,782,0,53.627,
9995,399.800,79,0.29349,4.21383,1,52,44,0.866,8.616
9995,399.800,85,-0.46324,26.38977,0,0,0,,
9995,399.800,87,-0.55745,28.54262,0,28,0,4.148,
9995,399.800,88,0.00379,26.81033,0,0,0,,
9995,399.800,90,0.13403,30.05860,0,739,0,59.645,
9996,399.840,79,0.29155,4.18472,1,51,52,0.868,8.846
9996,399.840,85,-0.46478,26.18730,0,279,0,27.252,
9996,399.840,87,-0.57078,28.42690,0,279,0,27.252,
9996,399.840,88,0.02499,26.64044,0,279,0,27.252,
9996,399.840,90,0.08594,29.84041,0,279,0,27.252,
9996,399.840,91,-0.56845,28.56033,0,279,0,27.252,
9997,399.880,79,0.28992,4.16883,1,50,53,0.808,9.336
9997,399.880,85,-0.44456,26.16508,1,28,0,0.852,6.999
9997,399.880,87,-0.57832,28.17825,0,28,0,0.852,
9997,399.880,88,0.02687,26.70610,0,28,0,0.852,
9997,399.880,90,0.07240,29.81905,0,28,0,1.729,
9997,399.880,91,-0.58027,28.16959,0,28,0,0.852,
9998,399.920,79,0.28361,4.13918,1,51,40,0.792,9.160
9998,399.920,85,-0.43347,26.02222,1,27,0,0.817,6.999
9998,399.920,87,-0.61259,27.60171,0,27,0,0.817,
9998,399.920,88,0.02583,26.63006,0,27,0,1.991,
9998,399.920,90,0.07123,29.80189,0,27,0,0.817,
9998,399.920,91,-0.61443,27.53687,0,27,0,0.817,
9999,399.960,79,0.28100,4.11577,1,53,51,1.044,9.562
9999,399.960,85,-0.42871,26.00952,1,29,0,0.808,6.999
9999,399.960,88,0.01696,26.48107,0,29,0,0.808,
9999,399.960,90,0.02628,29.64406,0,614,0,69.915,
10000,400.000,79,0.27569,4.07684,1,53,40,0.911,8.903
10000,400.000,85,-0.44282,25.85293,1,27,0,0.807,6.999
10000,400.000,87,-0.71520,27.32909,0,27,0,2.029,
10000,400.000,88,0.01798,26.30507,0,27,0,2.029,
10000,400.000,90,-0.01971,29.42492,0,233,0,27.020,
10001,400.040,79,0.27382,4.05834,1,52,45,0.838,8.610
10001,400.040,85,-0.45598,25.85234,1,28,0,0.770,6.999
10001,400.040,87,-0.81070,27.05054,0,28,0,0.770,
10000,400.000,92,0.06752,31.68757,1,16,0,0.209,6.999
10001,400.040,92,0.10055,32.47942,0,605,0,69.288,
10002,400.080,79,0.27173,4.03610,1,53,46,0.931,9.094
10002,400.080,85,-0.46187,25.77661,1,27,0,0.907,6.999
10002,400.080,87,-0.80605,26.96312,0,27,0,0.939,
10002,400.080,92,0.07486,32.06330,0,612,0,67.537,
10000,400.000,93,0.22599,28.43392,0,24,0,1.154,
10001,400.040,93,0.25305,28.64627,0,28,0,0.773,
10002,400.080,93,0.29987,28.85288,0,27,0,0.907,
10003,400.120,79,0.26827,4.01161,1,54,50,1.003,8.679
10003,400.120,85,-0.45776,25.69186,1,27,0,0.829,6.999
10003,400.120,87,-0.83720,27.00015,0,27,0,2.031,
10003,400.120,88,0.03217,26.46432,0,27,0,2.031,
10003,400.120,90,-0.00401,29.02009,0,27,0,0.831,
10003,400.120,92,0.06307,31.47462,0,588,0,70.465,
10004,400.160,79,0.26359,3.98157,1,54,49,0.878,8.887
10004,400.160,85,-0.45759,25.64069,1,29,0,0.962,6.999
10004,400.160,87,-0.86196,26.79471,0,29,0,0.962,
10004,400.160,88,0.01925,26.73718,0,29,0,0.978,
10005,400.200,79,0.26209,3.95656,1,54,54,0.931,8.496
10005,400.200,85,-0.46222,25.54503,1,28,0,0.699,6.999
10005,400.200,87,-0.87147,26.83748,0,28,0,0.699,
10005,400.200,88,0.02807,27.12293,0,28,0,0.699,
10005,400.200,92,0.01475,31.35682,0,651,0,70.838,
10006,400.240,79,0.25691,3.92382,1,54,50,0.965,8.989
10006,400.240,85,-0.47279,25.41753,1,27,0,0.780,6.999
10006,400.240,87,-0.88791,26.63288,0,27,0,0.791,
10006,400.240,90,-0.04217,29.08444,0,26,0,1.424,
10007,400.280,79,0.25328,3.90994,1,53,55,0.929,9.294
10007,400.280,85,-0.47875,25.38259,1,30,0,0.653,6.999
10007,400.280,87,-0.90058,26.63395,0,30,0,0.653,
10007,400.280,90,-0.06783,29.08465,0,28,0,1.502,
10008,400.320,79,0.25161,3.87426,1,54,55,1.055,8.464
10008,400.320,85,-0.48834,25.26993,1,28,0,0.773,6.999
10008,400.320,87,-0.94913,26.51152,0,28,0,0.773,
10008,400.320,90,-0.04832,28.84942,0,28,0,1.518,
10009,400.360,79,0.24613,3.84526,1,54,52,0.962,8.189
10009,400.360,85,-0.46903,25.21020,1,28,0,0.713,6.999
10009,400.360,87,-0.93952,26.46611,0,28,0,0.713,
10010,400.400,79,0.24170,3.82192,1,55,58,0.955,8.298
10010,400.400,85,-0.48888,25.11693,1,28,0,0.841,6.999
10010,400.400,87,-0.95181,26.30146,0,28,0,0.846,
10011,400.440,79,0.24000,3.80171,1,57,56,1.136,8.382
10011,400.440,85,-0.49472,25.06317,1,28,0,0.755,6.999
10011,400.440,87,-0.99152,26.31461,0,28,0,2.036,
10011,400.440,88,0.17448,27.17059,0,36,0,1.947,
10012,400.480,79,0.23443,3.77543,1,55,57,0.829,8.024
10012,400.480,85,-0.49478,24.99766,1,28,0,0.875,6.999
10012,400.480,87,-0.99170,26.18058,0,28,0,0.875,
10012,400.480,88,0.11578,26.67355,0,28,0,0.875,
10012,400.480,90,-0.02452,28.45905,0,28,0,0.875,
10012,400.480,92,0.03803,31.64970,0,389,0,34.979,
10012,400.480,93,0.16835,28.01951,0,28,0,0.875,
10010,400.400,94,0.02735,32.05763,0,24,0,1.565,
10011,400.440,94,0.03843,32.04992,0,282,0,28.869,
10012,400.480,94,0.02391,31.75680,0,389,0,34.979,
10013,400.520,79,0.23305,3.59163,1,21,50,11.134,35.478
10013,400.520,85,-0.48496,24.89984,1,29,0,0.739,6.999
10013,400.520,87,-1.01623,26.14736,0,29,0,0.739,
10013,400.520,88,0.06052,26.06856,0,29,0,0.739,
10013,400.520,90,-0.00143,28.30885,0,173,0,25.220,
10013,400.520,92,0.02649,31.70168,0,173,0,25.220,
10013,400.520,94,0.01225,31.68528,0,173,0,25.220,
10014,400.560,85,-0.50198,24.85648,1,28,0,0.882,6.999
10014,400.560,87,-1.02911,26.01869,0,28,0,0.882,
10014,400.560,88,-0.01412,25.36292,0,28,0,0.882,
10014,400.560,90,-0.04529,27.73330,0,28,0,0.882,
10014,400.560,92,-0.02971,31.42011,0,272,0,29.121,
10014,400.560,93,0.13449,27.88399,0,28,0,0.885,
10014,400.560,94,-0.02468,31.45617,0,272,0,29.121,
10015,400.600,79,0.24653,3.71488,1,21,56,1.416,8.449
10015,400.600,85,-0.49729,24.75094,1,27,0,0.801,6.999
10015,400.600,87,-1.05307,25.99422,0,27,0,2.040,
10015,400.600,88,-0.02268,25.36745,0,27,0,2.040,
10015,400.600,90,-0.03006,27.77327,0,114,0,18.151,
10015,400.600,92,-0.02266,31.69481,1,114,0,18.151,6.999
10015,400.600,93,0.12072,27.76239,0,114,0,18.151,
10016,400.640,85,-0.49111,24.77019,1,27,0,1.029,6.999
10016,400.640,87,-1.07432,25.85765,0,27,0,1.029,
10016,400.640,88,-0.05390,25.23020,0,27,0,1.029,
10016,400.640,90,-0.01896,27.54031,0,113,0,18.058,
10016,400.640,92,0.03284,31.64778,0,113,0,18.058,
10017,400.680,85,-0.50000,24.59862,1,27,0,0.821,6.999
10017,400.680,87,-1.07365,25.83750,0,27,0,2.042,
10017,400.680,88,-0.02167,25.23055,0,27,0,2.042,
10017,400.680,90,-0.03400,27.35637,0,105,0,17.951,
10017,400.680,92,-0.02439,32.07337,0,105,0,17.951,
10018,400.720,79,0.28575,3.55533,1,24,62,8.405,34.661
10018,400.720,85,-0.49507,24.61389,1,28,0,1.037,6.999
10018,400.720,87,-1.09585,25.73843,0,28,0,1.037,
10018,400.720,88,-0.03347,25.04263,0,28,0,1.039,
10018,400.720,92,-0.02743,31.41526,0,41,0,7.343,
10019,400.760,85,-0.50694,24.45679,1,28,0,0.706,6.999
10019,400.760,87,-1.12651,25.68723,0,28,0,2.034,
10019,400.760,88,-0.00945,25.05948,0,28,0,2.034,
10019,400.760,92,-0.01209,31.52911,1,114,0,18.836,6.999
10020,400.800,85,-0.50368,24.44633,1,28,0,0.818,6.999
10020,400.800,87,-1.14667,25.60606,0,28,0,2.060,
10020,400.800,88,-0.00737,25.05196,0,28,0,2.060,
10020,400.800,92,0.00585,31.45771,1,117,0,18.641,6.999
10020,400.800,93,0.04181,28.40456,0,117,0,18.641,
10021,400.840,85,-0.50887,24.33950,1,29,0,0.865,6.999
10021,400.840,87,-1.17184,25.53505,0,29,0,0.865,
10021,400.840,88,-0.01226,24.92221,0,29,0,0.865,
10021,400.840,90,0.01594,25.88691,0,196,0,22.140,
10021,400.840,92,0.04362,30.89190,0,196,0,22.140,
10021,400.840,93,0.09004,28.34738,0,196,0,22.140,
10020,400.800,95,0.05803,31.25779,1,16,0,0.204,6.999
10021,400.840,95,0.05003,30.78349,0,196,0,22.140,
10022,400.880,85,-0.50941,24.30457,1,28,0,0.751,6.999
10022,400.880,87,-1.16972,25.45823,0,28,0,2.071,
10022,400.880,88,-0.01560,24.90879,0,28,0,2.071,
10022,400.880,90,0.01717,25.70134,0,28,0,0.751,
10022,400.880,92,0.04140,30.52796,0,170,0,21.566,
10022,400.880,95,0.04182,30.54094,0,170,0,21.566,
10023,400.920,85,-0.50827,24.29690,1,28,0,0.830,6.999
10023,400.920,88,-0.03961,24.89039,0,28,0,2.069,
10023,400.920,90,-0.00926,25.10082,0,28,0,2.070,
10023,400.920,92,0.03288,30.65916,0,101,0,18.815,
10023,400.920,95,0.02284,30.82467,0,101,0,18.815,
10024,400.960,79,0.22826,3.37798,1,23,65,8.385,30.073
10024,400.960,85,-0.52186,24.15338,1,29,0,0.840,6.999
10024,400.960,88,-0.02861,24.75539,0,29,0,2.089,
10024,400.960,90,-0.03247,24.74345,0,29,0,2.089,
10024,400.960,92,-0.02477,31.01801,1,100,0,18.926,6.999
10025,401.000,79,0.24391,3.36193,1,24,64,7.951,27.258
10025,401.000,85,-0.52261,24.05931,1,28,0,0.925,6.999
10025,401.000,88,-0.05712,24.60498,0,28,0,0.925,
10025,401.000,90,-0.05500,24.60346,0,28,0,0.925,
10025,401.000,93,0.05872,28.27866,0,121,0,17.885,
10026,401.040,79,0.21507,3.32792,1,24,63,7.397,25.949
10026,401.040,85,-0.50843,23.99986,1,28,0,0.854,6.999
10026,401.040,88,-0.04512,24.59957,0,28,0,2.076,
10026,401.040,92,-0.05743,30.86681,0,202,0,21.579,
10026,401.040,93,-0.00320,27.76215,0,202,0,21.579,
10027,401.080,85,-0.52522,23.90475,1,29,0,0.900,6.999
10027,401.080,88,-0.07382,24.42817,0,29,0,0.900,
10027,401.080,92,-0.09655,30.89617,0,173,0,22.586,
10027,401.080,93,0.00690,28.28841,0,173,0,22.586,
10028,401.120,85,-0.51935,23.85680,1,28,0,0.889,6.999
10028,401.120,88,-0.08762,24.43403,0,28,0,2.079,
10028,401.120,92,-0.08387,30.89518,0,449,0,35.539,
10028,401.120,93,-0.02067,28.20376,0,28,0,0.889,
10029,401.160,85,-0.52288,23.81889,1,29,0,0.939,6.999
10029,401.160,88,-0.05936,24.44479,0,29,0,0.938,
10029,401.160,92,-0.00721,30.67182,0,129,0,20.717,
10029,401.160,93,-0.02048,28.10866,0,129,0,20.717,
10030,401.200,79,0.30029,3.19856,1,0,71,7.957,26.060
10030,401.200,85,-0.52907,23.71610,1,30,0,0.891,6.999
10030,401.200,88,-0.08134,24.33999,0,30,0,2.070,
10030,401.200,92,-0.01186,30.56168,0,130,0,21.004,
10030,401.200,93,-0.01042,28.47518,0,130,0,21.004,
10031,401.240,85,-0.53148,23.62587,1,29,0,0.864,6.999
10031,401.240,88,-0.08604,24.35227,0,29,0,0.864,
10032,401.280,79,0.17915,3.34516,1,80,72,2.551,7.807
10032,401.280,85,-0.53280,23.57760,1,30,0,0.934,6.999
10032,401.280,88,-0.10258,24.29847,0,30,0,2.065,
10032,401.280,92,-0.14376,30.71699,0,211,0,22.801,
10033,401.320,79,0.16926,3.31796,1,0,72,1.437,8.174
10033,401.320,85,-0.53346,23.50876,1,29,0,0.772,6.999
10033,401.320,88,-0.12999,24.18047,0,29,0,0.772,
10033,401.320,92,-0.13178,31.16271,0,173,0,24.196,
10033,401.320,93,-0.15670,28.31814,0,173,0,24.196,
10034,401.360,79,0.16383,3.30495,1,0,72,1.000,8.276
10034,401.360,85,-0.53778,23.44429,1,31,0,0.857,6.999
10034,401.360,88,-0.15246,24.36420,0,31,0,2.050,
10034,401.360,93,-0.19919,28.17779,0,123,0,18.110,
10035,401.400,79,0.20193,3.31372,1,95,72,4.701,10.050
10035,401.400,85,-0.55122,23.35156,1,31,0,0.830,6.999
10035,401.400,88,-0.17268,24.04911,0,31,0,0.830,
10035,401.400,93,-0.21307,27.43481,0,116,0,21.416,
10036,401.440,79,0.21133,3.29795,1,96,72,5.730,10.790
10036,401.440,85,-0.55360,23.29703,1,30,0,0.834,6.999
10036,401.440,88,-0.17369,24.01017,0,30,0,2.083,
10036,401.440,92,-0.17040,30.54214,0,216,0,25.314,
10036,401.440,93,-0.17751,27.72104,0,216,0,25.314,
10037,401.480,79,0.16327,3.27395,1,0,72,0.850,10.683
10037,401.480,85,-0.52133,23.22537,0,0,0,,
10037,401.480,88,-0.19523,23.90943,0,0,0,,
10037,401.480,92,-0.18023,30.25357,0,343,0,28.370,
10038,401.520,79,0.15923,3.25244,1,0,72,0.927,10.749
10038,401.520,85,-0.52255,23.15385,0,140,0,25.057,
10038,401.520,88,-0.14759,23.90248,0,140,0,25.057,
10038,401.520,92,-0.16823,30.27159,0,140,0,25.057,
10038,401.520,93,-0.23015,27.45267,0,140,0,25.057,
10039,401.560,79,0.15390,3.23386,1,0,72,1.237,10.858
10039,401.560,85,-0.53584,23.08603,0,152,0,26.073,
10039,401.560,88,-0.17454,23.75391,0,152,0,26.073,
10039,401.560,92,-0.15389,30.33439,1,152,0,26.073,6.999
10039,401.560,93,-0.23821,27.27989,0,152,0,26.073,
10040,401.600,79,0.15270,3.21923,1,0,72,1.382,11.358
10040,401.600,85,-0.53442,23.03070,0,179,0,25.166,
10040,401.600,88,-0.21892,23.62644,0,179,0,25.166,
10040,401.600,92,-0.18015,30.29352,0,179,0,25.166,
10040,401.600,93,-0.18782,27.50202,0,179,0,25.166,
10041,401.640,79,0.14867,3.19608,1,0,72,1.262,10.993
10041,401.640,85,-0.54796,22.96407,0,139,0,25.337,
10041,401.640,92,-0.19260,30.35329,0,139,0,25.337,
10041,401.640,93,-0.18822,27.31727,0,139,0,25.337,
10042,401.680,79,0.14826,3.17554,1,0,72,1.403,11.356
10042,401.680,85,-0.52526,22.89729,0,0,0,,
10042,401.680,88,-0.19704,23.64514,0,0,0,,
10042,401.680,92,-0.20914,30.14561,0,263,0,33.470,
10042,401.680,93,-0.18947,27.25406,0,263,0,33.470,
10043,401.720,79,0.14778,3.17577,1,111,72,4.626,11.415
10043,401.720,85,-0.54924,22.83606,0,0,0,,
10043,401.720,88,-0.19936,23.46454,0,0,0,,
10043,401.720,92,-0.20789,30.27298,0,262,0,31.868,
10043,401.720,93,-0.21053,27.19757,0,262,0,31.868,
10044,401.760,79,0.14571,3.12316,1,76,72,2.639,11.162
10044,401.760,85,-0.54789,22.78756,0,206,0,25.654,
10044,401.760,88,-0.14426,23.42697,0,206,0,25.654,
10044,401.760,92,-0.21870,29.90883,1,206,0,25.654,6.999
10044,401.760,93,-0.20893,27.57865,0,206,0,25.654,
10045,401.800,79,0.13180,3.02963,0,240,48,20.255,
10045,401.800,85,-0.55312,22.69614,0,181,0,25.941,
10045,401.800,88,-0.16099,23.31003,0,181,0,25.941,
10045,401.800,92,-0.21071,30.08051,1,181,0,25.941,6.999
10045,401.800,93,-0.21067,27.82379,0,181,0,25.941,
10046,401.840,79,0.12965,3.01556,0,198,44,18.340,
10046,401.840,85,-0.55173,22.66574,0,187,0,26.045,
10046,401.840,88,-0.17289,23.36744,0,187,0,26.045,
10046,401.840,92,-0.21708,29.89221,0,187,0,26.045,
10046,401.840,93,-0.23338,27.62579,0,187,0,26.045,
10047,401.880,79,0.12705,2.99130,0,237,45,19.343,
10047,401.880,85,-0.56349,22.55154,0,182,0,26.131,
10047,401.880,88,-0.20120,23.17885,0,182,0,26.131,
10047,401.880,92,-0.23648,29.65003,0,182,0,26.131,
10047,401.880,93,-0.24312,27.37617,0,182,0,26.131,
10048,401.920,79,0.12284,2.98122,0,214,43,18.327,
10048,401.920,85,-0.56435,22.48767,0,194,0,27.228,
10048,401.920,88,-0.19150,23.17502,0,194,0,27.228,
10048,401.920,92,-0.24383,29.71489,1,194,0,27.228,6.999
10048,401.920,93,-0.27281,27.21625,0,194,0,27.228,
10049,401.960,79,-0.04552,3.10025,1,162,38,14.379,23.748
10049,401.960,85,-0.56032,22.47553,1,31,0,0.857,6.999
10049,401.960,88,-0.20534,23.04200,0,31,0,0.857,
10049,401.960,92,-0.24983,29.52504,0,196,0,24.568,
10049,401.960,93,-0.26679,27.33861,0,196,0,24.568,
10050,402.000,85,-0.56900,22.31652,1,32,0,0.864,6.999
10050,402.000,88,-0.19387,23.04775,0,32,0,0.864,
10050,402.000,92,-0.24023,29.46665,0,182,0,24.387,
10050,402.000,93,-0.25933,27.54631,0,182,0,24.387,
10051,402.040,85,-0.58196,22.30699,0,179,0,26.450,
10051,402.040,88,-0.22074,22.94374,0,179,0,26.450,
10051,402.040,92,-0.29044,29.48680,0,179,0,26.450,
10051,402.040,93,-0.28909,27.67563,0,179,0,26.450,
10052,402.080,85,-0.56996,22.18699,0,0,0,,
10052,402.080,88,-0.20859,22.87259,0,262,0,29.345,
10052,402.080,92,-0.28847,29.34788,0,262,0,29.345,
10052,402.080,93,-0.28515,27.55851,0,262,0,29.346,
10053,402.120,79,-0.05253,3.07211,1,159,36,14.369,24.276
10053,402.120,85,-0.58196,22.14725,0,0,0,,
10053,402.120,88,-0.21232,22.77216,0,178,0,26.752,
10053,402.120,92,-0.28785,29.07228,0,178,0,26.752,
10053,402.120,93,-0.32080,26.97824,0,178,0,26.752,
10054,402.160,85,-0.58370,22.09665,0,0,0,,
10054,402.160,88,-0.22476,22.65053,0,311,0,31.351,
10054,402.160,92,-0.26294,29.06262,0,311,0,31.351,
10054,402.160,93,-0.44193,26.49844,0,311,0,31.351,
10055,402.200,85,-0.57967,22.05550,0,0,0,,
10055,402.200,88,-0.23171,22.66573,0,221,0,27.657,
10055,402.200,92,-0.32202,29.26920,0,221,0,27.657,
10055,402.200,93,-0.45303,25.82330,0,221,0,27.657,
10056,402.240,85,-0.59068,21.92486,0,0,0,,
10056,402.240,92,-0.32595,28.86602,0,179,0,27.054,
10056,402.240,93,-0.48681,25.12245,0,179,0,27.054,
10057,402.280,79,-0.22015,3.11744,1,87,72,3.503,11.830
10057,402.280,85,-0.58497,21.93331,0,0,0,,
10057,402.280,92,-0.30899,28.72494,0,255,0,30.316,
10057,402.280,93,-0.49925,24.43382,0,255,0,30.316,
10058,402.320,79,-0.22341,3.10074,1,74,72,2.641,11.583
10058,402.320,85,-0.59263,21.81066,0,0,0,,
10058,402.320,92,-0.31304,28.72797,0,279,0,30.301,
10058,402.320,93,-0.48603,24.37877,0,279,0,30.301,
10059,402.360,79,-0.21921,3.11754,1,86,72,3.464,11.884
10059,402.360,85,-0.59302,21.80968,0,0,0,,
10059,402.360,92,-0.31398,28.49200,1,219,0,28.150,6.999
10059,402.360,93,-0.49441,24.39635,0,219,0,28.150,
10060,402.400,79,-0.06024,3.02968,1,150,35,15.437,25.324
10060,402.400,85,-0.59551,21.68665,0,0,0,,
10060,402.400,92,-0.32514,27.95754,0,232,0,31.134,
10060,402.400,93,-0.50111,23.92723,0,232,0,31.134,
10061,402.440,85,-0.58351,21.64382,0,0,0,,
10061,402.440,92,-0.34998,27.34679,0,264,0,31.167,
10061,402.440,93,-0.51319,23.37991,0,264,0,31.167,
10062,402.480,85,-0.58576,21.53908,1,32,0,0.701,6.999
10062,402.480,88,-0.24356,22.15844,0,32,0,0.719,
10062,402.480,92,-0.37375,26.89229,0,254,0,28.744,
10062,402.480,93,-0.51206,23.37727,0,32,0,0.719,
10063,402.520,79,0.08129,2.77712,1,97,67,2.017,11.555
10063,402.520,85,-0.59691,21.43357,0,0,0,,
10063,402.520,92,-0.34764,27.21946,0,225,0,31.991,
10063,402.520,93,-0.51410,23.08920,0,225,0,31.991,
10064,402.560,79,0.07535,2.75441,1,82,63,1.852,10.700
10064,402.560,85,-0.59605,21.43394,0,0,0,,
10064,402.560,88,-0.22798,22.00072,0,237,0,32.169,
10064,402.560,92,-0.36308,26.80574,0,237,0,32.169,
10064,402.560,93,-0.51889,23.06299,0,237,0,32.169,
10060,402.400,96,-0.34980,30.24402,0,30,0,1.784,
10061,402.440,96,-0.37350,30.05618,0,264,0,31.167,
10062,402.480,96,-0.39301,30.39462,0,254,0,28.744,
10063,402.520,96,-0.39360,30.35127,0,225,0,31.991,
10064,402.560,96,-0.40210,29.87505,0,237,0,32.169,
10065,402.600,79,0.07398,2.73989,1,82,65,1.810,11.053
10065,402.600,85,-0.59344,21.34832,0,0,0,,
10065,402.600,88,-0.24858,22.04321,0,214,0,32.395,
10065,402.600,92,-0.37326,26.77634,0,214,0,32.396,
10065,402.600,93,-0.54147,22.79904,0,214,0,32.396,
10065,402.600,96,-0.39831,30.16086,0,214,0,32.396,
10066,402.640,79,0.06935,2.71024,1,64,63,1.437,10.659
10066,402.640,85,-0.60054,21.32242,0,0,0,,
10066,402.640,88,-0.29621,21.88264,0,229,0,29.488,
10066,402.640,92,-0.36971,27.03157,0,229,0,29.488,
10066,402.640,96,-0.41882,29.69494,0,229,0,29.488,
10067,402.680,79,0.06629,2.69579,1,66,62,1.548,10.927
10067,402.680,85,-0.59335,21.23130,0,0,0,,
10067,402.680,88,-0.37349,21.81357,0,228,0,30.136,
10067,402.680,92,-0.36441,27.09006,0,228,0,30.136,
10067,402.680,96,-0.41466,29.96910,0,228,0,30.136,
10068,402.720,79,0.06268,2.67166,1,67,58,1.363,10.028
10068,402.720,85,-0.59741,21.15732,0,0,0,,
10068,402.720,88,-0.36312,21.76917,0,221,0,30.038,
10068,402.720,92,-0.40924,27.54032,0,221,0,30.038,
10068,402.720,96,-0.45024,30.20110,0,221,0,30.038,
10069,402.760,79,0.05956,2.65238,1,64,54,0.940,9.131
10069,402.760,85,-0.59564,21.09996,0,0,0,,
10069,402.760,88,-0.36391,21.67097,0,156,0,29.120,
10069,402.760,96,-0.47231,29.72566,0,156,0,29.120,
10070,402.800,79,0.05783,2.64329,1,64,52,1.078,10.113
10070,402.800,85,-0.59689,21.02182,0,0,0,,
10070,402.800,88,-0.36382,21.66001,0,155,0,29.639,
10070,402.800,92,-0.43674,27.43603,0,155,0,29.639,
10071,402.840,79,0.05358,2.62764,1,62,49,1.120,9.923
10071,402.840,85,-0.59378,20.97588,0,0,0,,
10071,402.840,88,-0.37765,21.52369,0,248,0,26.195,
10071,402.840,92,-0.43553,27.23551,0,248,0,26.451,
10071,402.840,93,-0.59762,20.95527,0,0,0,,
10071,402.840,96,-0.44135,29.22702,0,248,0,26.451,
10072,402.880,79,0.05102,2.61027,1,62,49,0.878,9.326
10072,402.880,85,-0.60286,20.86957,0,0,0,,
10072,402.880,88,-0.38170,21.51817,0,246,0,27.289,
10072,402.880,92,-0.43029,27.59397,0,246,0,27.289,
10072,402.880,93,-0.59670,20.84781,0,0,0,,
10072,402.880,96,-0.43415,28.55570,0,246,0,27.288,
10073,402.920,79,0.04379,2.59068,1,75,52,1.203,8.671
10073,402.920,85,-0.60277,20.86804,0,0,0,,
10073,402.920,88,-0.42247,21.43838,0,194,0,30.965,
10073,402.920,92,-0.43590,27.45867,0,194,0,30.965,
10073,402.920,93,-0.61243,20.85397,0,0,0,,
10074,402.960,79,0.04603,2.57308,1,81,45,1.503,9.004
10074,402.960,85,-0.60457,20.74536,0,0,0,,
10074,402.960,92,-0.32245,27.62355,1,170,0,31.131,6.999
10075,403.000,79,0.04807,2.56993,1,74,50,1.919,9.223
10075,403.000,85,-0.61444,20.74009,0,0,0,,
10075,403.000,87,-0.42871,25.43058,0,249,0,31.668,
10075,403.000,88,-0.42027,21.29071,0,0,0,,
10075,403.000,92,-0.44477,27.30785,0,249,0,31.668,
10075,403.000,96,-0.44274,27.60589,0,249,0,31.668,
10076,403.040,79,0.04632,2.56107,1,72,56,1.853,8.923
10076,403.040,85,-0.60708,20.61994,0,0,0,,
10076,403.040,87,-0.45413,25.86652,0,281,0,31.442,
10076,403.040,92,-0.46044,27.24873,0,281,0,31.442,
10076,403.040,96,-0.46525,27.25357,0,281,0,31.442,
10077,403.080,79,0.03799,2.54634,1,79,53,2.213,8.236
10077,403.080,85,-0.60805,20.56938,0,0,0,,
10077,403.080,87,-0.46800,26.25031,0,272,0,33.056,
10077,403.080,88,-0.42785,21.20032,0,0,0,,
10077,403.080,92,-0.45677,27.32382,0,272,0,33.056,
10077,403.080,96,-0.45607,27.30697,0,272,0,33.056,
10078,403.120,79,0.03473,2.52343,1,69,53,1.422,8.155
10078,403.120,85,-0.60813,20.50683,0,0,0,,
10078,403.120,87,-0.47868,25.70450,0,266,0,31.494,
10078,403.120,88,-0.41696,21.07306,0,0,0,,
10078,403.120,92,-0.47918,27.06471,0,266,0,31.494,
10079,403.160,79,0.03217,2.50802,1,70,59,1.157,8.456
10079,403.160,85,-0.61033,20.44758,0,0,0,,
10079,403.160,87,-0.46095,25.90024,0,166,0,31.452,
10079,403.160,88,-0.36432,21.05222,0,166,0,31.452,
10079,403.160,92,-0.50228,26.87067,1,166,0,31.452,6.999
10080,403.200,79,0.02798,2.49307,1,72,59,1.076,8.630
10080,403.200,85,-0.60255,20.33605,0,0,0,,
10080,403.200,87,-0.46562,25.67538,0,247,0,31.199,
10080,403.200,88,-0.40107,20.91469,0,247,0,31.199,
10080,403.200,92,-0.47837,27.05855,0,247,0,31.199,
10081,403.240,79,0.02637,2.48347,1,68,57,1.068,8.235
10081,403.240,85,-0.60381,20.27100,0,0,0,,
10081,403.240,87,-0.50688,25.40931,0,214,0,32.080,
10081,403.240,88,-0.36645,20.93094,0,214,0,32.080,
10081,403.240,92,-0.46680,26.37673,0,214,0,32.080,
10082,403.280,79,0.02496,2.47159,1,70,62,1.101,8.495
10082,403.280,85,-0.60472,20.22570,0,0,0,,
10082,403.280,87,-0.51518,25.12440,0,203,0,32.147,
10082,403.280,88,-0.37658,20.89506,0,203,0,32.147,
10082,403.280,92,-0.46934,26.10867,0,203,0,32.147,
10083,403.320,79,0.02135,2.45861,1,69,60,0.976,9.400
10083,403.320,85,-0.62542,20.16325,0,0,0,,
10083,403.320,87,-0.48792,25.43712,0,192,0,35.806,
10083,403.320,88,-0.38998,20.84689,0,192,0,35.806,
10083,403.320,92,-0.48120,25.60430,0,192,0,35.806,
10084,403.360,79,0.02089,2.44851,1,59,63,0.976,9.977
10084,403.360,85,-0.60651,20.15022,0,0,0,,
10084,403.360,87,-0.46578,25.71150,0,139,0,30.057,
10084,403.360,88,-0.42351,21.26013,0,139,0,30.057,
10084,403.360,92,-0.45656,25.70435,0,139,0,30.057,
10085,403.400,79,0.01998,2.43939,1,63,67,0.873,10.308
10085,403.400,85,-0.62454,20.05544,0,0,0,,
10085,403.400,87,-0.48244,26.02308,0,143,0,30.465,
10085,403.400,88,-0.44019,21.32378,0,143,0,30.465,
10085,403.400,92,-0.47397,26.01329,0,143,0,30.465,
10086,403.440,79,0.01668,2.43068,1,67,61,0.683,10.524
10086,403.440,85,-0.62703,20.04979,0,0,0,,
10086,403.440,87,-0.49175,25.54350,0,180,0,36.642,
10086,403.440,88,-0.41975,20.89223,0,180,0,36.642,
10087,403.480,79,0.01286,2.42141,1,69,62,0.933,11.177
10087,403.480,85,-0.62668,19.90997,0,0,0,,
10087,403.480,87,-0.50059,25.05531,0,138,0,29.489,
10087,403.480,88,-0.43664,20.77258,0,138,0,29.489,
10088,403.520,79,0.01153,2.41023,1,67,66,1.079,11.293
10088,403.520,85,-0.62151,19.84022,0,0,0,,
10088,403.520,87,-0.48424,25.53395,0,224,0,36.362,
10088,403.520,88,-0.44451,20.67980,0,224,0,36.362,
10089,403.560,79,0.01054,2.39863,1,66,66,1.283,10.706
10089,403.560,85,-0.63007,19.73835,0,0,0,,
10089,403.560,87,-0.51205,25.93868,0,128,0,29.524,
10089,403.560,88,-0.48378,20.73949,0,128,0,29.524,
10090,403.600,79,0.01254,2.37792,1,65,65,1.626,9.629
10090,403.600,85,-0.63720,19.71646,0,0,0,,
10090,403.600,87,-0.51301,25.79218,0,133,0,30.261,
10090,403.600,88,-0.46793,20.88750,0,133,0,30.261,
10091,403.640,79,0.00914,2.37208,1,67,63,1.327,10.160
10091,403.640,85,-0.64172,19.66602,0,0,0,,
10091,403.640,87,-0.51572,25.61925,0,101,0,26.187,
10091,403.640,88,-0.47861,20.96745,0,101,0,26.187,
10092,403.680,79,0.00697,2.35962,1,66,63,1.286,10.388
10092,403.680,85,-0.64776,19.60272,0,0,0,,
10092,403.680,87,-0.51857,25.61335,1,117,0,28.639,6.999
10092,403.680,88,-0.46834,21.08680,0,117,0,28.639,
10093,403.720,79,0.00446,2.34651,1,67,64,1.249,10.070
10093,403.720,85,-0.64121,19.55494,0,0,0,,
10093,403.720,87,-0.52833,25.61638,0,105,0,27.054,
10093,403.720,88,-0.39608,20.84678,0,105,0,27.054,
10094,403.760,79,0.00090,2.33586,1,66,59,1.010,10.139
10094,403.760,85,-0.63848,19.48298,0,0,0,,
10094,403.760,87,-0.53369,25.61922,0,104,0,26.892,
10094,403.760,88,-0.41872,20.78136,0,104,0,26.892,
10095,403.800,79,-0.00035,2.32513,1,67,55,0.968,10.065
10095,403.800,85,-0.63170,19.40222,0,0,0,,
10095,403.800,87,-0.53654,25.58194,0,105,0,27.119,
10095,403.800,88,-0.43258,20.95145,0,105,0,27.119,
10096,403.840,79,-0.00225,2.31866,1,66,57,1.001,10.461
10096,403.840,85,-0.64155,19.33782,0,0,0,,
10096,403.840,87,-0.53905,25.42097,0,107,0,27.516,
10096,403.840,88,-0.43536,20.83496,0,107,0,27.516,
10097,403.880,79,-0.00409,2.31237,1,67,56,0.965,10.571
10097,403.880,85,-0.65307,19.24099,0,0,0,,
10097,403.880,87,-0.56129,25.49828,0,149,0,26.148,
10097,403.880,88,-0.42700,20.77358,0,149,0,26.148,
10098,403.920,79,-0.00503,2.30046,1,65,55,1.050,10.401
10098,403.920,85,-0.65462,19.20882,0,0,0,,
10098,403.920,87,-0.55475,25.48843,0,166,0,29.005,
10098,403.920,88,-0.41751,20.58721,0,166,0,29.005,
10099,403.960,79,-0.00819,2.29399,1,66,57,1.054,10.975
10099,403.960,85,-0.64827,19.13696,0,0,0,,
10099,403.960,87,-0.56069,25.45706,0,153,0,27.090,
10099,403.960,88,-0.40661,20.68638,0,153,0,27.090,
10100,404.000,79,-0.01016,2.28493,1,67,56,1.048,10.924
10100,404.000,85,-0.65482,19.08943,0,0,0,,
10100,404.000,87,-0.55485,25.42435,0,156,0,27.750,
10100,404.000,88,-0.42004,20.58354,0,156,0,27.750,
10101,404.040,79,-0.01081,2.27309,1,65,53,0.898,10.720
10101,404.040,85,-0.64752,19.02085,0,0,0,,
10101,404.040,88,-0.40804,20.58309,0,152,0,26.906,
10102,404.080,79,-0.01180,2.26791,1,66,54,0.896,10.783
10102,404.080,85,-0.65680,18.93732,0,0,0,,
10102,404.080,88,-0.42381,20.39793,0,188,0,33.293,
10103,404.120,79,-0.01327,2.26023,1,67,55,0.959,10.830
10103,404.120,85,-0.66867,18.86894,0,0,0,,
10103,404.120,88,-0.40726,20.70379,0,200,0,33.051,
10100,404.000,97,-0.19480,32.80875,1,17,0,0.494,6.999
10101,404.040,97,-0.18604,32.79124,0,39,0,6.259,
10102,404.080,97,-0.23662,32.57555,0,25,0,3.816,
10103,404.120,97,-0.23249,32.47970,0,36,0,6.926,
10104,404.160,79,-0.01546,2.25567,1,66,52,0.929,10.857
10104,404.160,85,-0.64738,18.83110,0,0,0,,
10104,404.160,88,-0.40579,20.82617,0,189,0,30.644,
10104,404.160,97,-0.24163,32.31580,0,22,0,2.753,
10105,404.200,79,-0.01784,2.25006,1,65,50,0.998,10.934
10105,404.200,85,-0.63650,18.77744,0,0,0,,
10105,404.200,88,-0.43207,20.62500,0,182,0,30.885,
10105,404.200,97,-0.25561,32.03063,0,23,0,3.064,
10106,404.240,79,-0.01773,2.24396,1,66,55,1.084,11.064
10106,404.240,85,-0.64850,18.72180,0,0,0,,
10106,404.240,88,-0.42847,20.83243,0,182,0,31.750,
10106,404.240,97,-0.26777,32.10632,0,24,0,3.235,
10107,404.280,79,-0.02024,2.23969,1,64,61,1.165,11.141
10107,404.280,85,-0.64228,18.62320,0,0,0,,
10107,404.280,97,-0.30013,31.89285,0,36,0,6.904,
10108,404.320,79,-0.02871,2.17965,1,66,72,2.002,5.899
10108,404.320,85,-0.64343,18.62112,0,0,0,,
10108,404.320,97,-0.30771,31.84537,0,25,0,3.055,
10109,404.360,79,-0.02377,2.22900,1,66,59,1.329,11.269
10109,404.360,85,-0.67370,18.54461,0,0,0,,
10109,404.360,97,-0.33229,31.80832,0,37,0,6.354,
10110,404.400,79,-0.03215,2.17327,1,65,72,1.832,6.528
10110,404.400,85,-0.66918,18.54372,0,0,0,,
10110,404.400,97,-0.36794,31.62823,0,37,0,6.202,
10111,404.440,79,-0.03428,2.17059,1,66,72,1.656,6.694
10111,404.440,85,-0.67303,18.41178,0,0,0,,
10111,404.440,97,-0.36825,31.45970,0,37,0,6.490,
10112,404.480,79,-0.03348,2.16690,1,65,72,1.701,7.164
10112,404.480,85,-0.67008,18.32370,0,0,0,,
10112,404.480,97,-0.37148,31.39416,0,38,0,6.142,
10113,404.520,79,-0.03657,2.16377,1,66,72,1.667,7.541
10113,404.520,85,-0.66542,18.32875,0,0,0,,
10113,404.520,97,-0.38679,31.15997,0,39,0,6.068,
10114,404.560,79,-0.03638,2.16025,1,66,72,1.638,7.890
10114,404.560,85,-0.67245,18.25579,0,0,0,,
10114,404.560,97,-0.40521,31.16814,0,39,0,6.704,
10115,404.600,79,-0.03730,2.16148,1,73,72,1.671,8.067
10115,404.600,85,-0.67209,18.12784,0,0,0,,
10115,404.600,97,-0.41569,31.21060,0,39,0,6.189,
10116,404.640,79,-0.04915,2.15879,1,82,72,2.266,8.041
10116,404.640,85,-0.67559,18.12575,0,0,0,,
10116,404.640,97,-0.40333,31.13248,0,41,0,6.299,
10117,404.680,79,-0.05163,2.15686,1,82,72,2.333,8.063
10117,404.680,85,-0.67762,18.06492,0,0,0,,
10117,404.680,97,-0.41885,30.96901,0,39,0,6.189,
10118,404.720,79,-0.04862,2.15475,1,81,72,2.256,8.605
10118,404.720,85,-0.67227,17.97521,0,0,0,,
10118,404.720,97,-0.40685,31.01901,0,39,0,6.189,
10119,404.760,85,-0.67976,17.90504,0,0,0,,
10119,404.760,97,-0.43371,30.93591,0,39,0,6.189,
10120,404.800,85,-0.66618,17.85357,0,0,0,,
10120,404.800,97,-0.43766,30.76614,0,39,0,6.189,
10121,404.840,85,-0.68219,17.82496,0,0,0,,
10122,404.880,85,-0.68504,17.73915,0,0,0,,
10122,404.880,97,-0.46955,30.70432,0,41,0,6.337,
10123,404.920,85,-0.68080,17.70572,0,0,0,,
10123,404.920,97,-0.48284,30.52925,0,39,0,6.331,
10124,404.960,85,-0.68842,17.65099,0,0,0,,
10124,404.960,97,-0.45811,30.54101,0,40,0,6.277,
10125,405.000,85,-0.68592,17.55594,0,0,0,,
10125,405.000,97,-0.47242,30.32235,0,40,0,6.415,
10126,405.040,85,-0.68268,17.51850,0,0,0,,
10127,405.080,85,-0.67271,17.43115,0,0,0,,
10127,405.080,97,-0.47320,30.11177,0,39,0,6.187,
10128,405.120,85,-0.67622,17.33735,0,0,0,,
10128,405.120,97,-0.44155,30.17398,0,40,0,6.203,
10129,405.160,85,-0.66422,17.32131,0,0,14,13.307,
10129,405.160,97,-0.46184,29.88019,0,38,0,6.301,
10130,405.200,85,-0.67682,17.23054,0,0,0,,
10130,405.200,97,-0.46967,29.88815,0,29,0,0.483,
10131,405.240,85,-0.68093,17.14386,0,0,0,,
10131,405.240,97,-0.43315,29.93515,0,28,0,0.198,
10130,405.200,98,-0.44727,32.11341,1,16,0,0.737,6.999
10131,405.240,98,-0.43728,31.79977,1,28,0,0.198,6.999
10132,405.280,85,-0.68290,17.15066,0,0,0,,
10132,405.280,97,-0.43668,29.77007,0,40,0,6.278,
10132,405.280,98,-0.41970,32.29410,0,40,0,6.278,
10133,405.320,85,-0.68357,17.06067,0,0,0,,
10133,405.320,97,-0.43853,29.71888,0,39,0,6.330,
10133,405.320,98,-0.45107,32.32879,0,39,0,6.330,
10134,405.360,85,-0.67937,17.01965,0,0,0,,
10134,405.360,97,-0.45022,29.53808,0,39,0,6.330,
10134,405.360,98,-0.48209,32.16841,0,39,0,6.330,
10135,405.400,85,-0.69000,16.95677,0,0,0,,
10135,405.400,97,-0.43734,29.47538,0,41,0,6.277,
10135,405.400,98,-0.38026,31.48413,0,41,0,6.277,
10136,405.440,85,-0.68654,16.88825,0,0,0,,
10136,405.440,97,-0.44057,29.33650,0,37,0,6.304,
10136,405.440,98,-0.38703,30.82775,0,37,0,6.304,
10137,405.480,85,-0.68307,16.85685,0,0,0,,
10137,405.480,97,-0.44067,29.30741,0,39,0,6.166,
10137,405.480,98,-0.38856,30.80099,0,39,0,6.166,
10138,405.520,85,-0.67958,16.78252,0,0,0,,
10138,405.520,97,-0.45540,29.07529,0,40,0,6.255,
10138,405.520,98,-0.37007,30.93013,0,40,0,6.255,
10139,405.560,85,-0.68615,16.74126,0,0,0,,
10139,405.560,98,-0.37774,30.69632,0,24,0,1.706,
10140,405.600,85,-0.68340,16.66708,0,0,0,,
10140,405.600,98,-0.39256,30.55541,0,40,0,6.169,
10141,405.640,85,-0.68140,16.59642,0,0,0,,
10141,405.640,97,-0.45493,28.78090,0,38,0,6.245,
10141,405.640,98,-0.39459,30.46998,0,38,0,6.245,
10142,405.680,85,-0.68301,16.55262,0,0,0,,
10142,405.680,98,-0.39724,30.32538,0,38,0,6.245,
10143,405.720,85,-0.69278,16.47427,0,0,0,,
10143,405.720,98,-0.48361,30.73554,0,39,0,6.166,
10144,405.760,85,-0.69945,16.44121,0,0,0,,
10144,405.760,97,-0.46387,28.47463,0,38,0,6.244,
10144,405.760,98,-0.44585,31.16084,0,38,0,6.244,
10145,405.800,85,-0.69352,16.39820,0,0,0,,
10145,405.800,97,-0.44317,28.51652,0,31,0,0.809,
10145,405.800,98,-0.44178,30.53885,0,31,0,0.809,
10146,405.840,85,-0.69743,16.32203,0,0,0,,
10146,405.840,97,-0.47830,28.15734,0,39,0,6.463,
10146,405.840,98,-0.50817,30.53944,0,39,0,6.463,
10147,405.880,85,-0.69991,16.26747,0,0,0,,
10147,405.880,98,-0.50005,30.43872,0,39,0,6.333,
10148,405.920,85,-0.70071,16.23694,0,0,0,,
10148,405.920,98,-0.48221,30.45431,0,39,0,6.330,
10149,405.960,85,-0.70331,16.14088,0,0,0,,
10149,405.960,98,-0.47927,30.41123,0,37,0,6.348,
10150,406.000,85,-0.69899,16.10005,0,0,0,,
10150,406.000,97,-0.47176,28.00073,0,38,0,6.245,
10150,406.000,98,-0.50959,30.14281,0,38,0,6.245,
10151,406.040,85,-0.70346,16.03170,0,0,0,,
10151,406.040,97,-0.48558,27.77284,0,38,0,6.245,
10151,406.040,98,-0.48706,29.94686,0,38,0,6.245,
10152,406.080,85,-0.70222,15.98509,0,0,0,,
10152,406.080,98,-0.51461,29.87361,0,38,0,6.246,
10153,406.120,85,-0.70515,15.94727,0,0,0,,
10153,406.120,98,-0.51915,29.52706,0,36,0,6.270,
10154,406.160,85,-0.70960,15.89976,0,0,0,,
10154,406.160,98,-0.54472,29.58261,0,37,0,6.733,
10155,406.200,85,-0.70988,15.79744,0,0,0,,
10155,406.200,97,-0.55698,27.45607,0,37,0,6.303,
10155,406.200,98,-0.58033,29.38555,0,37,0,6.303,
10156,406.240,85,-0.71343,15.74364,0,0,0,,
10156,406.240,97,-0.54354,27.43111,0,0,0,,
10156,406.240,98,-0.57719,29.36438,0,36,0,6.321,
10157,406.280,85,-0.69548,15.67714,0,0,0,,
10157,406.280,98,-0.58850,29.28903,0,36,0,6.321,
10158,406.320,85,-0.70704,15.66389,0,0,0,,
10158,406.320,97,-0.61589,26.95753,0,0,0,,
10158,406.320,98,-0.57280,29.14036,0,36,0,6.321,
10159,406.360,85,-0.71664,15.60029,0,0,0,,
10159,406.360,97,-0.61004,27.16444,0,0,0,,
10159,406.360,98,-0.60067,28.84102,0,39,0,6.439,
10160,406.400,85,-0.70174,15.55062,0,0,0,,
10160,406.400,97,-0.62265,26.92046,0,0,0,,
10160,406.400,98,-0.61545,28.75318,0,37,0,6.399,
10161,406.440,85,-0.70023,15.48470,0,0,0,,
10161,406.440,97,-0.70032,26.57558,0,0,0,,
10161,406.440,98,-0.64592,28.67181,0,36,0,6.322,
10162,406.480,85,-0.70694,15.40717,0,0,0,,
10162,406.480,97,-0.63420,26.95957,0,0,0,,
10162,406.480,98,-0.65048,29.05631,0,36,0,6.322,
10163,406.520,85,-0.70711,15.36460,0,0,0,,
10163,406.520,97,-0.66365,26.83695,0,0,0,,
10163,406.520,98,-0.71744,29.00947,0,37,0,6.528,
10164,406.560,85,-0.70499,15.32123,0,0,0,,
10164,406.560,97,-0.64717,27.08790,0,0,0,,
10164,406.560,98,-0.72762,29.00281,0,36,0,6.321,
10165,406.600,85,-0.70299,15.25123,0,0,0,,
10165,406.600,97,-0.64480,26.98257,0,0,0,,
10165,406.600,98,-0.67941,28.41162,0,37,0,6.311,
10166,406.640,85,-0.70815,15.20120,0,0,0,,
10166,406.640,97,-0.65348,26.77803,0,0,0,,
10166,406.640,98,-0.66841,28.40016,0,36,0,6.487,
10167,406.680,85,-0.70549,15.13028,0,0,0,,
10167,406.680,97,-0.65087,26.63118,0,0,0,,
10167,406.680,98,-0.67264,28.09619,0,37,0,6.311,
10168,406.720,85,-0.70260,15.08722,0,0,0,,
10168,406.720,97,-0.61963,26.57545,0,0,0,,
10168,406.720,98,-0.67968,28.22730,0,0,0,,
10169,406.760,85,-0.70110,15.03092,0,0,0,,
10169,406.760,97,-0.61014,26.40767,0,0,0,,
10169,406.760,98,-0.64877,28.05371,0,38,0,6.517,
10170,406.800,85,-0.69675,14.99533,0,0,0,,
10170,406.800,97,-0.59942,26.39028,0,0,0,,
10170,406.800,98,-0.63148,27.93350,0,38,0,6.321,
10171,406.840,85,-0.69401,14.93911,0,0,0,,
10171,406.840,97,-0.57807,26.23560,0,0,0,,
10171,406.840,98,-0.61009,27.78036,0,37,0,6.302,
10172,406.880,85,-0.69843,14.88372,0,0,0,,
10172,406.880,97,-0.55229,26.24734,0,0,0,,
10172,406.880,98,-0.58402,27.74401,0,36,0,6.442,
10173,406.920,85,-0.69259,14.81071,0,0,0,,
10173,406.920,97,-0.56689,26.06191,0,0,0,,
10173,406.920,98,-0.57860,27.88069,0,0,0,,
10174,406.960,85,-0.69895,14.77024,0,0,0,,
10174,406.960,97,-0.54636,25.98420,0,0,0,,
10174,406.960,98,-0.56195,27.61828,0,38,0,6.389,
10175,407.000,85,-0.70035,14.72754,0,0,0,,
10175,407.000,97,-0.49920,25.89372,0,0,0,,
10175,407.000,98,-0.52845,27.56169,0,0,0,,
10176,407.040,85,-0.69870,14.66222,0,0,0,,
10176,407.040,97,-0.50274,25.89905,0,0,0,,
10176,407.040,98,-0.52997,27.59645,0,0,0,,
10177,407.080,85,-0.69568,14.62342,0,0,0,,
10177,407.080,97,-0.50140,25.80583,0,0,0,,
10177,407.080,98,-0.51054,27.42670,0,24,0,2.301,
10178,407.120,85,-0.69278,14.54712,0,0,0,,
10178,407.120,97,-0.49297,25.56788,0,0,0,,
10178,407.120,98,-0.48785,27.43527,0,0,0,,
10179,407.160,85,-0.69756,14.47365,0,0,0,,
10179,407.160,97,-0.47795,25.60197,0,0,0,,
10179,407.160,98,-0.49797,26.89400,0,0,0,,
10180,407.200,85,-0.69814,14.44346,0,0,0,,
10180,407.200,97,-0.45626,25.55912,0,0,0,,
10180,407.200,98,-0.47730,27.24344,0,0,0,,
10181,407.240,85,-0.69448,14.40705,0,0,0,,
10181,407.240,97,-0.45591,25.56104,0,0,0,,
10181,407.240,98,-0.46176,26.88968,0,0,0,,
10182,407.280,85,-0.69915,14.33712,0,0,0,,
10182,407.280,97,-0.46250,25.40766,0,0,0,,
10182,407.280,98,-0.47684,26.64049,0,0,0,,
10183,407.320,85,-0.69989,14.26395,0,0,0,,
10183,407.320,97,-0.44060,25.44430,0,0,0,,
10183,407.320,98,-0.46219,27.21144,0,0,0,,
10184,407.360,85,-0.69334,14.23342,0,0,0,,
10184,407.360,97,-0.43067,25.47012,0,0,0,,
10185,407.400,85,-0.69456,14.15819,0,0,0,,
10185,407.400,97,-0.42203,25.23001,0,0,0,,
10186,407.440,85,-0.69148,14.11468,0,0,0,,
10186,407.440,97,-0.40104,25.22372,0,0,0,,
10187,407.480,85,-0.69454,14.08844,0,0,0,,
10187,407.480,97,-0.43544,25.16916,0,0,0,,
10187,407.480,98,-0.44099,27.21916,0,0,0,,
10188,407.520,85,-0.69073,14.01437,0,0,0,,
10188,407.520,97,-0.42065,25.06841,0,0,0,,
10188,407.520,98,-0.47208,27.29224,0,37,0,6.162,
10189,407.560,85,-0.69491,13.97210,0,0,0,,
10189,407.560,97,-0.45443,24.99591,0,0,0,,
10190,407.600,85,-0.69325,13.90211,0,0,0,,
10190,407.600,97,-0.41460,24.84615,0,0,0,,
10190,407.600,98,-0.44879,26.58892,0,0,0,,
10191,407.640,85,-0.69074,13.87054,0,0,0,,
10191,407.640,97,-0.41584,24.77244,0,25,0,1.556,
10191,407.640,98,-0.44545,26.72020,0,25,0,1.556,
10192,407.680,85,-0.68468,13.79964,0,0,0,,
10192,407.680,97,-0.43806,24.61934,0,0,0,,
10192,407.680,98,-0.43160,26.69464,0,0,0,,
10193,407.720,85,-0.69756,13.76850,0,0,0,,
10193,407.720,97,-0.46373,24.45148,0,0,0,,
10193,407.720,98,-0.43286,26.53390,0,0,0,,
10194,407.760,85,-0.69551,13.69779,0,0,0,,
10194,407.760,98,-0.44783,26.47119,0,0,0,,
10195,407.800,85,-0.69856,13.67571,0,0,0,,
10195,407.800,98,-0.44429,26.03802,0,0,0,,
10196,407.840,85,-0.69039,13.60227,0,0,0,,
10196,407.840,97,-0.47043,24.13248,0,0,0,,
10196,407.840,98,-0.45683,25.58946,0,0,0,,
10197,407.880,85,-0.70178,13.51425,0,0,0,,
10198,407.920,85,-0.70043,13.48634,0,0,0,,
10199,407.960,85,-0.69219,13.43272,0,0,0,,
10199,407.960,97,-0.46838,24.05432,0,0,0,,
10199,407.960,98,-0.46244,25.25485,0,0,0,,
10200,408.000,85,-0.69021,13.39805,0,0,0,,
10200,408.000,97,-0.47180,24.05684,0,0,0,,
10200,408.000,98,-0.48800,25.44785,0,0,0,,
10201,408.040,85,-0.68882,13.34539,0,0,0,,
10201,408.040,97,-0.47192,23.96918,0,0,0,,
10201,408.040,98,-0.49991,25.04605,0,0,0,,
10202,408.080,85,-0.69203,13.32304,0,0,0,,
10202,408.080,97,-0.47713,23.82926,0,0,0,,
10202,408.080,98,-0.49562,24.68738,0,0,0,,
10203,408.120,85,-0.69520,13.27361,0,0,0,,
10203,408.120,97,-0.47707,23.76000,0,0,0,,
10203,408.120,98,-0.47235,24.29204,0,0,0,,
10204,408.160,85,-0.68812,13.20971,0,0,0,,
10204,408.160,97,-0.48903,23.52613,0,0,0,,
10204,408.160,98,-0.48064,23.78734,0,0,0,,
10205,408.200,85,-0.69171,13.16024,0,0,0,,
10205,408.200,98,-0.50825,23.54133,0,0,0,,
10206,408.240,85,-0.68997,13.11161,0,0,0,,
10207,408.280,85,-0.69361,13.05149,0,0,0,,
10207,408.280,97,-0.48817,23.39546,0,0,0,,
10208,408.320,85,-0.68632,12.99008,0,0,0,,
10208,408.320,97,-0.49746,23.20866,0,0,0,,
10208,408.320,98,-0.49818,23.25250,0,0,0,,
10209,408.360,85,-0.69130,12.95770,0,0,0,,
10209,408.360,97,-0.48942,23.27625,0,0,0,,
10209,408.360,98,-0.49239,23.22448,0,0,0,,
10210,408.400,85,-0.68789,12.92272,0,0,0,,
10210,408.400,97,-0.48119,23.06104,0,0,0,,
10210,408.400,98,-0.47782,23.06553,0,0,0,,
10211,408.440,85,-0.68429,12.84202,0,0,0,,
10211,408.440,97,-0.46323,23.06170,0,0,0,,
10212,408.480,85,-0.68350,12.83244,0,0,0,,
10213,408.520,85,-0.68550,12.78738,0,0,0,,
10214,408.560,85,-0.68460,12.71998,0,0,0,,
10214,408.560,97,-0.41681,22.95139,0,0,0,,
10215,408.600,85,-0.69009,12.64078,0,0,0,,
10215,408.600,97,-0.39808,22.80947,0,0,0,,
10216,408.640,85,-0.68639,12.61989,0,0,0,,
10216,408.640,97,-0.39576,22.81999,0,0,0,,
10217,408.680,85,-0.68376,12.57142,0,0,0,,
10217,408.680,97,-0.39474,22.76902,0,0,0,,
10218,408.720,85,-0.68565,12.50216,0,0,0,,
10218,408.720,97,-0.39610,22.76860,0,0,0,,
10219,408.760,85,-0.68600,12.48538,0,50,30,5.673,
10219,408.760,97,-0.40433,22.67442,0,0,0,,
10220,408.800,85,-0.68462,12.43109,0,0,0,,
10220,408.800,97,-0.39973,22.71972,0,0,0,,
10221,408.840,85,-0.68719,12.37285,0,0,0,,
10221,408.840,97,-0.40016,22.64176,0,0,0,,
10222,408.880,85,-0.68374,12.32418,0,0,0,,
10222,408.880,97,-0.41559,22.55596,0,0,0,,
10223,408.920,85,-0.68497,12.27412,0,0,0,,
10223,408.920,97,-0.42258,22.51382,0,0,0,,
10224,408.960,85,-0.68582,12.21911,0,0,0,,
10224,408.960,97,-0.45566,22.45720,0,0,0,,
10225,409.000,85,-0.67683,12.20161,0,0,0,,
10225,409.000,97,-0.45884,22.35836,0,0,0,,
10226,409.040,85,-0.68081,12.14619,0,0,0,,
10226,409.040,97,-0.45829,22.38394,0,0,0,,
10227,409.080,85,-0.67984,12.09596,0,0,0,,
10227,409.080,97,-0.47223,22.32029,0,0,0,,
10228,409.120,85,-0.68387,12.02987,0,0,0,,
10228,409.120,97,-0.49206,22.20707,0,0,0,,
10229,409.160,85,-0.68308,11.97731,0,0,0,,
10229,409.160,97,-0.49310,22.15328,0,0,0,,
10230,409.200,85,-0.68040,11.95190,0,0,0,,
10230,409.200,97,-0.51468,22.05494,0,0,0,,
10231,409.240,85,-0.68507,11.88564,0,0,0,,
10231,409.240,97,-0.49986,22.02560,0,0,0,,
10232,409.280,85,-0.68247,11.84834,0,0,0,,
10232,409.280,97,-0.52438,21.90225,0,0,0,,
10233,409.320,85,-0.68662,11.79630,0,0,0,,
10233,409.320,97,-0.52674,21.77918,0,0,0,,
10234,409.360,85,-0.67074,11.73890,0,0,0,,
10234,409.360,97,-0.53010,21.71041,0,0,0,,
10235,409.400,85,-0.66972,11.70673,0,0,0,,
10235,409.400,97,-0.53311,21.58477,0,0,0,,
10236,409.440,85,-0.67563,11.65726,0,0,0,,
10236,409.440,97,-0.54026,21.59008,0,0,0,,
10237,409.480,85,-0.67700,11.61122,0,0,0,,
10237,409.480,97,-0.50882,21.36037,0,0,0,,
10238,409.520,85,-0.67593,11.57049,0,0,0,,
10238,409.520,97,-0.52720,21.31518,0,0,0,,
10239,409.560,85,-0.67711,11.52413,0,0,0,,
10239,409.560,97,-0.50078,21.23096,0,0,0,,
10240,409.600,85,-0.67803,11.47983,0,0,0,,
10240,409.600,97,-0.50417,21.05607,0,0,0,,
10241,409.640,85,-0.67855,11.44763,0,0,0,,
10241,409.640,97,-0.48861,21.00939,0,0,0,,
10242,409.680,85,-0.68596,11.40090,0,0,0,,
10242,409.680,97,-0.49120,20.95546,0,0,0,,
10243,409.720,85,-0.68710,11.36780,0,0,0,,
10243,409.720,97,-0.47920,20.83546,0,0,0,,
10244,409.760,85,-0.68285,11.31148,0,0,0,,
10244,409.760,97,-0.47473,20.69360,0,0,0,,
10245,409.800,85,-0.68042,11.26127,0,0,0,,
10245,409.800,97,-0.47937,20.59714,0,0,0,,
10246,409.840,85,-0.67925,11.21541,0,0,0,,
10246,409.840,97,-0.45933,20.52249,0,0,0,,
10247,409.880,85,-0.68601,11.17979,0,0,35,0.859,
10247,409.880,97,-0.47672,20.47413,0,0,0,,
10248,409.920,85,-0.67889,11.13327,0,0,0,,
10248,409.920,97,-0.47034,20.37051,0,0,0,,
10249,409.960,85,-0.68105,11.07545,0,0,0,,
10249,409.960,97,-0.46977,20.29051,0,0,0,,
10250,410.000,85,-0.67670,11.02492,0,0,0,,
10250,410.000,97,-0.47686,20.28802,0,0,0,,
10251,410.040,85,-0.67740,10.96989,0,0,0,,
10251,410.040,97,-0.46506,20.17728,0,0,0,,
10252,410.080,85,-0.67696,10.95503,0,0,0,,
10253,410.120,85,-0.68254,10.90217,0,0,0,,
10254,410.160,85,-0.67871,10.84707,0,0,0,,
10254,410.160,97,-0.46389,20.01021,0,0,0,,
10255,410.200,85,-0.67786,10.82239,0,0,0,,
10255,410.200,97,-0.45582,20.00431,0,0,0,,
10256,410.240,85,-0.67340,10.76037,0,0,0,,
10256,410.240,97,-0.45607,19.89229,0,0,0,,
10257,410.280,85,-0.67892,10.72996,0,0,0,,
10257,410.280,97,-0.44760,19.76254,0,0,0,,
10258,410.320,85,-0.68015,10.65547,0,0,0,,
10258,410.320,97,-0.43484,19.72954,0,0,0,,
10259,410.360,85,-0.67563,10.62726,0,0,0,,
10259,410.360,97,-0.42707,19.60483,0,0,0,,
10260,410.400,85,-0.67480,10.58973,0,0,0,,
10260,410.400,97,-0.42413,19.51335,0,0,0,,
10261,410.440,85,-0.67364,10.55961,1,30,45,0.536,17.745
10261,410.440,97,-0.41715,19.51500,0,0,0,,
10262,410.480,85,-0.67170,10.51777,1,30,48,0.569,16.288
10262,410.480,97,-0.42405,19.38503,0,0,0,,
10263,410.520,85,-0.67546,10.47517,1,30,45,0.630,16.180
10263,410.520,97,-0.38775,19.41748,0,0,0,,
10264,410.560,85,-0.67117,10.43372,1,29,42,0.610,16.279
10264,410.560,97,-0.38975,19.29748,0,0,0,,
10265,410.600,85,-0.67281,10.38002,0,0,0,,
10265,410.600,97,-0.38552,19.27828,0,0,0,,
10266,410.640,85,-0.66818,10.33050,0,0,0,,
10266,410.640,97,-0.38826,19.17629,0,0,0,,
10267,410.680,85,-0.66732,10.28753,0,0,0,,
10267,410.680,97,-0.40689,19.08133,0,0,0,,
10268,410.720,85,-0.66646,10.24059,0,0,0,,
10268,410.720,97,-0.39349,18.98578,0,0,0,,
10269,410.760,85,-0.66466,10.19167,0,0,0,,
10269,410.760,97,-0.39863,18.97997,0,0,0,,
10270,410.800,85,-0.66673,10.14344,0,0,0,,
10270,410.800,97,-0.40312,18.88309,0,0,0,,
10271,410.840,85,-0.66203,10.11388,0,0,0,,
10272,410.880,85,-0.66403,10.05530,0,0,0,,
10272,410.880,97,-0.41926,18.87574,0,0,0,,
10273,410.920,85,-0.66457,10.06532,1,31,46,0.706,14.249
10273,410.920,97,-0.44057,18.81089,0,0,0,,
10274,410.960,85,-0.66284,10.02334,1,32,41,0.510,14.281
10274,410.960,97,-0.45699,18.73375,0,0,0,,
10275,411.000,85,-0.66592,9.97639,1,32,45,0.760,13.933
10275,411.000,97,-0.46477,18.59836,0,0,0,,
10276,411.040,85,-0.66114,9.91426,0,0,0,,
10276,411.040,97,-0.47555,18.60820,0,0,0,,
10277,411.080,85,-0.66239,9.86044,0,0,0,,
10277,411.080,97,-0.48628,18.53820,0,0,0,,
10278,411.120,85,-0.66303,9.83543,0,0,0,,
10278,411.120,97,-0.50855,18.41016,0,0,0,,
10279,411.160,85,-0.65819,9.77264,0,0,0,,
10280,411.200,85,-0.65935,9.72728,0,0,0,,
10280,411.200,97,-0.51016,18.24252,0,0,0,,
10281,411.240,85,-0.65448,9.68103,0,0,0,,
10281,411.240,97,-0.52400,18.18139,0,0,0,,
10282,411.280,85,-0.65559,9.65008,0,0,0,,
10283,411.320,85,-0.65070,9.60474,0,0,0,,
10283,411.320,97,-0.51839,18.03143,0,0,0,,
10284,411.360,85,-0.62925,9.63903,1,0,46,0.982,13.508
10284,411.360,97,-0.53234,17.93619,0,0,0,,
10285,411.400,85,-0.63244,9.58971,1,0,48,0.380,14.968
10286,411.440,85,-0.62953,9.55217,1,0,51,0.270,16.540
10287,411.480,85,-0.60945,9.50713,1,0,59,0.766,14.793
10287,411.480,97,-0.53738,17.77301,0,0,0,,
10288,411.520,85,-0.61882,9.45730,1,0,57,0.400,16.003
10289,411.560,85,-0.61464,9.42426,1,0,55,0.279,16.778
10290,411.600,85,-0.65375,9.38003,1,0,61,0.625,15.674
10291,411.640,85,-0.62627,9.34685,1,0,60,0.404,15.449
10292,411.680,85,-0.66211,9.30709,1,0,56,0.636,15.046
10292,411.680,97,-0.59761,17.50017,0,0,0,,
10293,411.720,85,-0.64733,9.21333,0,0,0,,
10294,411.760,85,-0.58663,9.24206,1,0,33,0.501,14.088
10295,411.800,85,-0.63858,9.13990,0,0,0,,
10296,411.840,85,-0.64567,9.09389,0,0,0,,
10297,411.880,85,-0.63538,9.04222,0,0,0,,
10298,411.920,85,-0.63539,9.00266,0,0,0,,
10299,411.960,85,-0.63601,8.97523,0,0,0,,
10300,412.000,85,-0.60497,9.00017,1,0,45,0.779,14.883
10301,412.040,85,-0.63924,8.90494,0,0,0,,
10302,412.080,85,-0.63206,8.91119,1,35,59,0.670,14.881
10303,412.120,85,-0.63178,8.87528,1,34,61,0.707,14.927
10304,412.160,85,-0.63184,8.83093,1,34,61,0.825,14.943
10305,412.200,85,-0.62918,8.79986,1,34,64,0.679,15.247
10306,412.240,85,-0.62675,8.71772,0,0,39,25.872,
10307,412.280,85,-0.62423,8.72647,1,33,61,0.648,15.195
10308,412.320,85,-0.61284,8.69534,1,0,58,0.845,14.983
10309,412.360,85,-0.62778,8.60922,0,0,0,,
10310,412.400,85,-0.62835,8.62640,1,0,63,0.941,14.718
10311,412.440,85,-0.62364,8.53215,0,0,37,18.875,
10311,412.440,97,-0.50619,17.81935,0,0,0,,
10312,412.480,85,-0.61835,8.49105,0,0,0,,
10312,412.480,97,-0.49368,17.81448,0,0,0,,
10313,412.520,85,-0.62010,8.43676,0,0,23,6.485,
10314,412.560,85,-0.62204,8.41018,0,0,0,,
10315,412.600,85,-0.62301,8.39040,0,0,0,,
10316,412.640,85,-0.61824,8.35450,0,0,0,,
10317,412.680,85,-0.58759,8.36244,1,0,50,0.609,14.556
10318,412.720,85,-0.61664,8.31173,0,0,0,,
10319,412.760,85,-0.61558,8.28569,0,0,36,16.409,
10320,412.800,85,-0.62238,8.27746,1,22,45,1.880,12.346
10321,412.840,85,-0.61460,8.18212,0,0,0,,
10322,412.880,85,-0.61682,8.13294,0,0,0,,
10323,412.920,85,-0.43426,8.07281,1,0,38,27.193,198.967
10331,413.240,85,-0.56337,7.77967,0,0,0,,
10332,413.280,85,-0.60144,7.76673,0,0,0,,
10333,413.320,85,-0.61109,7.79319,1,0,58,1.328,12.515
10334,413.360,85,-0.61206,7.74548,1,0,49,1.337,12.903
10335,413.400,85,-0.57677,7.67985,1,0,58,0.308,8.719
10336,413.440,85,-0.59389,7.65309,1,0,57,0.290,11.352
10337,413.480,85,-0.59239,7.62372,1,38,57,0.743,11.506
10338,413.520,85,-0.59142,7.57629,0,0,0,,
10339,413.560,85,-0.59042,7.53730,0,0,0,,
10340,413.600,85,-0.58803,7.51111,0,0,40,28.424,
10341,413.640,85,-0.58660,7.48541,0,0,0,,
10342,413.680,85,-0.58553,7.44521,0,0,45,20.748,
10343,413.720,85,-0.58503,7.41198,0,0,37,19.070,
10344,413.760,85,-0.58452,7.38795,0,0,41,20.229,
10345,413.800,85,-0.58039,7.33533,0,0,38,17.904,
10346,413.840,85,-0.57983,7.31529,0,0,0,,
10347,413.880,85,-0.57780,7.28227,0,0,0,,
10348,413.920,85,-0.57719,7.25055,0,0,0,,
10349,413.960,85,-0.57656,7.22035,0,0,39,19.156,
10350,414.000,85,-0.57589,7.17941,0,0,45,12.102,
10351,414.040,85,-0.57521,7.15819,0,0,0,,
10352,414.080,85,-0.56495,7.10806,0,0,0,,
10353,414.120,85,-0.56566,7.07500,0,0,0,,
10354,414.160,85,-0.56491,7.05451,0,0,0,,
10355,414.200,85,-0.56513,7.02340,0,0,0,,
10356,414.240,85,-0.56315,6.98905,0,0,0,,
10357,414.280,85,-0.56396,6.96401,0,0,0,,
10358,414.320,85,-0.56311,6.92205,0,33,46,25.532,
10359,414.360,85,-0.56045,6.88092,0,21,42,26.288,
10360,414.400,85,-0.55707,6.85857,0,38,44,23.446,
10361,414.440,85,-0.55617,6.83626,0,39,45,25.553,
10362,414.480,85,-0.65788,6.69821,1,27,0,1.565,21.298
10364,414.560,85,-0.60471,6.68481,0,0,0,,
10365,414.600,85,-0.56488,6.67111,0,0,0,,
10366,414.640,85,-0.55420,6.64825,0,0,0,,
10367,414.680,85,-0.54825,6.62596,0,0,0,,
10368,414.720,85,-0.54777,6.58933,0,0,0,,
10369,414.760,85,-0.53789,6.57228,0,0,56,3.353,
10370,414.800,85,-0.58428,6.62601,1,0,50,1.943,15.042
10371,414.840,85,-0.54804,6.58211,1,0,62,0.966,13.734
10372,414.880,85,-0.57012,6.57170,1,0,53,1.891,13.801
10373,414.920,85,-0.56239,6.53706,1,28,55,1.720,14.139
10374,414.960,85,-0.52246,6.41317,0,0,0,,
10375,415.000,85,-0.52298,6.38490,0,0,0,,
10376,415.040,85,-0.57026,6.42449,1,0,56,0.649,14.954
10377,415.080,85,-0.51481,6.32416,0,0,0,,
10378,415.120,85,-0.51849,6.29473,0,0,0,,
10379,415.160,85,-0.56362,6.34011,1,0,38,1.277,13.350
10380,415.200,85,-0.54886,6.29123,1,0,41,0.911,13.276
10381,415.240,85,-0.49995,6.29272,1,0,50,0.302,13.961
10382,415.280,85,-0.51222,6.23749,1,0,63,1.284,12.086
10383,415.320,85,-0.50583,6.19982,1,0,63,0.909,10.422
10384,415.360,85,-0.51215,6.16064,1,0,58,0.585,10.605
10385,415.400,85,-0.50990,6.13099,1,0,56,0.624,10.202
10386,415.440,85,-0.50767,6.10606,1,41,56,0.668,10.377
10387,415.480,85,-0.49851,6.07831,1,0,58,0.402,9.960
10388,415.520,85,-0.50404,6.05296,1,41,60,0.678,10.392
10389,415.560,85,-0.49635,6.02265,1,0,58,0.453,10.273
10390,415.600,85,-0.50190,6.00471,1,58,59,0.679,10.371
10391,415.640,85,-0.50181,5.97228,1,53,53,0.636,10.048
10392,415.680,85,-0.49505,5.93816,0,26,0,0.909,
10393,415.720,85,-0.50315,5.93477,1,0,47,1.011,12.105
10394,415.760,85,-0.49295,5.88769,0,27,0,0.869,
10395,415.800,85,-0.49118,5.85049,0,25,0,1.013,
10396,415.840,85,-0.49097,5.83560,0,24,0,1.034,
10397,415.880,85,-0.49001,5.80879,0,23,55,6.509,
10398,415.920,85,-0.48902,5.78022,0,24,28,6.051,
10399,415.960,85,-0.48739,5.75047,0,25,37,25.751,
10400,416.000,85,-0.48118,5.72917,0,23,45,27.032,
10401,416.040,85,-0.48471,5.69532,0,24,38,28.811,
10402,416.080,85,-0.48303,5.67868,0,22,38,25.964,
10403,416.120,85,-0.48930,5.66856,1,0,59,0.812,12.170
10404,416.160,85,-0.47450,5.65217,1,0,64,0.718,11.762
10405,416.200,85,-0.48361,5.62069,1,0,56,0.819,12.400
10406,416.240,85,-0.47176,5.60258,1,0,65,0.774,11.484
10407,416.280,85,-0.47902,5.57254,1,0,53,0.922,12.143
10408,416.320,85,-0.46393,5.54566,1,0,64,0.676,10.588
10409,416.360,85,-0.46673,5.52004,1,0,62,0.578,11.553
10410,416.400,85,-0.45185,5.49975,1,0,65,0.910,10.830
10411,416.440,85,-0.46502,5.47497,1,0,58,0.800,11.722
10412,416.480,85,-0.44686,5.45570,1,0,66,1.075,11.673
10413,416.520,85,-0.44466,5.42297,1,0,65,1.475,11.092
10414,416.560,85,-0.42634,5.40628,1,0,64,1.051,12.191
10415,416.600,85,-0.44737,5.37056,1,0,64,1.416,11.206
10416,416.640,85,-0.44214,5.33703,1,0,63,0.693,9.999
10417,416.680,85,-0.43592,5.30530,1,34,54,0.738,9.521
10418,416.720,85,-0.42755,5.29912,1,0,60,1.415,10.991
10419,416.760,85,-0.43357,5.25687,1,0,58,0.506,9.956
10420,416.800,85,-0.43516,5.24293,1,0,57,0.829,10.658
10421,416.840,85,-0.44083,5.22846,1,49,56,1.130,11.587
10422,416.880,85,-0.39959,5.22089,1,0,52,0.743,13.039
10423,416.920,85,-0.43948,5.16092,0,0,0,,
10424,416.960,85,-0.40159,5.17702,1,0,62,1.770,11.997
10425,417.000,85,-0.40141,5.14299,1,0,63,1.511,11.547
10426,417.040,85,-0.37480,5.13953,1,0,66,2.117,12.518
10427,417.080,85,-0.36807,5.13626,1,0,68,2.416,12.572
10428,417.120,85,-0.36648,5.10780,1,0,68,2.380,11.784
10429,417.160,85,-0.37009,5.09530,1,0,68,2.433,12.906
10430,417.200,85,-0.38111,5.03884,1,0,62,1.633,11.554
10431,417.240,85,-0.36886,5.01918,1,0,63,1.814,10.679
10432,417.280,85,-0.36274,4.99418,1,26,61,1.507,10.609
10433,417.320,85,-0.36785,4.97615,1,0,64,1.585,10.148
10434,417.360,85,-0.36906,4.94866,1,0,62,1.154,9.809
10435,417.400,85,-0.36047,4.93592,1,0,59,1.264,8.998
10436,417.440,85,-0.36026,4.91172,1,0,62,1.495,9.736
10437,417.480,85,-0.36448,4.89185,1,0,63,1.411,10.041
10438,417.520,85,-0.36377,4.86912,1,0,63,1.441,10.080
10439,417.560,85,-0.35852,4.84716,1,0,66,1.262,10.025
10440,417.600,85,-0.35742,4.82358,1,0,68,1.477,10.592
10441,417.640,85,-0.37287,4.79328,1,0,62,1.368,10.425
10442,417.680,85,-0.36374,4.76874,1,0,68,1.091,10.289
10443,417.720,85,-0.31488,4.79986,1,0,72,2.771,12.526
10444,417.760,85,-0.38522,4.72117,1,0,67,0.971,10.605
10445,417.800,85,-0.31926,4.77815,1,0,71,2.974,12.551
10446,417.840,85,-0.33686,4.78697,1,0,70,2.788,12.377
10447,417.880,85,-0.35168,4.76957,1,0,72,2.988,11.209
10448,417.920,85,-0.38853,4.61631,0,0,44,5.159,
10449,417.960,85,-0.43757,4.65611,1,0,53,2.156,13.146
10450,418.000,85,-0.41142,4.61349,1,0,56,2.204,11.273
10451,418.040,85,-0.44811,4.61182,1,0,61,2.463,12.577
10452,418.080,85,-0.38536,4.55251,1,55,61,0.729,10.519
10453,418.120,85,-0.38493,4.53018,1,56,65,0.930,9.507
10454,418.160,85,-0.38312,4.49192,0,0,0,,
10455,418.200,85,-0.39393,4.50886,1,0,61,1.284,10.996
10456,418.240,85,-0.38861,4.49510,1,0,62,0.899,12.022
10457,418.280,85,-0.37162,4.47415,1,0,67,0.391,11.103
10458,418.320,85,-0.37593,4.44911,1,0,64,0.494,11.494
10459,418.360,85,-0.37279,4.43573,1,0,63,0.325,10.941
10460,418.400,85,-0.36814,4.40776,1,53,66,0.744,11.130
10461,418.440,85,-0.36604,4.39100,1,60,62,0.583,10.759
10462,418.480,85,-0.36402,4.36964,1,67,65,1.100,10.380
10463,418.520,85,-0.36190,4.35148,1,62,61,0.791,10.737
10464,418.560,85,-0.36283,4.33676,1,64,64,0.731,11.079
10465,418.600,85,-0.36088,4.31957,1,66,61,0.878,11.039
10466,418.640,85,-0.36120,4.31351,1,0,61,0.481,11.384
10467,418.680,85,-0.35919,4.29408,1,0,64,0.447,11.141
10468,418.720,85,-0.34967,4.27901,1,0,64,0.488,11.264
10469,418.760,85,-0.34924,4.26197,1,0,66,0.548,11.309
10470,418.800,85,-0.32838,4.25153,1,0,72,1.290,10.523
10471,418.840,85,-0.28218,4.31166,1,0,72,1.516,10.057
10472,418.880,85,-0.29159,4.26949,1,0,72,1.656,9.051
10473,418.920,85,-0.34353,4.19620,1,0,72,0.646,11.738
10474,418.960,85,-0.32883,4.17758,1,0,72,1.546,10.502
10475,419.000,85,-0.33763,4.16277,1,0,64,0.519,11.357
10476,419.040,85,-0.33541,4.14403,1,0,64,0.788,11.578
10477,419.080,85,-0.32532,4.11793,1,68,65,1.627,10.677
10478,419.120,85,-0.32329,4.10504,1,56,66,1.565,10.598
10479,419.160,85,-0.32178,4.08915,1,66,67,1.666,10.855
10480,419.200,85,-0.32338,4.07652,1,69,65,1.511,11.052
10481,419.240,85,-0.32313,4.06128,1,68,64,1.534,11.366
10482,419.280,85,-0.31883,4.04067,1,68,65,1.422,10.726
10483,419.320,85,-0.31910,4.03774,1,72,63,1.653,11.223
10484,419.360,85,-0.31726,4.01917,1,68,69,1.713,11.269
10485,419.400,85,-0.31135,4.02775,1,66,72,2.300,8.232
10486,419.440,85,-0.31451,4.00093,1,65,68,1.993,9.615
10487,419.480,85,-0.30997,3.98965,1,68,68,1.894,8.854
10488,419.520,85,-0.30979,3.95353,1,72,69,1.365,9.808
10489,419.560,85,-0.30945,3.94723,1,72,72,1.742,9.428
10490,419.600,85,-0.30732,3.93104,1,69,72,1.528,10.372
10491,419.640,85,-0.30722,3.91447,1,76,67,1.355,9.723
10492,419.680,85,-0.30225,3.90452,1,69,68,1.795,8.907
10493,419.720,85,-0.30195,3.88798,1,70,67,1.489,9.358
10494,419.760,85,-0.30225,3.86943,1,70,67,1.585,7.544
10495,419.800,85,-0.30161,3.86759,1,68,68,1.999,8.135
10496,419.840,85,-0.29655,3.84802,1,71,66,1.474,8.483
10497,419.880,85,-0.29383,3.83639,1,70,67,1.437,8.761
10498,419.920,85,-0.29274,3.81932,1,78,68,1.391,7.710
10499,419.960,85,-0.29045,3.81095,1,77,66,1.472,8.773
10500,420.000,85,-0.28585,3.79839,1,79,67,1.496,8.873
10501,420.040,85,-0.28512,3.79272,1,78,65,1.448,9.000
10502,420.080,85,-0.28574,3.78279,1,80,67,1.397,9.801
10503,420.120,85,-0.28550,3.77176,1,69,68,1.274,9.079
10504,420.160,85,-0.28056,3.76242,1,79,67,1.188,9.061
10505,420.200,85,-0.27976,3.74893,1,79,66,1.258,8.772
10506,420.240,85,-0.27736,3.74967,1,73,66,1.540,9.675
10507,420.280,85,-0.27924,3.73839,1,71,65,1.594,9.660
10508,420.320,85,-0.27200,3.72343,1,83,65,1.393,9.376
10509,420.360,85,-0.27123,3.71401,1,84,68,1.485,9.229
10510,420.400,85,-0.26660,3.70624,1,81,66,1.505,9.293
10511,420.440,85,-0.26848,3.69728,1,81,67,1.512,9.335
10512,420.480,85,-0.26644,3.68987,1,74,67,1.588,9.394
10513,420.520,85,-0.26478,3.68388,1,75,67,1.700,9.201
10514,420.560,85,-0.25920,3.73240,1,77,72,1.942,7.388
10515,420.600,85,-0.24715,3.65949,1,0,69,1.176,9.186
10516,420.640,85,-0.26131,3.73876,1,0,70,0.432,7.822
11440,457.600,99,0.34120,33.36063,1,23,0,0.583,6.999
11441,457.640,99,0.33433,33.11935,0,400,0,29.850,
11442,457.680,99,0.34188,33.11555,0,418,0,29.859,
11443,457.720,99,0.33502,33.09070,0,397,0,29.536,
11444,457.760,99,0.32828,32.87625,0,408,0,27.505,
11445,457.800,99,0.34261,32.94478,0,448,0,32.957,
11446,457.840,99,0.34710,32.86685,0,462,0,32.969,
11447,457.880,99,0.34044,32.62854,0,244,0,17.927,
11448,457.920,99,0.35682,32.64802,0,84,0,8.593,
11449,457.960,99,0.35796,32.62319,0,85,0,8.624,
11450,458.000,99,0.35004,32.40675,0,89,0,8.797,
11451,458.040,99,0.35021,32.39923,0,98,0,8.522,
11452,458.080,99,0.37051,32.14640,0,63,0,5.844,
11453,458.120,99,0.37295,32.14531,0,39,0,2.261,
11454,458.160,99,0.37539,32.18750,0,149,0,13.193,
11455,458.200,99,0.38856,31.87729,0,144,0,13.024,
11456,458.240,99,0.38811,31.87389,0,308,0,30.698,
11457,458.280,99,0.40396,31.87264,0,213,0,17.466,
11458,458.320,99,0.38760,31.69592,0,445,0,40.249,
11459,458.360,99,0.40904,31.67235,0,355,0,50.505,
11460,458.400,99,0.39294,31.67105,0,37,0,2.069,
11461,458.440,99,0.39833,31.51713,0,358,0,50.252,
11462,458.480,99,0.40108,31.45336,0,380,0,49.306,
11463,458.520,99,0.41611,31.52715,0,414,0,32.774,
11464,458.560,99,0.40406,31.24883,0,136,0,14.194,
11465,458.600,99,0.41878,31.25944,0,139,0,14.202,
11466,458.640,99,0.41514,31.08559,0,137,0,14.675,
11467,458.680,99,0.43736,31.01479,0,98,0,10.297,
11468,458.720,99,0.43577,30.94769,0,96,0,10.414,
11469,458.760,99,0.42566,30.80424,0,40,0,4.041,
11470,458.800,99,0.45813,30.82934,0,95,0,10.677,
11471,458.840,99,0.45204,30.71208,0,96,0,10.660,
11472,458.880,99,0.44884,30.60576,0,71,0,10.223,
11473,458.920,99,0.46752,30.60276,0,41,0,4.226,
11474,458.960,99,0.46360,30.39018,0,43,0,4.215,
11475,459.000,99,0.46223,30.31693,0,263,0,33.291,
11476,459.040,99,0.46383,30.25179,0,289,0,32.724,
11477,459.080,99,0.47758,30.25747,0,438,0,34.087,
11478,459.120,99,0.48505,30.14527,0,281,0,33.227,
11479,459.160,99,0.48830,30.16455,0,19,0,1.366,
11480,459.200,99,0.49823,29.94063,0,97,0,13.766,
11481,459.240,99,0.50416,29.99350,0,103,0,14.330,
11482,459.280,99,0.49439,29.79695,0,29,0,2.067,
11483,459.320,99,0.49323,29.72107,0,36,0,3.003,
11484,459.360,99,0.50325,29.66032,0,105,0,13.931,
11485,459.400,99,0.49974,29.54159,0,127,0,13.734,
11486,459.440,99,0.50646,29.51757,0,144,0,14.122,
11487,459.480,99,0.50283,29.33278,0,220,0,22.699,
11488,459.520,99,0.51884,29.34979,0,125,0,13.924,
11489,459.560,99,0.54159,29.26286,0,123,0,13.967,
11490,459.600,99,0.54746,29.01981,0,112,0,14.269,
11491,459.640,99,0.56104,28.99502,0,372,0,25.945,
11492,459.680,99,0.56983,28.93111,1,23,0,0.761,6.999
11493,459.720,99,0.54984,28.84075,1,24,0,0.812,6.999
11494,459.760,99,0.52993,28.82185,1,25,0,0.748,6.999
11490,459.600,100,0.43184,31.00357,0,38,0,2.120,
11491,459.640,100,0.43365,31.02050,0,372,0,25.945,
11492,459.680,100,0.43255,30.98758,0,23,0,0.764,
11493,459.720,100,0.45251,31.09166,0,24,0,1.678,
11494,459.760,100,0.43710,30.54146,0,25,0,0.748,
11495,459.800,99,0.56454,28.74333,1,26,0,0.485,6.999
11495,459.800,100,0.43906,30.54775,0,26,0,0.485,
11496,459.840,99,0.54451,28.70476,1,26,0,0.712,6.999
11496,459.840,100,0.44662,30.35190,0,26,0,0.714,
11497,459.880,99,0.55235,28.56876,1,25,0,0.695,6.999
11497,459.880,100,0.46662,30.35125,0,25,0,0.695,
11498,459.920,99,0.56887,28.58128,1,25,0,0.484,6.999
11499,459.960,99,0.55237,28.40481,0,27,0,1.960,
11499,459.960,100,0.48395,30.20495,0,27,0,1.960,
11500,460.000,99,0.55437,28.31444,0,0,0,,
11500,460.000,100,0.46512,30.02327,0,471,0,39.173,
11501,460.040,99,0.57751,28.29050,1,25,0,0.883,6.999
11501,460.040,100,0.48695,29.93029,0,25,0,0.885,
11502,460.080,99,0.58598,28.21589,0,42,0,5.301,
11502,460.080,100,0.48396,29.80303,0,42,0,5.301,
11503,460.120,99,0.56469,28.00669,1,24,0,0.906,6.999
11503,460.120,100,0.46384,29.61651,0,24,0,0.906,
11504,460.160,99,0.56579,28.00141,1,26,0,0.739,6.999
11504,460.160,100,0.46079,29.55543,0,26,0,0.739,
11505,460.200,99,0.58227,27.98722,0,24,0,1.643,
11505,460.200,100,0.46483,29.55375,0,24,0,1.643,
11500,460.000,101,-0.40955,28.73716,1,21,0,0.203,6.999
11501,460.040,101,-0.40121,28.69991,0,422,0,56.718,
11502,460.080,101,-0.39094,28.60206,0,382,0,59.204,
11503,460.120,101,-0.36816,28.52504,0,353,0,58.763,
11504,460.160,101,-0.37091,28.51400,0,336,0,31.456,
11505,460.200,101,-0.35527,28.37718,0,240,0,23.283,
11506,460.240,99,0.60457,27.81093,1,25,0,0.852,6.999
11506,460.240,100,0.48570,29.54221,0,25,0,0.852,
11506,460.240,101,-0.36155,28.35571,0,111,0,12.912,
11507,460.280,99,0.59663,27.77931,1,26,0,0.559,6.999
11507,460.280,100,0.50239,29.55247,0,26,0,0.559,
11507,460.280,101,-0.37063,28.31289,0,26,0,0.559,
11508,460.320,99,0.60043,27.63123,1,26,0,0.825,6.999
11508,460.320,100,0.47840,29.38714,0,26,0,0.825,
11508,460.320,101,-0.35018,28.29607,0,26,0,0.825,
11509,460.360,99,0.61854,27.58999,1,26,0,0.584,6.999
11509,460.360,100,0.48597,29.32047,0,26,0,0.584,
11509,460.360,101,-0.36556,28.30473,0,26,0,0.584,
11510,460.400,99,0.61427,27.56644,1,27,0,0.785,6.999
11510,460.400,100,0.47020,29.26365,0,27,0,0.782,
11510,460.400,101,-0.38148,28.40649,0,27,0,0.785,
11511,460.440,99,0.60584,27.47023,1,26,0,0.778,6.999
11511,460.440,100,0.47782,29.13891,0,26,0,0.778,
11511,460.440,101,-0.32149,28.10726,0,262,0,56.011,
11512,460.480,99,0.61661,27.40496,1,26,0,0.688,6.999
11512,460.480,100,0.46709,29.22455,0,26,0,0.688,
11512,460.480,101,-0.32328,28.03153,0,290,0,54.099,
11513,460.520,99,0.62835,27.28220,1,26,0,0.851,6.999
11513,460.520,100,0.44746,28.96443,0,26,0,0.851,
11513,460.520,101,-0.30316,27.88996,0,26,0,0.851,
11514,460.560,99,0.63148,27.23477,1,26,0,0.705,6.999
11514,460.560,100,0.48526,29.00074,0,26,0,0.705,
11514,460.560,101,-0.32769,27.98131,0,309,0,53.325,
11510,460.400,102,-0.37154,30.11576,0,16,0,0.559,
11511,460.440,102,-0.38962,29.87480,0,262,0,56.011,
11512,460.480,102,-0.34339,30.22395,0,294,0,55.159,
11514,460.560,102,-0.42071,29.71441,0,315,0,55.267,
11515,460.600,99,0.63040,27.18556,1,25,0,0.818,6.999
11515,460.600,100,0.49286,28.92171,0,25,0,0.818,
11515,460.600,102,-0.49796,29.33837,0,170,0,17.938,
11516,460.640,99,0.63103,27.04699,1,25,0,0.676,6.999
11516,460.640,100,0.47023,28.80045,0,25,0,0.676,
11516,460.640,102,-0.44164,28.69571,0,296,0,56.847,
11517,460.680,99,0.64110,27.11138,1,26,0,0.858,6.999
11517,460.680,100,0.47965,28.74092,0,26,0,0.858,
11517,460.680,101,-0.20323,27.59790,0,26,0,0.858,
11518,460.720,99,0.63922,26.90153,1,26,0,0.820,6.999
11518,460.720,100,0.49514,28.73825,0,26,0,0.820,
11519,460.760,99,0.63859,26.87615,1,25,0,0.703,6.999
11519,460.760,100,0.50022,28.72321,0,25,0,0.703,
11520,460.800,99,0.63777,26.72264,1,26,0,0.967,6.999
11520,460.800,100,0.48646,28.62150,0,26,0,0.967,
11521,460.840,99,0.65221,26.70860,1,26,0,0.738,6.999
11521,460.840,100,0.50295,28.61318,0,26,0,0.738,
11522,460.880,99,0.64738,26.55524,1,26,0,0.879,6.999
11522,460.880,100,0.49240,28.60931,0,26,0,0.879,
11523,460.920,99,0.64731,26.54185,1,26,0,0.840,6.999
11523,460.920,100,0.47049,28.55058,0,26,0,0.840,
11524,460.960,99,0.65999,26.58582,1,25,0,0.774,6.999
11524,460.960,100,0.48727,28.54493,0,25,0,0.774,
11524,460.960,101,-0.12331,27.07416,0,25,0,0.774,
11525,461.000,99,0.65847,26.36911,1,27,0,0.809,6.999
11525,461.000,100,0.49057,28.40374,0,27,0,0.809,
11525,461.000,101,-0.10317,27.06793,0,27,0,1.907,
11526,461.040,99,0.65986,26.33678,1,27,0,0.769,6.999
11526,461.040,100,0.51931,28.73939,0,27,0,0.769,
11527,461.080,99,0.65246,26.21153,1,27,0,0.899,6.999
11527,461.080,100,0.49905,28.40278,0,27,0,0.899,
11527,461.080,102,-0.24310,29.25360,0,0,0,,
11528,461.120,99,0.67320,26.18716,1,27,0,0.577,6.999
11528,461.120,100,0.51641,28.36395,0,27,0,0.577,
11528,461.120,102,-0.22108,28.63022,0,395,0,31.331,
11529,461.160,99,0.67221,26.12887,1,26,0,0.788,6.999
11529,461.160,100,0.52785,28.36275,0,26,0,0.788,
11529,461.160,102,-0.21387,28.93766,0,385,0,31.081,
11530,461.200,99,0.66546,26.00487,1,26,0,0.771,6.999
11530,461.200,100,0.55382,28.34362,0,26,0,0.771,
11530,461.200,101,-0.19621,26.45824,0,26,0,0.771,
11530,461.200,102,-0.21442,28.90918,0,404,0,31.199,
11531,461.240,99,0.68626,25.87226,1,28,0,0.758,6.999
11531,461.240,100,0.54588,28.42390,0,28,0,0.758,
11531,461.240,101,-0.17202,26.32621,0,28,0,0.758,
11531,461.240,102,-0.20966,28.57389,0,420,0,30.574,
11532,461.280,99,0.67843,25.83265,1,27,0,0.784,6.999
11532,461.280,100,0.55594,28.34743,0,27,0,0.784,
11532,461.280,101,-0.17273,26.20620,0,27,0,2.023,
11533,461.320,99,0.68272,25.89762,1,27,0,0.846,6.999
11534,461.360,99,0.66967,25.67462,1,27,0,0.658,6.999
11534,461.360,101,-0.18684,26.16589,0,27,0,0.724,
11535,461.400,99,0.68712,25.65827,1,28,0,0.840,6.999
11535,461.400,101,-0.14957,25.99976,0,28,0,0.840,
11536,461.440,99,0.68882,25.52684,1,27,0,0.869,6.999
11536,461.440,101,-0.13943,25.83660,0,27,0,0.869,
11537,461.480,99,0.68614,25.51422,1,28,0,0.652,6.999
11537,461.480,101,-0.11070,25.89577,0,28,0,0.652,
11538,461.520,99,0.70195,25.40678,1,28,0,0.849,6.999
11538,461.520,101,-0.09872,25.89322,0,28,0,0.849,
11539,461.560,99,0.70520,25.33912,1,28,0,0.773,6.999
11539,461.560,101,-0.05990,25.74416,0,28,0,0.727,
11540,461.600,99,0.70105,25.23777,1,27,0,0.886,6.999
11540,461.600,100,0.45779,28.30694,0,27,0,0.886,
11540,461.600,101,-0.04202,25.64229,0,27,0,0.886,
11541,461.640,99,0.69121,25.18107,1,27,0,0.729,6.999
11541,461.640,101,-0.04204,25.60647,0,27,0,0.729,
11541,461.640,102,-0.02209,28.05102,0,440,0,32.303,
11542,461.680,99,0.71471,25.11370,1,27,0,0.849,6.999
11542,461.680,100,0.46911,28.38553,0,27,0,0.860,
11542,461.680,101,-0.01262,25.66399,0,27,0,0.860,
11542,461.680,102,-0.04693,27.39990,0,475,0,31.128,
11543,461.720,99,0.70326,25.02473,1,28,0,0.883,6.999
11543,461.720,100,0.47708,28.40347,0,28,0,0.785,
11543,461.720,101,-0.01595,25.57763,0,28,0,0.785,
11543,461.720,102,-0.04443,27.42199,0,28,0,0.785,
11544,461.760,99,0.71329,24.97108,1,28,0,0.851,6.999
11544,461.760,101,-0.01929,25.59433,0,28,0,0.851,
11544,461.760,102,-0.04195,27.50420,0,28,0,0.851,
11545,461.800,99,0.71456,24.86192,1,27,0,0.756,6.999
11545,461.800,100,0.47558,28.35874,0,27,0,0.756,
11545,461.800,101,-0.04303,25.52523,0,27,0,2.032,
11545,461.800,102,-0.06418,27.59775,0,27,0,0.756,
11546,461.840,99,0.72660,24.91504,1,28,0,0.887,6.999
11546,461.840,101,-0.03675,25.37902,0,28,0,0.887,
11547,461.880,99,0.72323,24.70352,1,28,0,0.771,6.999
11547,461.880,100,0.47423,28.37864,0,28,0,0.771,
11547,461.880,101,-0.02942,25.34110,0,28,0,2.002,
11548,461.920,99,0.72326,24.67502,1,29,0,0.788,6.999
11548,461.920,100,0.46922,28.37150,0,29,0,0.788,
11548,461.920,101,-0.03113,25.21155,0,29,0,0.788,
11549,461.960,99,0.71948,24.55128,1,28,0,0.856,6.999
11549,461.960,101,-0.04492,25.21567,0,28,0,2.063,
11550,462.000,99,0.73660,24.55056,1,28,0,0.766,6.999
11551,462.040,99,0.72848,24.41320,1,27,0,0.783,6.999
11552,462.080,99,0.72721,24.39870,1,29,0,0.777,6.999
11552,462.080,102,-0.13927,26.61233,0,0,0,,
11553,462.120,99,0.73436,24.27695,1,29,0,0.948,6.999
11554,462.160,99,0.73860,24.25492,1,28,0,0.792,6.999
11555,462.200,99,0.73347,24.12816,1,28,0,0.773,6.999
11555,462.200,102,-0.20419,26.51622,0,0,0,,
11556,462.240,99,0.75177,24.09386,1,29,0,0.809,6.999
11557,462.280,99,0.74818,23.97046,1,28,0,0.805,6.999
11557,462.280,101,0.00102,24.61799,0,143,0,21.068,
11558,462.320,99,0.74592,23.94799,1,29,0,0.837,6.999
11558,462.320,101,-0.02277,24.46105,0,29,0,2.088,
11559,462.360,99,0.73919,23.82826,1,29,0,0.800,6.999
11559,462.360,101,-0.00211,24.42337,0,29,0,0.800,
11560,462.400,99,0.75734,23.76656,1,28,0,0.757,6.999
11560,462.400,101,0.01714,24.29847,0,28,0,0.757,
11561,462.440,99,0.75173,23.67211,1,29,0,0.854,6.999
11562,462.480,99,0.74847,23.61811,1,29,0,0.772,6.999
11563,462.520,99,0.76525,23.54786,1,29,0,0.736,6.999
11564,462.560,99,0.75988,23.44773,1,31,0,0.753,6.999
11565,462.600,99,0.75947,23.39576,1,30,0,0.793,6.999
11566,462.640,99,0.76341,23.31953,1,30,0,0.651,6.999
11567,462.680,99,0.77128,23.25792,1,29,0,0.811,6.999
11568,462.720,99,0.76554,23.17505,1,30,0,0.763,6.999
11569,462.760,99,0.78078,23.19738,1,30,0,0.639,6.999
11570,462.800,99,0.76690,23.01715,1,31,0,0.716,6.999
11571,462.840,99,0.77594,22.97544,1,30,0,0.818,6.999
11572,462.880,99,0.76864,22.87873,1,31,0,0.737,6.999
11573,462.920,99,0.76829,22.85216,1,30,0,0.726,6.999
11574,462.960,99,0.78193,22.73340,1,31,0,0.794,6.999
11575,463.000,99,0.76859,22.63268,1,30,0,0.779,6.999
11576,463.040,99,0.78347,22.60120,1,30,0,0.600,6.999
11577,463.080,99,0.78958,22.50342,1,30,0,0.847,6.999
11578,463.120,99,0.78686,22.46833,1,31,0,0.780,6.999
11579,463.160,99,0.78869,22.36613,1,32,0,0.726,6.999
11579,463.160,102,0.14911,25.92883,0,0,0,,
11580,463.200,99,0.79851,22.32643,1,32,0,0.605,6.999
11581,463.240,99,0.79723,22.23221,1,31,0,0.772,6.999
11580,463.200,103,-0.03167,30.99329,1,16,0,0.240,6.999
11581,463.240,103,-0.02205,30.39318,0,646,0,47.960,
11582,463.280,99,0.79865,22.18003,1,32,0,0.697,6.999
11582,463.280,103,-0.02936,30.44008,0,734,0,58.474,
11583,463.320,99,0.79178,22.09434,1,32,0,0.711,6.999
11583,463.320,103,-0.02314,30.18534,0,625,0,49.671,
11584,463.360,99,0.80449,22.10757,1,31,0,0.889,6.999
11584,463.360,101,0.00366,24.59006,0,0,0,,
11584,463.360,103,-0.00120,30.02656,0,698,0,61.038,
11585,463.400,99,0.79380,21.95701,1,31,0,0.704,6.999
11585,463.400,103,-0.01542,30.26763,0,699,0,62.567,
11586,463.440,99,0.80636,21.98550,1,30,0,0.774,6.999
11586,463.440,103,-0.02084,30.25535,0,700,0,60.948,
11587,463.480,99,0.80458,21.83038,1,32,0,0.857,6.999
11587,463.480,103,-0.03374,29.82827,0,715,0,60.738,
11588,463.520,99,0.81452,21.76164,1,32,0,0.829,6.999
11588,463.520,103,-0.01617,29.98438,0,697,0,60.186,
11589,463.560,99,0.81939,21.67997,1,32,0,0.738,6.999
11589,463.560,102,0.03556,24.56506,0,0,0,,
11589,463.560,103,-0.00053,29.53665,0,690,0,60.717,
11590,463.600,99,0.80986,21.62718,1,31,0,0.958,6.999
11590,463.600,102,0.00730,24.13048,0,0,0,,
11590,463.600,103,-0.00286,29.93460,0,698,0,59.249,
11591,463.640,99,0.81082,21.54874,1,32,0,0.784,6.999
11591,463.640,103,-0.03986,29.60417,0,702,0,59.324,
11592,463.680,99,0.81196,21.45636,1,32,0,0.787,6.999
11592,463.680,103,-0.00788,28.93461,0,687,0,67.243,
11593,463.720,99,0.81131,21.41136,1,32,0,0.810,6.999
11594,463.760,99,0.81784,21.31796,1,32,0,0.618,6.999
11595,463.800,99,0.82631,21.33669,1,31,0,0.840,6.999
11596,463.840,99,0.81709,21.18850,1,32,0,0.752,6.999
11596,463.840,103,-0.03382,29.23501,0,749,0,77.249,
11597,463.880,99,0.82119,21.09682,1,33,0,0.737,6.999
11597,463.880,103,-0.03497,29.63311,0,734,0,61.178,
11598,463.920,99,0.82812,21.05671,1,32,0,0.811,6.999
11598,463.920,103,-0.05066,29.60547,0,702,0,67.015,
11599,463.960,99,0.82347,20.96793,1,32,0,0.866,6.999
11599,463.960,103,-0.00312,29.17640,0,773,0,59.544,
11600,464.000,99,0.82989,20.93273,1,32,0,0.895,6.999
11600,464.000,103,-0.01797,28.88780,0,772,0,58.982,
11601,464.040,99,0.82679,20.83396,1,32,0,0.821,6.999
11601,464.040,103,-0.03429,28.46530,0,749,0,60.412,
11602,464.080,99,0.83434,20.85506,1,33,0,0.838,6.999
11602,464.080,102,-0.04431,23.66549,0,0,0,,
11602,464.080,103,-0.04702,28.09435,0,673,0,48.535,
11603,464.120,99,0.83266,20.70420,1,33,0,0.817,6.999
11603,464.120,102,-0.04623,23.43863,0,0,0,,
11603,464.120,103,-0.05055,27.72657,0,646,0,48.946,
11604,464.160,99,0.83163,20.65000,1,32,0,0.917,6.999
11604,464.160,102,-0.13924,23.32553,0,0,0,,
11605,464.200,99,0.83532,20.58308,1,32,0,0.879,6.999
11605,464.200,102,-0.06370,23.61885,0,0,0,,
11606,464.240,99,0.82482,20.48394,1,32,0,0.871,6.999
11606,464.240,102,-0.05377,23.60681,0,0,0,,
11607,464.280,99,0.83898,20.42946,1,33,0,0.712,6.999
11607,464.280,102,-0.04034,23.54756,0,0,0,,
11608,464.320,99,0.82711,20.36995,1,34,0,0.826,6.999
11608,464.320,102,-0.04612,23.88710,0,336,0,40.622,
11609,464.360,99,0.84919,20.31151,1,33,0,0.753,6.999
11610,464.400,99,0.83881,20.23993,1,34,0,0.787,6.999
11611,464.440,99,0.84165,20.15993,1,34,0,0.713,6.999
11611,464.440,102,-0.06400,23.40522,0,0,0,,
11612,464.480,99,0.83860,20.12047,1,34,0,0.862,6.999
11612,464.480,102,-0.07936,22.95502,0,0,0,,
11612,464.480,103,0.01329,27.34068,0,730,0,67.829,
11613,464.520,99,0.84748,20.04372,1,34,0,0.688,6.999
11613,464.520,102,-0.21629,22.45406,0,0,0,,
11613,464.520,103,0.01247,27.53700,0,621,0,56.487,
11614,464.560,99,0.84256,19.96838,1,34,0,0.764,6.999
11614,464.560,102,-0.21773,22.48052,0,0,0,,
11615,464.600,99,0.83208,19.89743,1,33,0,0.770,6.999
11615,464.600,102,-0.20774,22.32207,0,0,0,,
11616,464.640,99,0.84570,19.83686,1,33,0,0.696,6.999
11616,464.640,102,-0.20548,22.10199,0,0,0,,
11616,464.640,103,-0.01971,28.04782,0,730,0,67.162,
11617,464.680,99,0.84555,19.78516,1,34,0,0.799,6.999
11617,464.680,102,-0.25935,21.64335,0,0,0,,
11617,464.680,103,-0.03470,28.15726,0,648,0,57.910,
11618,464.720,99,0.84192,19.68989,1,34,0,0.795,6.999
11618,464.720,102,-0.26954,21.60502,0,0,0,,
11618,464.720,103,-0.03809,27.96394,0,712,0,71.538,
11619,464.760,99,0.85318,19.62200,1,34,0,0.749,6.999
11619,464.760,102,-0.29198,21.54619,0,0,0,,
11619,464.760,103,-0.04432,27.74855,0,653,0,57.687,
11620,464.800,99,0.85075,19.56478,1,34,0,0.822,6.999
11620,464.800,102,-0.31101,21.07869,0,0,0,,
11620,464.800,103,-0.02944,27.13731,0,641,0,57.359,
11621,464.840,99,0.84895,19.51090,1,35,0,0.742,6.999
11621,464.840,102,-0.30072,20.95088,0,0,0,,
11621,464.840,103,-0.02490,27.36863,0,667,0,57.190,
11622,464.880,99,0.85278,19.42403,1,34,0,0.770,6.999
11622,464.880,102,-0.28652,20.71383,0,0,0,,
11622,464.880,103,-0.00612,26.81760,0,663,0,57.813,
11623,464.920,99,0.85087,19.35103,1,34,0,0.843,6.999
11623,464.920,102,-0.24013,20.82328,0,0,0,,
11623,464.920,103,-0.01016,27.46003,0,721,0,55.139,
11624,464.960,99,0.85307,19.29920,1,34,0,0.784,6.999
11624,464.960,102,-0.18927,20.54173,0,0,0,,
11624,464.960,103,-0.02741,27.70027,0,714,0,51.632,
11625,465.000,99,0.85616,19.20591,1,35,0,0.676,6.999
11625,465.000,102,-0.18047,20.68858,0,0,0,,
11625,465.000,103,-0.02782,27.77347,0,706,0,50.851,
11626,465.040,99,0.85855,19.17988,1,35,0,0.672,6.999
11626,465.040,102,-0.11668,20.10492,0,0,0,,
11627,465.080,99,0.85399,19.08874,1,36,0,0.734,6.999
11627,465.080,102,-0.15987,19.70152,0,0,0,,
11627,465.080,103,-0.01861,27.04595,0,708,0,52.651,
11628,465.120,99,0.85881,19.03471,1,36,0,0.709,6.999
11628,465.120,102,-0.14275,19.43732,0,0,0,,
11628,465.120,103,-0.00753,26.48358,0,702,0,52.893,
11629,465.160,99,0.86037,18.97025,1,34,0,0.685,6.999
11629,465.160,102,-0.13965,19.28097,0,0,0,,
11629,465.160,103,0.01833,25.99084,0,349,0,46.700,
11630,465.200,99,0.85877,18.88643,1,36,0,0.718,6.999
11630,465.200,102,-0.12166,19.22658,0,0,0,,
11630,465.200,103,0.00283,25.81982,0,672,0,56.559,
11631,465.240,99,0.86177,18.82157,1,36,0,0.641,6.999
11631,465.240,102,-0.13166,19.15658,0,0,0,,
11631,465.240,103,0.00723,25.95377,0,665,0,57.084,
11632,465.280,99,0.85999,18.76411,1,35,0,0.692,6.999
11632,465.280,102,-0.11926,19.00324,0,0,0,,
11632,465.280,103,0.00470,25.60250,0,648,0,59.272,
11633,465.320,99,0.86883,18.68504,1,36,0,0.628,6.999
11633,465.320,102,-0.10716,19.11560,0,0,0,,
11633,465.320,103,0.00501,25.62802,0,642,0,58.787,
11634,465.360,99,0.86809,18.66659,1,36,0,0.572,6.999
11634,465.360,102,-0.09498,18.94498,0,0,0,,
11634,465.360,103,0.01529,25.62346,0,643,0,58.414,
11635,465.400,99,0.86216,18.57598,1,37,0,0.592,6.999
11635,465.400,102,-0.08507,18.84418,0,0,0,,
11635,465.400,103,0.02695,25.28172,0,660,0,58.064,
11636,465.440,99,0.85624,18.48067,1,36,0,0.576,6.999
11636,465.440,102,-0.06992,18.74489,0,0,0,,
11636,465.440,103,0.02467,25.32400,0,524,0,56.766,
11637,465.480,99,0.87055,18.46616,1,37,0,0.589,6.999
11637,465.480,102,-0.04815,18.61595,0,0,0,,
11637,465.480,103,0.03849,25.20273,0,699,0,73.747,
11638,465.520,99,0.86626,18.37801,1,37,0,0.643,6.999
11638,465.520,102,-0.03601,18.58570,0,0,0,,
11638,465.520,103,0.06200,24.88305,0,697,0,73.298,
11639,465.560,99,0.85863,18.28508,1,38,0,0.631,6.999
11639,465.560,102,-0.04299,18.51571,0,0,0,,
11639,465.560,103,0.06693,24.92899,0,701,0,74.677,
11640,465.600,99,0.86892,18.24223,1,37,0,0.626,6.999
11640,465.600,102,-0.04431,18.43397,0,0,0,,
11640,465.600,103,0.05320,24.83850,0,694,0,75.062,
11641,465.640,99,0.86602,18.17537,1,37,0,0.708,6.999
11641,465.640,102,-0.03729,18.58777,0,0,0,,
11641,465.640,103,0.03954,24.60021,0,502,0,56.646,
11642,465.680,99,0.86643,18.11827,1,39,0,0.614,6.999
11642,465.680,102,-0.04150,18.32887,0,0,0,,
11642,465.680,103,0.04217,24.68492,0,498,0,58.289,
11643,465.720,99,0.87045,18.06267,1,38,0,0.667,6.999
11643,465.720,102,-0.03532,18.23904,0,0,0,,
11643,465.720,103,0.05508,24.36145,0,778,0,64.796,
11644,465.760,99,0.87156,17.98800,1,38,0,0.641,6.999
11644,465.760,102,-0.04142,18.25406,0,0,0,,
11644,465.760,103,0.03779,24.32094,0,479,0,59.370,
11645,465.800,99,0.86794,17.91527,1,39,0,0.673,6.999
11645,465.800,102,-0.03493,18.17189,0,0,0,,
11645,465.800,103,0.03136,24.39899,0,429,0,65.866,
11646,465.840,99,0.87162,17.85157,1,39,0,0.641,6.999
11646,465.840,102,-0.04181,18.23040,0,0,0,,
11646,465.840,103,0.02896,24.24920,0,419,0,65.297,
11647,465.880,99,0.87161,17.78914,1,39,0,0.671,6.999
11647,465.880,102,-0.05089,18.03633,0,0,0,,
11647,465.880,103,0.00311,24.16505,0,429,0,65.332,
11648,465.920,99,0.87123,17.72977,1,39,0,0.625,6.999
11648,465.920,102,-0.05525,18.07497,0,0,0,,
11648,465.920,103,-0.00134,24.18714,0,431,0,66.405,
11649,465.960,99,0.87241,17.65667,1,39,0,0.536,6.999
11649,465.960,102,-0.04527,18.03890,0,0,0,,
11649,465.960,103,-0.01616,24.22985,0,432,0,66.556,
11650,466.000,99,0.87012,17.61206,1,39,0,0.563,6.999
11650,466.000,102,-0.04425,17.92086,0,0,0,,
11650,466.000,103,-0.02027,24.00939,0,431,0,66.832,
11651,466.040,99,0.87206,17.53853,1,39,0,0.608,6.999
11651,466.040,102,-0.05420,17.87953,0,0,0,,
11651,466.040,103,-0.02549,24.22605,0,353,0,50.260,
11650,466.000,104,0.59504,30.73829,0,31,0,2.457,
11651,466.040,104,0.55000,30.34617,0,353,0,50.057,
11652,466.080,99,0.87576,17.50239,1,39,0,0.609,6.999
11652,466.080,102,-0.05398,17.80234,0,0,0,,
11652,466.080,103,-0.01532,23.82222,0,355,0,48.558,
11652,466.080,104,0.56496,30.16957,0,355,0,48.558,
11653,466.120,99,0.87145,17.42140,1,39,0,0.572,6.999
11653,466.120,102,-0.03732,17.76538,0,0,0,,
11653,466.120,104,0.55411,29.96518,0,651,0,71.859,
11654,466.160,99,0.86955,17.35091,1,40,0,0.638,6.999
11654,466.160,102,-0.03826,17.67843,0,0,0,,
11654,466.160,104,0.55758,30.01098,0,644,0,71.821,
11655,466.200,99,0.87610,17.28372,1,39,0,0.575,6.999
11655,466.200,102,-0.03733,17.64509,0,0,0,,
11655,466.200,103,-0.02334,23.73743,0,307,0,47.864,
11655,466.200,104,0.54769,29.79466,0,307,0,47.864,
11656,466.240,99,0.87632,17.25000,1,39,0,0.611,6.999
11656,466.240,102,-0.04254,17.62725,0,0,0,,
11656,466.240,103,-0.04925,24.02257,0,321,0,51.847,
11656,466.240,104,0.54185,29.66084,0,321,0,51.847,
11657,466.280,99,0.87214,17.17210,1,40,0,0.682,6.999
11657,466.280,102,-0.02572,17.56587,0,0,0,,
11657,466.280,103,-0.05614,23.57106,0,316,0,51.250,
11657,466.280,104,0.53675,29.56308,0,316,0,51.459,
11658,466.320,99,0.87525,17.09661,1,39,0,0.660,6.999
11658,466.320,102,-0.01780,17.46973,0,0,0,,
11658,466.320,103,0.00081,23.16734,0,455,0,60.912,
11658,466.320,104,0.53105,29.42509,0,499,0,66.687,
11659,466.360,99,0.87568,17.04973,1,21,0,0.621,6.999
11659,466.360,102,-0.02638,17.42512,0,0,0,,
11659,466.360,103,-0.03549,23.22669,0,439,0,62.698,
11659,466.360,104,0.47324,29.32434,0,480,0,67.443,
11660,466.400,99,0.87199,16.98083,1,40,0,0.622,6.999
11660,466.400,102,-0.02495,17.45562,0,0,0,,
11660,466.400,103,-0.07544,23.32401,0,448,0,61.208,
11661,466.440,99,0.87364,16.90852,1,40,0,0.588,6.999
11661,466.440,102,-0.02177,17.39360,0,0,0,,
11661,466.440,103,-0.06288,23.24670,0,186,0,40.479,
11662,466.480,99,0.87722,16.84534,1,21,0,0.607,6.999
11662,466.480,102,-0.01210,17.34850,0,0,0,,
11662,466.480,103,-0.08330,23.18024,0,458,0,60.870,
11662,466.480,104,0.48290,28.75189,0,498,0,66.231,
11663,466.520,99,0.87650,16.79216,1,21,0,0.683,6.999
11663,466.520,102,-0.01515,17.24517,0,0,0,,
11663,466.520,103,-0.07532,22.96670,0,198,0,39.848,
11663,466.520,104,0.47371,28.73337,0,198,0,39.848,
11664,466.560,99,0.87384,16.72853,1,21,0,0.733,6.999
11664,466.560,102,-0.01433,17.17599,0,0,0,,
11664,466.560,103,-0.07248,22.97241,0,457,0,62.000,
11664,466.560,104,0.46431,28.42141,0,500,0,67.366,
11665,466.600,99,0.87747,16.66717,1,21,0,0.624,6.999
11665,466.600,102,-0.01495,17.17387,0,0,0,,
11665,466.600,103,-0.08675,22.88581,0,198,0,40.209,
11665,466.600,104,0.47631,28.39801,0,198,0,40.209,
11666,466.640,99,0.87468,16.62924,1,21,0,0.636,6.999
11666,466.640,102,-0.02162,17.04482,0,0,0,,
11666,466.640,103,-0.06701,22.55414,0,501,0,61.331,
11666,466.640,104,0.44162,28.24621,0,542,0,66.499,
11667,466.680,99,0.87708,16.54233,1,21,0,0.623,6.999
11667,466.680,102,-0.02131,17.06164,0,0,0,,
11667,466.680,103,-0.09874,22.43028,0,206,0,40.707,
11667,466.680,104,0.47643,28.06101,0,206,0,40.707,
11668,466.720,99,0.87917,16.47666,1,21,0,0.602,6.999
11668,466.720,102,-0.02424,16.98003,0,0,0,,
11668,466.720,103,-0.06415,22.42446,0,632,0,64.631,
11668,466.720,104,0.47332,27.99945,0,673,0,71.145,
11669,466.760,99,0.87586,16.41415,1,21,0,0.703,6.999
11669,466.760,102,-0.02643,16.86272,0,0,0,,
11669,466.760,103,-0.07174,22.15124,0,635,0,65.739,
11669,466.760,104,0.53610,28.00435,0,675,0,71.552,
11670,466.800,99,0.88289,16.35127,1,21,0,0.638,6.999
11670,466.800,102,-0.04280,16.80961,0,0,0,,
11670,466.800,104,0.55984,27.99669,0,669,0,71.019,
11671,466.840,99,0.88187,16.30695,1,21,0,0.643,6.999
11671,466.840,104,0.57163,27.99681,0,691,0,71.465,
11672,466.880,99,0.87853,16.23941,1,21,0,0.638,6.999
11672,466.880,103,-0.02194,21.52449,0,0,0,,
11672,466.880,104,0.56141,28.03930,0,732,0,72.584,
11673,466.920,99,0.88167,16.19152,1,21,0,0.734,6.999
11673,466.920,102,-0.01479,16.63964,0,0,0,,
11673,466.920,103,-0.04967,21.53728,0,378,0,57.682,
11673,466.920,104,0.61958,28.50972,0,378,0,57.682,
11674,466.960,99,0.88443,16.13283,1,21,0,0.770,6.999
11674,466.960,102,-0.01746,16.54394,0,0,0,,
11674,466.960,104,0.56892,27.98876,0,374,0,57.942,
11675,467.000,99,0.88282,16.06576,1,22,0,0.714,6.999
11675,467.000,102,-0.02006,16.46421,0,0,0,,
11675,467.000,103,-0.03163,21.41345,0,372,0,58.250,
11675,467.000,104,0.56120,27.77876,0,372,0,58.250,
11676,467.040,99,0.87791,15.99541,1,21,0,0.666,6.999
11676,467.040,102,-0.02389,16.46391,0,0,0,,
11676,467.040,103,-0.02891,21.47473,0,454,0,72.214,
11676,467.040,104,0.55528,27.66408,0,436,0,68.250,
11677,467.080,99,0.88298,15.93348,1,22,0,0.818,6.999
11677,467.080,102,-0.02340,16.37859,0,0,0,,
11677,467.080,104,0.53787,27.61027,0,434,0,68.444,
11678,467.120,99,0.88015,15.88743,1,21,0,0.726,6.999
11678,467.120,102,-0.03422,16.28893,0,0,0,,
11678,467.120,104,0.52910,27.52758,0,425,0,67.804,
11679,467.160,99,0.87714,15.81234,1,21,0,0.688,6.999
11679,467.160,102,-0.01877,16.20097,0,0,0,,
11679,467.160,104,0.52423,27.44202,0,425,0,68.272,
11680,467.200,99,0.88036,15.75141,1,21,0,0.682,6.999
11680,467.200,102,0.00454,16.11576,0,0,0,,
11680,467.200,103,-0.03413,21.45494,0,511,0,73.876,
11680,467.200,104,0.51609,27.28375,0,511,0,73.876,
11681,467.240,99,0.87758,15.71117,1,22,0,0.799,6.999
11681,467.240,102,-0.06084,15.92241,0,0,0,,
11681,467.240,103,-0.05389,21.55828,0,528,0,72.977,
11681,467.240,104,0.55099,27.31474,0,530,0,73.093,
11682,467.280,99,0.88660,15.63819,1,22,0,0.631,6.999
11682,467.280,102,-0.17864,15.86917,0,0,0,,
11682,467.280,103,-0.05490,21.48186,0,534,0,72.819,
11682,467.280,104,0.53894,27.08472,0,536,0,73.012,
11683,467.320,99,0.88347,15.57697,1,21,0,0.582,6.999
11683,467.320,102,-0.18224,15.81802,0,0,0,,
11683,467.320,103,-0.05443,21.27216,0,523,0,73.308,
11683,467.320,104,0.50132,26.87412,0,525,0,73.505,
11684,467.360,99,0.88084,15.51115,1,21,0,0.800,6.999
11684,467.360,102,-0.17133,15.73797,0,0,0,,
11684,467.360,103,-0.06757,21.27304,0,525,0,73.244,
11684,467.360,104,0.50005,26.90942,0,538,0,75.245,
11685,467.400,99,0.88477,15.46888,1,21,0,0.754,6.999
11685,467.400,102,-0.15708,15.69924,0,0,0,,
11685,467.400,103,-0.07179,21.33546,0,225,0,47.009,
11685,467.400,104,0.49428,26.74240,0,225,0,47.009,
11686,467.440,99,0.88293,15.41355,1,22,0,0.690,6.999
11686,467.440,102,-0.14224,15.66648,0,0,0,,
11686,467.440,103,-0.06259,21.10188,0,229,0,47.104,
11686,467.440,104,0.49165,26.74362,0,229,0,47.104,
11687,467.480,99,0.87124,15.34490,1,21,0,0.671,6.999
11687,467.480,102,-0.13146,15.47638,0,0,0,,
11687,467.480,103,-0.05506,21.08441,0,231,0,47.213,
11687,467.480,104,0.48747,26.54903,0,231,0,47.213,
11688,467.520,99,0.88302,15.28278,1,22,0,0.745,6.999
11688,467.520,102,-0.11933,15.45403,0,0,0,,
11688,467.520,103,-0.04252,21.08724,0,275,0,50.686,
11688,467.520,104,0.49028,26.45593,0,275,0,50.686,
11689,467.560,99,0.88217,15.23618,1,21,0,0.692,6.999
11689,467.560,102,-0.11129,15.37530,0,0,0,,
11689,467.560,103,-0.03509,20.88617,0,282,0,50.356,
11689,467.560,104,0.47593,26.38900,0,282,0,50.356,
11690,467.600,99,0.88158,15.17986,1,22,0,0.673,6.999
11690,467.600,102,-0.09530,15.30224,0,0,0,,
11690,467.600,103,-0.05200,20.87152,0,539,0,74.272,
11690,467.600,104,0.47023,26.28945,0,539,0,74.272,
11691,467.640,99,0.88551,15.11300,1,21,0,0.787,6.999
11691,467.640,102,-0.11208,15.35419,0,0,0,,
11691,467.640,103,-0.04230,20.69515,0,277,0,51.201,
11691,467.640,104,0.46222,26.07824,0,277,0,51.201,
11692,467.680,99,0.88023,15.05279,1,21,0,0.737,6.999
11692,467.680,102,-0.12359,15.22854,0,0,0,,
11692,467.680,103,-0.04475,20.58754,0,601,0,73.744,
11693,467.720,99,0.88587,15.01093,1,22,0,0.682,6.999
11693,467.720,102,-0.09923,15.15165,0,0,0,,
11693,467.720,103,-0.06452,20.42450,0,609,0,73.479,
11694,467.760,99,0.88596,14.95235,1,21,0,0.745,6.999
11694,467.760,102,-0.10706,15.07328,0,0,0,,
11694,467.760,103,-0.06435,20.41172,0,602,0,73.289,
11695,467.800,99,0.88255,14.89064,1,22,0,0.794,6.999
11695,467.800,102,-0.12491,15.03710,0,0,0,,
11695,467.800,103,-0.05665,20.35812,0,151,0,30.467,
11696,467.840,99,0.88786,14.82281,1,22,0,0.614,6.999
11696,467.840,102,-0.11412,14.92309,0,0,0,,
11696,467.840,103,-0.07173,20.29944,0,548,0,75.195,
11697,467.880,99,0.88513,14.78269,1,22,0,0.684,6.999
11697,467.880,102,-0.11857,14.85465,0,0,0,,
11697,467.880,103,-0.06524,20.20805,0,148,0,30.379,
11697,467.880,104,0.40362,25.54030,0,142,0,22.238,
11698,467.920,99,0.88159,14.71980,1,22,0,0.708,6.999
11698,467.920,102,-0.11623,14.78201,0,0,0,,
11698,467.920,103,-0.08143,20.18791,0,299,0,52.120,
11699,467.960,99,0.87986,14.65811,1,22,0,0.808,6.999
11699,467.960,102,-0.12097,14.85545,0,0,0,,
11699,467.960,103,-0.06955,20.02249,0,288,0,51.075,
11699,467.960,104,0.38327,25.38014,0,288,0,51.075,
11700,468.000,99,0.88138,14.60487,1,22,0,0.641,6.999
11700,468.000,102,-0.12868,14.70336,0,0,0,,
11700,468.000,103,-0.08008,20.00877,0,307,0,51.968,
11701,468.040,99,0.87990,14.54059,1,23,0,0.781,6.999
11701,468.040,102,-0.13052,14.63075,0,0,0,,
11701,468.040,103,-0.06148,19.72661,0,453,0,56.547,
11702,468.080,99,0.87992,14.48666,1,23,0,0.664,6.999
11702,468.080,102,-0.13878,14.63268,0,0,0,,
11702,468.080,103,-0.06859,19.66959,0,149,0,30.461,
11703,468.120,99,0.87808,14.42648,1,23,0,0.640,6.999
11703,468.120,102,-0.16085,14.56732,0,0,0,,
11703,468.120,103,-0.08186,19.74072,0,151,0,30.833,
11704,468.160,99,0.87419,14.38105,1,23,0,0.756,6.999
11704,468.160,102,-0.15584,14.52941,0,0,0,,
11704,468.160,103,-0.06759,19.50124,0,757,0,69.215,
11705,468.200,99,0.88711,14.31220,1,23,0,0.669,6.999
11705,468.200,102,-0.15979,14.46867,0,0,0,,
11705,468.200,103,-0.07241,19.47827,0,0,0,,
11706,468.240,99,0.87662,14.25032,1,22,0,0.721,6.999
11706,468.240,102,-0.16169,14.42914,0,0,0,,
11706,468.240,103,-0.08491,19.27760,0,170,0,34.321,
11707,468.280,99,0.87426,14.20252,1,23,0,0.610,6.999
11707,468.280,102,-0.16705,14.40945,0,0,0,,
11707,468.280,103,-0.08496,19.27778,0,162,0,33.771,
11708,468.320,99,0.87739,14.13990,1,23,0,0.674,6.999
11708,468.320,102,-0.15217,14.35194,0,0,0,,
11708,468.320,103,-0.08518,19.29346,0,166,0,34.320,
11709,468.360,99,0.87642,14.07919,1,23,0,0.663,6.999
11709,468.360,102,-0.14350,14.33302,0,0,0,,
11709,468.360,103,-0.09607,19.28765,0,163,0,33.793,
11710,468.400,99,0.87695,14.03512,1,24,0,0.737,6.999
11710,468.400,102,-0.14831,14.22847,0,0,0,,
11710,468.400,103,-0.07598,19.07045,0,160,0,33.762,
11711,468.440,99,0.88049,13.98021,1,23,0,0.743,6.999
11711,468.440,102,-0.14740,14.22831,0,0,0,,
11711,468.440,103,-0.08676,19.17862,0,159,0,33.715,
11712,468.480,99,0.87843,13.93291,1,24,0,0.693,6.999
11712,468.480,102,-0.15498,14.15756,0,0,0,,
11712,468.480,103,-0.11952,19.18446,0,157,0,33.640,
11713,468.520,99,0.87529,13.87204,1,23,0,0.638,6.999
11713,468.520,102,-0.14621,14.15477,0,0,0,,
11713,468.520,103,-0.10961,19.08327,0,159,0,33.765,
11714,468.560,99,0.87474,13.80777,1,23,0,0.543,6.999
11714,468.560,102,-0.16013,14.13598,0,0,0,,
11714,468.560,103,-0.10363,19.18559,0,157,0,33.897,
11715,468.600,99,0.87739,13.74121,1,23,0,0.694,6.999
11715,468.600,102,-0.14469,14.04512,0,0,0,,
11715,468.600,103,-0.11032,19.08025,0,159,0,34.208,
11716,468.640,99,0.87508,13.69994,1,24,0,0.778,6.999
11716,468.640,102,-0.13895,14.02034,0,0,0,,
11716,468.640,103,-0.13042,19.02554,0,157,0,34.236,
11716,468.640,104,0.40066,24.81843,0,0,0,,
11717,468.680,99,0.87252,13.64341,1,24,0,0.640,6.999
11717,468.680,102,-0.14563,13.91824,0,0,0,,
11717,468.680,103,-0.13526,18.92375,0,158,0,34.139,
11717,468.680,104,0.37529,24.30195,0,0,0,,
11718,468.720,99,0.87531,13.59263,1,24,0,0.684,6.999
11718,468.720,102,-0.14363,13.89693,0,0,0,,
11718,468.720,103,-0.13735,18.86813,0,156,0,34.494,
11718,468.720,104,0.36233,23.93354,0,0,0,,
11719,468.760,99,0.87205,13.53627,1,24,0,0.735,6.999
11719,468.760,102,-0.14252,13.83813,0,0,0,,
11719,468.760,103,-0.16131,18.81908,0,156,0,34.653,
11719,468.760,104,0.36849,23.80409,0,0,0,,
11720,468.800,99,0.87678,13.47091,1,24,0,0.610,6.999
11720,468.800,102,-0.14267,13.83922,0,0,0,,
11720,468.800,103,-0.17836,18.75724,0,156,0,34.850,
11720,468.800,104,0.35458,23.79752,0,0,0,,
11721,468.840,99,0.87431,13.41433,1,23,0,0.756,6.999
11721,468.840,102,-0.13017,13.80437,0,0,0,,
11721,468.840,103,-0.16760,18.63470,0,153,0,34.986,
11721,468.840,104,0.37180,23.65462,0,0,0,,
11722,468.880,99,0.86963,13.37308,1,24,16,0.669,13.577
11722,468.880,102,-0.13465,13.77020,0,0,0,,
11722,468.880,103,-0.18379,18.61219,0,154,0,34.885,
11722,468.880,104,0.35219,23.50087,0,0,0,,
11723,468.920,99,0.86875,13.30673,1,25,0,0.724,6.999
11723,468.920,102,-0.13124,13.78478,0,0,0,,
11723,468.920,103,-0.18384,18.44030,0,151,0,35.026,
11723,468.920,104,0.35211,23.49087,0,0,0,,
11724,468.960,99,0.86895,13.26841,1,24,0,0.588,6.999
11724,468.960,103,-0.18938,18.44032,0,151,0,34.878,
11724,468.960,104,0.33838,23.32027,0,0,0,,
11725,469.000,99,0.86863,13.21463,1,24,0,0.735,6.999
11725,469.000,103,-0.19867,18.29895,0,153,0,34.838,
11725,469.000,104,0.33875,23.19586,0,0,0,,
11726,469.040,99,0.87088,13.15430,1,24,0,0.591,6.999
11726,469.040,103,-0.17607,18.18844,0,158,0,34.971,
11726,469.040,104,0.34579,23.05224,0,0,0,,
11727,469.080,99,0.86682,13.09643,1,25,0,0.654,6.999
11727,469.080,103,-0.18882,18.06020,0,159,0,34.776,
11727,469.080,104,0.34126,22.96745,0,0,0,,
11728,469.120,99,0.86503,13.04389,1,25,0,0.678,6.999
11728,469.120,103,-0.17683,17.91794,0,157,0,34.523,
11728,469.120,104,0.33410,22.82252,0,0,0,,
11729,469.160,99,0.87105,13.00977,1,25,0,0.611,6.999
11729,469.160,103,-0.16955,17.67219,0,158,0,34.447,
11729,469.160,104,0.34118,22.65488,0,0,0,,
11730,469.200,99,0.86544,12.94086,1,25,0,0.568,6.999
11730,469.200,102,-0.15374,13.70712,0,0,0,,
11730,469.200,104,0.34723,22.63078,0,0,0,,
11731,469.240,99,0.86226,12.89578,1,25,0,0.696,6.999
11731,469.240,103,-0.17226,17.49271,0,162,0,34.055,
11731,469.240,104,0.37641,22.66259,0,0,0,,
11732,469.280,99,0.86356,12.85327,1,25,0,0.542,6.999
11733,469.320,99,0.86487,12.78170,1,25,0,0.606,6.999
11733,469.320,102,-0.16111,13.88807,0,0,0,,
11733,469.320,104,0.38321,22.51065,0,0,0,,
11734,469.360,99,0.86635,12.71996,1,25,0,0.611,6.999
11734,469.360,104,0.37799,22.50870,0,0,0,,
11735,469.400,99,0.86296,12.67113,1,25,0,0.581,6.999
11735,469.400,104,0.41108,22.39532,0,0,0,,
11736,469.440,99,0.85491,12.62290,1,26,0,0.530,6.999
11737,469.480,99,0.85901,12.57402,1,26,0,0.767,6.999
11737,469.480,104,0.41104,22.29189,0,0,0,,
11738,469.520,99,0.85833,12.51547,1,26,0,0.622,6.999
11738,469.520,103,-0.14065,17.15537,0,215,39,34.337,
11739,469.560,99,0.85559,12.45892,1,26,0,0.514,6.999
11740,469.600,99,0.85549,12.41000,1,27,0,0.683,6.999
11740,469.600,103,-0.15784,17.51533,0,198,0,33.814,
11740,469.600,104,0.43531,22.04853,0,37,0,1.167,
11741,469.640,99,0.85327,12.36259,1,27,0,0.695,6.999
11741,469.640,104,0.41713,21.83495,0,0,0,,
11742,469.680,99,0.85148,12.30088,1,27,0,0.711,6.999
11742,469.680,103,-0.17257,17.93659,0,192,49,33.930,
11743,469.720,99,0.85309,12.26485,1,27,0,0.704,6.999
11743,469.720,103,-0.17539,17.62441,0,205,52,35.092,
11744,469.760,99,0.85223,12.20226,1,26,0,0.662,6.999
11744,469.760,103,-0.15814,17.53359,0,221,66,33.022,
11744,469.760,104,0.44107,21.65179,0,0,0,,
11745,469.800,99,0.85358,12.16323,1,27,0,0.575,6.999
11745,469.800,103,-0.15453,17.34900,0,228,57,32.022,
11745,469.800,104,0.42700,21.49157,0,0,0,,
11746,469.840,99,0.84702,12.10683,1,26,0,0.687,6.999
11747,469.880,99,0.84720,12.05814,1,27,0,0.724,6.999
11748,469.920,99,0.84781,12.00062,1,26,0,0.619,6.999
11748,469.920,104,0.41944,21.28655,0,0,0,,
11749,469.960,99,0.84597,11.94697,1,26,0,0.710,6.999
11749,469.960,104,0.40469,21.18543,0,0,0,,
11750,470.000,99,0.84454,11.89475,1,27,0,0.603,6.999
11750,470.000,104,0.40361,20.94208,0,0,0,,
11751,470.040,99,0.84340,11.84203,1,27,0,0.550,6.999
11752,470.080,99,0.84402,11.78823,1,27,0,0.667,6.999
11753,470.120,99,0.84247,11.74599,1,27,0,0.589,6.999
11753,470.120,104,0.39154,20.55597,0,0,0,,
11754,470.160,99,0.84013,11.68579,1,27,0,0.633,6.999
11755,470.200,99,0.83790,11.63732,1,27,0,0.669,6.999
11755,470.200,104,0.38802,20.40852,0,0,0,,
11756,470.240,99,0.83996,11.60301,1,27,0,0.621,6.999
11757,470.280,99,0.83679,11.55355,1,27,0,0.599,6.999
11757,470.280,104,0.35205,20.20473,0,0,0,,
11758,470.320,99,0.83429,11.49435,1,27,0,0.723,6.999
11758,470.320,104,0.35777,20.20884,0,0,0,,
11759,470.360,99,0.83358,11.44549,1,27,0,0.772,6.999
11759,470.360,104,0.34611,20.09157,0,0,0,,
11760,470.400,99,0.83517,11.40684,1,27,0,0.622,6.999
11760,470.400,104,0.34361,19.98735,0,0,0,,
11761,470.440,99,0.83088,11.35176,1,27,0,0.611,6.999
11762,470.480,99,0.83150,11.29973,1,28,0,0.766,6.999
11763,470.520,99,0.83133,11.25112,1,27,0,0.668,6.999
11763,470.520,104,0.33300,19.84249,0,37,0,1.234,
11764,470.560,99,0.82818,11.20699,1,27,0,0.626,6.999
11765,470.600,99,0.82597,11.14734,1,27,0,0.693,6.999
11765,470.600,104,0.30766,19.83130,0,21,0,1.422,
11766,470.640,99,0.82936,11.09941,1,27,0,0.816,6.999
11767,470.680,99,0.82544,11.04862,1,28,0,0.781,6.999
11767,470.680,104,0.32464,19.78759,0,21,0,1.276,
11768,470.720,99,0.82109,11.00419,1,28,0,0.695,6.999
11769,470.760,99,0.82211,10.95863,1,28,0,0.649,6.999
11769,470.760,104,0.33426,19.62117,0,23,0,1.472,
11770,470.800,99,0.81913,10.90808,1,28,0,0.836,6.999
11770,470.800,104,0.34177,19.50969,0,23,0,1.594,
11771,470.840,99,0.81663,10.85733,1,28,0,0.732,6.999
11771,470.840,104,0.36925,19.33192,0,0,0,,
11772,470.880,99,0.81738,10.81260,1,28,0,0.664,6.999
11772,470.880,104,0.38261,19.22866,0,0,0,,
11773,470.920,99,0.81382,10.77015,1,28,0,0.701,6.999
11773,470.920,104,0.38671,19.24192,0,0,0,,
11774,470.960,99,0.82185,10.71626,1,28,0,0.641,6.999
11774,470.960,104,0.40290,19.03576,0,0,0,,
11775,471.000,99,0.81371,10.67156,1,29,0,0.664,6.999
11776,471.040,99,0.81352,10.62520,1,29,0,0.593,6.999
11776,471.040,104,0.42387,18.85372,0,0,0,,
11777,471.080,99,0.80911,10.58324,1,29,0,0.638,6.999
11777,471.080,104,0.43283,18.75978,0,0,0,,
11778,471.120,99,0.81283,10.53293,1,29,0,0.713,6.999
11778,471.120,104,0.44215,18.65650,0,0,0,,
11779,471.160,99,0.81091,10.48469,1,29,0,0.629,6.999
11779,471.160,104,0.46061,18.54632,0,0,0,,
11780,471.200,99,0.80718,10.44468,1,29,0,0.629,6.999
11781,471.240,99,0.80665,10.39458,1,29,0,0.541,6.999
11782,471.280,99,0.80672,10.34204,1,29,0,0.599,6.999
11782,471.280,104,0.47819,18.28607,0,0,0,,
11783,471.320,99,0.80002,10.29954,1,29,0,0.653,6.999
11783,471.320,104,0.48122,18.35545,0,0,0,,
11784,471.360,99,0.80291,10.25369,1,30,0,0.509,6.999
11784,471.360,104,0.47982,18.14043,0,0,0,,
11785,471.400,99,0.80003,10.20024,1,30,0,0.625,6.999
11785,471.400,104,0.49165,18.05032,0,0,0,,
11786,471.440,99,0.79858,10.16094,1,30,0,0.606,6.999
11787,471.480,99,0.79565,10.11303,1,30,0,0.656,6.999
11788,471.520,99,0.79567,10.07085,1,30,0,0.528,6.999
11788,471.520,104,0.50836,17.85753,0,0,0,,
11789,471.560,99,0.79337,10.02529,1,31,0,0.533,6.999
11790,471.600,99,0.78866,9.97425,1,31,0,0.646,6.999
11791,471.640,99,0.78967,9.93028,1,31,0,0.520,6.999
11792,471.680,99,0.78652,9.88493,1,31,0,0.553,6.999
11793,471.720,99,0.78621,9.83625,1,32,0,0.479,6.999
11794,471.760,99,0.78394,9.79904,1,31,0,0.495,6.999
11795,471.800,99,0.78261,9.74869,1,31,24,0.390,11.858
11795,471.800,104,0.60830,17.83254,0,0,0,,
11796,471.840,99,0.77885,9.70537,1,32,0,0.566,6.999
11797,471.880,99,0.78006,9.66183,1,32,39,0.288,11.986
11798,471.920,99,0.77526,9.61481,1,32,16,0.386,12.766
11799,471.960,99,0.77333,9.57213,1,32,49,0.399,11.858
11800,472.000,99,0.77487,9.52951,1,33,0,0.426,6.999
11801,472.040,99,0.77035,9.48530,1,33,44,0.304,11.948
11802,472.080,99,0.76786,9.43522,1,34,23,0.462,12.596
11803,472.120,99,0.77118,9.39729,1,33,50,0.306,11.808
11804,472.160,99,0.76844,9.35030,1,33,20,0.451,10.088
11805,472.200,99,0.76528,9.31239,1,33,45,0.396,11.778
11806,472.240,99,0.76314,9.25888,1,34,0,0.652,10.313
11807,472.280,99,0.76379,9.21083,1,34,53,0.454,9.688
11808,472.320,99,0.75945,9.18531,1,34,25,0.567,12.017
11809,472.360,99,0.75831,9.12468,1,36,29,0.497,9.170
11810,472.400,99,0.75547,9.07702,1,37,12,0.507,10.422
11811,472.440,99,0.75532,9.04163,1,34,27,0.412,9.040
11812,472.480,99,0.75074,8.99482,1,35,0,0.720,6.999
11813,472.520,99,0.74922,8.96186,1,36,26,0.635,9.363
11814,472.560,99,0.74753,8.90892,1,46,26,0.537,10.879
11815,472.600,99,0.74586,8.87557,1,43,30,0.549,8.620
11816,472.640,99,0.74575,8.82380,1,49,33,0.605,10.417
11817,472.680,99,0.74403,8.79768,1,48,34,0.684,9.760
11818,472.720,99,0.74102,8.74670,1,53,48,0.464,10.728
11819,472.760,99,0.73788,8.70407,1,54,16,0.742,10.043
11820,472.800,99,0.73103,8.67096,1,0,50,0.075,10.845
11821,472.840,99,0.73114,8.60706,1,38,37,0.665,9.985
11822,472.880,99,0.72739,8.56523,1,50,46,0.611,8.937
11823,472.920,99,0.72670,8.53229,1,38,30,0.646,11.381
11824,472.960,99,0.73084,8.51170,1,53,38,0.348,10.494
11825,473.000,99,0.69554,8.41108,0,31,0,2.330,
11826,473.040,99,0.71670,8.39642,0,24,29,21.029,
11827,473.080,99,0.56859,8.24352,1,33,29,21.535,228.196
11833,473.320,99,0.64831,7.72050,1,52,0,2.764,6.999
11835,473.400,99,0.64266,7.71129,1,57,0,3.020,6.999
11836,473.440,99,0.66608,7.70128,1,55,0,2.933,6.999
11837,473.480,99,0.68156,7.64156,1,58,0,3.344,6.999
11838,473.520,99,0.64832,7.73241,1,57,0,3.506,6.999
11839,473.560,99,0.63484,7.81670,1,99,0,3.929,11.026
11840,473.600,99,0.68336,7.83006,1,58,54,0.617,6.223
11841,473.640,99,0.64668,7.74511,1,83,0,3.572,15.989
11842,473.680,99,0.67020,7.65416,1,70,0,5.073,6.999
11843,473.720,99,0.67944,7.68784,1,78,53,2.236,5.909
11844,473.760,99,0.64967,7.60858,1,76,0,3.887,6.999
11845,473.800,99,0.63074,7.57636,1,66,0,3.681,11.894
11846,473.840,99,0.63765,7.55822,1,72,0,3.395,6.999
11847,473.880,99,0.66378,7.55861,1,74,53,3.793,10.318
11848,473.920,99,0.66558,7.47519,1,73,38,5.072,13.044
11849,473.960,99,0.63764,7.41256,1,78,0,6.022,6.999
11850,474.000,99,0.59537,7.42038,1,110,0,5.389,6.999
11851,474.040,99,0.66699,7.44673,1,46,49,1.408,12.031
11852,474.080,99,0.56166,7.27820,1,94,33,10.467,80.053
11855,474.200,99,0.57442,7.21081,1,96,0,9.001,7.683
11858,474.320,99,0.56332,7.17406,1,100,0,8.903,6.999
11859,474.360,99,0.58925,7.18372,1,106,49,8.879,11.959
11860,474.400,99,0.62295,7.03060,0,96,51,14.761,
11861,474.440,99,0.56082,7.21472,1,95,22,8.362,15.552
11862,474.480,99,0.63043,6.95716,0,0,43,18.839,
11863,474.520,99,0.63882,6.90148,0,106,0,9.858,
11864,474.560,99,0.65959,6.86052,0,89,0,10.097,
11865,474.600,99,0.62273,6.83973,0,99,51,14.849,
11866,474.640,99,0.60260,6.77472,0,99,0,11.509,
11867,474.680,99,0.56110,6.74221,0,40,0,2.568,
11869,474.760,99,0.58638,6.74213,0,28,0,2.580,
11870,474.800,99,0.61287,6.74001,0,116,55,13.186,
11871,474.840,99,0.61625,6.71384,0,87,56,14.370,
11872,474.880,99,0.53884,6.76607,1,160,31,11.922,16.024
11873,474.920,99,0.61563,6.73138,1,0,72,0.437,8.833
11874,474.960,99,0.57734,6.58991,1,75,40,10.718,77.960
11878,475.120,99,0.56558,6.27356,1,98,0,4.935,6.999
11879,475.160,99,0.53082,6.28351,1,123,0,4.530,6.999
11880,475.200,99,0.51387,6.18905,0,38,60,1.700,
11881,475.240,99,0.56084,6.20541,1,103,0,4.805,6.999
11882,475.280,99,0.57992,5.98627,1,76,0,4.827,6.999
11883,475.320,99,0.59664,6.15814,0,166,33,16.986,
11884,475.360,99,0.55290,6.12377,1,96,0,5.079,6.999
11885,475.400,99,0.57173,6.13745,0,0,0,,
11886,475.440,99,0.58079,6.11022,0,0,0,,
11887,475.480,99,0.58932,6.24089,1,37,72,0.760,6.804
11889,475.560,99,0.56522,6.14280,1,36,52,1.253,10.992
11890,475.600,99,0.47565,5.91352,1,106,0,6.156,13.123
11891,475.640,99,0.55859,6.02059,1,52,59,1.862,9.187
11892,475.680,99,0.55780,6.04789,1,71,66,2.256,8.921
11893,475.720,99,0.55216,5.90137,0,39,27,17.548,
11894,475.760,99,0.54487,5.85431,0,36,27,17.355,
11895,475.800,99,0.54363,5.91067,1,47,72,1.861,6.780
11896,475.840,99,0.54147,5.87153,1,46,72,1.967,8.388
11897,475.880,99,0.53655,5.84665,1,46,72,1.649,5.829
11898,475.920,99,0.53840,5.82946,1,47,72,2.023,7.905
11899,475.960,99,0.52937,5.77253,1,46,69,1.568,5.283
11900,476.000,99,0.52768,5.72990,1,47,72,1.704,6.064
11901,476.040,99,0.52400,5.70179,1,47,72,1.529,5.703
11902,476.080,99,0.53034,5.70135,1,46,72,1.991,7.838
11903,476.120,99,0.52332,5.65102,1,47,72,1.698,6.316
11904,476.160,99,0.51534,5.60931,1,47,70,1.919,6.741
11905,476.200,99,0.52047,5.59343,1,47,72,1.962,6.862
11906,476.240,99,0.51596,5.55661,1,47,72,1.847,6.562
11907,476.280,99,0.50594,5.51340,1,49,70,1.929,5.545
11908,476.320,99,0.50360,5.46761,1,49,71,1.771,6.218
11909,476.360,99,0.50953,5.48054,1,48,72,2.036,8.126
11910,476.400,99,0.49704,5.41825,1,49,64,1.924,5.151
11911,476.440,99,0.50366,5.44955,1,0,72,0.781,8.417
11912,476.480,99,0.50530,5.41337,1,0,72,1.062,8.375
11913,476.520,99,0.50649,5.39251,1,0,72,0.808,8.161
11914,476.560,99,0.49701,5.32525,1,50,72,1.974,7.743
11915,476.600,99,0.49116,5.29651,1,49,72,2.037,7.750
11916,476.640,99,0.49267,5.26706,1,51,72,2.019,7.582
11917,476.680,99,0.48726,5.22804,1,50,72,1.954,7.757
11918,476.720,99,0.49349,5.24218,1,0,72,0.622,7.990
11919,476.760,99,0.48655,5.20619,1,0,72,0.927,8.036
11920,476.800,99,0.48025,5.17272,1,0,72,0.964,8.266
11921,476.840,99,0.47354,5.10782,1,51,72,2.040,6.172
11922,476.880,99,0.47427,5.08403,1,51,72,1.984,8.002
11923,476.920,99,0.47106,5.05273,1,54,72,1.942,8.442
11924,476.960,99,0.46670,5.02756,1,52,72,2.133,8.216
11925,477.000,99,0.47555,5.03239,1,0,72,0.551,8.797
11926,477.040,99,0.46270,4.99399,1,0,72,1.098,8.922
11927,477.080,99,0.46993,4.97860,1,0,72,0.542,8.254
11928,477.120,99,0.46838,4.94465,1,0,72,0.589,8.817
11929,477.160,99,0.45492,4.85571,1,66,71,3.212,9.242
11930,477.200,99,0.45351,4.83575,1,63,72,2.814,9.287
11931,477.240,99,0.46406,4.86234,1,0,72,0.796,9.181
11932,477.280,99,0.45219,4.82736,1,0,72,1.102,9.363
11933,477.320,99,0.45525,4.80916,1,0,72,0.639,8.638
11934,477.360,99,0.44340,4.76837,1,0,72,1.174,9.680
11935,477.400,99,0.44117,4.73340,1,0,72,1.180,9.854
11936,477.440,99,0.43496,4.71445,1,0,72,1.303,9.539
11937,477.480,99,0.43445,4.69066,1,0,72,1.198,9.589
11938,477.520,99,0.43276,4.66676,1,0,72,1.194,9.209
11939,477.560,99,0.42794,4.63828,1,0,72,1.204,9.709
11940,477.600,99,0.42705,4.61204,1,0,72,1.231,9.603
11941,477.640,99,0.42237,4.56396,0,28,43,28.269,
11942,477.680,99,0.41598,4.56846,1,0,72,1.432,9.338
11943,477.720,99,0.41274,4.54506,1,0,72,1.454,9.635
11944,477.760,99,0.40854,4.51277,1,0,72,1.444,9.390
11945,477.800,99,0.40923,4.49099,1,0,72,1.386,9.644
11946,477.840,99,0.41316,4.47712,1,0,72,0.846,9.267
11947,477.880,99,0.39542,4.32492,0,26,43,25.746,
11948,477.920,99,0.39546,4.31365,0,0,0,,
11949,477.960,99,0.41901,4.41967,1,0,72,0.851,7.754
11950,478.000,99,0.39927,4.35069,1,0,69,1.719,10.484
11951,478.040,99,0.37424,4.40539,1,0,72,2.176,10.384
11952,478.080,99,0.38433,4.22769,0,0,0,,
11953,478.120,99,0.37947,4.20352,0,0,44,28.698,
11954,478.160,99,0.38916,4.28445,1,0,72,2.427,10.174
11955,478.200,99,0.36131,4.22270,1,0,72,2.133,8.890
11956,478.240,99,0.35744,4.20012,1,0,72,1.915,9.093
11957,478.280,99,0.38909,4.22176,1,0,72,0.970,8.740
11958,478.320,99,0.37737,4.07955,0,822,40,92.283,
11959,478.360,99,0.38168,4.17081,1,0,72,0.680,9.635
11960,478.400,99,0.36611,4.02526,0,0,0,,
11961,478.440,99,0.36681,4.18297,1,0,72,2.160,11.837
11962,478.480,99,0.38912,4.14233,1,0,72,2.430,12.551
11964,478.560,99,0.38061,4.06697,1,0,72,1.473,10.755
11965,478.600,99,0.37386,4.04056,1,0,72,1.860,10.647
11966,478.640,99,0.36814,3.99793,1,0,72,1.415,10.278
11967,478.680,99,0.37049,3.98743,1,0,72,1.488,10.406
11968,478.720,99,0.35588,3.96162,1,0,72,1.673,10.545
11969,478.760,99,0.35699,3.94143,1,0,72,1.048,10.148
11970,478.800,99,0.35282,3.92775,1,0,72,0.948,9.809
11971,478.840,99,0.34951,3.89832,1,0,72,1.668,10.693
11972,478.880,99,0.32952,3.80468,0,21,45,35.918,
11973,478.920,99,0.32837,3.80039,0,42,57,13.003,
11974,478.960,99,0.33605,3.82763,1,0,72,1.674,10.694
11975,479.000,99,0.33826,3.80160,1,0,72,1.375,10.848
11976,479.040,99,0.33582,3.79064,1,0,72,1.434,10.614
11977,479.080,99,0.32642,3.77031,1,0,72,1.578,10.451
11978,479.120,99,0.32236,3.75439,1,0,72,1.562,9.934
11979,479.160,99,0.31770,3.72867,1,0,72,1.650,10.475
11980,479.200,99,0.32052,3.70897,1,0,72,0.862,10.340
11981,479.240,99,0.31899,3.68651,1,0,72,0.976,10.725
11982,479.280,99,0.30990,3.67052,1,0,72,0.838,10.067
11983,479.320,99,0.29832,3.61992,0,37,53,5.377,
11984,479.360,99,0.30321,3.62728,1,0,72,1.363,10.213
11985,479.400,99,0.30054,3.60364,1,0,72,1.308,10.541
11986,479.440,99,0.30221,3.58384,1,0,72,0.958,10.647
11987,479.480,99,0.29846,3.56401,1,0,72,0.963,10.413
11988,479.520,99,0.29269,3.54805,1,0,72,0.950,10.466
11989,479.560,99,0.28850,3.54198,1,0,72,0.840,9.677
11990,479.600,99,0.28510,3.51848,1,0,72,1.638,10.185
11991,479.640,99,0.28256,3.49179,1,0,72,1.948,11.093
11992,479.680,99,0.27766,3.47211,1,0,72,1.443,10.665
11993,479.720,99,0.26712,3.46256,1,0,72,1.309,9.787
11994,479.760,99,0.26314,3.44370,1,0,72,1.543,10.044
11995,479.800,99,0.25363,3.39032,0,0,60,29.329,
11996,479.840,99,0.28165,3.36912,0,0,71,21.461,
11997,479.880,99,0.28186,3.35417,0,0,0,,
11998,479.920,99,0.25161,3.37601,0,0,0,,
11999,479.960,99,0.21536,3.41676,0,0,0,,
12004,480.160,99,0.07087,3.97929,0,0,0,,
12005,480.200,99,0.06892,4.00699,0,0,0,,
12006,480.240,99,0.08911,4.07454,0,0,67,18.269,
12007,480.280,99,0.11718,4.10062,0,0,0,,
12008,480.320,99,0.09886,4.04486,0,0,0,,
12009,480.360,99,0.07704,3.99515,0,0,0,,
12010,480.400,99,0.08212,4.00460,0,0,0,,
12011,480.440,99,0.05088,3.93271,1,0,55,2.177,10.966
12013,480.520,99,0.07036,3.90558,0,0,66,10.568,
12014,480.560,99,0.08303,3.97872,0,0,49,11.163,
12015,480.600,99,0.16298,4.05176,1,0,71,8.903,41.659
12016,480.640,99,0.12649,4.13282,0,0,0,,
12017,480.680,99,0.15280,4.24731,0,0,0,,
12018,480.720,99,0.13029,4.20803,0,0,0,,
12019,480.760,99,0.00605,4.04986,1,0,69,15.161,60.492
12020,480.800,99,0.08010,4.00242,0,0,0,,
12025,481.000,99,0.04161,3.88011,0,0,53,28.377,
12026,481.040,99,0.02049,3.89638,0,0,62,13.116,
12031,481.240,99,-0.03471,3.87866,1,0,67,1.670,6.988
12032,481.280,99,-0.04750,3.87980,1,0,71,1.864,7.700
12033,481.320,99,-0.06105,3.88142,1,0,72,1.941,7.754
12034,481.360,99,-0.04197,3.89211,1,0,72,1.978,8.175
12400,496.000,105,-0.60154,30.33054,1,21,0,3.412,6.999
12401,496.040,105,-0.58475,30.31186,0,412,0,55.770,
12402,496.080,105,-0.58295,30.32312,0,445,0,53.346,
12403,496.120,105,-0.57089,30.32743,0,220,0,26.228,
12410,496.400,105,-0.72029,31.22217,0,598,0,92.542,
12411,496.440,105,-0.80995,30.76697,0,539,0,78.075,
12412,496.480,105,-0.81075,31.04198,0,545,0,77.919,
12413,496.520,105,-0.81424,31.01496,0,335,0,53.586,
12414,496.560,105,-0.81683,31.02519,0,580,0,69.673,
12415,496.600,105,-0.81942,31.03597,0,627,0,64.703,
12416,496.640,105,-0.82120,31.19659,0,646,0,67.096,
12417,496.680,105,-0.80887,31.26469,0,637,0,68.055,
12418,496.720,105,-0.81064,31.28414,0,413,0,52.409,
12419,496.760,105,-0.81260,31.23924,0,400,0,53.929,
13060,522.400,106,-0.19266,32.07414,1,26,0,0.612,6.999
13061,522.440,106,-0.20228,31.88288,0,603,0,49.923,
13062,522.480,106,-0.19297,31.78974,0,646,0,47.918,
13063,522.520,106,-0.19951,31.77654,0,316,0,25.183,
13064,522.560,106,-0.19868,31.86018,0,556,0,48.453,
13065,522.600,106,-0.19488,31.78615,0,495,0,49.372,
13066,522.640,106,-0.21768,31.55920,0,480,0,48.031,
13067,522.680,106,-0.21525,31.34287,0,327,0,33.236,
13068,522.720,106,-0.22020,31.34972,0,402,0,32.299,
13069,522.760,106,-0.22538,31.35553,0,506,0,49.706,
13070,522.800,106,-0.21226,31.12156,0,408,0,33.821,
13071,522.840,106,-0.22750,31.08037,0,511,0,48.492,
13072,522.880,106,-0.22231,30.90464,0,428,0,55.821,
13073,522.920,106,-0.23066,30.92811,0,400,0,55.863,
13074,522.960,106,-0.23638,30.95219,1,21,0,1.124,6.999
13075,523.000,106,-0.22317,30.74977,0,686,0,74.750,
13076,523.040,106,-0.24344,30.73345,1,22,0,1.099,6.999
13077,523.080,106,-0.24789,30.51540,0,121,0,12.553,
13078,523.120,106,-0.25302,30.50061,1,23,0,0.766,6.999
13079,523.160,106,-0.26183,30.37633,0,122,0,12.560,
13080,523.200,106,-0.25225,30.29185,0,124,0,12.708,
13081,523.240,106,-0.26360,30.30387,0,128,0,12.679,
13082,523.280,106,-0.26250,30.29169,0,0,0,,
13083,523.320,106,-0.26381,30.21855,0,129,0,12.411,
13084,523.360,106,-0.26752,30.07532,0,185,0,19.565,
13085,523.400,106,-0.26637,30.10806,0,106,0,12.268,
13086,523.440,106,-0.26762,30.03032,0,104,0,12.287,
13087,523.480,106,-0.27124,29.88814,0,183,0,20.641,
13088,523.520,106,-0.28793,29.70921,0,0,0,,
13089,523.560,106,-0.27593,29.68982,0,160,0,20.240,
13090,523.600,106,-0.28957,29.47571,0,0,0,,
13091,523.640,106,-0.28908,29.47877,0,0,0,,
13092,523.680,106,-0.30185,29.47818,0,0,0,,
13093,523.720,106,-0.30512,29.29927,0,0,0,,
13094,523.760,106,-0.29024,29.28118,1,25,0,0.760,6.999
13095,523.800,106,-0.30813,29.22468,1,25,0,1.026,6.999
13096,523.840,106,-0.32128,29.09044,1,25,0,0.885,6.999
13097,523.880,106,-0.30705,29.05712,1,26,0,1.028,6.999
13098,523.920,106,-0.30337,28.87938,1,25,0,0.931,6.999
13099,523.960,106,-0.31879,28.89168,1,24,0,0.853,6.999
13100,524.000,106,-0.32579,28.72458,1,26,0,0.862,6.999
13101,524.040,106,-0.32295,28.76721,0,0,0,,
13102,524.080,106,-0.32996,28.66721,0,128,0,13.295,
13103,524.120,106,-0.34554,28.49857,0,120,0,13.301,
13104,524.160,106,-0.33235,28.56206,0,207,0,20.277,
13105,524.200,106,-0.33708,28.37603,0,131,0,13.499,
13106,524.240,106,-0.33843,28.31221,0,126,0,13.676,
13107,524.280,106,-0.35110,28.18356,0,127,0,13.716,
13108,524.320,106,-0.34962,28.17961,0,128,0,13.781,
13109,524.360,106,-0.35221,27.98780,0,0,0,,
13110,524.400,106,-0.36315,27.98330,0,0,0,,
13111,524.440,106,-0.36023,27.95962,0,121,0,14.326,
13112,524.480,106,-0.35171,27.77474,0,115,0,13.032,
13110,524.400,107,-0.49123,30.16120,1,14,0,0.496,6.999
13111,524.440,107,-0.50458,30.11255,0,121,0,14.326,
13112,524.480,107,-0.52153,29.89570,0,115,0,13.032,
13113,524.520,106,-0.35674,27.77338,0,123,0,14.486,
13113,524.520,107,-0.51944,29.93814,0,123,0,14.486,
13114,524.560,106,-0.36756,27.76887,0,127,0,14.779,
13114,524.560,107,-0.51939,30.00414,0,127,0,14.779,
13115,524.600,106,-0.37571,27.59494,1,26,0,0.662,6.999
13115,524.600,107,-0.52067,29.90402,0,116,0,13.173,
13116,524.640,106,-0.37260,27.49848,1,25,0,0.980,6.999
13117,524.680,106,-0.37475,27.43335,1,25,0,0.825,6.999
13118,524.720,106,-0.38650,27.45136,1,27,0,0.902,6.999
13119,524.760,106,-0.39619,27.27282,1,27,0,0.888,6.999
13119,524.760,107,-0.51734,29.56029,0,105,0,13.286,
13120,524.800,106,-0.39491,27.24178,1,26,0,0.738,6.999
13121,524.840,106,-0.38948,27.15168,1,25,0,1.045,6.999
13121,524.840,107,-0.51765,29.96680,0,25,0,1.045,
13122,524.880,106,-0.39476,27.08152,1,26,0,0.834,6.999
13122,524.880,107,-0.52171,29.95217,0,106,0,13.601,
13123,524.920,106,-0.39210,27.07225,1,26,0,0.976,6.999
13123,524.920,107,-0.50809,29.94628,0,109,0,13.462,
13124,524.960,106,-0.39691,26.91641,1,27,0,0.876,6.999
13124,524.960,107,-0.50676,29.97991,0,84,0,12.072,
13125,525.000,106,-0.39429,26.92926,1,26,0,0.887,6.999
13125,525.000,107,-0.52696,29.57494,0,85,0,12.031,
13126,525.040,106,-0.41091,26.74006,1,26,0,0.922,6.999
13126,525.040,107,-0.52003,30.00837,0,84,0,12.022,
13127,525.080,106,-0.41060,26.69959,1,27,0,0.671,6.999
13127,525.080,107,-0.52460,29.70781,0,87,0,11.943,
13128,525.120,106,-0.42306,26.60480,1,26,0,1.015,6.999
13128,525.120,107,-0.52323,29.78780,0,99,0,12.136,
13129,525.160,106,-0.41749,26.52618,1,27,0,0.752,6.999
13129,525.160,107,-0.51578,29.76411,0,90,0,11.798,
13130,525.200,106,-0.41889,26.43163,1,26,0,1.028,6.999
13130,525.200,107,-0.50809,30.18589,0,97,0,11.752,
13131,525.240,106,-0.42210,26.36315,1,26,0,0.825,6.999
13131,525.240,107,-0.49774,29.67217,0,85,0,11.925,
13132,525.280,106,-0.41514,26.36173,1,27,0,0.773,6.999
13132,525.280,107,-0.49021,30.13872,0,84,0,11.850,
13133,525.320,106,-0.42035,26.22967,1,26,0,0.902,6.999
13133,525.320,107,-0.47978,30.00160,0,79,0,12.062,
13134,525.360,106,-0.42202,26.18731,1,27,0,0.737,6.999
13134,525.360,107,-0.48712,29.58284,0,88,0,12.052,
13135,525.400,106,-0.43540,26.21344,1,27,0,0.893,6.999
13135,525.400,107,-0.46976,29.82381,0,100,0,12.133,
13136,525.440,106,-0.43015,26.01833,1,28,0,0.642,6.999
13136,525.440,107,-0.45657,29.83187,0,68,0,11.060,
13137,525.480,106,-0.43694,25.99509,1,31,0,0.624,6.999
13137,525.480,107,-0.44772,29.62300,0,70,0,10.425,
13138,525.520,106,-0.45240,25.88191,1,30,0,0.608,6.999
13138,525.520,107,-0.44060,28.89480,0,57,0,9.307,
13139,525.560,106,-0.45450,25.81055,1,31,0,0.514,6.999
13139,525.560,107,-0.42966,29.11927,0,31,0,0.514,
13140,525.600,106,-0.46214,25.72423,1,31,0,0.630,6.999
13140,525.600,107,-0.41811,29.24358,0,222,0,21.611,
13141,525.640,106,-0.45327,25.68447,1,30,0,0.566,6.999
13141,525.640,107,-0.40315,29.16591,0,216,0,21.680,
13142,525.680,106,-0.46368,25.58709,1,30,0,0.588,6.999
13142,525.680,107,-0.47211,29.29773,0,220,0,21.788,
13143,525.720,106,-0.46611,25.52399,1,31,0,0.606,6.999
13140,525.600,109,-0.08510,29.42435,1,28,0,1.689,6.999
13141,525.640,109,-0.05197,29.67262,0,216,0,21.681,
13142,525.680,109,-0.09009,29.62506,0,220,0,21.788,
13143,525.720,109,-0.15780,29.69565,0,232,0,21.558,
13144,525.760,106,-0.46792,25.42889,1,30,0,0.607,6.999
13144,525.760,109,-0.00935,30.27859,0,228,0,21.566,
13145,525.800,106,-0.46872,25.36644,1,31,0,0.630,6.999
13145,525.800,109,-0.04516,30.41780,0,195,0,19.525,
13146,525.840,106,-0.46175,25.29616,1,31,0,0.442,6.999
13146,525.840,107,-0.65640,28.86789,0,170,0,18.000,
13147,525.880,106,-0.46116,25.23675,1,31,0,0.635,6.999
13147,525.880,107,-0.63245,28.47859,0,177,0,18.078,
13148,525.920,106,-0.45916,25.11675,0,225,0,20.772,
13148,525.920,107,-0.61166,28.16368,0,225,0,20.772,
13149,525.960,106,-0.47116,25.02498,0,0,0,,
13149,525.960,107,-0.63333,27.63699,0,881,0,57.321,
13150,526.000,106,-0.47609,25.00042,0,0,0,,
13150,526.000,107,-0.61651,26.96988,0,0,0,,
13151,526.040,106,-0.47409,24.93569,0,349,0,29.644,
13151,526.040,107,-0.66038,26.47565,0,349,0,29.645,
13152,526.080,106,-0.47504,24.80215,0,0,0,,
13152,526.080,107,-0.69759,26.13075,0,0,0,,
13153,526.120,106,-0.47153,24.79361,0,153,0,18.931,
13153,526.120,107,-0.65146,25.42791,0,153,0,18.931,
13154,526.160,106,-0.45804,24.64100,0,203,0,23.234,
13155,526.200,106,-0.47782,24.67691,0,149,0,20.350,
13155,526.200,107,-0.64612,25.96666,0,149,0,20.350,
13156,526.240,106,-0.48264,24.52259,0,190,0,23.165,
13156,526.240,107,-0.61841,25.99195,0,190,0,23.165,
13157,526.280,106,-0.48194,24.51715,0,151,0,20.352,
13157,526.280,107,-0.66648,25.83405,0,151,0,20.352,
13158,526.320,106,-0.48413,24.39584,0,221,0,23.353,
13158,526.320,107,-0.68182,25.30707,0,221,0,23.353,
13159,526.360,106,-0.49587,24.39262,0,344,0,29.577,
13160,526.400,106,-0.50336,24.24063,0,310,0,26.895,
13161,526.440,106,-0.50400,24.20457,0,171,0,20.436,
13161,526.440,107,-0.64132,25.99250,0,171,0,20.436,
13162,526.480,106,-0.50341,24.08257,0,186,0,23.540,
13162,526.480,109,-0.04040,29.65351,0,186,0,23.540,
13163,526.520,106,-0.50770,24.08737,0,0,0,,
13163,526.520,107,-0.54500,25.54133,0,792,0,67.521,
13163,526.520,109,-0.03164,29.47081,0,774,0,61.931,
13164,526.560,106,-0.50538,24.10475,0,0,0,,
13164,526.560,107,-0.51870,25.63047,0,0,0,,
13164,526.560,109,-0.01093,29.82761,0,758,0,65.568,
13165,526.600,106,-0.51056,23.89375,0,0,0,,
13165,526.600,107,-0.51661,25.48132,0,0,0,,
13165,526.600,109,-0.02910,30.00127,0,758,0,66.691,
13166,526.640,106,-0.50995,23.81903,0,0,0,,
13166,526.640,107,-0.48643,25.45351,0,758,0,68.665,
13166,526.640,109,-0.02763,30.04225,0,748,0,68.542,
13167,526.680,106,-0.49936,23.77677,0,339,0,26.878,
13167,526.680,107,-0.46505,25.95837,0,339,0,26.878,
13167,526.680,109,-0.02942,29.98617,0,339,0,26.878,
13168,526.720,106,-0.49980,23.69705,0,336,0,26.885,
13168,526.720,107,-0.45143,26.04003,0,336,0,26.885,
13168,526.720,109,-0.02895,30.00450,0,336,0,26.885,
13169,526.760,106,-0.50944,23.63352,0,286,0,27.387,
13169,526.760,107,-0.43999,25.94265,0,286,0,27.387,
13169,526.760,109,-0.03952,29.86779,1,286,0,27.387,6.999
13170,526.800,106,-0.49744,23.57947,0,299,0,27.521,
13170,526.800,107,-0.42631,26.08695,0,299,0,27.521,
13170,526.800,109,0.01704,29.88821,1,299,0,27.521,6.999
13171,526.840,106,-0.50083,23.49637,0,180,0,21.416,
13171,526.840,107,-0.41679,26.03270,0,180,0,21.416,
13170,526.800,110,-0.51381,33.36889,0,20,0,0.681,
13171,526.840,110,-0.48815,32.63001,0,180,0,21.416,
13172,526.880,106,-0.51848,23.42547,0,324,0,27.634,
13172,526.880,107,-0.40479,26.01327,0,324,0,27.634,
13172,526.880,109,0.07207,29.72617,1,324,0,27.634,6.999
13172,526.880,110,-0.48746,32.02688,0,31,0,5.071,
13173,526.920,106,-0.50910,23.33374,0,267,0,27.171,
13173,526.920,107,-0.38267,25.83525,0,267,0,27.171,
13173,526.920,109,0.01754,29.81919,0,267,0,27.171,
13173,526.920,110,-0.48911,31.78290,0,31,0,5.076,
13174,526.960,106,-0.51767,23.37042,0,110,0,20.514,
13174,526.960,107,-0.31766,25.46017,0,110,0,20.514,
13174,526.960,110,-0.49561,31.62729,0,110,0,20.514,
13175,527.000,106,-0.55899,23.27023,0,91,0,18.924,
13175,527.000,107,-0.27484,24.79490,0,91,0,18.924,
13175,527.000,109,0.01847,29.81745,0,91,0,18.924,
13175,527.000,110,-0.49140,31.77080,0,91,0,18.924,
13176,527.040,106,-0.53958,23.18855,0,87,0,19.068,
13176,527.040,107,-0.25283,24.66934,0,87,0,19.068,
13176,527.040,109,0.05086,30.10132,0,87,0,19.068,
13176,527.040,110,-0.47947,31.56844,0,36,0,5.414,
13177,527.080,106,-0.53508,23.09840,0,87,0,19.306,
13177,527.080,107,-0.27321,25.22356,0,87,0,19.306,
13177,527.080,109,0.05858,30.30141,0,87,0,19.306,
13177,527.080,110,-0.48491,31.11192,0,87,0,19.306,
13178,527.120,106,-0.52308,23.07228,0,97,0,19.288,
13178,527.120,107,-0.24884,24.72099,0,97,0,19.288,
13178,527.120,109,0.03785,30.02506,0,97,0,19.288,
13178,527.120,110,-0.47472,30.94580,0,97,0,19.288,
13179,527.160,106,-0.53529,22.94355,0,94,0,19.776,
13179,527.160,107,-0.26974,24.45478,0,94,0,19.776,
13179,527.160,109,0.05903,30.29256,0,94,0,19.776,
13179,527.160,110,-0.46293,30.96628,0,94,0,19.776,
13180,527.200,106,-0.53400,22.93240,0,95,0,19.369,
13180,527.200,107,-0.30467,24.30694,0,95,0,19.369,
13180,527.200,110,-0.48394,30.52135,0,95,0,19.369,
13181,527.240,106,-0.53400,22.81632,0,0,0,,
13181,527.240,107,-0.31429,24.35100,0,266,0,28.255,
13181,527.240,110,-0.46769,30.68787,0,266,0,28.255,
13182,527.280,106,-0.53397,22.73693,0,0,0,,
13182,527.280,107,-0.30553,24.24744,0,275,0,28.251,
13182,527.280,110,-0.47099,30.50998,0,275,0,28.251,
13183,527.320,106,-0.53337,22.66619,0,102,0,21.425,
13183,527.320,107,-0.29428,24.05166,0,102,0,21.425,
13183,527.320,110,-0.46979,30.64435,0,102,0,21.425,
13184,527.360,106,-0.54256,22.62447,0,0,0,,
13184,527.360,107,-0.28952,24.15310,0,259,0,28.143,
13184,527.360,110,-0.44555,30.49878,0,259,0,28.143,
13185,527.400,106,-0.53185,22.55160,0,0,0,,
13185,527.400,107,-0.31697,24.04414,0,240,0,27.438,
13185,527.400,110,-0.44507,30.50100,0,240,0,27.438,
13186,527.440,106,-0.53569,22.42523,0,102,0,21.683,
13186,527.440,107,-0.38486,24.45125,0,102,0,21.683,
13186,527.440,110,-0.43496,30.29428,0,102,0,21.683,
13187,527.480,106,-0.54645,22.42749,0,0,0,,
13187,527.480,107,-0.39074,24.67451,0,288,0,28.298,
13187,527.480,110,-0.42017,30.30157,0,288,0,28.298,
13188,527.520,106,-0.54503,22.29810,0,89,0,20.394,
13188,527.520,110,-0.41603,29.88829,0,89,0,20.394,
13189,527.560,106,-0.54364,22.24882,0,86,0,20.552,
13189,527.560,110,-0.42875,29.45897,0,86,0,20.552,
13190,527.600,106,-0.55709,22.17190,0,93,0,21.301,
13190,527.600,107,-0.60984,24.60480,0,93,0,21.301,
13190,527.600,110,-0.43250,29.53131,0,93,0,21.301,
13191,527.640,106,-0.55880,22.11793,0,93,0,21.583,
13191,527.640,107,-0.59264,24.67179,0,93,0,21.583,
13191,527.640,110,-0.43075,29.35794,0,93,0,21.583,
13190,527.600,112,0.50346,31.94813,1,16,0,0.750,6.999
13191,527.640,112,0.48222,31.55087,0,210,0,24.599,
13192,527.680,106,-0.56066,22.06863,0,0,0,,
13192,527.680,107,-0.58564,24.38480,0,323,0,29.171,
13192,527.680,110,-0.42700,29.29997,0,323,0,29.171,
13192,527.680,112,0.47293,31.37235,0,323,0,29.170,
13193,527.720,106,-0.57063,21.94646,0,315,0,29.496,
13193,527.720,107,-0.59532,24.51179,0,315,0,29.496,
13193,527.720,110,-0.42229,29.34381,0,315,0,29.496,
13193,527.720,112,0.46884,31.60809,0,315,0,29.496,
13194,527.760,106,-0.56596,21.89460,0,0,0,,
13194,527.760,107,-0.57205,24.51633,0,353,0,29.754,
13194,527.760,110,-0.42553,29.36926,0,353,0,29.754,
13194,527.760,112,0.42996,31.43723,0,353,0,29.754,
13195,527.800,106,-0.57811,21.80086,0,0,0,,
13195,527.800,107,-0.57908,24.07260,0,349,0,30.328,
13195,527.800,110,-0.42051,29.34718,0,349,0,30.328,
13190,527.600,111,0.50802,28.72478,0,32,0,1.370,
13191,527.640,111,0.48384,28.78760,0,210,0,24.599,
13192,527.680,111,0.48466,28.79292,0,323,0,29.171,
13193,527.720,111,0.47958,28.53814,0,315,0,29.496,
13194,527.760,111,0.48308,28.58883,0,353,0,29.754,
13195,527.800,111,0.53746,29.17256,0,349,0,30.328,
13195,527.800,112,0.43431,31.52219,0,349,0,30.328,
13196,527.840,106,-0.57707,21.80842,0,0,0,,
13196,527.840,107,-0.55186,23.94464,0,339,0,30.726,
13196,527.840,110,-0.41997,29.65632,0,339,0,30.726,
13196,527.840,111,0.54762,29.28353,0,339,0,30.726,
13196,527.840,112,0.41547,31.00671,0,339,0,30.726,
13197,527.880,106,-0.57186,21.67792,0,0,0,,
13197,527.880,107,-0.55596,23.37486,0,354,0,31.008,
13197,527.880,110,-0.41694,29.80840,0,354,0,31.008,
13197,527.880,111,0.48963,29.48575,0,354,0,31.008,
13197,527.880,112,0.48598,31.42397,0,354,0,31.008,
13198,527.920,106,-0.56239,21.62661,0,124,0,22.789,
13198,527.920,107,-0.56237,23.20723,0,124,0,22.789,
13198,527.920,110,-0.43248,29.72249,0,124,0,22.789,
13198,527.920,111,0.51713,28.78271,0,218,0,27.474,
13198,527.920,112,0.46056,30.67549,1,218,0,27.474,6.999
13199,527.960,106,-0.56529,21.56475,0,0,0,,
13199,527.960,107,-0.50672,23.13046,0,310,0,31.594,
13199,527.960,110,-0.45031,30.13588,0,310,0,31.594,
13199,527.960,111,0.45769,28.59392,0,310,0,31.594,
13199,527.960,112,0.49461,31.00525,0,310,0,31.594,
13200,528.000,106,-0.56230,21.55681,0,0,0,,
13200,528.000,107,-0.49802,23.08220,0,296,0,31.042,
13200,528.000,110,-0.45983,29.61831,0,296,0,31.042,
13200,528.000,111,0.51276,28.62482,0,296,0,31.042,
13200,528.000,112,0.53837,31.37609,0,296,0,31.042,
13201,528.040,106,-0.54131,21.41334,0,0,0,,
13201,528.040,107,-0.43209,22.90896,0,297,0,31.000,
13201,528.040,110,-0.43253,29.01209,0,297,0,31.000,
13201,528.040,111,0.46547,28.93369,0,297,0,31.000,
13201,528.040,112,0.51755,31.39519,0,297,0,31.000,
13202,528.080,106,-0.56303,21.30799,0,0,0,,
13202,528.080,107,-0.30359,23.29975,0,296,0,31.101,
13202,528.080,110,-0.44774,28.74871,0,296,0,31.101,
13202,528.080,111,0.45781,28.73452,0,296,0,31.101,
13202,528.080,112,0.51261,31.43016,0,296,0,31.101,
13203,528.120,106,-0.57249,21.27701,0,0,0,,
13203,528.120,107,-0.30656,23.57204,0,285,0,31.820,
13203,528.120,110,-0.46243,28.75197,0,285,0,31.820,
13203,528.120,111,0.50576,28.34527,0,285,0,31.820,
13203,528.120,112,0.52200,31.26304,0,285,0,31.820,
13204,528.160,106,-0.57056,21.15861,0,0,0,,
13204,528.160,107,-0.30132,23.36165,0,313,0,32.335,
13204,528.160,110,-0.47333,28.36856,0,313,0,32.335,
13204,528.160,111,0.43772,28.82729,0,313,0,32.335,
13204,528.160,112,0.51368,30.98682,0,313,0,32.335,
13205,528.200,106,-0.57029,21.16352,0,0,0,,
13205,528.200,107,-0.30138,23.30260,0,316,0,32.309,
13205,528.200,110,-0.47063,28.12227,0,316,0,32.309,
13205,528.200,111,0.42959,29.19725,0,316,0,32.309,
13205,528.200,112,0.51863,30.88365,0,316,0,32.309,
13206,528.240,106,-0.56833,21.07978,0,0,0,,
13206,528.240,107,-0.32077,23.03929,0,657,0,59.553,
13206,528.240,110,-0.48825,27.98581,0,642,0,56.165,
13206,528.240,111,0.48700,28.98221,0,717,0,68.838,
13206,528.240,112,0.49437,30.66479,0,717,0,68.838,
13207,528.280,106,-0.57745,20.98630,0,0,0,,
13207,528.280,107,-0.32484,23.24950,0,104,0,22.484,
13207,528.280,110,-0.47951,27.77170,0,484,0,52.598,
13207,528.280,112,0.55193,30.86031,0,569,0,66.143,
13208,528.320,106,-0.57643,20.94446,0,0,0,,
13208,528.320,107,-0.33776,22.76716,0,102,0,22.507,
13208,528.320,110,-0.47273,28.13860,0,554,0,56.272,
13208,528.320,112,0.53925,30.84758,0,642,0,69.659,
13209,528.360,106,-0.57954,20.85416,0,0,0,,
13209,528.360,107,-0.37056,22.28359,0,101,0,22.835,
13209,528.360,109,-0.13299,30.11558,0,625,0,70.876,
13209,528.360,110,-0.46952,28.31787,0,519,0,54.098,
13209,528.360,111,0.50090,29.23608,0,101,0,22.835,
13209,528.360,112,0.53373,30.98470,0,606,0,67.250,
13210,528.400,106,-0.58234,20.82580,0,0,0,,
13210,528.400,107,-0.39620,22.07366,0,103,0,23.232,
13210,528.400,109,-0.13189,30.12199,0,541,0,68.031,
13210,528.400,110,-0.47384,27.98761,0,529,0,65.189,
13210,528.400,112,0.53526,30.68343,0,607,0,81.244,
13211,528.440,106,-0.59560,20.73344,0,0,0,,
13211,528.440,109,-0.13371,30.09880,0,444,0,58.566,
13211,528.440,110,-0.48334,27.85016,0,434,0,56.112,
13211,528.440,112,0.49814,30.48229,0,497,0,68.275,
13210,528.400,113,-0.10982,30.87424,0,37,0,2.895,
13211,528.440,113,-0.14610,30.12507,0,443,0,58.190,
13212,528.480,106,-0.58778,20.65981,0,0,0,,
13212,528.480,107,-0.31088,21.91019,0,103,0,23.623,
13212,528.480,110,-0.48034,27.78023,0,478,0,59.473,
13212,528.480,111,0.52265,28.69892,0,103,0,23.623,
13212,528.480,112,0.55990,30.73511,0,535,0,74.395,
13212,528.480,113,-0.11207,29.88221,0,486,0,62.140,
13213,528.520,106,-0.59778,20.56065,0,0,0,,
13213,528.520,107,-0.33323,21.92965,0,104,0,23.935,
13213,528.520,109,-0.14484,29.65401,0,538,0,60.670,
13213,528.520,110,-0.49202,27.82062,0,524,0,56.692,
13213,528.520,111,0.50466,29.04788,0,104,0,23.935,
13213,528.520,112,0.49486,30.42992,0,584,0,71.242,
13213,528.520,113,-0.14525,29.64596,0,535,0,59.969,
13214,528.560,106,-0.59672,20.50304,0,0,0,,
13214,528.560,107,-0.33492,21.80801,0,107,0,24.194,
13214,528.560,109,-0.15635,29.72085,0,621,0,74.734,
13214,528.560,110,-0.49184,27.84068,0,626,0,76.097,
13214,528.560,111,0.50692,28.31164,0,107,0,24.194,
13214,528.560,112,0.52659,30.21738,0,645,0,81.168,
13214,528.560,113,-0.15674,29.69263,0,621,0,74.734,
13215,528.600,106,-0.59860,20.50363,0,0,0,,
13215,528.600,107,-0.36042,21.80294,0,106,0,24.153,
13215,528.600,109,-0.15835,29.68844,0,615,0,75.657,
13215,528.600,110,-0.49710,27.48080,0,621,0,76.185,
13215,528.600,111,0.50835,28.94862,0,106,0,24.153,
13215,528.600,112,0.53201,30.03903,0,638,0,81.752,
13215,528.600,113,-0.15611,29.71499,0,615,0,75.657,
13216,528.640,106,-0.62142,20.39065,0,0,0,,
13216,528.640,107,-0.35815,21.69130,0,102,0,25.249,
13216,528.640,109,-0.23907,30.25365,0,678,0,71.207,
13216,528.640,110,-0.48776,28.01150,0,683,0,72.505,
13216,528.640,111,0.58421,28.59948,0,102,0,25.249,
13216,528.640,112,0.50958,30.44202,0,709,0,78.540,
13217,528.680,106,-0.60755,20.23845,0,0,0,,
13217,528.680,107,-0.37641,21.65591,0,106,0,24.765,
13217,528.680,109,-0.20627,30.38665,0,672,0,72.799,
13217,528.680,110,-0.50484,27.81797,0,679,0,73.586,
13217,528.680,111,0.53030,29.15031,0,106,0,24.765,
13217,528.680,112,0.54663,29.79102,0,691,0,79.449,
13218,528.720,106,-0.59677,20.20469,0,0,0,,
13218,528.720,107,-0.37818,21.56704,0,106,0,25.504,
13218,528.720,110,-0.50656,27.62626,0,498,0,51.907,
13218,528.720,111,0.51376,28.80628,0,569,0,67.213,
13218,528.720,112,0.52022,29.16949,0,568,0,66.913,
13219,528.760,106,-0.60954,20.15732,0,0,0,,
13219,528.760,107,-0.39003,21.54204,0,107,0,25.152,
13219,528.760,109,-0.35852,30.17494,0,701,0,71.129,
13219,528.760,110,-0.52688,27.79311,0,704,0,71.769,
13219,528.760,111,0.49495,28.95882,0,107,0,25.152,
13219,528.760,112,0.48887,28.79485,0,107,0,25.152,
13220,528.800,106,-0.60685,20.04593,0,0,0,,
13220,528.800,107,-0.39387,21.54053,0,110,0,25.310,
13220,528.800,109,-0.37075,30.20999,0,765,0,75.144,
13220,528.800,110,-0.53195,27.66981,0,769,0,75.774,
13220,528.800,111,0.49169,28.83885,0,110,0,25.310,
13220,528.800,112,0.49121,28.81246,0,110,0,25.310,
13221,528.840,106,-0.60788,19.99361,0,0,0,,
13221,528.840,107,-0.39495,21.41792,0,103,0,26.006,
13221,528.840,110,-0.55225,27.40180,0,697,0,72.661,
13221,528.840,111,0.49667,28.75557,0,103,0,26.006,
13221,528.840,112,0.49202,28.75029,0,103,0,26.006,
13222,528.880,106,-0.60518,19.94471,0,0,0,,
13222,528.880,107,-0.39999,21.29017,0,111,0,25.501,
13222,528.880,109,-0.38890,29.73097,0,683,0,74.972,
13222,528.880,110,-0.55727,27.40607,0,683,0,74.603,
13222,528.880,111,0.48467,28.76557,0,111,0,25.501,
13220,528.800,114,0.33550,31.63812,1,34,0,1.791,6.999
13221,528.840,114,0.34139,31.63811,0,682,0,71.625,
13222,528.880,114,0.33164,31.04936,0,665,0,72.590,
13223,528.920,106,-0.60012,19.91055,0,0,0,,
13223,528.920,107,-0.38931,21.24219,0,108,0,26.184,
13223,528.920,109,-0.38093,30.03367,0,672,0,74.147,
13223,528.920,110,-0.55099,27.23129,0,679,0,74.889,
13223,528.920,111,0.48973,28.74095,0,108,0,26.184,
13223,528.920,114,0.32999,30.90959,0,660,0,74.939,
13224,528.960,106,-0.59876,19.77680,0,0,0,,
13224,528.960,107,-0.39273,21.12081,0,113,0,25.883,
13224,528.960,109,-0.41017,29.85060,0,664,0,74.115,
13224,528.960,110,-0.55959,26.88204,0,673,0,75.697,
13224,528.960,114,0.35141,30.84706,0,652,0,75.773,
13225,529.000,106,-0.58572,19.71352,0,0,0,,
13225,529.000,107,-0.43174,21.41956,0,116,0,25.661,
13225,529.000,109,-0.47700,29.74404,0,697,0,71.593,
13225,529.000,110,-0.55795,26.20730,0,704,0,73.260,
13225,529.000,114,0.32703,30.87810,0,683,0,71.624,
13226,529.040,106,-0.60126,19.66823,0,94,0,21.734,
13226,529.040,107,-0.42539,21.64170,0,94,0,21.734,
13226,529.040,110,-0.57336,26.75986,0,94,0,21.734,
13226,529.040,114,0.32548,30.85043,0,576,0,64.120,
13227,529.080,106,-0.61683,19.71584,0,104,0,22.532,
13227,529.080,107,-0.40465,21.50973,0,104,0,22.532,
13227,529.080,114,0.32546,30.86641,0,74,0,10.611,
13228,529.120,106,-0.63343,19.65375,0,96,0,22.104,
13228,529.120,107,-0.41227,21.79616,0,96,0,22.104,
13228,529.120,109,-0.65278,28.56542,0,42,0,7.064,
13228,529.120,110,-0.61304,27.13734,0,96,0,22.104,
13228,529.120,114,0.32566,30.89229,0,596,0,61.996,
13229,529.160,106,-0.63092,19.55519,0,118,0,22.714,
13229,529.160,107,-0.40027,21.74126,0,118,0,22.714,
13229,529.160,109,-0.68339,28.13390,0,45,0,6.949,
13229,529.160,110,-0.61070,27.14520,0,118,0,22.714,
13229,529.160,114,0.36489,30.80005,0,626,0,55.006,
13230,529.200,106,-0.62896,19.49239,0,99,0,22.129,
13230,529.200,107,-0.41194,21.60464,0,99,0,22.129,
13230,529.200,109,-0.69866,28.04900,0,99,0,22.129,
13230,529.200,110,-0.63870,27.08168,0,99,0,22.129,
13230,529.200,114,0.34907,30.78259,0,610,0,61.444,
13231,529.240,106,-0.62641,19.44142,0,0,0,,
13231,529.240,107,-0.43124,21.73516,0,122,0,28.179,
13231,529.240,109,-0.68170,27.48988,0,713,0,74.185,
13231,529.240,110,-0.63776,26.88418,0,715,0,74.060,
13231,529.240,114,0.42897,30.72506,0,691,0,73.891,
13230,529.200,115,0.30222,32.54306,1,24,0,3.152,6.999
13231,529.240,115,0.28305,31.97078,0,690,0,74.024,
13232,529.280,106,-0.63326,19.34666,0,0,0,,
13232,529.280,107,-0.44199,21.36542,0,118,0,27.993,
13232,529.280,109,-0.68149,27.34860,0,709,0,74.646,
13232,529.280,114,0.42693,30.66845,0,705,0,79.809,
13232,529.280,115,0.25988,31.97131,0,682,0,74.553,
13233,529.320,106,-0.63601,19.29682,0,0,0,,
13233,529.320,107,-0.44412,21.50080,0,119,0,28.166,
13233,529.320,109,-0.68529,27.79128,0,656,0,77.937,
13233,529.320,110,-0.64559,26.35953,0,666,0,79.982,
13233,529.320,114,0.34230,30.60724,0,656,0,82.635,
13233,529.320,115,0.27974,31.90732,0,633,0,77.277,
13234,529.360,106,-0.61556,19.21883,0,0,0,,
13234,529.360,107,-0.47470,21.14526,0,121,0,28.422,
13234,529.360,109,-0.68044,27.71291,0,606,0,56.332,
13234,529.360,110,-0.63483,25.71650,0,609,0,56.932,
13234,529.360,114,0.35930,30.37325,0,638,0,64.125,
13234,529.360,115,0.26954,31.66815,0,634,0,63.064,
13235,529.400,106,-0.63897,19.23595,0,0,0,,
13235,529.400,107,-0.53951,21.28266,0,0,0,,
13235,529.400,109,-0.70154,27.51931,0,535,0,58.702,
13235,529.400,110,-0.65185,26.11477,0,540,0,59.071,
13235,529.400,114,0.35656,30.28260,0,568,0,67.210,
13235,529.400,115,0.24418,31.68988,0,564,0,65.358,
13236,529.440,106,-0.63632,19.14028,0,0,0,,
13236,529.440,107,-0.53987,21.25782,0,0,0,,
13236,529.440,109,-0.67721,27.50767,0,654,0,78.453,
13236,529.440,110,-0.66784,25.55909,0,655,0,78.631,
13236,529.440,114,0.38881,30.44596,0,640,0,77.805,
13236,529.440,115,0.23595,31.36935,0,640,0,77.109,
13237,529.480,106,-0.63763,19.03483,0,0,0,,
13237,529.480,107,-0.54233,21.02576,0,118,0,27.456,
13237,529.480,109,-0.68230,27.45171,0,448,0,58.695,
13237,529.480,110,-0.67484,25.64593,0,451,0,59.271,
13237,529.480,114,0.44430,30.12943,0,485,0,67.438,
13237,529.480,115,0.25380,31.15568,0,475,0,65.553,
13238,529.520,106,-0.62850,19.02294,0,0,0,,
13238,529.520,107,-0.58261,21.27574,0,0,0,,
13238,529.520,109,-0.67967,27.42989,0,529,0,54.332,
13238,529.520,110,-0.67047,25.47770,0,532,0,54.888,
13238,529.520,114,0.43328,30.03675,0,592,0,67.716,
13238,529.520,115,0.22884,31.21894,0,556,0,60.768,
13239,529.560,106,-0.62673,18.87596,0,0,0,,
13239,529.560,107,-0.57146,21.16485,0,0,0,,
13239,529.560,109,-0.68046,27.23801,0,522,0,54.850,
13239,529.560,110,-0.67414,25.91314,0,525,0,55.335,
13239,529.560,114,0.42727,29.94501,0,611,0,69.895,
13239,529.560,115,0.22326,31.07345,0,550,0,61.388,
13240,529.600,106,-0.63220,18.90622,0,0,0,,
13240,529.600,107,-0.56408,20.86031,0,0,0,,
13240,529.600,109,-0.69075,27.27322,0,541,0,54.334,
13240,529.600,110,-0.66750,25.72087,0,543,0,54.871,
13240,529.600,114,0.41725,29.76397,0,605,0,67.545,
13240,529.600,115,0.21972,30.98849,0,567,0,60.894,
13241,529.640,106,-0.64059,18.76266,0,0,0,,
13241,529.640,107,-0.57923,21.21891,0,0,0,,
13241,529.640,109,-0.68572,27.26012,0,538,0,54.331,
13241,529.640,110,-0.67892,25.72010,0,542,0,54.921,
13241,529.640,114,0.41753,29.84514,0,626,0,69.375,
13241,529.640,115,0.21427,30.83767,0,568,0,60.972,
13242,529.680,106,-0.63873,18.73518,0,0,0,,
13242,529.680,107,-0.57064,20.91825,0,0,0,,
13242,529.680,109,-0.66966,27.08989,0,829,0,78.008,
13242,529.680,110,-0.67387,25.95973,0,831,0,78.327,
13242,529.680,114,0.39347,29.59541,0,870,0,85.903,
13242,529.680,115,0.21653,30.83918,0,823,0,78.289,
13243,529.720,106,-0.64198,18.70184,0,0,0,,
13243,529.720,107,-0.59933,20.48579,0,0,0,,
13243,529.720,109,-0.65838,26.97565,0,748,0,75.226,
13243,529.720,110,-0.66957,25.39485,0,750,0,75.348,
13243,529.720,114,0.40765,29.60353,0,761,0,79.820,
13243,529.720,115,0.20731,30.62621,0,733,0,74.869,
13244,529.760,106,-0.64925,18.61689,0,0,0,,
13244,529.760,109,-0.67189,26.91569,0,558,0,55.991,
13244,529.760,110,-0.67521,25.19640,0,559,0,56.410,
13244,529.760,114,0.38217,29.62710,0,621,0,69.028,
13244,529.760,115,0.20796,30.67764,0,585,0,61.587,
13245,529.800,106,-0.64730,18.52947,0,0,0,,
13245,529.800,109,-0.67177,26.89296,0,321,0,42.865,
13245,529.800,110,-0.66837,25.16937,0,321,0,42.865,
13245,529.800,114,0.37690,29.50272,0,118,0,28.120,
13245,529.800,115,0.20648,30.62686,0,321,0,42.865,
13246,529.840,106,-0.64441,18.47978,0,0,0,,
13246,529.840,109,-0.67272,26.80837,0,582,0,54.915,
13246,529.840,110,-0.67458,25.15242,0,585,0,55.345,
13246,529.840,114,0.38201,29.25676,0,645,0,68.473,
13246,529.840,115,0.22438,30.36887,0,611,0,59.607,
13247,529.880,106,-0.64691,18.41800,0,0,0,,
13247,529.880,109,-0.69315,26.72161,0,336,0,43.358,
13247,529.880,110,-0.68128,25.43064,0,336,0,43.358,
13247,529.880,114,0.37717,29.17367,0,123,0,27.760,
13247,529.880,115,0.19898,30.42235,0,336,0,43.358,
13248,529.920,106,-0.64579,18.31691,0,0,0,,
13248,529.920,109,-0.67666,26.53984,0,523,0,58.127,
13248,529.920,110,-0.67140,25.32409,0,525,0,58.426,
13248,529.920,114,0.39365,28.79161,0,599,0,73.602,
13248,529.920,115,0.21144,30.79346,0,555,0,65.197,
13249,529.960,106,-0.65195,18.32104,0,0,0,,
13249,529.960,109,-0.67094,26.04169,0,451,0,62.342,
13249,529.960,110,-0.67096,25.32593,0,453,0,62.480,
13249,529.960,114,0.32482,29.06800,0,526,0,81.088,
13249,529.960,115,0.19506,31.02921,0,478,0,69.186,
13250,530.000,106,-0.64987,18.21378,0,0,0,,
13250,530.000,109,-0.68043,25.33087,0,808,0,78.097,
13250,530.000,110,-0.68316,25.24971,0,809,0,78.169,
13250,530.000,114,0.30887,29.42367,0,795,0,80.334,
13250,530.000,115,0.18923,30.84581,0,802,0,78.769,
13251,530.040,106,-0.65010,18.12631,0,0,0,,
13251,530.040,109,-0.67462,25.25354,0,502,0,58.368,
13251,530.040,110,-0.67830,25.21251,0,502,0,58.368,
13251,530.040,115,0.18711,30.79737,0,528,0,65.886,
13250,530.000,116,-0.38039,31.20821,1,16,0,0.377,6.999
13251,530.040,116,-0.37104,30.88451,0,506,0,60.230,
13252,530.080,106,-0.65359,18.09360,0,0,0,,
13252,530.080,107,-0.60565,20.20624,0,0,0,,
13252,530.080,109,-0.70042,25.01317,0,849,0,81.763,
13252,530.080,110,-0.69189,25.10303,0,849,0,81.680,
13252,530.080,114,0.29819,29.14561,0,884,0,90.416,
13252,530.080,115,0.16976,30.63099,0,834,0,82.239,
13252,530.080,116,-0.40476,31.45867,0,844,0,80.504,
13253,530.120,106,-0.65660,18.02623,0,0,0,,
13253,530.120,109,-0.69366,25.11718,0,901,0,80.002,
13253,530.120,114,0.16453,29.76475,0,881,0,80.949,
13253,530.120,115,0.17707,30.49773,0,878,0,80.240,
13253,530.120,116,-0.47951,31.79286,0,895,0,78.941,
13254,530.160,106,-0.65491,17.96379,0,0,0,,
13254,530.160,107,-0.58892,20.19242,0,0,0,,
13254,530.160,109,-0.70467,24.92165,0,855,0,81.495,
13254,530.160,115,0.17852,30.55958,0,827,0,81.910,
13255,530.200,106,-0.65271,17.91073,0,0,0,,
13255,530.200,107,-0.58514,20.24576,0,0,0,,
13255,530.200,109,-0.70406,24.84842,0,818,0,78.513,
13255,530.200,115,0.17508,30.34551,0,805,0,79.494,
13256,530.240,106,-0.64960,17.86667,0,0,0,,
13256,530.240,107,-0.60302,19.80672,0,0,0,,
13256,530.240,109,-0.71581,24.76533,0,803,0,83.680,
13256,530.240,115,0.16619,30.28039,0,780,0,84.125,
13256,530.240,116,-0.49616,31.55028,0,816,0,85.103,
13257,530.280,106,-0.65865,17.80084,0,0,0,,
13257,530.280,107,-0.58070,19.94833,0,0,0,,
13257,530.280,109,-0.72613,24.76926,0,771,0,78.616,
13257,530.280,114,0.16543,29.77750,0,834,0,93.106,
13257,530.280,115,0.17462,29.75869,0,753,0,79.761,
13258,530.320,106,-0.64580,17.73757,0,0,0,,
13258,530.320,107,-0.56996,19.96967,0,271,0,38.330,
13258,530.320,109,-0.72828,24.56366,0,271,0,38.330,
13258,530.320,114,0.17024,29.62551,0,0,0,,
13258,530.320,115,0.17223,29.62231,0,271,0,38.330,
13258,530.320,116,-0.51534,31.42569,0,22,0,0.884,
13259,530.360,106,-0.65111,17.65857,0,0,0,,
13259,530.360,107,-0.62347,20.25669,0,314,0,38.288,
13259,530.360,109,-0.74773,23.94355,0,314,0,38.288,
13259,530.360,114,0.17488,29.73979,0,314,0,38.288,
13259,530.360,115,0.17336,29.67529,0,314,0,38.288,
13259,530.360,116,-0.49912,31.79120,0,314,0,38.288,
13260,530.400,106,-0.65571,17.56933,0,0,0,,
13260,530.400,107,-0.60887,19.96248,0,285,0,39.647,
13260,530.400,109,-0.75892,23.80435,0,285,0,39.647,
13260,530.400,114,0.17374,29.69586,0,285,0,39.648,
13261,530.440,106,-0.65454,17.51534,0,0,0,,
13261,530.440,107,-0.64575,19.64191,0,292,0,40.024,
13261,530.440,109,-0.75882,23.70432,0,292,0,40.024,
13261,530.440,114,0.18214,29.56604,0,0,0,,
13262,530.480,106,-0.65337,17.48547,0,0,0,,
13262,530.480,109,-0.77349,23.50331,0,229,0,42.400,
13262,530.480,114,0.19052,29.52119,0,68,0,9.777,
13263,530.520,106,-0.65541,17.39032,0,0,0,,
13263,530.520,109,-0.77203,23.42551,0,238,0,43.382,
13263,530.520,114,0.19727,29.42089,0,70,0,9.980,
13264,530.560,106,-0.65715,17.36230,0,0,0,,
13264,530.560,109,-0.76808,23.43275,0,244,0,43.461,
13264,530.560,114,0.21475,29.53239,0,69,0,9.860,
13265,530.600,106,-0.66784,17.30461,0,0,0,,
13265,530.600,109,-0.76267,23.26449,0,328,0,44.118,
13265,530.600,114,0.22738,29.01557,0,328,0,44.118,
13266,530.640,106,-0.65584,17.20778,0,0,0,,
13266,530.640,109,-0.75955,23.16482,0,230,0,43.318,
13266,530.640,114,0.23574,28.77741,0,32,0,5.362,
13267,530.680,106,-0.66331,17.15673,0,0,0,,
13267,530.680,109,-0.75581,23.13873,0,315,0,40.769,
13267,530.680,114,0.26188,28.92594,0,0,0,,
13268,530.720,106,-0.66857,17.12862,0,0,0,,
13268,530.720,109,-0.76217,22.98545,0,322,0,40.775,
13268,530.720,114,0.27881,28.95279,0,19,0,1.162,
13269,530.760,106,-0.68033,17.03146,0,0,0,,
13269,530.760,109,-0.75777,22.98638,0,246,0,43.445,
13269,530.760,114,0.25702,28.67367,0,68,0,9.601,
13270,530.800,106,-0.66906,17.03357,0,0,0,,
13270,530.800,109,-0.75630,22.99773,0,342,0,45.830,
13270,530.800,114,0.26851,28.66029,0,0,0,,
13271,530.840,106,-0.67642,16.91230,0,0,0,,
13271,530.840,109,-0.74268,23.16968,0,262,0,44.293,
13271,530.840,114,0.26396,28.65080,0,105,0,13.257,
13270,530.800,117,-0.63214,28.67691,0,22,0,0.789,
13271,530.840,117,-0.62384,29.00967,0,262,0,44.293,
13272,530.880,106,-0.68149,16.87316,0,0,0,,
13272,530.880,109,-0.75055,23.28731,0,295,0,46.533,
13272,530.880,114,0.28461,28.67011,0,68,0,9.615,
13272,530.880,117,-0.61273,28.84027,0,295,0,46.533,
13273,530.920,106,-0.67417,16.79664,1,21,0,0.575,45.925
13273,530.920,109,-0.73852,23.23517,0,259,0,42.302,
13273,530.920,114,0.27700,28.52031,0,107,0,13.554,
13273,530.920,117,-0.59850,28.81660,0,259,0,42.218,
13274,530.960,106,-0.67997,16.73018,0,0,0,,
13274,530.960,109,-0.73926,22.79201,0,276,0,44.748,
13274,530.960,114,0.23846,27.83222,0,110,0,13.533,
13274,530.960,117,-0.62925,28.82793,0,276,0,44.748,
13275,531.000,106,-0.67030,16.64403,0,0,0,,
13275,531.000,107,-0.63966,18.72126,0,0,0,,
13275,531.000,109,-0.75755,22.60647,0,286,0,45.143,
13275,531.000,114,0.32284,27.27190,0,110,0,13.473,
13275,531.000,117,-0.65908,28.49718,0,286,0,45.143,
13276,531.040,106,-0.67913,16.64720,0,0,0,,
13276,531.040,107,-0.65555,18.87424,0,0,0,,
13276,531.040,109,-0.75556,22.50809,0,262,0,45.649,
13276,531.040,114,0.30871,26.94289,0,0,0,,
13276,531.040,117,-0.65728,27.80502,0,262,0,45.649,
13277,531.080,106,-0.67557,16.59941,0,0,0,,
13277,531.080,107,-0.62881,18.54700,0,0,0,,
13277,531.080,109,-0.74144,22.71016,0,279,0,46.018,
13277,531.080,114,0.28580,27.17759,0,136,0,31.028,
13277,531.080,117,-0.66981,27.24750,0,279,0,46.018,
13278,531.120,106,-0.66357,16.50634,0,0,0,,
13278,531.120,107,-0.62902,18.60822,0,0,0,,
13278,531.120,109,-0.75637,22.46770,0,261,0,45.266,
13278,531.120,114,0.29257,27.67444,0,0,0,,
13279,531.160,106,-0.66372,16.43161,0,0,0,,
13279,531.160,107,-0.62720,18.43137,0,0,0,,
13279,531.160,109,-0.75612,22.32781,0,276,0,46.048,
13280,531.200,106,-0.68318,16.35739,0,0,0,,
13280,531.200,107,-0.62618,18.37399,0,0,0,,
13280,531.200,109,-0.76589,22.27599,0,300,0,46.081,
13280,531.200,114,0.28291,27.53608,0,0,0,,
13280,531.200,117,-0.73312,26.82817,0,300,0,46.081,
13281,531.240,106,-0.66784,16.30329,0,0,0,,
13281,531.240,109,-0.75412,22.33809,0,281,0,47.825,
13281,531.240,114,0.26025,27.44891,0,0,0,,
13281,531.240,117,-0.73283,27.17936,0,281,0,47.825,
13282,531.280,106,-0.65142,16.26007,0,0,0,,
13282,531.280,109,-0.76814,22.21394,0,214,0,45.803,
13282,531.280,114,0.31620,27.33850,0,0,0,,
13282,531.280,117,-0.73082,27.24426,0,214,0,45.803,
13283,531.320,106,-0.65278,16.17708,0,0,0,,
13283,531.320,107,-0.52693,18.01455,0,0,0,,
13283,531.320,109,-0.77702,22.20751,0,238,0,44.179,
13283,531.320,114,0.31748,27.87836,0,0,0,,
13283,531.320,117,-0.73898,27.09610,0,238,0,44.179,
13284,531.360,106,-0.65286,16.13163,0,0,0,,
13284,531.360,107,-0.51709,17.91782,0,0,0,,
13284,531.360,109,-0.77882,22.06778,0,259,0,45.562,
13284,531.360,114,0.31217,27.78545,0,103,0,13.013,
13284,531.360,117,-0.74512,27.15765,0,259,0,45.562,
13285,531.400,106,-0.64913,16.10639,0,0,0,,
13285,531.400,107,-0.58122,17.67510,0,0,0,,
13285,531.400,109,-0.78903,22.07426,0,240,0,43.812,
13285,531.400,114,0.31551,27.80972,0,0,0,,
13285,531.400,117,-0.75257,26.88571,0,240,0,43.812,
13286,531.440,106,-0.67101,16.02368,0,0,0,,
13286,531.440,107,-0.56609,17.72947,0,0,0,,
13286,531.440,109,-0.78903,21.90547,0,224,0,45.100,
13286,531.440,114,0.27011,27.14161,0,0,0,,
13286,531.440,117,-0.75402,26.89403,0,224,0,45.100,
13287,531.480,106,-0.67234,15.98166,0,0,0,,
13287,531.480,109,-0.78951,21.84003,0,238,0,45.142,
13287,531.480,114,0.24187,27.01315,0,0,0,,
13287,531.480,117,-0.76602,26.90819,0,238,0,45.142,
13288,531.520,106,-0.67394,15.89555,0,0,0,,
13288,531.520,107,-0.55419,17.33914,0,0,0,,
13288,531.520,109,-0.78135,21.70426,0,238,0,45.362,
13288,531.520,114,0.29467,27.05128,0,0,0,,
13288,531.520,117,-0.78344,26.54844,0,238,0,45.362,
13289,531.560,106,-0.68570,15.90174,0,0,0,,
13289,531.560,109,-0.81885,21.94558,0,245,0,46.149,
13289,531.560,114,0.28464,27.08295,0,0,0,,
13289,531.560,117,-0.87204,26.05288,0,245,0,46.149,
13290,531.600,106,-0.68336,15.77874,0,0,0,,
13290,531.600,109,-0.80690,21.56992,0,215,0,46.588,
13290,531.600,114,0.33888,26.35313,0,0,0,,
13290,531.600,117,-0.88126,25.85255,0,215,0,46.588,
13291,531.640,106,-0.68208,15.73529,0,0,0,,
13291,531.640,109,-0.79680,21.36476,0,220,0,47.273,
13291,531.640,114,0.33620,25.72415,0,0,0,,
13291,531.640,117,-0.87804,25.79032,0,220,0,47.273,
13292,531.680,106,-0.68552,15.66608,0,0,0,,
13292,531.680,109,-0.82125,21.69701,0,241,0,49.176,
13292,531.680,114,0.28692,26.23960,0,0,0,,
13292,531.680,117,-0.87967,25.52993,0,241,0,49.176,
13293,531.720,106,-0.67985,15.58911,0,0,0,,
13293,531.720,109,-0.80277,21.33949,0,196,0,45.459,
13293,531.720,114,0.28982,25.77631,0,0,0,,
13293,531.720,117,-0.88744,25.91652,0,196,0,45.459,
13294,531.760,106,-0.69093,15.58153,0,0,0,,
13294,531.760,109,-0.78383,21.56679,0,254,0,49.790,
13294,531.760,114,0.25074,25.93296,0,0,0,,
13294,531.760,117,-0.87810,25.58519,0,254,0,49.790,
13295,531.800,106,-0.68917,15.46633,0,0,0,,
13295,531.800,109,-0.78063,21.71108,0,248,0,49.736,
13295,531.800,114,0.26046,25.64662,0,0,0,,
13295,531.800,117,-0.88552,25.84524,0,248,0,49.837,
13296,531.840,106,-0.69003,15.39984,0,0,0,,
13296,531.840,107,-0.68889,15.43310,0,0,0,,
13296,531.840,109,-0.77818,21.79485,0,244,0,49.133,
13296,531.840,114,0.21241,25.54366,0,0,0,,
13296,531.840,117,-0.88560,25.61849,0,244,0,49.133,
13297,531.880,106,-0.68750,15.38588,0,0,0,,
13297,531.880,107,-0.68637,15.38554,0,0,0,,
13297,531.880,109,-0.79445,21.69608,0,249,0,49.604,
13297,531.880,114,0.18616,25.52017,0,0,0,,
13297,531.880,117,-0.87869,25.34748,0,249,0,49.604,
13298,531.920,106,-0.68833,15.31143,0,0,0,,
13298,531.920,107,-0.68915,15.31542,0,0,0,,
13298,531.920,109,-0.78383,21.57067,0,229,0,47.252,
13298,531.920,114,0.17347,25.41972,0,0,0,,
13298,531.920,117,-0.90612,25.07303,0,229,0,47.252,
13299,531.960,106,-0.69112,15.24459,0,0,0,,
13299,531.960,109,-0.78059,21.59466,0,240,0,48.636,
13299,531.960,117,-0.92542,25.45084,0,240,0,48.636,
13300,532.000,106,-0.68844,15.19625,0,0,0,,
13300,532.000,109,-0.79418,21.45189,0,269,0,51.422,
13300,532.000,117,-0.91398,25.01050,0,269,0,51.520,
13301,532.040,106,-0.69727,15.13536,0,0,0,,
13301,532.040,109,-0.80051,21.26565,1,245,0,49.171,6.999
13301,532.040,114,0.20522,25.20430,0,0,0,,
13301,532.040,117,-0.92598,24.90214,0,245,0,49.171,
13302,532.080,106,-0.69460,15.10613,0,0,0,,
13302,532.080,109,-0.78565,21.37624,0,263,0,49.512,
13302,532.080,114,0.20248,25.04781,0,0,0,,
13302,532.080,117,-0.95426,24.93598,0,263,0,49.512,
13303,532.120,106,-0.68330,15.05965,0,0,0,,
13303,532.120,109,-0.78659,21.10779,1,249,0,47.028,6.999
13303,532.120,114,0.17795,24.97546,0,0,0,,
13303,532.120,117,-0.94917,24.90230,0,249,0,47.028,
13304,532.160,106,-0.68669,14.94691,0,0,0,,
13304,532.160,109,-0.79863,21.09858,0,275,0,48.406,
13304,532.160,117,-0.93834,24.59463,0,275,0,48.406,
13305,532.200,106,-0.68631,14.91393,0,0,0,,
13305,532.200,109,-0.81531,21.10262,0,304,0,49.749,
13305,532.200,117,-0.94541,24.55163,0,304,0,49.749,
13306,532.240,106,-0.68968,14.87432,0,0,0,,
13306,532.240,109,-0.82314,21.10016,1,317,0,49.177,6.999
13306,532.240,114,0.24454,25.05137,0,0,0,,
13306,532.240,117,-0.95509,24.59606,0,317,0,49.177,
13307,532.280,106,-0.70086,14.81127,0,0,0,,
13307,532.280,109,-0.82290,20.57285,0,265,0,46.455,
13307,532.280,114,0.23985,24.87791,0,0,0,,
13307,532.280,117,-0.95549,23.97620,0,265,0,46.455,
13308,532.320,106,-0.70232,14.78763,0,0,0,,
13308,532.320,109,-0.82965,20.41772,1,272,0,47.380,6.999
13308,532.320,114,0.23469,24.86486,0,0,0,,
13308,532.320,117,-0.97324,23.45013,0,272,0,47.380,
13309,532.360,106,-0.70656,14.72279,0,0,0,,
13309,532.360,109,-0.83350,20.52754,0,269,0,51.546,
13309,532.360,114,0.24756,24.70872,0,0,0,,
13309,532.360,117,-0.94846,23.86510,0,269,0,51.546,
13310,532.400,106,-0.68038,14.61597,0,0,0,,
13310,532.400,109,-0.83758,20.19597,0,235,0,49.433,
13310,532.400,114,0.25366,24.81482,0,0,0,,
13310,532.400,117,-0.97460,23.66833,0,235,0,49.433,
13311,532.440,106,-0.69305,14.54858,0,0,0,,
13311,532.440,109,-0.85017,20.38836,0,267,0,51.083,
13311,532.440,114,0.23780,24.53873,0,0,0,,
13311,532.440,117,-0.92103,23.86426,1,267,0,51.083,6.999
13312,532.480,106,-0.69681,14.51352,0,0,0,,
13312,532.480,109,-0.84116,20.20778,0,224,0,47.725,
13312,532.480,114,0.25919,24.52932,0,0,0,,
13312,532.480,117,-0.98495,23.68979,0,224,0,47.725,
13313,532.520,106,-0.70023,14.48430,0,0,0,,
13313,532.520,109,-0.85138,19.90699,0,242,0,51.614,
13313,532.520,114,0.24991,24.49015,0,0,0,,
13313,532.520,117,-0.99695,23.59785,0,242,0,51.614,
13314,532.560,106,-0.69407,14.40744,0,0,0,,
13314,532.560,109,-0.85641,20.14343,0,251,0,51.665,
13314,532.560,114,0.26263,24.40050,0,0,0,,
13314,532.560,117,-1.00974,23.76631,0,251,0,51.665,
13315,532.600,106,-0.69738,14.34966,0,0,0,,
13315,532.600,109,-0.85041,20.06272,0,233,0,49.473,
13315,532.600,114,0.24555,24.22847,0,0,0,,
13315,532.600,117,-1.00891,23.88341,0,233,0,49.473,
13316,532.640,106,-0.69931,14.25220,0,0,21,18.566,
13316,532.640,109,-0.85125,19.64547,0,239,0,50.513,
13316,532.640,114,0.25227,24.36967,0,0,0,,
13316,532.640,117,-1.00913,23.51199,0,239,0,50.513,
13317,532.680,106,-0.70384,14.18245,0,0,0,,
13317,532.680,109,-0.85264,19.32386,0,236,0,50.856,
13317,532.680,114,0.25071,24.17687,0,0,0,,
13317,532.680,117,-1.01889,23.45470,0,236,0,50.856,
13318,532.720,106,-0.70312,14.16760,0,0,0,,
13318,532.720,109,-0.86353,19.27835,0,215,0,47.390,
13318,532.720,114,0.24805,24.13338,0,0,0,,
13318,532.720,117,-1.02845,23.54222,0,215,0,47.390,
13319,532.760,106,-0.71158,14.15044,0,0,0,,
13319,532.760,109,-0.86036,19.24544,0,222,0,45.932,
13319,532.760,114,0.25871,24.46775,0,0,0,,
13319,532.760,117,-1.03943,23.80772,0,222,0,45.932,
13320,532.800,106,-0.70505,14.10844,0,0,0,,
13320,532.800,109,-0.88216,18.71581,0,244,0,46.842,
13320,532.800,114,0.23778,24.10139,0,0,0,,
13320,532.800,117,-1.06545,24.07634,0,244,0,46.842,
13321,532.840,106,-0.71276,14.02720,0,0,0,,
13321,532.840,109,-0.88326,18.45882,0,249,0,47.242,
13321,532.840,114,0.23492,23.95861,0,0,0,,
13321,532.840,117,-1.08928,24.20310,0,249,0,47.242,
13322,532.880,106,-0.70889,13.92715,0,0,0,,
13322,532.880,109,-0.89206,18.12182,0,252,0,47.124,
13322,532.880,114,0.24399,24.16124,0,0,0,,
13322,532.880,117,-1.07738,24.13939,0,252,0,47.124,
13323,532.920,106,-0.70814,13.88751,0,0,0,,
13323,532.920,109,-0.90657,18.16943,0,271,0,50.266,
13323,532.920,114,0.23320,23.75991,0,0,0,,
13323,532.920,117,-1.08941,24.01337,0,271,0,50.266,
13324,532.960,106,-0.70992,13.84505,0,0,0,,
13324,532.960,114,0.23132,23.79578,0,0,0,,
13324,532.960,117,-1.06541,23.56847,0,279,0,51.034,
13325,533.000,106,-0.71152,13.80166,0,0,0,,
13325,533.000,109,-0.91186,17.74062,0,260,0,48.010,
13325,533.000,114,0.22005,23.68498,0,0,0,,
13325,533.000,117,-1.08563,23.91418,0,260,0,48.010,
13326,533.040,106,-0.71075,13.76337,0,0,0,,
13326,533.040,114,0.22856,23.64853,0,0,0,,
13326,533.040,117,-1.07555,23.47480,0,313,0,55.756,
13327,533.080,106,-0.71201,13.71835,0,0,0,,
13327,533.080,109,-0.94144,17.48861,0,268,0,47.430,
13327,533.080,114,0.23955,23.54390,0,0,0,,
13327,533.080,117,-1.07490,23.02262,0,268,0,47.430,
13328,533.120,106,-0.70889,13.62016,0,0,0,,
13328,533.120,114,0.22648,23.50444,0,0,0,,
13328,533.120,117,-1.08452,22.90670,0,284,0,48.553,
13329,533.160,106,-0.71788,13.55421,0,194,27,23.992,
13329,533.160,109,-0.97063,16.87489,0,194,0,25.141,
13329,533.160,114,0.23723,23.44562,0,0,0,,
13329,533.160,117,-1.08355,22.52192,0,100,0,22.359,
13330,533.200,106,-0.71822,13.51170,0,0,0,,
13330,533.200,114,0.23390,23.42806,0,0,0,,
13330,533.200,117,-1.08198,22.64602,0,289,0,48.976,
13331,533.240,106,-0.71479,13.45923,0,0,0,,
13331,533.240,114,0.23451,23.33850,0,0,0,,
13331,533.240,117,-1.10455,22.86231,0,293,0,49.601,
13332,533.280,106,-0.71621,13.40244,0,0,0,,
13332,533.280,109,-1.00226,16.38884,0,308,0,50.766,
13332,533.280,114,0.23635,23.24752,0,0,0,,
13332,533.280,117,-1.10319,22.80179,0,308,0,50.766,
13333,533.320,106,-0.71703,13.33828,0,0,0,,
13333,533.320,109,-1.03095,15.98132,0,283,0,47.504,
13333,533.320,117,-1.10266,22.56338,0,283,0,47.504,
13334,533.360,106,-0.71291,13.28458,0,0,0,,
13334,533.360,117,-1.10130,22.13900,0,95,0,21.677,
13335,533.400,106,-0.71810,13.23036,0,0,0,,
13335,533.400,117,-1.10933,21.97508,0,99,0,21.436,
13336,533.440,106,-0.72177,13.15208,0,0,0,,
13336,533.440,114,0.20058,22.66891,0,0,0,,
13336,533.440,117,-1.12144,22.04271,0,100,0,21.663,
13337,533.480,106,-0.72311,13.14187,0,0,0,,
13337,533.480,117,-1.11973,22.42588,0,291,0,49.545,
13338,533.520,106,-0.72125,13.09728,0,0,0,,
13338,533.520,117,-1.11550,21.88420,0,279,0,48.597,
13339,533.560,106,-0.72480,13.02382,0,0,0,,
13339,533.560,109,-1.02184,15.86853,0,291,0,49.855,
13339,533.560,117,-1.12406,21.83043,0,291,0,49.855,
13340,533.600,106,-0.71996,13.00622,0,0,0,,
13340,533.600,114,0.23067,22.30488,0,0,0,,
13340,533.600,117,-1.12523,21.93446,0,142,0,27.085,
13341,533.640,106,-0.71967,12.94740,0,0,0,,
13341,533.640,109,-1.02012,15.62185,0,165,0,25.120,
13341,533.640,114,0.22018,22.25124,0,35,0,1.532,
13341,533.640,117,-1.13694,22.13339,0,144,0,27.084,
13342,533.680,106,-0.72538,12.91375,0,0,0,,
13342,533.680,117,-1.14579,22.17169,0,145,0,27.511,
13343,533.720,106,-0.72934,12.77994,0,0,0,,
13343,533.720,109,-1.02863,15.75269,0,182,0,25.994,
13343,533.720,117,-1.15239,22.36137,0,145,0,27.496,
13344,533.760,106,-0.72616,12.75192,0,0,0,,
13344,533.760,109,-1.04025,15.70883,0,178,31,24.364,
13344,533.760,114,0.26101,22.09071,0,0,0,,
13344,533.760,117,-1.13982,21.90552,0,144,0,27.514,
13345,533.800,106,-0.72181,12.74824,0,0,0,,
13345,533.800,109,-1.04433,15.71256,0,180,0,26.326,
13345,533.800,114,0.25599,21.96395,0,34,0,1.493,
13345,533.800,117,-1.14803,21.47357,0,141,0,27.521,
13346,533.840,106,-0.72859,12.67034,0,0,0,,
13346,533.840,109,-1.04143,15.63663,0,167,0,25.375,
13346,533.840,117,-1.15879,21.84473,0,109,0,23.047,
13347,533.880,106,-0.72267,12.64027,0,0,0,,
13347,533.880,117,-1.15709,21.84536,0,111,0,23.355,
13348,533.920,106,-0.73054,12.57244,0,0,0,,
13348,533.920,109,-1.01826,15.50620,0,181,0,26.824,
13348,533.920,114,0.38485,21.12584,0,35,0,1.542,
13348,533.920,117,-1.16251,21.78574,0,109,0,23.592,
13349,533.960,106,-0.72667,12.52013,0,0,0,,
13349,533.960,114,0.37947,21.40046,0,35,0,1.523,
13349,533.960,117,-1.17808,21.29565,0,110,0,23.598,
13350,534.000,106,-0.72784,12.44645,0,0,0,,
13350,534.000,114,0.34817,21.57470,0,34,0,1.478,
13350,534.000,117,-1.17689,21.07098,0,148,0,28.437,
13351,534.040,106,-0.71998,12.40542,0,0,0,,
13351,534.040,114,0.34009,21.45809,0,0,0,,
13351,534.040,117,-1.17370,21.02168,0,150,0,28.577,
13352,534.080,106,-0.71911,12.36043,0,0,0,,
13352,534.080,114,0.34522,21.45250,0,0,0,,
13352,534.080,117,-1.19056,21.16051,0,143,0,28.906,
13353,534.120,106,-0.73354,12.34448,0,0,0,,
13353,534.120,114,0.35204,21.33070,0,34,0,1.459,
13353,534.120,117,-1.18952,21.03890,0,167,0,29.297,
13354,534.160,106,-0.72625,12.27777,0,0,0,,
13354,534.160,117,-1.19138,21.35250,0,165,0,29.193,
13355,534.200,106,-0.72284,12.21724,0,0,0,,
13355,534.200,114,0.39466,21.04280,0,0,0,,
13355,534.200,117,-1.19254,21.35029,0,167,0,29.256,
13356,534.240,106,-0.72197,12.18151,0,0,0,,
13356,534.240,114,0.39992,20.65770,0,0,0,,
13357,534.280,106,-0.72482,12.12088,0,0,0,,
13357,534.280,114,0.37156,21.03949,0,0,0,,
13358,534.320,106,-0.72022,12.07461,0,0,0,,
13359,534.360,106,-0.72747,12.00301,0,0,0,,
13360,534.400,106,-0.72963,12.00274,0,0,0,,
13361,534.440,106,-0.72606,11.87587,0,0,0,,
13362,534.480,106,-0.72193,11.84308,0,0,45,1.936,
13363,534.520,106,-0.72453,11.80321,0,0,0,,
13363,534.520,114,0.28891,20.73085,0,0,0,,
13364,534.560,106,-0.72538,11.71278,0,0,0,,
13365,534.600,106,-0.72499,11.68581,0,0,0,,
13366,534.640,106,-0.72459,11.63016,0,0,0,,
13367,534.680,106,-0.72704,11.61050,0,0,0,,
13368,534.720,106,-0.72944,11.56104,0,0,0,,
13369,534.760,106,-0.73064,11.47586,0,0,0,,
13370,534.800,106,-0.73294,11.44632,0,0,0,,
13371,534.840,106,-0.72967,11.36562,0,0,0,,
13372,534.880,106,-0.73188,11.33087,0,0,0,,
13373,534.920,106,-0.73458,11.25825,0,0,0,,
13374,534.960,106,-0.71737,11.17885,0,0,0,,
13375,535.000,106,-0.58422,11.10832,1,23,0,2.534,18.925
13376,535.040,106,-0.69311,11.12398,0,30,0,0.830,
13377,535.080,106,-0.73577,11.08305,0,0,0,,
13378,535.120,106,-0.72834,11.04016,0,0,0,,
13379,535.160,106,-0.72437,10.99207,0,0,0,,
13380,535.200,106,-0.73630,10.97362,0,0,0,,
13381,535.240,106,-0.73833,10.92031,0,0,0,,
13382,535.280,106,-0.72195,10.84790,0,28,14,12.443,
13383,535.320,106,-0.72387,10.78245,0,37,17,17.288,
13384,535.360,106,-0.72511,10.75371,0,37,0,2.220,
13384,535.360,117,-1.19694,21.79378,0,117,0,25.387,
13385,535.400,106,-0.65837,10.78399,1,62,0,3.298,18.189
13386,535.440,106,-0.70863,10.74023,1,0,51,0.314,17.993
13387,535.480,106,-0.72212,10.61930,0,0,0,,
13388,535.520,106,-0.72598,10.57337,0,0,0,,
13389,535.560,106,-0.73128,10.54364,0,0,0,,
13390,535.600,106,-0.72131,10.46061,0,0,0,,
13391,535.640,106,-0.71979,10.43995,0,0,0,,
13392,535.680,106,-0.72127,10.35303,0,0,0,,
13393,535.720,106,-0.71637,10.34055,0,0,0,,
13394,535.760,106,-0.71727,10.29087,0,0,0,,
13394,535.760,114,0.40060,19.77328,0,0,0,,
13395,535.800,106,-0.72205,10.22748,0,0,0,,
13395,535.800,114,0.40341,19.77395,0,0,0,,
13396,535.840,106,-0.72146,10.16760,0,0,0,,
13396,535.840,114,0.42756,19.80347,0,0,0,,
13397,535.880,106,-0.72045,10.13864,0,0,0,,
13397,535.880,109,-1.01364,16.39369,0,0,0,,
13397,535.880,114,0.41462,19.56667,0,0,0,,
13398,535.920,106,-0.72065,10.07515,0,0,0,,
13398,535.920,109,-1.01733,16.18393,0,0,0,,
13398,535.920,114,0.39169,19.55640,0,0,0,,
13399,535.960,106,-0.72176,10.11043,1,0,59,0.809,15.801
13399,535.960,109,-1.00446,15.97675,0,0,0,,
13400,536.000,106,-0.72449,9.94943,0,0,0,,
13400,536.000,109,-1.00721,15.82290,0,0,0,,
13400,536.000,114,0.42496,19.39027,0,0,0,,
13401,536.040,106,-0.72008,9.94873,0,0,0,,
13401,536.040,109,-1.01776,15.65520,0,0,0,,
13402,536.080,106,-0.71566,9.90506,0,0,0,,
13402,536.080,109,-1.01309,15.65145,0,0,0,,
13403,536.120,106,-0.70730,9.90461,1,0,52,0.977,14.757
13403,536.120,109,-1.00780,15.46192,0,0,0,,
13403,536.120,114,0.41784,19.22940,0,0,0,,
13404,536.160,106,-0.71180,9.79684,0,0,36,14.691,
13404,536.160,109,-0.99264,15.46380,0,0,0,,
13405,536.200,106,-0.74389,9.80712,1,0,67,0.228,14.379
13406,536.240,106,-0.71121,9.77499,1,0,66,0.885,13.595
13407,536.280,106,-0.68887,9.72615,1,0,59,0.952,14.268
13407,536.280,109,-0.88680,14.95404,0,0,0,,
13408,536.320,106,-0.69634,9.67368,1,0,68,0.781,13.578
13409,536.360,106,-0.71678,9.56719,0,0,0,,
13410,536.400,106,-0.71321,9.51104,0,0,31,21.717,
13410,536.400,109,-0.87362,14.80669,0,0,0,,
13410,536.400,117,-1.16275,21.55406,0,163,0,28.365,
13411,536.440,106,-0.68112,9.52479,1,0,50,0.639,13.889
13412,536.480,106,-0.73127,9.56667,1,0,72,0.237,7.945
13412,536.480,109,-0.87823,14.88336,0,0,0,,
13413,536.520,106,-0.68445,9.52743,1,0,56,0.613,8.943
13413,536.520,109,-0.87231,14.77718,0,0,0,,
13414,536.560,106,-0.70559,9.35077,0,0,0,,
13415,536.600,106,-0.71315,9.32454,0,0,0,,
13416,536.640,106,-0.71259,9.28633,0,43,30,21.997,
13417,536.680,106,-0.71173,9.23712,0,0,0,,
13417,536.680,109,-0.93569,15.34587,0,0,0,,
13418,536.720,106,-0.71165,9.16726,0,0,36,14.469,
13419,536.760,106,-0.71293,9.19107,1,0,63,0.583,12.141
13420,536.800,106,-0.73622,9.15330,1,0,63,0.737,14.643
13420,536.800,109,-0.90136,14.99364,0,0,0,,
13421,536.840,106,-0.76936,9.22209,1,0,62,1.010,11.053
13421,536.840,109,-0.89584,15.22135,0,0,0,,
13422,536.880,106,-0.71180,9.01522,0,0,0,,
13422,536.880,109,-0.88204,15.29751,0,0,0,,
13423,536.920,106,-0.71376,8.96102,0,0,0,,
13423,536.920,109,-0.88320,15.18249,0,0,0,,
13424,536.960,106,-0.70221,8.90042,0,0,0,,
13424,536.960,109,-0.88458,15.06250,0,0,0,,
13425,537.000,106,-0.70375,8.87283,0,0,0,,
13425,537.000,109,-0.88758,15.10879,0,0,0,,
13426,537.040,106,-0.70449,8.82399,0,0,0,,
13426,537.040,109,-0.87426,14.96150,0,0,0,,
13427,537.080,106,-0.71534,8.85117,1,0,57,0.627,15.339
13427,537.080,109,-0.86814,15.13832,0,0,0,,
13428,537.120,106,-0.69158,8.75618,0,0,0,,
13428,537.120,109,-0.86723,15.06772,0,0,0,,
13429,537.160,106,-0.70453,8.71626,0,0,0,,
13429,537.160,109,-0.88955,15.06828,0,0,0,,
13430,537.200,106,-0.69578,8.65297,0,0,0,,
13430,537.200,109,-0.88871,14.89008,0,0,0,,
13431,537.240,106,-0.69263,8.59984,0,0,0,,
13431,537.240,109,-0.90300,14.99468,0,0,0,,
13432,537.280,106,-0.69020,8.56077,0,0,63,2.866,
13432,537.280,109,-0.90135,15.02551,0,0,0,,
13433,537.320,106,-0.69200,8.52642,0,0,41,18.530,
13434,537.360,106,-0.67691,8.76104,1,0,58,1.638,17.797
13435,537.400,106,-0.68737,8.54549,0,0,0,,
13437,537.480,106,-0.67891,8.34389,0,34,37,8.187,
13438,537.520,106,-0.69775,8.34976,0,0,0,,
13439,537.560,106,-0.69871,8.32936,0,0,0,,
13440,537.600,106,-0.70407,8.24701,0,0,0,,
13441,537.640,106,-0.72567,8.29127,1,29,58,2.545,16.306
13444,537.760,106,-0.68691,8.05626,0,0,0,,
13446,537.840,106,-0.68260,7.92963,0,0,0,,
13447,537.880,106,-0.69501,7.90404,1,41,0,2.006,6.999
13448,537.920,106,-0.67629,7.87696,0,0,0,,
13449,537.960,106,-0.69415,8.01226,1,0,72,0.624,9.505
13450,538.000,106,-0.68458,7.81798,1,0,63,0.136,6.566
13451,538.040,106,-0.68305,7.77452,0,0,35,3.702,
13452,538.080,106,-0.68481,7.75132,0,32,0,1.316,
13453,538.120,106,-0.67759,7.69945,0,0,0,,
13454,538.160,106,-0.68002,7.65339,0,19,45,5.858,
13455,538.200,106,-0.67986,7.61914,0,0,0,,
13456,538.240,106,-0.70689,7.80208,1,0,62,1.875,14.060
13457,538.280,106,-0.70648,7.75884,1,0,67,2.026,12.578
13460,538.400,106,-0.66132,7.41657,0,0,0,,
13461,538.440,106,-0.70167,7.51794,1,0,72,0.886,8.918
13463,538.520,106,-0.67174,7.31050,0,0,0,,
13464,538.560,106,-0.69764,7.39397,1,0,72,1.018,9.023
13465,538.600,106,-0.70634,7.35059,1,0,52,1.048,9.666
13467,538.680,106,-0.70942,7.23288,1,0,51,1.589,12.736
13468,538.720,106,-0.69476,7.25753,1,0,72,0.960,9.335
13470,538.800,106,-0.65934,7.02664,0,0,0,,
13471,538.840,106,-0.69436,7.09922,1,0,52,1.769,12.353
13472,538.880,106,-0.72208,7.03641,1,0,50,1.745,13.598
13473,538.920,106,-0.70510,7.00954,1,0,56,1.595,11.981
13474,538.960,106,-0.71191,6.96314,1,0,55,1.625,13.072
13475,539.000,106,-0.65581,6.81361,0,0,0,,
13476,539.040,106,-0.65685,6.78535,0,0,0,,
13477,539.080,106,-0.73710,6.84339,1,0,43,1.596,15.133
13478,539.120,106,-0.65235,6.76100,1,61,62,1.025,10.909
13479,539.160,106,-0.66199,6.73334,1,0,60,0.493,10.871
13480,539.200,106,-0.65948,6.68649,1,0,59,0.453,11.565
13481,539.240,106,-0.63835,6.65160,1,0,49,0.441,10.584
13482,539.280,106,-0.63001,6.61647,1,0,52,0.711,10.048
13483,539.320,106,-0.63728,6.58575,1,0,38,0.817,10.013
13484,539.360,106,-0.64293,6.51664,1,19,0,0.526,12.123
13485,539.400,106,-0.64081,6.49673,1,0,37,1.033,9.867
13486,539.440,106,-0.61039,6.45446,1,20,27,0.652,11.076
13487,539.480,106,-0.63154,6.41178,1,54,39,1.671,10.356
13488,539.520,106,-0.63423,6.31489,1,48,0,2.280,6.999
13489,539.560,106,-0.64142,6.28996,1,56,48,1.487,4.210
13490,539.600,106,-0.63973,6.27541,1,40,38,1.173,5.988
13491,539.640,106,-0.64493,6.28721,1,0,72,0.403,5.119
13492,539.680,106,-0.64659,6.26877,1,0,72,0.548,7.066
13493,539.720,106,-0.64934,6.25759,1,0,72,0.360,7.710
13494,539.760,106,-0.64983,6.23830,1,0,72,0.528,7.776
13495,539.800,106,-0.62419,6.14918,1,0,42,0.695,11.030
13496,539.840,106,-0.61952,6.13523,1,0,40,0.722,12.631
13497,539.880,106,-0.61443,6.11313,1,0,45,0.679,14.436
13498,539.920,106,-0.66534,6.06485,1,0,43,0.564,14.135
13499,539.960,106,-0.63630,6.07684,1,0,46,1.762,11.942
13500,540.000,106,-0.62597,5.95362,1,0,55,0.265,9.249
13501,540.040,106,-0.72435,5.94596,1,0,47,1.232,15.381
13504,540.160,106,-0.62589,5.79431,0,0,0,,
13505,540.200,106,-0.65909,5.80221,1,0,44,1.803,11.771
13506,540.240,106,-0.65648,5.83495,1,0,53,1.532,9.774
13507,540.280,106,-0.64581,5.83451,1,0,72,1.155,8.074
13508,540.320,106,-0.66487,5.73817,1,0,54,1.363,11.867
13509,540.360,106,-0.61818,5.63189,0,0,0,,
13510,540.400,106,-0.65070,5.69148,1,0,48,1.525,10.686
13511,540.440,106,-0.65080,5.64426,1,0,57,1.562,11.754
13512,540.480,106,-0.65968,5.62146,1,0,68,1.851,10.971
13513,540.520,106,-0.64039,5.54453,1,0,61,1.280,12.447
13514,540.560,106,-0.63401,5.51985,1,0,60,0.871,12.477
13515,540.600,106,-0.64421,5.48915,1,0,60,0.837,13.628
13516,540.640,106,-0.64715,5.45464,1,0,57,0.876,13.487
13517,540.680,106,-0.65132,5.42265,1,0,50,0.809,13.604
13518,540.720,106,-0.63921,5.39618,1,0,60,0.647,13.009
13519,540.760,106,-0.64932,5.36214,1,0,50,0.616,13.398
13520,540.800,106,-0.60239,5.32388,1,0,61,1.192,10.864
13521,540.840,106,-0.63195,5.29523,1,0,55,1.623,12.257
13522,540.880,106,-0.59378,5.21232,0,0,0,,
13523,540.920,106,-0.61852,5.22654,1,0,57,1.712,10.433
13524,540.960,106,-0.59330,5.14298,0,0,0,,
13525,541.000,106,-0.60183,5.15512,1,0,58,1.178,10.534
13526,541.040,106,-0.62790,5.11693,1,0,48,2.010,11.731
13527,541.080,106,-0.59420,5.05000,0,0,0,,
13528,541.120,106,-0.60868,5.06667,1,0,58,1.869,11.494
13529,541.160,106,-0.61760,5.03078,1,0,55,1.975,12.005
13530,541.200,106,-0.62384,5.02016,1,0,60,1.370,12.123
13531,541.240,106,-0.57539,4.95592,1,0,59,0.798,9.645
13532,541.280,106,-0.57358,4.92256,1,0,55,0.740,9.298
13533,541.320,106,-0.56431,4.90064,1,0,61,1.102,9.297
13534,541.360,106,-0.57056,4.86890,1,0,44,1.048,9.818
13535,541.400,106,-0.56239,4.83228,1,0,59,0.496,9.778
13536,541.440,106,-0.55029,4.81225,1,0,55,0.722,8.920
13537,541.480,106,-0.55043,4.79257,1,0,61,1.237,9.774
13538,541.520,106,-0.55423,4.74595,1,0,66,0.690,9.740
13539,541.560,106,-0.54267,4.72587,1,0,58,0.914,8.780
13540,541.600,106,-0.55900,4.68636,1,0,66,0.925,9.617
13541,541.640,106,-0.55420,4.66940,1,0,66,1.574,10.581
13542,541.680,106,-0.55606,4.65610,1,0,62,1.708,10.910
13543,541.720,106,-0.55052,4.63870,1,0,65,1.263,11.335
13544,541.760,106,-0.54709,4.60604,1,0,65,0.694,12.026
13545,541.800,106,-0.55399,4.58476,1,0,62,1.996,10.866
13546,541.840,106,-0.54746,4.56064,1,0,66,1.806,10.848
13547,541.880,106,-0.55630,4.51404,1,0,67,1.075,11.868
13548,541.920,106,-0.54962,4.48346,1,0,69,0.663,12.708
13549,541.960,106,-0.54215,4.45312,1,0,68,0.919,11.786
13550,542.000,106,-0.54960,4.42883,1,0,64,0.686,12.229
13551,542.040,106,-0.52602,4.40717,1,0,68,1.663,10.265
13552,542.080,106,-0.52198,4.38267,1,0,69,1.632,10.007
13553,542.120,106,-0.51376,4.36982,1,0,68,0.912,9.909
13554,542.160,106,-0.55523,4.35400,1,0,71,1.756,8.345
13555,542.200,106,-0.52970,4.27496,1,0,67,1.873,7.393
13556,542.240,106,-0.51575,4.26691,1,21,71,1.739,8.063
13557,542.280,106,-0.52544,4.24790,1,0,71,1.580,7.908
13558,542.320,106,-0.53235,4.24210,1,23,70,1.487,8.486
13559,542.360,106,-0.54968,4.20601,1,0,69,2.323,11.135
13560,542.400,106,-0.51806,4.13262,1,0,67,1.193,10.837
13561,542.440,106,-0.54094,4.14738,1,0,61,1.584,14.091
13562,542.480,106,-0.51337,4.11948,1,0,59,1.984,13.364
13563,542.520,106,-0.51870,4.04319,1,0,62,0.605,10.399
13564,542.560,106,-0.52570,4.03425,1,0,59,0.839,11.417
13565,542.600,106,-0.51557,4.01149,1,0,62,1.119,11.659
13566,542.640,106,-0.50430,3.97438,1,0,60,1.576,10.528
13567,542.680,106,-0.47815,3.97225,1,0,57,2.419,10.128
13568,542.720,106,-0.49907,3.92216,1,0,56,1.211,9.967
13569,542.760,106,-0.46787,3.92973,1,0,54,2.421,10.666
13570,542.800,106,-0.48110,3.87622,1,0,58,1.883,8.999
13571,542.840,106,-0.47876,3.87391,1,0,58,2.595,9.935
13572,542.880,106,-0.48968,3.78697,1,0,62,0.591,7.225
13573,542.920,106,-0.48345,3.79766,1,0,58,1.457,9.444
13574,542.960,106,-0.48331,3.76075,1,0,65,1.141,9.106
13575,543.000,106,-0.49111,3.74202,1,0,65,1.024,9.382
13576,543.040,106,-0.47441,3.72613,1,0,65,1.104,9.108
13577,543.080,106,-0.49508,3.66739,0,21,40,26.162,
13578,543.120,106,-0.47320,3.66589,1,0,67,1.652,8.660
13579,543.160,106,-0.49211,3.70557,1,0,72,1.173,5.756
13580,543.200,106,-0.48948,3.67617,1,0,72,0.814,5.368
13581,543.240,106,-0.54120,3.63893,1,0,63,2.515,9.098
13582,543.280,106,-0.51151,3.67489,1,0,72,1.918,7.888
13583,543.320,106,-0.50102,3.65532,1,0,69,1.854,8.366
13584,543.360,106,-0.49140,3.60513,1,0,72,1.825,7.617
13585,543.400,106,-0.49238,3.58575,1,0,71,2.257,8.024
13586,543.440,106,-0.48300,3.55217,1,0,72,1.696,7.652
13587,543.480,106,-0.47763,3.53036,1,0,72,1.714,8.687
13588,543.520,106,-0.46751,3.50339,1,0,72,1.537,8.010
13589,543.560,106,-0.46925,3.48455,1,0,72,1.528,7.873
13590,543.600,106,-0.48432,3.46057,1,0,72,2.094,8.982
13591,543.640,106,-0.47958,3.44026,1,0,72,2.013,8.122
13592,543.680,106,-0.44858,3.29612,1,0,71,0.234,4.073
13593,543.720,106,-0.45489,3.30228,0,0,43,13.300,
13594,543.760,106,-0.31170,3.14688,1,0,44,6.925,25.476
13600,544.000,106,-0.09855,2.83578,1,0,72,1.437,7.945
13601,544.040,106,-0.09610,2.83518,1,0,72,1.272,8.250
13602,544.080,106,-0.07503,2.81047,1,0,72,2.994,9.946
13605,544.200,106,-0.08739,2.78870,1,0,72,2.495,11.380
13606,544.240,106,-0.08338,2.79061,1,0,72,2.466,11.207
13607,544.280,106,-0.08333,2.78566,1,0,72,2.812,11.090
13608,544.320,106,-0.08246,2.78910,1,0,72,2.688,11.117
13609,544.360,106,-0.08692,2.79528,1,0,72,2.963,10.742
13610,544.400,106,-0.08642,2.79511,1,0,72,3.000,10.748
13611,544.440,106,-0.08639,2.79131,1,0,72,3.204,10.774
13612,544.480,106,-0.08184,2.78773,1,0,72,2.600,10.852
13613,544.520,106,-0.07804,2.79418,1,0,72,3.286,11.579
13614,544.560,106,-0.08518,2.78520,1,0,72,2.417,10.751
13615,544.600,106,-0.07744,2.80096,1,0,72,2.972,11.478
13616,544.640,106,-0.07689,2.79455,1,0,72,3.075,11.539
13617,544.680,106,-0.08274,2.80426,1,0,72,3.138,10.785
13618,544.720,106,-0.07940,2.80621,1,0,72,2.842,10.937
13630,545.200,106,-0.07307,2.77253,1,0,72,3.499,11.855
