frame,timestamp_s,stone_id,x_m,y_m,tarkka,n_runkopistetta,n_reunapistetta,rms_px,rengas_r_cm
21750,870.000,15,-0.11448,33.12164,1,26,0,0.455,8.793
21751,870.040,15,-0.11215,33.19232,0,230,0,27.877,
21753,870.120,15,-0.11236,32.90264,0,190,0,27.449,
21754,870.160,15,-0.12151,32.74788,0,173,0,28.266,
21755,870.200,15,-0.12348,32.68936,0,187,0,28.904,
21756,870.240,15,-0.13714,32.53105,0,130,0,21.349,
21757,870.280,15,-0.13899,32.47962,0,183,0,27.432,
21758,870.320,15,-0.15463,32.28727,0,271,0,28.292,
21759,870.360,15,-0.14278,32.30504,0,313,0,29.522,
21760,870.400,15,-0.15408,32.29646,0,323,0,29.420,
21761,870.440,15,-0.13711,32.08778,0,293,0,27.615,
21762,870.480,15,-0.14413,32.12402,0,273,0,28.056,
21763,870.520,15,-0.16220,32.07276,0,258,0,28.199,
21764,870.560,15,-0.16944,32.02982,0,215,0,27.738,
21765,870.600,15,-0.16860,31.85556,0,317,0,29.354,
21766,870.640,15,-0.17087,31.89421,0,564,0,63.220,
21767,870.680,15,-0.18410,31.71278,0,547,0,55.412,
21768,870.720,15,-0.17486,31.69923,0,32,0,1.942,
21769,870.760,15,-0.17152,31.49462,0,34,0,2.006,
21770,870.800,15,-0.18986,31.42072,0,233,0,26.020,
21771,870.840,15,-0.19944,31.33605,0,544,0,70.154,
21772,870.880,15,-0.19370,31.30465,0,219,0,26.906,
21773,870.920,15,-0.20040,31.08331,0,37,0,2.768,
21774,870.960,15,-0.20025,31.06652,0,266,0,28.151,
21775,871.000,15,-0.20884,30.90299,0,255,0,28.264,
21776,871.040,15,-0.21388,30.70694,0,335,0,28.780,
21777,871.080,15,-0.21000,30.69752,0,271,0,26.711,
21778,871.120,15,-0.22917,30.68067,0,315,0,29.912,
21779,871.160,15,-0.22321,30.48691,0,328,0,29.181,
21780,871.200,15,-0.22106,30.51670,0,25,0,1.507,
21781,871.240,15,-0.22946,30.49889,0,255,0,28.215,
21782,871.280,15,-0.24030,30.31483,0,29,0,1.701,
21783,871.320,15,-0.23761,30.31558,0,28,0,1.621,
21784,871.360,15,-0.24244,30.12029,0,28,0,1.660,
21785,871.400,15,-0.24756,30.14036,0,28,0,1.776,
21786,871.440,15,-0.23385,30.13749,0,30,0,1.885,
21787,871.480,15,-0.23756,29.92269,0,332,0,29.316,
21788,871.520,15,-0.23904,29.73539,0,30,0,2.622,
21789,871.560,15,-0.26207,29.75090,0,286,0,25.501,
21790,871.600,15,-0.26345,29.56728,0,303,13,29.516,
21791,871.640,15,-0.26996,29.56630,0,297,0,25.668,
21792,871.680,15,-0.26128,29.43729,0,265,0,29.549,
21793,871.720,15,-0.26037,29.41817,0,270,14,31.644,
21794,871.760,15,-0.27908,29.25319,0,272,0,28.370,
21795,871.800,15,-0.28719,29.20803,0,325,34,29.563,
21796,871.840,15,-0.29516,29.02230,0,378,0,28.900,
21797,871.880,15,-0.29149,29.00066,0,291,0,27.469,
21798,871.920,15,-0.29799,28.85367,0,326,0,27.033,
21799,871.960,15,-0.29743,28.87413,0,329,0,27.863,
21800,872.000,15,-0.29913,28.69463,0,183,0,27.967,
21801,872.040,15,-0.29927,28.68944,0,359,0,30.003,
21802,872.080,15,-0.30092,28.56650,0,314,0,26.325,
21803,872.120,15,-0.30629,28.56312,0,331,0,28.496,
21804,872.160,15,-0.31690,28.47490,0,196,0,27.907,
21805,872.200,15,-0.30582,28.34806,0,380,0,28.602,
21806,872.240,15,-0.32177,28.19304,0,298,0,28.556,
21807,872.280,15,-0.32280,28.18571,0,344,12,29.446,
21808,872.320,15,-0.32171,28.01320,1,32,0,0.925,18.601
21809,872.360,15,-0.33146,28.00343,0,21,0,3.347,
21810,872.400,15,-0.33828,27.89884,0,21,0,3.327,
21811,872.440,15,-0.32958,27.84577,0,31,0,1.934,
21812,872.480,15,-0.34532,27.68716,0,346,0,27.002,
21813,872.520,15,-0.34609,27.73254,0,0,0,,
21814,872.560,15,-0.32652,27.51350,0,27,0,1.536,
21815,872.600,15,-0.33943,27.53004,0,0,0,,
21816,872.640,15,-0.34277,27.39288,0,0,0,,
21817,872.680,15,-0.34833,27.36343,0,0,0,,
21818,872.720,15,-0.35142,27.24532,0,0,0,,
21819,872.760,15,-0.35452,27.20605,0,0,0,,
21820,872.800,15,-0.35764,27.04293,0,0,0,,
21821,872.840,15,-0.35554,27.00140,0,278,0,29.959,
21822,872.880,15,-0.35871,26.88248,0,0,0,,
21823,872.920,15,-0.35942,26.89671,0,0,0,,
21824,872.960,15,-0.36404,26.75784,0,0,0,,
21825,873.000,15,-0.36894,26.60292,0,0,0,,
21826,873.040,15,-0.37305,26.64115,0,0,0,,
21827,873.080,15,-0.38432,26.43749,0,0,0,,
21828,873.120,15,-0.37889,26.43778,0,0,0,,
21829,873.160,15,-0.38529,26.32589,1,30,0,0.815,8.793
21830,873.200,15,-0.39092,26.31215,1,29,0,0.825,11.644
21831,873.240,15,-0.38905,26.11894,1,31,0,0.770,8.793
21832,873.280,15,-0.39312,26.09741,1,29,0,0.770,8.793
21833,873.320,15,-0.39565,25.98327,1,28,0,0.792,64.722
21834,873.360,15,-0.39559,25.99557,1,31,0,0.825,11.762
21835,873.400,15,-0.39670,25.82264,1,30,43,0.546,11.649
21836,873.440,15,-0.40878,25.78073,1,30,0,0.853,10.804
21837,873.480,15,-0.40716,25.67451,1,31,55,0.578,14.002
21838,873.520,15,-0.40242,25.61639,1,30,0,0.847,72.298
21839,873.560,15,-0.41205,25.52005,1,31,0,0.690,27.872
21840,873.600,15,-0.41378,25.43722,1,31,0,0.823,8.793
21841,873.640,15,-0.42037,25.44985,1,31,30,0.602,11.160
21842,873.680,15,-0.42400,25.25660,1,32,0,0.763,8.793
21843,873.720,15,-0.42602,25.22914,1,31,0,0.855,8.793
21844,873.760,15,-0.42919,25.10524,1,33,0,0.777,8.793
21845,873.800,15,-0.43262,25.10164,1,35,0,0.593,8.793
21846,873.840,15,-0.42784,24.96104,1,31,0,0.897,8.793
21847,873.880,15,-0.44223,24.84326,1,35,0,0.942,8.793
21848,873.920,15,-0.43285,24.82384,1,33,0,0.535,8.793
21849,873.960,15,-0.42989,24.74075,1,32,0,0.850,8.793
21850,874.000,15,-0.43908,24.68040,1,35,0,0.773,8.793
21851,874.040,15,-0.44160,24.59803,1,38,0,0.900,8.793
21852,874.080,15,-0.43947,24.59339,1,40,0,0.808,8.793
21853,874.120,15,-0.44220,24.44825,1,37,0,0.851,8.793
21854,874.160,15,-0.45228,24.38064,1,38,0,0.780,8.793
21855,874.200,15,-0.45343,24.28622,1,38,0,0.841,8.793
21856,874.240,15,-0.45681,24.20551,1,33,0,0.739,8.793
21857,874.280,15,-0.45574,24.13280,1,39,0,0.746,8.793
21858,874.320,15,-0.45065,24.06367,1,21,0,0.963,8.793
21859,874.360,15,-0.46011,23.91396,1,21,0,0.775,8.793
21860,874.400,15,-0.46752,23.90431,1,39,0,0.875,8.793
21861,874.440,15,-0.45989,23.81875,1,39,0,0.846,8.793
21862,874.480,15,-0.46940,23.81816,1,21,0,0.816,8.793
21863,874.520,15,-0.46610,23.67329,1,21,0,0.910,8.793
21864,874.560,15,-0.46408,23.57849,1,40,0,0.858,8.793
21865,874.600,15,-0.47169,23.52459,1,21,0,0.806,8.793
21866,874.640,15,-0.46640,23.42498,1,40,0,0.903,8.793
21867,874.680,15,-0.48167,23.37408,1,21,0,0.953,8.793
21868,874.720,15,-0.48051,23.26368,1,32,0,0.865,8.793
21869,874.760,15,-0.48752,23.15861,1,21,0,0.851,8.793
21870,874.800,15,-0.47076,23.15552,1,33,0,0.861,8.793
21871,874.840,15,-0.48464,23.03737,1,39,0,0.848,8.793
21872,874.880,15,-0.48190,22.93320,1,32,0,0.861,8.793
21873,874.920,15,-0.47539,22.91227,1,21,0,0.868,8.793
21874,874.960,15,-0.48865,22.78710,1,33,0,0.854,8.793
21875,875.000,15,-0.49408,22.79268,1,21,0,1.022,8.793
21876,875.040,15,-0.48087,22.70950,1,40,0,0.883,8.793
21877,875.080,15,-0.50019,22.56546,1,34,0,0.791,8.793
21878,875.120,15,-0.49423,22.54061,1,34,0,0.846,8.793
21879,875.160,15,-0.49377,22.41458,1,33,0,0.910,8.793
21880,875.200,15,-0.49721,22.33705,1,34,0,0.905,8.793
21881,875.240,15,-0.50134,22.27564,1,38,0,0.851,8.793
21882,875.280,15,-0.50334,22.19593,1,37,0,0.899,8.793
21883,875.320,15,-0.49901,22.17747,1,36,0,0.811,8.793
21884,875.360,15,-0.49938,22.10887,1,33,0,0.825,8.793
21885,875.400,15,-0.52171,21.97248,1,35,0,0.626,8.793
21886,875.440,15,-0.50545,21.96163,1,33,0,0.820,8.793
21887,875.480,15,-0.51298,21.88691,1,35,0,0.767,8.793
21888,875.520,15,-0.51705,21.74936,1,34,0,0.824,8.793
21889,875.560,15,-0.50972,21.75283,1,37,0,0.827,8.793
21890,875.600,15,-0.51922,21.66302,1,35,0,0.772,8.793
21891,875.640,15,-0.52127,21.50949,1,34,0,0.821,8.793
21892,875.680,15,-0.51785,21.53914,1,36,0,0.810,8.793
21893,875.720,15,-0.51042,21.44876,1,35,0,0.797,8.793
21894,875.760,15,-0.52242,21.29203,1,35,0,0.882,8.793
21895,875.800,15,-0.52155,21.30916,1,35,0,0.839,8.793
21896,875.840,15,-0.52925,21.18344,1,36,0,0.575,8.793
21897,875.880,15,-0.52702,21.10104,1,36,0,0.780,8.793
21898,875.920,15,-0.52050,21.09678,1,35,0,0.875,6.592
21899,875.960,15,-0.51844,20.97382,1,36,43,0.650,9.864
21900,876.000,15,-0.52372,20.88535,1,38,0,0.821,12.914
21901,876.040,15,-0.53226,20.88159,1,39,0,0.722,8.793
21902,876.080,15,-0.53795,20.76474,1,40,0,0.877,8.793
21903,876.120,15,-0.53625,20.66023,1,39,27,0.651,10.813
21904,876.160,15,-0.53539,20.60859,1,21,0,0.839,8.793
21905,876.200,15,-0.53666,20.55571,1,21,33,0.589,9.768
21906,876.240,15,-0.53366,20.45835,1,21,0,0.786,8.793
21907,876.280,15,-0.53795,20.37363,1,22,31,0.690,12.483
21908,876.320,15,-0.54101,20.34240,1,23,37,0.676,13.511
21909,876.360,15,-0.54358,20.27476,1,22,0,0.755,8.793
21910,876.400,15,-0.54578,20.15504,1,23,41,0.753,13.308
21911,876.440,15,-0.54299,20.14638,1,23,0,0.851,8.793
21912,876.480,15,-0.53935,20.01479,1,23,0,0.767,13.101
21913,876.520,15,-0.54438,19.98399,1,23,0,0.888,8.793
21914,876.560,15,-0.54945,19.97759,1,24,0,0.852,8.793
21915,876.600,15,-0.54615,19.94154,1,24,0,0.785,17.077
21916,876.640,15,-0.54614,19.84154,1,24,0,0.886,8.793
21917,876.680,15,-0.55331,19.76747,1,25,0,0.929,8.793
21918,876.720,15,-0.55046,19.70813,1,24,0,0.751,15.262
21919,876.760,15,-0.54917,19.64258,1,24,0,0.930,8.793
21920,876.800,15,-0.55204,19.56085,1,25,0,0.854,8.793
21921,876.840,15,-0.55449,19.48425,1,25,0,0.872,8.793
21922,876.880,15,-0.55343,19.42031,1,25,0,0.917,8.793
21923,876.920,15,-0.54971,19.36724,1,26,0,0.886,18.009
21924,876.960,15,-0.55892,19.29059,1,25,0,0.933,11.566
21925,877.000,15,-0.55675,19.19011,1,25,19,0.787,14.278
21926,877.040,15,-0.55779,19.16494,1,26,0,0.897,8.793
21927,877.080,15,-0.55310,19.05003,1,26,18,0.765,12.165
21928,877.120,15,-0.55092,19.00494,1,26,25,0.696,17.358
21929,877.160,15,-0.55938,18.92917,1,25,26,0.734,14.414
21930,877.200,15,-0.55718,18.89474,1,26,0,0.811,8.793
21931,877.240,15,-0.55705,18.76853,1,26,34,0.589,14.094
21932,877.280,15,-0.55555,18.70951,1,24,32,0.747,14.453
21933,877.320,15,-0.55480,18.63224,1,25,41,0.680,15.255
21934,877.360,15,-0.55614,18.56737,1,26,32,0.684,14.409
21935,877.400,15,-0.55732,18.50131,1,25,23,0.722,10.879
21936,877.440,15,-0.55734,18.43169,1,25,42,0.730,13.472
21937,877.480,15,-0.55840,18.37651,1,25,37,0.640,12.905
21938,877.520,15,-0.56244,18.31043,1,25,44,0.639,16.110
21939,877.560,15,-0.56442,18.24159,1,24,39,0.749,15.885
21940,877.600,15,-0.56408,18.18467,1,24,36,0.716,14.710
21941,877.640,15,-0.55812,18.11941,1,24,0,0.878,8.793
21942,877.680,15,-0.56627,18.05293,1,24,38,0.710,15.520
21943,877.720,15,-0.56503,17.97867,1,23,46,0.734,17.645
21944,877.760,15,-0.56292,17.90187,1,22,50,0.746,14.932
21945,877.800,15,-0.56513,17.84827,1,24,45,0.753,16.599
21946,877.840,15,-0.55942,17.77060,1,23,57,0.670,13.973
21947,877.880,15,-0.56363,17.73257,1,23,54,0.724,18.124
21948,877.920,15,-0.56044,17.65398,1,22,52,0.706,15.338
21949,877.960,15,-0.56142,17.57082,1,22,57,0.674,18.638
21950,878.000,15,-0.55936,17.50491,1,22,62,0.731,14.893
21951,878.040,15,-0.56014,17.46185,1,22,52,0.572,15.601
21952,878.080,15,-0.56473,17.38420,1,22,45,0.762,14.346
21953,878.120,15,-0.56357,17.29964,1,22,61,0.685,13.720
21954,878.160,15,-0.56328,17.24155,1,22,52,0.714,11.676
21955,878.200,15,-0.56523,17.14792,1,22,72,0.714,11.743
21956,878.240,15,-0.56733,17.09438,1,22,52,0.700,10.711
21957,878.280,15,-0.56270,17.05013,1,22,55,0.680,12.431
21958,878.320,15,-0.55331,16.97452,1,21,58,0.660,10.993
21959,878.360,15,-0.56322,16.91238,1,23,72,0.677,11.334
21960,878.400,15,-0.56232,16.87195,1,22,58,0.733,13.836
21961,878.440,15,-0.55908,16.80592,1,23,55,0.724,15.496
21962,878.480,15,-0.56044,16.75687,1,24,61,0.719,12.811
21963,878.520,15,-0.56277,16.68553,1,23,70,0.723,12.621
21964,878.560,15,-0.56247,16.61245,1,23,56,0.825,13.205
21965,878.600,15,-0.55892,16.57151,1,24,57,0.850,16.169
21966,878.640,15,-0.56500,16.50892,1,24,56,0.732,16.079
21967,878.680,15,-0.56067,16.45490,1,23,58,0.691,15.278
21968,878.720,15,-0.56401,16.39462,1,25,62,0.815,14.869
21969,878.760,15,-0.55857,16.30393,1,23,60,0.896,14.471
21970,878.800,15,-0.55848,16.26334,1,26,52,0.604,17.688
21971,878.840,15,-0.55978,16.19751,1,27,49,0.731,15.503
21972,878.880,15,-0.55924,16.13621,1,27,53,0.532,16.930
21973,878.920,15,-0.56137,16.09027,1,28,49,0.719,16.882
21974,878.960,15,-0.55487,16.03580,1,27,51,0.589,17.317
21975,879.000,15,-0.56415,15.96745,1,28,51,0.733,14.409
21976,879.040,15,-0.56493,15.88937,1,27,47,0.697,15.826
21977,879.080,15,-0.56336,15.84529,1,28,49,0.721,15.360
21978,879.120,15,-0.55617,15.77775,1,28,44,0.690,16.950
21979,879.160,15,-0.56069,15.72202,1,29,47,0.754,14.168
21980,879.200,15,-0.55500,15.65868,1,31,41,0.764,13.730
21981,879.240,15,-0.55331,15.61924,1,29,50,0.676,15.750
21982,879.280,15,-0.55440,15.52392,1,30,36,0.823,13.272
21983,879.320,15,-0.55384,15.48131,1,31,34,0.856,13.586
21984,879.360,15,-0.55587,15.42752,1,30,31,0.815,13.617
21985,879.400,15,-0.55537,15.36417,1,30,32,0.810,12.427
21986,879.440,15,-0.54920,15.30534,1,30,36,0.777,12.609
21987,879.480,15,-0.55002,15.24255,1,31,23,0.886,13.142
21988,879.520,15,-0.55386,15.18085,1,30,29,0.890,13.170
21989,879.560,15,-0.55415,15.08431,1,32,38,0.840,9.492
21990,879.600,15,-0.55229,15.03986,1,31,30,0.869,10.958
21991,879.640,15,-0.55173,14.98307,1,30,41,0.914,11.642
21992,879.680,15,-0.54810,14.95005,1,31,31,0.877,12.703
21993,879.720,15,-0.54987,14.90801,1,30,53,0.729,17.276
21994,879.760,15,-0.54751,14.86490,1,30,0,0.764,19.854
21995,879.800,15,-0.54704,14.74711,1,26,43,0.841,11.942
21996,879.840,15,-0.54997,14.70716,1,32,49,0.780,15.244
21997,879.880,15,-0.55050,14.67595,1,32,48,0.716,16.890
21998,879.920,15,-0.54958,14.60142,1,32,43,0.846,15.684
21999,879.960,15,-0.54915,14.55385,1,33,49,0.769,16.511
22000,880.000,15,-0.54596,14.49577,1,33,47,0.786,16.581
22001,880.040,15,-0.54149,14.41479,1,31,46,0.886,11.781
22002,880.080,15,-0.53895,14.37692,1,31,50,0.700,14.425
22003,880.120,15,-0.54191,14.33869,1,30,62,0.776,16.847
22004,880.160,15,-0.54395,14.25512,1,31,50,0.957,12.938
22005,880.200,15,-0.54423,14.21444,1,31,53,0.724,15.188
22006,880.240,15,-0.54139,14.15517,1,32,55,0.775,15.749
22007,880.280,15,-0.53293,14.09494,1,30,53,0.854,15.425
22008,880.320,15,-0.53794,13.97702,1,30,57,0.819,10.198
22009,880.360,15,-0.53415,13.97551,1,30,54,0.703,13.873
22010,880.400,15,-0.53743,13.89139,1,27,54,0.844,9.794
22011,880.440,15,-0.53234,13.84839,1,30,52,0.877,10.473
22012,880.480,15,-0.53290,13.77627,1,29,55,0.833,9.855
22013,880.520,15,-0.53207,13.72578,1,29,55,0.852,10.608
22014,880.560,15,-0.53313,13.66171,1,30,54,0.777,8.429
22015,880.600,15,-0.53162,13.62228,1,30,57,0.813,9.994
22016,880.640,15,-0.52456,13.57578,1,29,56,0.877,9.876
22017,880.680,15,-0.52803,13.50319,1,28,52,0.842,10.580
22018,880.720,15,-0.52562,13.44050,1,28,54,0.712,9.081
22019,880.760,15,-0.52482,13.39812,1,30,48,0.840,10.668
22020,880.800,15,-0.53010,13.34458,1,26,56,0.733,9.261
22021,880.840,15,-0.52239,13.28619,1,27,56,0.793,9.859
22022,880.880,15,-0.51709,13.22719,1,28,62,0.735,9.658
22023,880.920,15,-0.51991,13.18222,1,27,53,0.745,9.578
22024,880.960,15,-0.51928,13.13485,1,30,59,0.747,8.980
22025,881.000,15,-0.52005,13.09244,1,29,59,0.782,9.484
22026,881.040,15,-0.51497,13.02879,1,29,56,0.631,8.565
22027,881.080,15,-0.51427,12.97332,1,30,59,0.664,9.542
22028,881.120,15,-0.51090,12.92765,1,28,59,0.719,8.788
22029,881.160,15,-0.51258,12.87173,1,32,52,0.790,9.998
22030,881.200,15,-0.51276,12.82996,1,28,50,0.810,9.581
22031,881.240,15,-0.51108,12.78855,1,31,60,0.872,10.503
22032,881.280,15,-0.51066,12.74718,1,31,54,0.873,10.223
22033,881.320,15,-0.50992,12.68716,1,32,58,0.988,11.308
22034,881.360,15,-0.50534,12.63052,1,30,57,0.989,11.286
22035,881.400,15,-0.50176,12.59588,1,32,60,1.030,12.167
22036,881.440,15,-0.50130,12.54550,1,29,61,1.015,11.853
22037,881.480,15,-0.50235,12.48672,1,33,61,0.980,11.387
22038,881.520,15,-0.50375,12.44736,1,33,63,1.049,13.009
22039,881.560,15,-0.50045,12.39996,1,35,65,1.083,13.689
22040,881.600,15,-0.49600,12.34126,1,33,63,1.094,13.010
22041,881.640,15,-0.49628,12.30777,1,33,64,1.089,13.657
22042,881.680,15,-0.49739,12.25525,1,33,64,1.093,13.462
22043,881.720,15,-0.49624,12.22002,1,34,64,1.063,14.498
22044,881.760,15,-0.49120,12.17402,1,35,64,1.028,14.271
22045,881.800,15,-0.48912,12.11811,1,33,63,1.063,14.685
22046,881.840,15,-0.49024,12.07448,1,36,62,1.094,15.217
22047,881.880,15,-0.48517,12.02405,1,35,64,0.991,15.709
22048,881.920,15,-0.48429,11.94043,1,35,66,1.101,12.045
22049,881.960,15,-0.48001,11.92568,1,38,65,0.902,15.553
22050,882.000,15,-0.47773,11.85945,1,31,66,1.103,13.991
22051,882.040,15,-0.47871,11.83311,1,36,65,0.832,15.132
22052,882.080,15,-0.47953,11.78378,1,36,58,0.871,15.450
22053,882.120,15,-0.47845,11.72805,1,31,57,0.790,15.859
22054,882.160,15,-0.47007,11.67847,1,37,67,0.982,13.798
22055,882.200,15,-0.46772,11.63266,1,31,62,0.753,15.600
22056,882.240,15,-0.47289,11.58754,1,38,61,0.857,15.637
22057,882.280,15,-0.46917,11.53424,1,37,63,0.799,15.725
22058,882.320,15,-0.46737,11.49846,1,36,58,0.750,15.855
22059,882.360,15,-0.46212,11.43631,1,37,65,0.800,16.581
22060,882.400,15,-0.46098,11.40145,1,39,60,0.856,16.343
22061,882.440,15,-0.46008,11.35420,1,37,61,0.696,15.810
22062,882.480,15,-0.45888,11.31103,1,38,67,0.805,15.965
22063,882.520,15,-0.45619,11.25752,1,38,65,0.828,16.603
22064,882.560,15,-0.45343,11.21279,1,37,63,0.753,16.087
22065,882.600,15,-0.45399,11.15127,1,33,71,1.099,13.923
22066,882.640,15,-0.45018,11.11371,1,37,68,0.860,14.594
22067,882.680,15,-0.44621,11.05078,1,31,67,0.781,15.090
22068,882.720,15,-0.44526,11.02418,1,34,67,0.861,15.426
22069,882.760,15,-0.44774,10.97275,1,38,68,0.843,15.371
22070,882.800,15,-0.44119,10.91116,1,34,72,1.113,13.797
22071,882.840,15,-0.44066,10.87006,1,35,72,0.945,14.903
22072,882.880,15,-0.44242,10.82537,1,33,72,1.000,14.516
22073,882.920,15,-0.43532,10.78615,1,34,72,1.026,14.561
22074,882.960,15,-0.43420,10.73386,1,33,72,0.956,14.878
22075,883.000,15,-0.43216,10.67998,1,32,72,1.084,13.897
22076,883.040,15,-0.42817,10.63565,1,33,72,1.043,13.728
22077,883.080,15,-0.42563,10.59158,1,33,72,1.101,13.915
22078,883.120,15,-0.42389,10.54663,1,33,72,1.121,13.571
22079,883.160,15,-0.42473,10.49846,1,34,72,1.095,13.515
22080,883.200,15,-0.42363,10.45182,1,31,72,1.077,13.732
22081,883.240,15,-0.41574,10.41014,1,35,72,1.145,13.081
22082,883.280,15,-0.41512,10.36442,1,36,72,1.068,13.121
22083,883.320,15,-0.41348,10.31727,1,34,72,1.096,12.765
22084,883.360,15,-0.41071,10.27309,1,33,72,1.050,12.630
22085,883.400,15,-0.41002,10.22824,1,33,72,1.018,12.674
22086,883.440,15,-0.40485,10.18279,1,34,72,0.993,12.071
22087,883.480,15,-0.40345,10.13441,1,35,72,0.979,12.407
22088,883.520,15,-0.40230,10.09025,1,35,72,0.962,12.051
22089,883.560,15,-0.39854,10.04601,1,36,72,0.957,11.902
22090,883.600,15,-0.39760,10.00070,1,33,72,0.939,11.709
22091,883.640,15,-0.39550,9.95602,1,35,72,0.937,11.725
22092,883.680,15,-0.39297,9.91639,1,35,72,0.874,11.610
22093,883.720,15,-0.39040,9.87390,1,35,72,0.870,11.177
22094,883.760,15,-0.38928,9.83176,1,34,72,0.938,11.396
22095,883.800,15,-0.38578,9.78887,1,37,72,0.917,11.671
22096,883.840,15,-0.38472,9.74765,1,36,72,0.929,11.456
22097,883.880,15,-0.37984,9.71074,1,36,72,0.917,11.495
22098,883.920,15,-0.37931,9.67145,1,37,72,0.985,11.751
22099,883.960,15,-0.37958,9.62888,1,34,72,1.005,12.114
22100,884.000,15,-0.37439,9.59267,1,35,72,1.033,12.178
22101,884.040,15,-0.37369,9.55372,1,37,72,1.054,12.208
22102,884.080,15,-0.37300,9.51588,1,34,72,1.043,12.380
22103,884.120,15,-0.36779,9.47392,1,35,72,1.086,12.557
22104,884.160,15,-0.36561,9.43781,1,39,72,1.083,12.499
22105,884.200,15,-0.36569,9.40899,1,33,72,0.996,13.231
22106,884.240,15,-0.36028,9.36729,1,37,72,1.146,13.743
22107,884.280,15,-0.36148,9.32792,1,36,72,1.178,12.910
22108,884.320,15,-0.35637,9.29377,1,39,72,1.199,12.975
22109,884.360,15,-0.35448,9.24677,1,37,72,1.189,12.871
22110,884.400,15,-0.35045,9.21553,1,37,72,1.087,13.509
22111,884.440,15,-0.34939,9.17183,1,37,72,1.172,13.156
22112,884.480,15,-0.34615,9.13192,1,38,72,1.201,12.877
22113,884.520,15,-0.34306,9.09849,1,35,72,1.163,13.023
22114,884.560,15,-0.34138,9.03859,1,35,72,1.127,11.303
22115,884.600,15,-0.33736,9.02743,1,37,72,1.136,14.222
22116,884.640,15,-0.33661,8.99215,1,36,72,1.038,13.766
22117,884.680,15,-0.33029,8.94871,1,38,72,0.961,14.786
22118,884.720,15,-0.32892,8.91004,1,36,72,1.049,13.989
22119,884.760,15,-0.32341,8.85394,1,40,72,1.154,11.440
22120,884.800,15,-0.32403,8.84089,1,37,72,0.994,14.035
22121,884.840,15,-0.32233,8.79178,1,38,72,1.210,12.657
22122,884.880,15,-0.31781,8.75566,1,36,72,1.160,13.437
22123,884.920,15,-0.31601,8.72806,1,37,72,1.006,13.980
22124,884.960,15,-0.31097,8.66560,1,38,72,1.243,11.180
22125,885.000,15,-0.31225,8.62186,1,39,70,1.127,10.412
22126,885.040,15,-0.30982,8.58573,1,38,72,1.136,11.113
22127,885.080,15,-0.31452,8.48704,0,271,0,58.241,
22128,885.120,15,-0.30382,8.46105,0,265,0,58.143,
22129,885.160,15,-0.30058,8.44237,0,265,0,58.039,
22130,885.200,15,-0.29855,8.41517,0,260,0,57.289,
22131,885.240,15,-0.29650,8.38543,0,254,0,56.930,
22132,885.280,15,-0.29444,8.36091,0,257,0,57.124,
22133,885.320,15,-0.29247,8.33487,0,256,0,56.846,
22134,885.360,15,-0.29389,8.28734,1,21,70,0.909,9.711
22137,885.480,15,-0.24825,8.15060,1,51,64,2.284,9.759
22138,885.520,15,-0.27448,8.20284,1,29,68,1.704,14.048
22139,885.560,15,-0.27015,8.16703,1,31,71,2.074,12.488
22140,885.600,15,-0.27582,8.04698,1,30,72,2.094,9.826
22141,885.640,15,-0.27282,8.02294,1,32,72,1.867,9.545
22142,885.680,15,-0.26243,7.99085,1,32,72,1.616,8.373
23580,943.200,29,-0.12076,33.48213,0,19,0,1.078,
23581,943.240,29,-0.12083,33.58364,0,785,0,57.790,
23583,943.320,29,-0.13604,33.38162,0,0,0,,
23584,943.360,29,-0.12499,33.30970,0,1135,0,75.247,
23585,943.400,29,-0.13907,33.19625,0,1084,0,86.662,
23586,943.440,29,-0.14114,33.12859,0,0,0,,
23587,943.480,29,-0.13866,32.99853,0,0,0,,
23588,943.520,29,-0.14067,32.93444,0,0,0,,
23589,943.560,29,-0.13836,32.99105,0,26,0,1.112,
23590,943.600,29,-0.14272,32.89444,0,947,0,56.342,
23591,943.640,29,-0.15296,32.70350,0,0,0,,
23592,943.680,29,-0.16657,32.58370,0,0,0,,
23593,943.720,29,-0.16835,32.50184,0,0,0,,
23595,943.800,29,-0.16981,32.36381,0,0,0,,
23596,943.840,29,-0.17151,32.28216,0,0,0,,
23597,943.880,29,-0.17266,32.28098,0,0,0,,
23598,943.920,29,-0.17633,32.09590,0,0,0,,
23599,943.960,29,-0.17867,32.04471,0,0,0,,
23600,944.000,29,-0.18983,32.06430,0,0,0,,
23601,944.040,29,-0.18308,32.02297,0,0,0,,
23602,944.080,29,-0.18462,31.93469,0,0,0,,
23603,944.120,29,-0.19571,31.94283,0,0,0,,
23605,944.200,29,-0.21117,31.66006,0,0,0,,
23606,944.240,29,-0.20731,31.58969,0,0,0,,
23607,944.280,29,-0.20106,31.48924,0,0,0,,
23608,944.320,29,-0.20527,31.53712,0,0,0,,
23610,944.400,29,-0.22583,31.32698,0,261,0,30.254,
23611,944.440,29,-0.22391,31.13068,0,0,0,,
23612,944.480,29,-0.23637,31.07519,0,232,0,28.259,
23613,944.520,29,-0.24254,30.87991,0,255,0,31.137,
23614,944.560,29,-0.24352,30.74482,0,227,0,28.203,
23615,944.600,29,-0.24723,30.68331,0,248,0,30.303,
23616,944.640,29,-0.25616,30.69338,0,234,0,24.323,
23617,944.680,29,-0.26476,30.69697,0,242,0,29.443,
23618,944.720,29,-0.26560,30.49998,0,228,0,23.746,
23619,944.760,29,-0.27124,30.50532,0,267,0,29.106,
23620,944.800,29,-0.28146,30.44169,0,279,0,27.139,
23621,944.840,29,-0.28141,30.33136,0,267,0,31.315,
23622,944.880,29,-0.26941,30.33772,0,264,0,31.274,
23623,944.920,29,-0.26848,30.30605,0,238,0,28.830,
23624,944.960,29,-0.27205,30.15344,0,283,0,30.345,
23625,945.000,29,-0.28709,30.12761,0,233,0,26.952,
23626,945.040,29,-0.26410,30.03585,0,239,0,32.141,
23627,945.080,29,-0.30793,29.94623,0,0,0,,
23628,945.120,29,-0.26782,29.75801,0,269,0,30.573,
23629,945.160,29,-0.31142,29.80722,0,236,0,29.911,
23630,945.200,29,-0.30248,29.62006,0,247,0,29.348,
23631,945.240,29,-0.31379,29.57288,0,0,0,,
23632,945.280,29,-0.31876,29.39722,0,0,0,,
23633,945.320,29,-0.32676,29.43498,0,0,0,,
23634,945.360,29,-0.31395,29.42300,0,0,0,,
23635,945.400,29,-0.33740,29.24458,0,0,0,,
23636,945.440,29,-0.31606,29.23805,0,0,0,,
23637,945.480,29,-0.34022,29.04030,0,0,0,,
23638,945.520,29,-0.33054,29.04994,0,0,0,,
23639,945.560,29,-0.32531,29.06621,0,0,0,,
23641,945.640,29,-0.34280,28.69069,0,0,0,,
23642,945.680,29,-0.33431,28.74031,1,28,0,0.697,8.793
23643,945.720,29,-0.34222,28.71881,1,28,0,0.499,8.793
23644,945.760,29,-0.33975,28.51244,1,28,0,0.708,8.793
23645,945.800,29,-0.33637,28.52273,0,0,0,,
23646,945.840,29,-0.33715,28.35237,0,0,0,,
23647,945.880,29,-0.33565,28.35216,0,0,0,,
23648,945.920,29,-0.34638,28.18167,0,0,0,,
23649,945.960,29,-0.34838,28.18514,0,0,0,,
23650,946.000,29,-0.35246,28.21900,0,0,0,,
23651,946.040,29,-0.35366,28.05914,0,0,0,,
23652,946.080,29,-0.36615,28.02539,0,0,0,,
23653,946.120,29,-0.36945,27.90027,0,0,0,,
23654,946.160,29,-0.36874,27.85001,0,0,0,,
23655,946.200,29,-0.36839,27.73314,0,0,0,,
23656,946.240,29,-0.39069,27.67477,0,0,0,,
23657,946.280,29,-0.36715,27.72600,0,0,0,,
23658,946.320,29,-0.38166,27.49955,0,0,0,,
23659,946.360,29,-0.39487,27.39604,0,0,0,,
23660,946.400,29,-0.39489,27.42897,0,0,0,,
23661,946.440,29,-0.39474,27.40949,0,0,0,,
23662,946.480,29,-0.38766,27.24548,0,0,0,,
23663,946.520,29,-0.39860,27.24555,0,0,0,,
23664,946.560,29,-0.39762,27.08928,0,0,0,,
23665,946.600,29,-0.40773,27.05190,0,0,0,,
23666,946.640,29,-0.41350,26.92989,0,0,0,,
23667,946.680,29,-0.41165,26.92452,0,0,0,,
23668,946.720,29,-0.40670,26.74375,0,0,0,,
23669,946.760,29,-0.40118,26.75115,0,0,0,,
23670,946.800,29,-0.42435,26.58723,0,0,0,,
23671,946.840,29,-0.41301,26.59701,0,0,0,,
23672,946.880,29,-0.41487,26.44056,0,0,0,,
23673,946.920,29,-0.42260,26.43962,0,0,0,,
23674,946.960,29,-0.42060,26.36821,0,0,0,,
23675,947.000,29,-0.42564,26.29354,0,0,0,,
23676,947.040,29,-0.42474,26.14146,0,0,0,,
23677,947.080,29,-0.43301,26.11196,1,30,0,0.748,8.793
23678,947.120,29,-0.43483,26.01735,1,31,0,0.704,27.664
23679,947.160,29,-0.43068,26.04047,1,30,36,0.566,9.589
23680,947.200,29,-0.44232,25.92833,1,31,0,0.807,21.827
23681,947.240,29,-0.43564,25.83857,1,32,0,0.707,14.979
23682,947.280,29,-0.43683,25.80648,1,30,0,0.753,16.219
23683,947.320,29,-0.44680,25.75577,1,32,0,0.787,16.299
23684,947.360,29,-0.45851,25.66622,1,32,0,0.835,22.231
23685,947.400,29,-0.44611,25.54234,1,31,0,0.766,17.000
23686,947.440,29,-0.45851,25.53576,1,31,0,0.633,24.898
23687,947.480,29,-0.44588,25.43459,1,33,39,0.592,14.143
23688,947.520,29,-0.45806,25.39111,1,31,0,0.537,28.945
23689,947.560,29,-0.47335,25.26740,1,36,0,0.800,21.034
23690,947.600,29,-0.46376,25.27689,0,0,0,,
23691,947.640,29,-0.47232,25.13709,0,0,0,,
23692,947.680,29,-0.47602,25.11587,1,35,0,0.648,83.872
23693,947.720,29,-0.47770,25.02877,1,32,0,0.799,48.054
23694,947.760,29,-0.47407,24.96159,1,37,0,0.739,50.950
23695,947.800,29,-0.47841,24.86078,1,38,0,0.870,77.260
23696,947.840,29,-0.48934,24.85133,1,38,31,0.712,16.376
23697,947.880,29,-0.49089,24.72077,1,39,34,0.721,14.318
23698,947.920,29,-0.48241,24.63337,1,38,0,0.762,16.958
23699,947.960,29,-0.49603,24.58010,1,21,0,0.925,32.304
23700,948.000,29,-0.48840,24.53941,1,22,0,0.875,8.793
23701,948.040,29,-0.48048,24.42477,1,39,34,0.753,17.862
23702,948.080,29,-0.50073,24.41468,1,39,0,0.797,8.793
23703,948.120,29,-0.49974,24.28902,1,37,0,0.849,40.178
23704,948.160,29,-0.50261,24.21209,0,0,0,,
23705,948.200,29,-0.49600,24.21519,0,0,0,,
23706,948.240,29,-0.50343,24.07447,0,0,0,,
23707,948.280,29,-0.50306,24.03520,0,0,0,,
23708,948.320,29,-0.50596,23.92113,0,0,0,,
23709,948.360,29,-0.49876,23.95045,0,0,0,,
23710,948.400,29,-0.52306,23.81715,0,0,0,,
23711,948.440,29,-0.51110,23.79825,0,0,0,,
23712,948.480,29,-0.51477,23.68062,0,0,0,,
23713,948.520,29,-0.51587,23.60884,0,0,0,,
23714,948.560,29,-0.51595,23.53856,0,0,0,,
23715,948.600,29,-0.51701,23.47267,0,0,0,,
23716,948.640,29,-0.51673,23.45400,1,23,0,0.785,8.793
23717,948.680,29,-0.52473,23.37905,0,0,0,,
23718,948.720,29,-0.51849,23.28253,0,0,0,,
23719,948.760,29,-0.52171,23.17754,0,0,0,,
23720,948.800,29,-0.52413,23.19187,0,0,0,,
23721,948.840,29,-0.52193,23.12316,0,0,0,,
23722,948.880,29,-0.52961,23.05208,0,0,0,,
23723,948.920,29,-0.52345,22.92800,0,0,0,,
23724,948.960,29,-0.52515,22.94148,0,0,0,,
23725,949.000,29,-0.53174,22.80333,0,0,0,,
23726,949.040,29,-0.52603,22.73403,0,0,0,,
23727,949.080,29,-0.53255,22.70120,0,0,0,,
23728,949.120,29,-0.53099,22.67596,0,0,0,,
23729,949.160,29,-0.53209,22.55409,0,0,0,,
23730,949.200,29,-0.54032,22.55287,0,0,0,,
23731,949.240,29,-0.53787,22.43881,0,0,0,,
23732,949.280,29,-0.54618,22.32299,0,0,0,,
23733,949.320,29,-0.53681,22.33373,0,0,0,,
23734,949.360,29,-0.54765,22.20758,0,0,0,,
23735,949.400,29,-0.54434,22.19679,0,0,0,,
23736,949.440,29,-0.55122,22.07062,0,0,0,,
23737,949.480,29,-0.54994,22.01023,0,0,0,,
23738,949.520,29,-0.54656,21.96285,0,0,0,,
23739,949.560,29,-0.54604,21.91832,0,0,0,,
23740,949.600,29,-0.55810,21.81668,0,0,0,,
23741,949.640,29,-0.54811,21.75373,0,0,0,,
23742,949.680,29,-0.54937,21.70787,0,0,0,,
23743,949.720,29,-0.54665,21.66963,0,87,16,22.538,
23744,949.760,29,-0.55651,21.63656,0,0,0,,
23745,949.800,29,-0.55828,21.53694,0,0,0,,
23746,949.840,29,-0.56865,21.48306,0,0,0,,
23747,949.880,29,-0.55181,21.42915,0,0,0,,
23748,949.920,29,-0.55485,21.31937,0,0,0,,
23749,949.960,29,-0.55376,21.31581,0,0,0,,
23750,950.000,29,-0.55488,21.20796,0,0,0,,
23751,950.040,29,-0.56434,21.09608,0,0,0,,
23752,950.080,29,-0.55938,21.08893,0,0,0,,
23753,950.120,29,-0.57313,20.98267,0,0,0,,
23754,950.160,29,-0.56924,20.98481,0,0,0,,
23755,950.200,29,-0.57069,20.87637,0,0,0,,
23756,950.240,29,-0.57032,20.87659,0,0,0,,
23757,950.280,29,-0.56660,20.79070,0,0,0,,
23758,950.320,29,-0.57351,20.66186,0,0,0,,
23759,950.360,29,-0.57042,20.65780,0,0,0,,
23760,950.400,29,-0.56731,20.55157,0,0,0,,
23761,950.440,29,-0.57828,20.45967,0,0,0,,
23762,950.480,29,-0.56980,20.45694,0,0,0,,
23763,950.520,29,-0.57482,20.39956,0,0,0,,
23764,950.560,29,-0.58727,20.35520,0,0,0,,
23765,950.600,29,-0.58468,20.25934,0,0,0,,
23766,950.640,29,-0.59073,20.24775,0,0,0,,
23767,950.680,29,-0.59389,20.15379,0,0,0,,
23768,950.720,29,-0.57630,20.08901,0,0,0,,
23769,950.760,29,-0.57611,20.04859,0,0,0,,
23770,950.800,29,-0.58930,19.95897,0,0,0,,
23771,950.840,29,-0.58123,19.94720,0,0,0,,
23772,950.880,29,-0.57468,19.84838,0,0,0,,
23773,950.920,29,-0.57927,19.79016,0,0,0,,
23774,950.960,29,-0.58807,19.74274,0,0,0,,
23775,951.000,29,-0.58636,19.66422,0,0,0,,
23776,951.040,29,-0.58342,19.59705,0,0,0,,
23777,951.080,29,-0.58515,19.54820,0,0,0,,
23778,951.120,29,-0.59020,19.45139,0,0,0,,
23779,951.160,29,-0.59457,19.39877,0,0,0,,
23780,951.200,29,-0.59828,19.36025,0,0,0,,
23781,951.240,29,-0.59494,19.29984,0,0,0,,
23782,951.280,29,-0.60533,19.21264,0,0,0,,
23783,951.320,29,-0.59174,19.20510,0,0,0,,
23784,951.360,29,-0.59971,19.11726,0,0,0,,
23785,951.400,29,-0.59357,19.06609,0,0,0,,
23786,951.440,29,-0.59522,19.02237,0,0,0,,
23787,951.480,29,-0.59583,18.92544,0,0,0,,
23788,951.520,29,-0.60396,18.87439,0,0,0,,
23789,951.560,29,-0.60023,18.82477,0,0,0,,
23790,951.600,29,-0.61276,18.73631,0,0,0,,
23791,951.640,29,-0.59851,18.73361,0,0,0,,
23792,951.680,29,-0.60640,18.64314,0,0,0,,
23793,951.720,29,-0.60894,18.59567,0,0,0,,
23794,951.760,29,-0.61510,18.55080,0,0,0,,
23795,951.800,29,-0.62182,18.46812,0,0,0,,
23796,951.840,29,-0.62341,18.42059,0,0,0,,
23797,951.880,29,-0.61951,18.37207,0,0,0,,
23798,951.920,29,-0.61802,18.28346,0,0,0,,
23799,951.960,29,-0.61957,18.23656,0,0,0,,
23800,952.000,29,-0.62018,18.19357,0,0,0,,
23801,952.040,29,-0.62619,18.12165,0,0,0,,
23802,952.080,29,-0.61990,18.03478,0,0,0,,
23803,952.120,29,-0.61779,18.02868,0,0,0,,
23804,952.160,29,-0.61377,17.94086,0,0,0,,
23805,952.200,29,-0.60229,17.85391,0,0,0,,
23806,952.240,29,-0.60569,17.85350,0,0,0,,
23807,952.280,29,-0.60904,17.77160,0,0,0,,
23808,952.320,29,-0.60549,17.68440,0,0,0,,
23809,952.360,29,-0.60390,17.67848,0,0,0,,
23810,952.400,29,-0.61012,17.60605,0,0,0,,
23811,952.440,29,-0.61386,17.52404,0,0,0,,
23812,952.480,29,-0.60237,17.52097,0,0,0,,
23813,952.520,29,-0.60089,17.44852,0,0,0,,
23814,952.560,29,-0.59941,17.36057,0,0,0,,
23815,952.600,29,-0.60252,17.36310,0,0,0,,
23816,952.640,29,-0.60557,17.27822,0,0,0,,
23817,952.680,29,-0.60922,17.19126,0,0,0,,
23818,952.720,29,-0.60979,17.16032,0,0,29,10.366,
23819,952.760,29,-0.60237,17.12893,0,0,0,,
23820,952.800,29,-0.60858,17.03717,0,0,0,,
23821,952.840,29,-0.60921,17.00912,0,0,0,,
23822,952.880,29,-0.60054,16.95670,0,0,0,,
23823,952.920,29,-0.59968,16.88875,0,0,0,,
23824,952.960,29,-0.61405,16.80288,0,0,0,,
23825,953.000,29,-0.61464,16.76376,0,0,0,,
23826,953.040,29,-0.60063,16.72137,0,0,0,,
23827,953.080,29,-0.61330,16.67659,0,0,0,,
23828,953.120,29,-0.62113,16.61110,0,0,0,,
23829,953.160,29,-0.60677,16.56074,0,0,0,,
23830,953.200,29,-0.61305,16.49514,0,0,59,2.556,
23831,953.240,29,-0.62236,16.50161,1,0,41,0.577,14.144
23832,953.280,29,-0.60111,16.38455,0,0,0,,
23833,953.320,29,-0.59609,16.35933,0,0,0,,
23834,953.360,29,-0.60266,16.27137,0,0,0,,
23835,953.400,29,-0.59425,16.26092,1,0,28,0.366,8.703
23836,953.440,29,-0.58652,16.20359,1,0,38,0.486,10.056
23837,953.480,29,-0.61624,16.19657,0,110,0,26.580,
23838,953.520,29,-0.59347,16.12143,0,109,0,26.271,
23839,953.560,29,-0.59438,16.03376,1,0,26,0.323,8.860
23840,953.600,29,-0.58978,15.99849,0,109,0,26.179,
23841,953.640,29,-0.60136,15.95421,0,0,0,,
23842,953.680,29,-0.59723,15.88552,0,0,0,,
23843,953.720,29,-0.59479,15.81245,0,0,0,,
23844,953.760,29,-0.59405,15.74381,0,0,0,,
23845,953.800,29,-0.60048,15.69777,0,0,0,,
23846,953.840,29,-0.59577,15.68001,0,0,0,,
23847,953.880,29,-0.59518,15.63247,0,0,0,,
23848,953.920,29,-0.57983,15.62690,1,0,32,0.762,12.217
23849,953.960,29,-0.59183,15.52631,0,0,0,,
23850,954.000,29,-0.59302,15.50766,1,0,40,0.706,11.974
23851,954.040,29,-0.59261,15.39039,0,112,0,26.046,
23852,954.080,29,-0.59780,15.36841,0,119,0,26.991,
23853,954.120,29,-0.59664,15.29145,0,112,0,26.141,
23854,954.160,29,-0.59512,15.23357,0,112,0,26.130,
23855,954.200,29,-0.58743,15.18015,0,111,0,26.142,
23856,954.240,29,-0.59583,15.14497,0,110,0,26.106,
23857,954.280,29,-0.58959,15.07011,0,110,0,26.195,
23858,954.320,29,-0.59785,15.00539,0,111,0,26.347,
23859,954.360,29,-0.59900,14.98124,0,0,0,,
23860,954.400,29,-0.59090,14.93737,0,109,0,26.311,
23861,954.440,29,-0.60059,14.86549,0,0,0,,
23862,954.480,29,-0.60869,14.83604,0,0,0,,
23863,954.520,29,-0.60020,14.80799,0,0,0,,
23864,954.560,29,-0.60170,14.73637,0,0,0,,
23865,954.600,29,-0.60317,14.69776,0,0,0,,
23866,954.640,29,-0.59861,14.63421,0,0,0,,
23867,954.680,29,-0.60004,14.61586,0,0,0,,
23868,954.720,29,-0.58756,14.56722,0,0,0,,
23869,954.760,29,-0.58843,14.50398,0,0,0,,
23870,954.800,29,-0.58236,14.47600,0,0,0,,
23871,954.840,29,-0.58669,14.42260,0,0,0,,
23872,954.880,29,-0.58108,14.37144,0,0,0,,
23873,954.920,29,-0.57870,14.31851,0,0,0,,
23874,954.960,29,-0.57409,14.27294,0,0,0,,
23875,955.000,29,-0.57109,14.21687,0,0,0,,
23876,955.040,29,-0.56893,14.21174,1,0,35,0.963,12.299
23877,955.080,29,-0.57594,14.12627,0,0,0,,
23878,955.120,29,-0.57706,14.05773,0,0,0,,
23879,955.160,29,-0.56975,14.03971,0,0,0,,
23880,955.200,29,-0.57503,13.96587,0,0,0,,
23881,955.240,29,-0.57608,13.93543,0,0,0,,
23882,955.280,29,-0.57083,13.87018,0,0,0,,
23883,955.320,29,-0.57703,13.86761,0,0,0,,
23884,955.360,29,-0.58421,13.78184,0,0,0,,
23885,955.400,29,-0.61643,13.92867,1,0,51,1.532,19.276
23887,955.480,29,-0.57392,13.63774,0,0,0,,
23888,955.520,29,-0.56859,13.61495,0,0,0,,
23889,955.560,29,-0.59660,13.72838,1,0,53,1.504,19.130
23891,955.640,29,-0.56147,13.47157,0,0,0,,
23892,955.680,29,-0.56608,13.40567,0,0,0,,
23893,955.720,29,-0.56068,13.36388,0,0,0,,
23894,955.760,29,-0.56152,13.32032,0,0,0,,
23895,955.800,29,-0.55964,13.26270,0,0,0,,
23896,955.840,29,-0.55280,13.21079,0,0,0,,
23897,955.880,29,-0.55450,13.18180,0,0,0,,
23898,955.920,29,-0.55560,13.10435,0,0,0,,
23899,955.960,29,-0.54962,13.10570,0,0,0,,
23900,956.000,29,-0.54736,13.09421,1,0,39,1.017,13.038
23901,956.040,29,-0.54192,12.99106,0,0,0,,
23902,956.080,29,-0.54642,12.96291,0,0,0,,
23903,956.120,29,-0.54741,12.92059,0,0,0,,
23904,956.160,29,-0.54581,12.86342,0,0,0,,
23905,956.200,29,-0.54887,12.84219,0,0,0,,
23906,956.240,29,-0.53789,12.77768,0,0,0,,
23907,956.280,29,-0.53879,12.74466,0,0,0,,
23908,956.320,29,-0.54019,12.67241,0,0,47,3.528,
23909,956.360,29,-0.51914,12.78890,1,0,51,1.234,16.085
23910,956.400,29,-0.53883,12.60580,0,0,0,,
23911,956.440,29,-0.53920,12.56880,0,0,0,,
23912,956.480,29,-0.53409,12.50514,0,0,0,,
23913,956.520,29,-0.53057,12.47942,0,0,0,,
23914,956.560,29,-0.53454,12.56514,1,40,46,2.091,16.865
23915,956.600,29,-0.53170,12.39226,0,0,0,,
23916,956.640,29,-0.52074,12.32937,0,0,0,,
23917,956.680,29,-0.52258,12.28602,0,0,0,,
23918,956.720,29,-0.52920,12.24385,0,0,0,,
23919,956.760,29,-0.51857,12.22132,0,0,0,,
23920,956.800,29,-0.51790,12.17225,0,0,0,,
23921,956.840,29,-0.51694,12.12514,0,0,0,,
23922,956.880,29,-0.51759,12.09356,0,0,0,,
23923,956.920,29,-0.51461,12.04755,0,0,0,,
23924,956.960,29,-0.50938,11.98860,0,0,0,,
23925,957.000,29,-0.51253,11.94756,0,0,0,,
23926,957.040,29,-0.51187,11.90228,0,0,0,,
23927,957.080,29,-0.51250,11.86703,0,0,0,,
23928,957.120,29,-0.50720,11.76451,0,0,0,,
23929,957.160,29,-0.51156,11.79667,0,0,0,,
23930,957.200,29,-0.50571,11.71663,0,0,0,,
23931,957.240,29,-0.51109,11.69380,0,0,0,,
23932,957.280,29,-0.50067,11.64863,0,0,0,,
23933,957.320,29,-0.50755,11.63653,1,0,30,0.464,9.039
23934,957.360,29,-0.50413,11.58653,1,0,31,0.474,9.437
23935,957.400,29,-0.49931,11.50876,0,0,0,,
23936,957.440,29,-0.49951,11.50070,0,0,0,,
23937,957.480,29,-0.49677,11.47419,1,0,31,0.406,9.093
23938,957.520,29,-0.49164,11.37819,0,0,0,,
23939,957.560,29,-0.48957,11.35944,0,0,0,,
23940,957.600,29,-0.49027,11.34043,0,0,0,,
23941,957.640,29,-0.48920,11.31248,0,0,0,,
23942,957.680,29,-0.48892,11.26634,0,0,0,,
23943,957.720,29,-0.48897,11.20840,0,0,0,,
23944,957.760,29,-0.48352,11.17514,0,0,0,,
23945,957.800,29,-0.45519,10.98427,1,26,0,1.493,16.490
23946,957.840,29,-0.48193,11.09518,0,0,0,,
23947,957.880,29,-0.47048,11.06189,0,0,0,,
23948,957.920,29,-0.47216,11.01990,0,0,0,,
23949,957.960,29,-0.47008,10.97097,0,0,0,,
23950,958.000,29,-0.44899,10.78430,1,27,0,1.519,24.431
23951,958.040,29,-0.47205,10.91304,0,0,0,,
23952,958.080,29,-0.44970,10.71249,1,27,0,1.441,13.977
23953,958.120,29,-0.47336,10.83116,0,0,0,,
23954,958.160,29,-0.46612,10.77433,0,0,0,,
23955,958.200,29,-0.46002,10.74934,0,0,0,,
23956,958.240,29,-0.45923,10.69954,0,0,0,,
23957,958.280,29,-0.45944,10.66405,0,0,0,,
23958,958.320,29,-0.43791,10.48153,1,30,0,1.560,19.653
23959,958.360,29,-0.46654,10.60094,1,0,48,0.462,9.892
23961,958.440,29,-0.45364,10.51341,0,0,0,,
23962,958.480,29,-0.44803,10.46658,0,0,0,,
23963,958.520,29,-0.44243,10.44531,0,0,0,,
23964,958.560,29,-0.45204,10.39264,0,0,0,,
23965,958.600,29,-0.44116,10.35579,0,0,0,,
23966,958.640,29,-0.40441,10.18235,1,34,0,1.753,16.580
23967,958.680,29,-0.40666,10.14387,1,36,0,1.738,16.084
23968,958.720,29,-0.39972,10.10799,1,29,0,1.568,15.475
23969,958.760,29,-0.40591,10.01655,1,37,0,0.695,22.833
23970,958.800,29,-0.43674,10.18212,0,0,0,,
23971,958.840,29,-0.38932,9.99070,1,30,0,1.563,14.238
23972,958.880,29,-0.38857,9.95442,1,29,0,1.541,17.087
23973,958.920,29,-0.42991,10.06025,0,0,0,,
23974,958.960,29,-0.39906,9.88621,1,28,0,1.628,21.206
23975,959.000,29,-0.39163,9.84998,1,34,0,1.852,14.909
23976,959.040,29,-0.39201,9.81354,1,34,0,1.742,15.721
23977,959.080,29,-0.38730,9.78591,1,28,0,1.649,11.303
23978,959.120,29,-0.38779,9.74735,1,28,0,1.608,12.494
23979,959.160,29,-0.39639,9.70560,1,29,0,1.586,12.089
23981,959.240,29,-0.41150,9.77594,0,0,0,,
23982,959.280,29,-0.40569,9.78773,1,0,58,1.217,11.302
23983,959.320,29,-0.40218,9.74564,1,0,58,1.022,10.511
23984,959.360,29,-0.40247,9.69859,1,0,61,0.722,9.836
23986,959.440,29,-0.39499,9.59929,0,31,16,7.918,
23987,959.480,29,-0.39919,9.57111,0,31,15,26.127,
23988,959.520,29,-0.39277,9.53830,0,0,0,,
23989,959.560,29,-0.39144,9.50274,0,0,58,3.064,
23990,959.600,29,-0.39058,9.46384,0,0,0,,
23991,959.640,29,-0.34374,9.50154,1,0,71,1.865,14.792
23992,959.680,29,-0.38889,9.45926,1,0,62,1.169,11.714
23993,959.720,29,-0.39290,9.42543,1,0,64,1.154,12.477
23994,959.760,29,-0.38150,9.32828,0,0,0,,
23995,959.800,29,-0.37836,9.28920,0,0,0,,
23996,959.840,29,-0.38128,9.25569,0,0,0,,
23997,959.880,29,-0.37646,9.22399,0,0,50,3.879,
23998,959.920,29,-0.37078,9.19256,0,0,20,16.341,
23999,959.960,29,-0.37076,9.15642,0,0,52,4.858,
24000,960.000,29,-0.36972,9.11730,0,0,0,,
24001,960.040,29,-0.36567,9.07993,0,0,0,,
24002,960.080,29,-0.36456,9.05894,0,0,0,,
24003,960.120,29,-0.36377,9.03461,0,0,47,2.534,
24004,960.160,29,-0.35846,8.97785,0,0,0,,
24005,960.200,29,-0.35252,8.95023,0,0,0,,
24007,960.280,29,-0.35891,8.94380,1,0,64,1.227,13.077
24008,960.320,29,-0.36207,8.90607,1,0,72,1.263,11.801
24009,960.360,29,-0.34113,8.83444,0,0,0,,
24010,960.400,29,-0.33445,8.85873,1,0,58,0.791,14.852
24011,960.440,29,-0.33220,8.84937,1,0,59,1.798,14.812
24012,960.480,29,-0.33690,8.73848,0,0,0,,
24013,960.520,29,-0.32872,8.76098,1,0,63,1.227,13.475
24014,960.560,29,-0.33291,8.66694,0,0,0,,
24015,960.600,29,-0.32474,8.70048,1,0,66,1.198,13.221
24016,960.640,29,-0.32793,8.60183,0,0,0,,
24017,960.680,29,-0.32719,8.56157,0,0,0,,
24018,960.720,29,-0.30093,8.62328,1,0,59,2.147,15.003
24019,960.760,29,-0.32552,8.47343,0,0,0,,
24020,960.800,29,-0.33788,8.51585,1,0,72,1.363,10.299
24022,960.880,29,-0.27748,8.24335,1,37,0,0.725,15.458
24023,960.920,29,-0.31523,8.38787,0,32,20,5.855,
24024,960.960,29,-0.28386,8.21449,1,31,0,1.787,21.057
24025,961.000,29,-0.28370,8.17160,1,32,0,1.801,14.787
24026,961.040,29,-0.30720,8.33264,1,34,63,0.931,11.466
24027,961.080,29,-0.30520,8.31054,0,31,21,10.064,
24028,961.120,29,-0.29599,8.27256,1,25,72,1.344,10.894
24032,961.280,29,-0.28794,8.12372,0,31,28,15.127,
24033,961.320,29,-0.28091,8.15688,1,31,72,2.201,12.568
24034,961.360,29,-0.27702,8.06201,1,32,72,2.006,11.002
24035,961.400,29,-0.27679,8.03509,1,32,72,1.937,10.917
24036,961.440,29,-0.27903,7.99998,1,34,72,1.700,9.413
24037,961.480,29,-0.27237,7.98403,1,35,72,1.574,8.567
24420,976.800,39,-0.10320,33.35343,1,24,0,0.323,8.793
24421,976.840,39,-0.10488,33.35335,0,223,0,29.362,
24423,976.920,39,-0.10699,33.10755,0,193,0,30.654,
24424,976.960,39,-0.11309,32.96963,0,237,0,29.912,
24425,977.000,39,-0.11516,32.91764,0,219,0,29.009,
24426,977.040,39,-0.12459,32.96501,0,215,0,31.082,
24429,977.160,39,-0.13070,32.53129,0,311,0,29.312,
24430,977.200,39,-0.13870,32.45129,0,188,0,27.671,
24431,977.240,39,-0.14050,32.31476,0,257,0,29.280,
24432,977.280,39,-0.16128,32.32753,0,0,0,,
24433,977.320,39,-0.13966,32.23868,0,252,0,31.150,
24434,977.360,39,-0.15135,32.11339,0,607,0,69.414,
24435,977.400,39,-0.15093,32.04387,0,243,0,29.162,
24436,977.440,39,-0.15050,32.03665,0,364,0,26.042,
24437,977.480,39,-0.17085,31.86744,0,270,0,25.691,
24438,977.520,39,-0.15686,31.88475,0,598,0,45.693,
24439,977.560,39,-0.16640,31.89864,0,153,0,16.950,
24441,977.640,39,-0.17541,31.68733,0,311,0,27.237,
24442,977.680,39,-0.17934,31.47378,0,303,0,25.910,
24443,977.720,39,-0.19952,31.47232,0,269,0,27.819,
24444,977.760,39,-0.20470,31.32323,0,240,0,26.643,
24445,977.800,39,-0.20467,31.30435,0,316,0,29.210,
24446,977.840,39,-0.21469,31.07288,0,244,0,26.727,
24447,977.880,39,-0.19564,31.07935,0,309,0,27.025,
24448,977.920,39,-0.20866,30.88791,0,252,0,31.096,
24449,977.960,39,-0.20406,30.68320,0,248,0,30.090,
24450,978.000,39,-0.20136,30.67879,0,276,0,30.573,
24451,978.040,39,-0.22090,30.67831,0,275,0,30.916,
24452,978.080,39,-0.23388,30.48576,0,29,0,2.021,
24453,978.120,39,-0.21970,30.45904,0,245,0,30.832,
24454,978.160,39,-0.23319,30.51274,0,267,0,31.010,
24455,978.200,39,-0.23367,30.52282,0,268,0,32.518,
24456,978.240,39,-0.22799,30.28352,0,29,0,1.866,
24457,978.280,39,-0.22704,30.26793,0,266,0,28.702,
24458,978.320,39,-0.23889,30.11674,0,240,0,27.208,
24459,978.360,39,-0.24006,30.15459,0,326,0,30.145,
24460,978.400,39,-0.24083,30.11301,0,34,0,2.004,
24461,978.440,39,-0.24887,29.94894,0,244,0,25.736,
24462,978.480,39,-0.24686,29.81335,0,227,0,27.335,
24463,978.520,39,-0.26189,29.74814,0,261,0,31.464,
24464,978.560,39,-0.25481,29.74403,0,246,0,29.899,
24465,978.600,39,-0.26533,29.56663,0,30,0,1.792,
24466,978.640,39,-0.26585,29.56288,0,28,0,1.658,
24467,978.680,39,-0.26631,29.40001,0,29,0,1.627,
24468,978.720,39,-0.26179,29.41469,0,25,0,1.717,
24469,978.760,39,-0.28155,29.23610,0,26,18,34.568,
24470,978.800,39,-0.27034,29.20394,0,26,0,1.716,
24471,978.840,39,-0.29461,29.02850,0,25,0,3.027,
24472,978.880,39,-0.28079,29.05234,0,308,0,28.301,
24473,978.920,39,-0.29032,28.95142,0,25,0,1.531,
24474,978.960,39,-0.29022,28.85440,0,25,0,1.545,
24475,979.000,39,-0.29541,28.78569,0,22,0,1.389,
24476,979.040,39,-0.28893,28.70986,0,25,0,1.512,
24477,979.080,39,-0.28927,28.69202,0,25,0,1.498,
24478,979.120,39,-0.31151,28.54360,0,24,0,1.378,
24479,979.160,39,-0.30099,28.48072,0,353,0,29.718,
24480,979.200,39,-0.30391,28.34431,0,18,0,0.657,
24481,979.240,39,-0.29794,28.34324,0,0,0,,
24482,979.280,39,-0.30430,28.16703,0,0,0,,
24483,979.320,39,-0.30761,28.14618,0,0,0,,
24484,979.360,39,-0.30750,28.00234,0,0,0,,
24485,979.400,39,-0.32037,28.03050,0,0,0,,
24486,979.440,39,-0.31764,27.85630,0,0,0,,
24487,979.480,39,-0.33702,27.86925,0,293,0,31.241,
24488,979.520,39,-0.34510,27.72137,0,284,0,29.406,
24489,979.560,39,-0.33055,27.69371,0,302,0,28.847,
24490,979.600,39,-0.31995,27.55014,0,304,0,29.255,
24491,979.640,39,-0.34085,27.51317,1,32,0,0.845,8.793
24492,979.680,39,-0.34529,27.41158,1,33,0,0.789,8.793
24493,979.720,39,-0.35014,27.33835,1,30,0,0.766,8.793
24494,979.760,39,-0.35054,27.27257,1,30,0,0.753,8.793
24495,979.800,39,-0.35939,27.18254,1,30,0,0.788,8.793
24496,979.840,39,-0.34502,27.07796,1,29,0,0.712,8.793
24497,979.880,39,-0.35921,27.03769,1,31,39,0.541,12.658
24498,979.920,39,-0.36272,27.02162,1,31,0,0.728,15.218
24499,979.960,39,-0.36679,26.88054,1,28,0,0.763,15.133
24500,980.000,39,-0.38623,26.76535,0,322,0,30.706,
24501,980.040,39,-0.40082,26.66080,0,303,0,29.445,
24502,980.080,39,-0.38763,26.74746,0,319,0,31.354,
24503,980.120,39,-0.37809,26.57546,0,294,0,30.317,
24504,980.160,39,-0.38978,26.44090,0,299,0,30.689,
24505,980.200,39,-0.38419,26.46156,0,0,0,,
24506,980.240,39,-0.38626,26.39927,0,0,0,,
24507,980.280,39,-0.38951,26.27639,0,0,0,,
24508,980.320,39,-0.39973,26.16299,0,0,0,,
24509,980.360,39,-0.39301,26.13364,0,0,0,,
24510,980.400,39,-0.39518,26.09804,0,22,0,2.892,
24511,980.440,39,-0.40075,25.97840,0,22,0,2.845,
24512,980.480,39,-0.40041,25.85445,0,24,0,3.206,
24513,980.520,39,-0.40328,25.83104,0,24,0,3.534,
24514,980.560,39,-0.40102,25.76102,0,25,0,3.543,
24515,980.600,39,-0.40274,25.68867,0,0,0,,
24516,980.640,39,-0.40389,25.56615,1,32,0,0.671,34.292
24517,980.680,39,-0.43847,25.53599,1,33,0,0.637,349.063
24518,980.720,39,-0.43148,25.41402,1,34,0,0.801,8.793
24519,980.760,39,-0.42409,25.38466,1,32,0,0.812,32.090
24520,980.800,39,-0.42751,25.26047,1,35,0,0.790,8.793
24521,980.840,39,-0.43547,25.22872,1,34,0,0.831,8.793
24522,980.880,39,-0.43628,25.13278,1,35,0,0.785,8.793
24523,980.920,39,-0.43758,25.08118,1,37,0,0.847,20.906
24524,980.960,39,-0.43310,24.97893,1,35,0,0.783,8.793
24525,981.000,39,-0.43747,24.96301,1,39,0,0.777,8.793
24526,981.040,39,-0.43781,24.83861,1,38,0,0.758,8.793
24527,981.080,39,-0.44864,24.78899,1,39,0,0.777,8.793
24528,981.120,39,-0.44781,24.70272,1,36,0,0.734,8.793
24529,981.160,39,-0.43936,24.58209,1,39,0,0.761,8.793
24530,981.200,39,-0.44911,24.55568,1,40,0,0.808,8.793
24531,981.240,39,-0.45185,24.49788,1,39,0,0.846,8.793
24532,981.280,39,-0.45619,24.41097,1,40,0,0.805,8.793
24533,981.320,39,-0.46289,24.34588,1,39,0,0.902,8.793
24534,981.360,39,-0.45988,24.28016,1,21,0,0.891,20.839
24535,981.400,39,-0.45685,24.19616,1,21,0,0.770,8.793
24536,981.440,39,-0.46394,24.14548,1,40,0,0.690,8.793
24537,981.480,39,-0.45701,24.07011,1,21,0,0.874,8.793
24538,981.520,39,-0.47011,23.97445,1,21,0,0.815,8.793
24539,981.560,39,-0.46014,23.91942,1,21,0,0.881,8.793
24540,981.600,39,-0.47215,23.83485,1,22,0,0.887,8.793
24541,981.640,39,-0.47493,23.76697,1,22,0,0.784,8.793
24542,981.680,39,-0.46984,23.70303,1,22,0,0.822,8.793
24543,981.720,39,-0.47271,23.64089,1,40,0,0.828,8.793
24544,981.760,39,-0.47967,23.55202,1,32,0,0.760,8.793
24545,981.800,39,-0.48014,23.47874,1,22,0,0.878,8.793
24546,981.840,39,-0.48520,23.35481,1,33,19,0.580,13.924
24547,981.880,39,-0.48527,23.34286,1,21,0,0.751,8.793
24548,981.920,39,-0.49375,23.27662,1,22,0,0.884,8.793
24549,981.960,39,-0.48444,23.18077,1,22,0,0.700,8.793
24550,982.000,39,-0.49104,23.13716,1,22,0,0.811,8.793
24551,982.040,39,-0.49421,23.04567,1,40,0,0.778,8.793
24552,982.080,39,-0.49592,22.95207,1,21,0,0.862,8.793
24553,982.120,39,-0.49431,22.91424,1,32,0,0.645,8.793
24554,982.160,39,-0.49484,22.83357,1,21,0,0.815,19.472
24555,982.200,39,-0.50276,22.77185,1,21,0,0.747,8.793
24556,982.240,39,-0.50421,22.69314,1,22,0,0.813,8.793
24557,982.280,39,-0.50386,22.61648,1,21,0,0.790,8.793
24558,982.320,39,-0.49678,22.56388,1,21,0,0.669,8.793
24559,982.360,39,-0.49723,22.46021,1,22,0,0.794,8.793
24560,982.400,39,-0.50312,22.41354,1,21,0,0.727,21.786
24561,982.440,39,-0.51300,22.25714,1,21,39,0.552,20.864
24562,982.480,39,-0.51760,22.20962,1,35,0,0.744,8.793
24563,982.520,39,-0.50616,22.24173,1,21,0,0.499,8.793
24564,982.560,39,-0.51111,22.10909,1,21,0,0.801,8.793
24565,982.600,39,-0.51713,22.08295,1,22,0,0.788,22.878
24566,982.640,39,-0.51748,21.99154,1,39,0,0.863,8.793
24567,982.680,39,-0.51994,21.97948,1,40,0,0.838,8.793
24568,982.720,39,-0.51984,21.85249,1,38,0,0.696,8.793
24569,982.760,39,-0.51187,21.78117,1,39,29,0.748,10.669
24570,982.800,39,-0.52654,21.75429,1,37,0,0.819,8.793
24571,982.840,39,-0.53299,21.62389,1,37,0,0.818,8.793
24572,982.880,39,-0.51821,21.54888,1,36,0,0.929,8.793
24573,982.920,39,-0.52963,21.48648,1,37,0,0.805,8.793
24574,982.960,39,-0.52756,21.42157,1,36,0,0.869,8.793
24575,983.000,39,-0.53663,21.37951,1,38,0,0.794,8.793
24576,983.040,39,-0.52912,21.32743,1,37,0,0.791,8.793
24577,983.080,39,-0.53580,21.20158,1,37,15,0.733,15.697
24578,983.120,39,-0.53601,21.21700,1,35,0,0.835,8.793
24579,983.160,39,-0.53689,21.06823,1,35,0,0.683,8.793
24580,983.200,39,-0.54182,21.08175,1,36,0,0.867,8.793
24581,983.240,39,-0.53872,20.95262,1,35,14,0.608,9.062
24582,983.280,39,-0.53162,20.89631,1,38,21,0.736,11.224
24583,983.320,39,-0.54758,20.87967,1,37,0,0.797,8.793
24584,983.360,39,-0.54697,20.79018,1,37,0,0.830,8.793
24585,983.400,39,-0.54026,20.67848,1,38,0,0.883,8.793
24586,983.440,39,-0.54769,20.65690,1,37,0,0.883,8.793
24587,983.480,39,-0.54488,20.56624,1,37,31,0.626,10.357
24588,983.520,39,-0.54759,20.46306,1,21,0,0.788,11.648
24589,983.560,39,-0.55116,20.42363,1,21,0,0.655,8.793
24590,983.600,39,-0.55149,20.36098,1,37,28,0.773,11.697
24591,983.640,39,-0.54925,20.29939,1,40,33,0.626,8.827
24592,983.680,39,-0.55760,20.23520,1,21,0,0.829,12.060
24593,983.720,39,-0.55968,20.16310,1,40,22,0.834,11.196
24594,983.760,39,-0.55059,20.09191,1,21,0,0.869,9.623
24595,983.800,39,-0.56051,20.02946,1,21,0,0.776,8.793
24596,983.840,39,-0.56084,19.99722,1,22,45,0.559,14.294
24597,983.880,39,-0.56209,19.93280,1,23,37,0.680,13.528
24598,983.920,39,-0.55630,19.85788,1,22,32,0.603,11.061
24599,983.960,39,-0.56455,19.80140,1,25,30,0.770,13.210
24600,984.000,39,-0.56899,19.73446,1,24,43,0.704,15.837
24601,984.040,39,-0.56703,19.64620,1,23,39,0.641,13.019
24602,984.080,39,-0.56892,19.65520,1,25,0,0.910,12.870
24603,984.120,39,-0.56576,19.57952,1,23,0,0.819,20.423
24604,984.160,39,-0.57010,19.48918,1,25,38,0.721,17.957
24605,984.200,39,-0.56458,19.41264,1,25,41,0.808,15.065
24606,984.240,39,-0.56526,19.34061,1,24,41,0.679,15.401
24607,984.280,39,-0.57410,19.31970,1,22,0,0.959,18.614
24608,984.320,39,-0.56710,19.21336,1,25,44,0.723,13.692
24609,984.360,39,-0.57326,19.17916,1,25,0,0.905,13.556
24610,984.400,39,-0.55853,19.15110,1,25,0,0.609,16.274
24611,984.440,39,-0.56833,19.02816,1,25,31,0.838,14.206
24612,984.480,39,-0.57904,19.00478,1,26,0,0.973,12.977
24613,984.520,39,-0.57890,18.92759,1,25,26,0.720,15.716
24614,984.560,39,-0.57750,18.89365,1,25,0,0.917,20.721
24615,984.600,39,-0.57708,18.82425,1,26,0,0.956,12.509
24616,984.640,39,-0.57403,18.74844,1,27,0,0.956,8.793
24617,984.680,39,-0.58243,18.69179,1,26,0,0.938,8.793
24618,984.720,39,-0.57407,18.60700,1,27,26,0.811,13.449
24619,984.760,39,-0.58573,18.55995,1,27,21,0.755,16.786
24620,984.800,39,-0.57542,18.49347,1,27,0,0.836,8.793
24621,984.840,39,-0.57271,18.41149,1,25,39,0.639,16.762
24622,984.880,39,-0.57172,18.35182,1,27,36,0.698,17.341
24623,984.920,39,-0.57776,18.28685,1,27,29,0.677,15.335
24624,984.960,39,-0.57723,18.23687,1,27,23,0.730,14.255
24625,985.000,39,-0.58272,18.17247,1,27,25,0.781,14.740
24626,985.040,39,-0.59109,18.10139,1,27,31,0.629,14.004
24627,985.080,39,-0.58155,18.04271,1,26,45,0.676,15.718
24628,985.120,39,-0.57717,17.98090,1,26,31,0.658,17.649
24629,985.160,39,-0.58098,17.90783,1,23,49,0.821,17.011
24630,985.200,39,-0.58415,17.83589,1,25,42,0.727,14.225
24631,985.240,39,-0.58492,17.80010,1,26,51,0.608,17.509
24632,985.280,39,-0.58241,17.72561,1,26,52,0.601,16.010
24633,985.320,39,-0.58529,17.67366,1,26,63,0.720,17.713
24634,985.360,39,-0.58477,17.58972,1,25,47,0.792,15.336
24635,985.400,39,-0.58836,17.54620,1,26,47,0.809,17.301
24636,985.440,39,-0.58365,17.47763,1,25,48,0.720,15.394
24637,985.480,39,-0.57934,17.42993,1,26,48,0.722,15.476
24638,985.520,39,-0.58160,17.36101,1,26,48,0.668,15.320
24639,985.560,39,-0.58392,17.30216,1,27,55,0.820,16.346
24640,985.600,39,-0.58307,17.23474,1,25,45,0.750,14.666
24641,985.640,39,-0.58750,17.18025,1,25,50,0.589,17.660
24642,985.680,39,-0.58421,17.10600,1,25,51,0.658,17.115
24643,985.720,39,-0.59031,17.05434,1,24,51,0.678,18.399
24644,985.760,39,-0.58508,16.99114,1,23,56,0.728,17.729
24645,985.800,39,-0.58541,16.92372,1,25,55,0.710,16.787
24646,985.840,39,-0.58419,16.86367,1,24,53,0.682,16.863
24647,985.880,39,-0.58642,16.81640,1,24,51,0.794,15.196
24648,985.920,39,-0.58769,16.74956,1,23,55,0.741,15.389
24649,985.960,39,-0.59110,16.68507,1,21,48,0.754,14.666
24650,986.000,39,-0.58560,16.61232,1,24,55,0.636,16.026
24651,986.040,39,-0.58089,16.55991,1,23,60,0.736,13.574
24652,986.080,39,-0.58316,16.44894,1,23,72,0.784,11.899
24653,986.120,39,-0.58670,16.41964,1,23,58,0.798,13.421
24654,986.160,39,-0.58238,16.33249,1,23,72,0.751,11.266
24655,986.200,39,-0.58431,16.28888,1,23,63,0.705,12.518
24656,986.240,39,-0.58748,16.22001,1,22,61,0.677,12.415
24657,986.280,39,-0.58527,16.16221,1,24,72,0.667,11.444
24658,986.320,39,-0.58616,16.10731,1,24,63,0.733,11.207
24659,986.360,39,-0.58681,16.05122,1,23,64,0.761,12.067
24660,986.400,39,-0.58899,15.98090,1,23,64,0.764,11.656
24661,986.440,39,-0.58440,15.95417,1,25,53,0.804,13.791
24662,986.480,39,-0.58381,15.87433,1,24,72,0.764,11.186
24663,986.520,39,-0.58106,15.82661,1,24,61,0.786,13.553
24664,986.560,39,-0.57758,15.79987,1,23,54,0.633,16.620
24665,986.600,39,-0.57733,15.73292,1,24,55,0.709,16.322
24666,986.640,39,-0.58251,15.68840,1,24,60,0.620,16.848
24667,986.680,39,-0.58141,15.64736,1,26,56,0.834,16.466
24668,986.720,39,-0.58370,15.57730,1,25,56,0.802,15.395
24669,986.760,39,-0.58193,15.53130,1,24,58,0.672,16.881
24670,986.800,39,-0.58094,15.46143,1,24,57,0.694,16.588
24671,986.840,39,-0.58304,15.40109,1,26,64,0.906,15.317
24672,986.880,39,-0.58240,15.35321,1,26,57,0.813,16.781
24673,986.920,39,-0.57626,15.30184,1,26,59,0.705,17.388
24674,986.960,39,-0.57649,15.25120,1,28,59,0.594,17.136
24675,987.000,39,-0.57993,15.17879,1,29,62,0.763,16.860
24676,987.040,39,-0.57797,15.13137,1,27,63,0.738,16.176
24677,987.080,39,-0.58156,15.05826,1,25,63,0.756,17.065
24678,987.120,39,-0.58052,14.99592,1,29,59,0.961,14.891
24679,987.160,39,-0.57902,14.96139,1,29,67,0.778,18.279
24680,987.200,39,-0.57932,14.89820,1,30,53,0.796,15.482
24681,987.240,39,-0.57718,14.85090,1,30,57,0.779,16.948
24682,987.280,39,-0.57141,14.79414,1,30,57,0.651,16.335
24683,987.320,39,-0.57327,14.74348,1,31,65,0.724,16.670
24684,987.360,39,-0.57511,14.69167,1,30,63,0.821,15.614
24685,987.400,39,-0.57265,14.63802,1,30,64,0.748,16.523
24686,987.440,39,-0.57402,14.56947,1,30,55,0.853,14.932
24687,987.480,39,-0.57851,14.52783,1,28,65,0.793,16.018
24688,987.520,39,-0.57202,14.46141,1,31,59,0.706,15.871
24689,987.560,39,-0.57481,14.42760,1,33,62,0.608,17.294
24690,987.600,39,-0.56987,14.35444,1,33,47,0.879,14.501
24691,987.640,39,-0.55806,14.30376,1,32,62,0.543,16.662
24692,987.680,39,-0.56740,14.25594,1,32,62,0.627,16.658
24693,987.720,39,-0.57182,14.21226,1,33,51,0.767,15.267
24694,987.760,39,-0.57140,14.15019,1,27,47,0.688,16.158
24695,987.800,39,-0.56798,14.09866,1,33,51,0.658,16.805
24696,987.840,39,-0.55987,14.04330,1,34,54,0.502,16.866
24697,987.880,39,-0.56848,13.99198,1,34,57,0.685,16.002
24698,987.920,39,-0.56480,13.92816,1,33,56,0.709,16.808
24699,987.960,39,-0.56711,13.87651,1,35,56,0.729,18.033
24700,988.000,39,-0.56572,13.81660,1,28,42,0.914,14.047
24701,988.040,39,-0.56443,13.77444,1,28,61,0.691,17.382
24702,988.080,39,-0.56142,13.72342,1,32,56,0.629,16.921
24703,988.120,39,-0.55411,13.67364,1,35,56,0.477,16.717
24704,988.160,39,-0.55878,13.61144,1,35,56,0.696,15.880
24705,988.200,39,-0.56040,13.56190,1,34,56,0.645,17.402
24706,988.240,39,-0.56129,13.50084,1,28,64,0.666,15.892
24707,988.280,39,-0.56003,13.45547,1,29,59,0.667,17.274
24708,988.320,39,-0.56285,13.40143,1,29,62,0.668,17.911
24709,988.360,39,-0.56034,13.34629,1,32,62,0.752,16.297
24710,988.400,39,-0.55574,13.29460,1,32,65,0.678,16.710
24711,988.440,39,-0.55694,13.24565,1,34,61,0.717,17.771
24712,988.480,39,-0.54735,13.20601,1,34,55,0.599,15.409
24713,988.520,39,-0.55356,13.12637,1,29,68,1.038,15.200
24714,988.560,39,-0.55414,13.03660,1,30,58,0.827,10.849
24715,988.600,39,-0.54873,13.02847,1,28,65,0.658,15.305
24716,988.640,39,-0.54961,12.94171,1,30,63,1.068,11.989
24717,988.680,39,-0.54678,12.93712,1,33,62,0.946,14.954
24718,988.720,39,-0.54897,12.85273,1,28,56,0.952,12.250
24719,988.760,39,-0.54160,12.84338,1,34,61,0.780,15.197
24720,988.800,39,-0.54514,12.76903,1,33,59,0.925,12.846
24721,988.840,39,-0.54589,12.70478,1,29,64,1.089,13.761
24722,988.880,39,-0.53716,12.67246,1,33,58,1.032,15.233
24723,988.920,39,-0.54082,12.61125,1,31,59,0.961,13.730
24724,988.960,39,-0.53818,12.55568,1,29,59,1.060,12.732
24725,989.000,39,-0.53621,12.50068,1,29,66,1.033,12.590
24726,989.040,39,-0.53843,12.45121,1,31,63,1.071,12.262
24727,989.080,39,-0.53609,12.40692,1,31,66,1.069,12.637
24728,989.120,39,-0.53529,12.35102,1,32,62,1.045,11.714
24729,989.160,39,-0.53132,12.30190,1,35,62,1.087,12.635
24730,989.200,39,-0.53120,12.23581,1,33,59,1.050,11.383
24731,989.240,39,-0.53296,12.17603,1,31,61,0.928,10.782
24732,989.280,39,-0.52454,12.12711,1,32,58,0.853,9.902
24733,989.320,39,-0.52867,12.08491,1,30,60,0.932,11.170
24734,989.360,39,-0.52952,12.02159,1,30,58,0.820,10.716
24735,989.400,39,-0.52944,11.97883,1,30,61,0.797,10.672
24736,989.440,39,-0.52713,11.92726,1,30,64,0.663,9.548
24737,989.480,39,-0.52305,11.87888,1,33,55,0.751,9.612
24738,989.520,39,-0.52048,11.83924,1,32,55,0.834,10.466
24739,989.560,39,-0.52157,11.78260,1,31,55,0.799,10.284
24740,989.600,39,-0.51955,11.74210,1,31,58,0.800,9.762
24741,989.640,39,-0.51867,11.69278,1,32,55,0.731,9.947
24742,989.680,39,-0.51518,11.64180,1,30,57,0.728,9.952
24743,989.720,39,-0.51485,11.59309,1,36,57,0.746,9.318
24744,989.760,39,-0.51454,11.53768,1,32,57,0.712,9.866
24745,989.800,39,-0.51326,11.49990,1,32,54,0.728,9.375
24746,989.840,39,-0.51119,11.45308,1,35,66,0.763,9.750
24747,989.880,39,-0.51146,11.40954,1,34,62,0.794,10.199
24748,989.920,39,-0.51005,11.36279,1,34,58,0.793,9.410
24749,989.960,39,-0.50784,11.31046,1,35,57,0.691,9.441
24750,990.000,39,-0.50191,11.26729,1,33,68,0.899,10.855
24751,990.040,39,-0.50563,11.22864,1,36,67,0.921,10.011
24752,990.080,39,-0.50496,11.17733,1,32,61,0.887,10.090
24753,990.120,39,-0.50218,11.14530,1,33,64,1.024,10.380
24754,990.160,39,-0.50118,11.10258,1,34,66,1.114,10.531
24755,990.200,39,-0.49876,11.03433,1,33,65,0.966,11.293
24756,990.240,39,-0.49833,11.00682,1,32,67,1.135,11.401
24757,990.280,39,-0.49432,10.96713,1,33,67,1.112,11.044
24758,990.320,39,-0.49156,10.90765,1,33,63,1.086,11.927
24759,990.360,39,-0.49214,10.88515,1,33,67,1.202,11.878
24760,990.400,39,-0.48755,10.82864,1,33,67,1.194,11.908
24761,990.440,39,-0.48800,10.78598,1,35,68,1.229,11.989
24762,990.480,39,-0.48619,10.73866,1,34,68,1.215,12.460
24763,990.520,39,-0.48516,10.69251,1,34,69,1.240,12.407
24764,990.560,39,-0.48343,10.64979,1,32,68,1.180,12.701
24765,990.600,39,-0.48209,10.61470,1,37,67,1.182,12.493
24766,990.640,39,-0.47756,10.55579,1,36,71,1.288,12.595
24767,990.680,39,-0.47724,10.52553,1,34,69,1.236,14.000
24768,990.720,39,-0.47534,10.47704,1,36,70,1.242,13.042
24769,990.760,39,-0.47275,10.43265,1,41,68,1.216,12.881
24770,990.800,39,-0.46997,10.40076,1,36,69,0.966,15.528
24771,990.840,39,-0.46783,10.33856,1,37,71,1.236,12.770
24772,990.880,39,-0.46843,10.25752,1,34,72,0.922,9.963
24773,990.920,39,-0.46623,10.26436,1,36,68,1.193,13.723
24774,990.960,39,-0.46443,10.21059,1,37,68,1.160,13.101
24775,991.000,39,-0.46134,10.16210,1,36,70,1.208,13.049
24776,991.040,39,-0.45928,10.13538,1,35,68,0.973,14.362
24777,991.080,39,-0.45718,10.05679,1,35,72,1.229,11.149
24778,991.120,39,-0.45470,10.03305,1,36,71,1.195,12.511
24779,991.160,39,-0.46018,9.99838,1,36,65,0.974,14.360
24780,991.200,39,-0.44985,9.90268,1,35,72,0.818,10.047
24781,991.240,39,-0.44929,9.88725,1,40,72,1.192,11.473
24782,991.280,39,-0.44992,9.87323,1,42,62,1.049,14.632
24783,991.320,39,-0.44412,9.82165,1,36,71,1.193,12.854
24784,991.360,39,-0.44458,9.79287,1,44,64,1.036,15.024
24785,991.400,39,-0.43810,9.73595,1,36,62,0.940,14.880
24786,991.440,39,-0.43954,9.69003,1,42,65,1.148,14.153
24787,991.480,39,-0.43851,9.66068,1,41,64,0.929,15.190
24788,991.520,39,-0.43462,9.55671,1,37,62,0.725,9.514
24789,991.560,39,-0.43486,9.51818,1,38,64,0.855,9.517
24790,991.600,39,-0.43227,9.48319,1,41,72,1.217,9.661
24791,991.640,39,-0.42847,9.43314,1,35,62,0.867,9.652
24792,991.680,39,-0.42746,9.39881,1,37,66,0.988,9.410
24793,991.720,39,-0.42732,9.35116,1,35,64,0.916,9.767
24794,991.760,39,-0.42294,9.31732,1,43,63,0.981,9.915
24795,991.800,39,-0.41949,9.27560,1,41,67,0.944,9.556
24796,991.840,39,-0.42012,9.23610,1,39,72,0.908,9.519
24797,991.880,39,-0.41661,9.19289,1,35,72,0.864,9.645
24798,991.920,39,-0.41442,9.15390,1,37,70,0.969,9.736
24799,991.960,39,-0.41131,9.11283,1,39,72,0.966,9.417
24800,992.000,39,-0.41206,9.10474,1,36,72,1.237,12.973
24801,992.040,39,-0.40658,9.02436,1,38,69,1.030,9.838
24802,992.080,39,-0.40497,9.00628,1,37,72,1.256,11.108
24803,992.120,39,-0.40403,8.98290,1,38,72,1.233,12.883
24804,992.160,39,-0.40073,8.95032,1,38,72,1.149,14.372
24805,992.200,39,-0.40073,8.90707,1,38,72,1.076,14.440
24806,992.240,39,-0.39759,8.86377,1,35,72,0.984,13.988
24807,992.280,39,-0.39205,8.81863,1,37,72,1.200,13.489
24808,992.320,39,-0.39107,8.77970,1,39,72,1.071,13.798
24809,992.360,39,-0.38851,8.74079,1,38,72,1.013,14.341
24810,992.400,39,-0.38626,8.69923,1,38,72,1.127,13.530
24811,992.440,39,-0.38403,8.63929,1,40,72,1.194,11.550
24812,992.480,39,-0.38226,8.59849,1,40,72,1.117,11.629
24813,992.520,39,-0.38461,8.50004,0,294,0,62.198,
24814,992.560,39,-0.37894,8.46527,0,285,0,62.042,
24815,992.600,39,-0.37390,8.45189,0,285,0,62.031,
24816,992.640,39,-0.37361,8.41063,0,289,0,62.267,
24817,992.680,39,-0.37327,8.39002,0,264,0,58.685,
24820,992.800,39,-0.35690,8.30177,1,22,72,1.187,12.516
24821,992.840,39,-0.35826,8.27091,1,22,72,1.325,12.196
24822,992.880,39,-0.35172,8.23552,1,25,72,1.547,12.461
24824,992.960,39,-0.34777,8.16990,1,31,72,2.031,12.382
24825,993.000,39,-0.34973,8.09785,1,31,72,2.388,12.212
24826,993.040,39,-0.34107,8.02613,1,30,72,1.921,10.123
24827,993.080,39,-0.34176,7.99897,1,36,72,1.778,8.658
24828,993.120,39,-0.34182,7.91801,0,265,0,58.543,
25140,1005.600,44,-0.13265,33.48519,0,20,0,1.062,
25141,1005.640,44,-0.13483,33.36468,0,686,0,47.346,
25142,1005.680,44,-0.13455,33.43035,0,701,0,47.051,
25143,1005.720,44,-0.13449,33.31344,0,712,0,44.132,
25144,1005.760,44,-0.15250,33.14766,0,217,0,31.530,
25145,1005.800,44,-0.15455,33.14978,0,730,0,46.270,
25146,1005.840,44,-0.15652,32.95809,0,721,0,44.622,
25147,1005.880,44,-0.15848,32.92875,0,734,0,46.681,
25148,1005.920,44,-0.16282,32.89532,0,740,0,44.964,
25149,1005.960,44,-0.16468,32.70367,0,751,0,47.041,
25150,1006.000,44,-0.17524,32.71183,0,210,0,29.490,
25151,1006.040,44,-0.17350,32.56574,0,230,0,31.468,
25152,1006.080,44,-0.18700,32.50268,0,750,0,46.235,
25153,1006.120,44,-0.17074,32.34179,0,0,0,,
25154,1006.160,44,-0.19408,32.28475,0,221,0,29.364,
25155,1006.200,44,-0.18617,32.32546,0,219,0,29.935,
25156,1006.240,44,-0.19681,32.13473,0,232,0,30.861,
25157,1006.280,44,-0.18674,32.08173,0,249,0,31.579,
25158,1006.320,44,-0.18435,32.10694,0,226,0,31.478,
25159,1006.360,44,-0.19096,32.02611,0,225,0,31.793,
25160,1006.400,44,-0.21800,31.91155,0,216,0,29.626,
25161,1006.440,44,-0.21754,31.90516,0,252,0,31.384,
25162,1006.480,44,-0.20546,31.72578,0,319,0,28.919,
25163,1006.520,44,-0.21720,31.67051,0,286,0,30.811,
25164,1006.560,44,-0.22088,31.46086,0,246,0,28.520,
25165,1006.600,44,-0.21562,31.53790,0,260,0,29.038,
25167,1006.680,44,-0.22765,31.34599,0,269,0,31.257,
25168,1006.720,44,-0.24692,31.13390,0,198,0,30.845,
25169,1006.760,44,-0.24267,31.11766,0,277,0,30.598,
25170,1006.800,44,-0.25297,30.88577,0,266,0,31.542,
25171,1006.840,44,-0.24665,30.69911,0,265,0,30.812,
25172,1006.880,44,-0.25797,30.70491,0,290,0,30.722,
25173,1006.920,44,-0.26525,30.71224,0,262,0,30.657,
25174,1006.960,44,-0.27169,30.49788,0,248,0,28.677,
25175,1007.000,44,-0.27417,30.51856,0,253,0,31.647,
25176,1007.040,44,-0.27260,30.50784,0,251,0,30.970,
25177,1007.080,44,-0.28244,30.49176,0,272,0,31.567,
25178,1007.120,44,-0.27382,30.35482,0,260,0,31.975,
25179,1007.160,44,-0.28343,30.34066,0,276,0,31.373,
25180,1007.200,44,-0.28830,30.15689,0,253,0,29.530,
25181,1007.240,44,-0.28896,30.15319,0,269,0,31.078,
25182,1007.280,44,-0.29121,30.00375,0,277,0,30.082,
25183,1007.320,44,-0.28399,29.77340,0,292,0,32.235,
25184,1007.360,44,-0.28397,29.74715,0,260,0,29.735,
25185,1007.400,44,-0.28714,29.79201,0,252,0,29.443,
25186,1007.440,44,-0.30115,29.64182,0,284,0,31.201,
25187,1007.480,44,-0.31621,29.42223,0,239,0,29.403,
25188,1007.520,44,-0.31636,29.43093,0,287,0,29.780,
25189,1007.560,44,-0.32645,29.35949,0,259,24,31.263,
25190,1007.600,44,-0.32670,29.21415,0,277,0,32.461,
25191,1007.640,44,-0.33191,29.22969,0,260,0,30.385,
25192,1007.680,44,-0.34354,29.06509,0,272,0,32.419,
25193,1007.720,44,-0.33412,29.07084,0,271,0,32.608,
25194,1007.760,44,-0.34005,28.89703,0,253,0,29.536,
25195,1007.800,44,-0.34703,28.88634,0,269,0,32.894,
25196,1007.840,44,-0.37036,28.69713,0,256,0,30.852,
25197,1007.880,44,-0.34912,28.71295,0,294,0,32.126,
25198,1007.920,44,-0.34771,28.70172,0,304,0,28.921,
25199,1007.960,44,-0.35162,28.53478,0,251,0,30.040,
25200,1008.000,44,-0.34095,28.52273,0,287,0,31.151,
25201,1008.040,44,-0.35429,28.35136,0,266,0,33.010,
25202,1008.080,44,-0.35757,28.18484,0,316,0,30.987,
25203,1008.120,44,-0.35645,28.19739,0,249,0,30.844,
25204,1008.160,44,-0.36725,28.04180,0,278,0,30.065,
25205,1008.200,44,-0.36226,28.02825,0,294,0,29.551,
25206,1008.240,44,-0.36199,27.93400,0,302,0,31.941,
25207,1008.280,44,-0.37623,27.85544,0,257,0,31.613,
25208,1008.320,44,-0.36876,27.85893,0,303,0,30.926,
25209,1008.360,44,-0.38202,27.69874,0,269,0,33.091,
25210,1008.400,44,-0.39213,27.70256,0,298,0,31.775,
25211,1008.440,44,-0.39504,27.53714,0,277,0,32.763,
25212,1008.480,44,-0.38649,27.45277,0,355,0,31.317,
25213,1008.520,44,-0.39413,27.28905,0,302,0,30.956,
25214,1008.560,44,-0.40086,27.20854,0,250,0,32.070,
25215,1008.600,44,-0.41183,27.25424,0,232,0,30.550,
25216,1008.640,44,-0.41217,27.09862,1,30,0,0.815,8.793
25217,1008.680,44,-0.42476,26.99064,1,32,0,0.785,86.521
25218,1008.720,44,-0.42753,26.94597,1,35,33,0.632,16.183
25219,1008.760,44,-0.42708,26.91154,1,31,0,0.660,22.990
25220,1008.800,44,-0.42786,26.78730,1,36,0,0.752,8.793
25221,1008.840,44,-0.43382,26.75856,1,31,0,0.711,8.793
25222,1008.880,44,-0.43068,26.62571,1,38,0,0.752,8.793
25223,1008.920,44,-0.43251,26.59517,1,38,0,0.797,8.793
25224,1008.960,44,-0.43943,26.46476,1,39,0,0.743,8.793
25225,1009.000,44,-0.44147,26.42412,1,39,0,0.849,8.793
25226,1009.040,44,-0.44205,26.33479,1,38,0,0.809,8.793
25227,1009.080,44,-0.44008,26.16534,1,39,0,0.915,23.708
25228,1009.120,44,-0.45272,26.15937,1,37,0,0.749,8.793
25229,1009.160,44,-0.45309,26.01273,1,39,0,0.903,8.793
25230,1009.200,44,-0.45855,26.00515,1,38,0,0.750,8.793
25231,1009.240,44,-0.47358,25.87311,1,40,0,0.906,8.793
25232,1009.280,44,-0.46438,25.86256,1,38,0,0.754,8.793
25233,1009.320,44,-0.46829,25.72124,1,39,0,0.885,8.793
25234,1009.360,44,-0.45975,25.72599,0,0,0,,
25235,1009.400,44,-0.48205,25.55875,1,30,37,0.559,13.828
25236,1009.440,44,-0.46545,25.60198,1,29,0,0.666,8.793
25237,1009.480,44,-0.48345,25.43525,0,0,0,,
25238,1009.520,44,-0.48181,25.39739,1,39,0,0.825,8.793
25239,1009.560,44,-0.48452,25.25880,1,34,0,0.824,8.793
25240,1009.600,44,-0.48390,25.25120,1,37,0,0.829,8.793
25241,1009.640,44,-0.48771,25.16070,1,38,0,0.910,89.895
25242,1009.680,44,-0.49497,25.00019,1,21,0,0.781,8.793
25243,1009.720,44,-0.49249,24.98161,1,38,0,0.754,8.793
25244,1009.760,44,-0.49637,24.83847,1,39,0,0.824,8.793
25245,1009.800,44,-0.49441,24.83293,1,36,0,0.738,8.793
25246,1009.840,44,-0.50791,24.69819,1,32,0,0.749,8.793
25247,1009.880,44,-0.49893,24.73249,1,37,0,0.856,8.793
25248,1009.920,44,-0.50253,24.61520,1,31,0,0.921,8.793
25249,1009.960,44,-0.51445,24.52449,1,35,0,0.862,8.793
25250,1010.000,44,-0.51838,24.42692,1,33,0,0.371,8.793
25251,1010.040,44,-0.52794,24.34596,1,32,0,0.816,8.793
25252,1010.080,44,-0.51088,24.32097,1,32,0,0.741,8.793
25253,1010.120,44,-0.51769,24.22133,1,32,0,0.430,8.793
25254,1010.160,44,-0.52304,24.10916,1,32,0,0.790,8.793
25255,1010.200,44,-0.52919,24.07260,1,31,0,0.763,8.793
25256,1010.240,44,-0.54362,23.95293,1,32,0,0.879,8.793
25257,1010.280,44,-0.54260,23.94959,1,31,0,0.793,8.793
25258,1010.320,44,-0.53485,23.73603,1,31,0,0.821,8.793
25259,1010.360,44,-0.54072,23.76700,1,32,0,0.812,8.793
25260,1010.400,44,-0.55084,23.71667,1,34,0,0.770,8.793
25261,1010.440,44,-0.55011,23.57555,1,34,0,0.786,8.793
25262,1010.480,44,-0.54830,23.55229,1,35,0,0.757,8.793
25263,1010.520,44,-0.54698,23.42081,1,35,0,0.691,8.793
25264,1010.560,44,-0.55752,23.43158,1,38,0,0.850,8.793
25265,1010.600,44,-0.55478,23.28390,1,37,0,0.814,20.447
25266,1010.640,44,-0.55170,23.20295,1,37,0,0.808,12.044
25267,1010.680,44,-0.55356,23.15159,1,39,0,0.855,8.793
25268,1010.720,44,-0.56069,23.08475,1,21,0,0.806,8.793
25269,1010.760,44,-0.56769,22.97732,1,40,0,0.773,8.793
25270,1010.800,44,-0.56269,22.90971,1,22,0,0.865,8.793
25271,1010.840,44,-0.56827,22.81330,1,21,38,0.604,19.063
25272,1010.880,44,-0.57301,22.71235,1,21,0,0.778,10.067
25273,1010.920,44,-0.58241,22.71344,1,22,0,0.928,8.793
25274,1010.960,44,-0.59389,22.60119,1,21,0,0.848,8.793
25275,1011.000,44,-0.58154,22.57837,1,22,0,0.798,8.793
25276,1011.040,44,-0.59690,22.43240,1,23,0,0.926,23.906
25277,1011.080,44,-0.59926,22.36212,1,23,0,0.908,8.793
25278,1011.120,44,-0.58626,22.34597,1,23,0,0.796,8.793
25279,1011.160,44,-0.59054,22.25772,1,22,0,0.813,8.793
25280,1011.200,44,-0.60383,22.13444,1,23,0,0.920,8.793
25281,1011.240,44,-0.60898,22.07333,1,22,0,0.707,8.793
25282,1011.280,44,-0.60533,21.98896,1,23,0,0.852,8.793
25283,1011.320,44,-0.60864,21.98955,1,23,0,0.809,8.793
25284,1011.360,44,-0.61253,21.90453,1,23,0,0.860,8.793
25285,1011.400,44,-0.60020,21.77512,0,0,0,,
25286,1011.440,44,-0.61633,21.74181,0,0,0,,
25287,1011.480,44,-0.60493,21.63805,0,0,0,,
25288,1011.520,44,-0.59900,21.53990,0,0,0,,
25289,1011.560,44,-0.60251,21.50458,0,0,0,,
25290,1011.600,44,-0.61554,21.41878,0,0,0,,
25291,1011.640,44,-0.63381,21.31330,0,0,0,,
25292,1011.680,44,-0.61284,21.32041,0,0,0,,
25293,1011.720,44,-0.62668,21.19856,0,0,0,,
25294,1011.760,44,-0.61224,21.11998,0,0,0,,
25295,1011.800,44,-0.61079,21.12750,0,0,0,,
25296,1011.840,44,-0.61279,21.01750,0,0,0,,
25297,1011.880,44,-0.61310,20.90921,0,0,0,,
25298,1011.920,44,-0.61097,20.88573,0,0,0,,
25299,1011.960,44,-0.63125,20.78439,0,0,0,,
25300,1012.000,44,-0.61848,20.69425,0,0,0,,
25301,1012.040,44,-0.62480,20.63284,0,0,0,,
25302,1012.080,44,-0.63745,20.57271,0,0,0,,
25303,1012.120,44,-0.62945,20.46872,0,0,0,,
25304,1012.160,44,-0.62548,20.39934,0,0,0,,
25305,1012.200,44,-0.63127,20.37059,1,40,34,0.628,18.565
25306,1012.240,44,-0.64246,20.25921,1,39,59,0.671,14.161
25307,1012.280,44,-0.62286,20.20123,0,0,0,,
25308,1012.320,44,-0.63574,20.16112,0,0,0,,
25309,1012.360,44,-0.63289,20.05622,0,0,0,,
25310,1012.400,44,-0.63192,19.94788,0,0,0,,
25311,1012.440,44,-0.63254,19.90287,0,0,0,,
25312,1012.480,44,-0.63383,19.87254,0,0,0,,
25313,1012.520,44,-0.64350,19.76119,0,0,0,,
25314,1012.560,44,-0.64452,19.70416,0,0,0,,
25315,1012.600,44,-0.64483,19.65954,0,0,0,,
25316,1012.640,44,-0.65140,19.56922,0,0,0,,
25317,1012.680,44,-0.64830,19.47377,0,0,0,,
25318,1012.720,44,-0.64468,19.40398,0,0,0,,
25319,1012.760,44,-0.64473,19.31493,0,0,0,,
25320,1012.800,44,-0.65209,19.22577,0,0,0,,
25321,1012.840,44,-0.64889,19.16403,0,0,0,,
25322,1012.880,44,-0.64572,19.11720,0,0,0,,
25323,1012.920,44,-0.66850,19.03285,0,0,0,,
25324,1012.960,44,-0.65346,18.97916,0,111,0,25.775,
25325,1013.000,44,-0.65731,18.93586,0,0,0,,
25326,1013.040,44,-0.66009,18.84282,0,116,0,25.700,
25327,1013.080,44,-0.66439,18.79542,0,0,0,,
25328,1013.120,44,-0.66283,18.74489,0,115,0,25.675,
25329,1013.160,44,-0.66381,18.69013,0,0,0,,
25330,1013.200,44,-0.66224,18.55609,0,123,0,26.337,
25331,1013.240,44,-0.65752,18.51353,0,0,0,,
25332,1013.280,44,-0.66152,18.47124,0,0,0,,
25333,1013.320,44,-0.66230,18.38249,0,0,0,,
25334,1013.360,44,-0.66274,18.33651,0,118,0,25.107,
25335,1013.400,44,-0.67007,18.24998,0,109,20,24.160,
25336,1013.440,44,-0.66603,18.20161,0,103,0,24.835,
25337,1013.480,44,-0.66948,18.11295,0,103,26,23.523,
25338,1013.520,44,-0.66540,18.04277,0,109,0,24.404,
25339,1013.560,44,-0.67173,17.99045,0,122,0,26.467,
25340,1013.600,44,-0.67549,17.89589,0,111,0,25.782,
25341,1013.640,44,-0.67175,17.80795,0,106,0,25.171,
25342,1013.680,44,-0.66955,17.78361,0,118,0,26.138,
25343,1013.720,44,-0.67045,17.70094,0,117,0,26.244,
25344,1013.760,44,-0.67147,17.64197,0,113,0,26.391,
25345,1013.800,44,-0.67453,17.59527,0,117,0,26.619,
25346,1013.840,44,-0.69198,17.49851,0,158,0,24.748,
25347,1013.880,44,-0.67909,17.44259,0,162,0,24.735,
25348,1013.920,44,-0.68725,17.37475,0,159,0,24.887,
25349,1013.960,44,-0.68125,17.34610,0,165,0,25.828,
25350,1014.000,44,-0.69396,17.24657,0,156,0,25.393,
25351,1014.040,44,-0.68835,17.21784,0,154,0,25.497,
25352,1014.080,44,-0.67950,17.13170,0,127,20,26.044,
25353,1014.120,44,-0.68628,17.05116,0,115,0,26.506,
25354,1014.160,44,-0.68942,16.98136,0,117,0,26.399,
25355,1014.200,44,-0.68535,16.92355,0,135,20,27.319,
25356,1014.240,44,-0.67899,16.84338,0,0,0,,
25357,1014.280,44,-0.68398,16.79228,0,128,0,27.411,
25358,1014.320,44,-0.68657,16.74427,0,0,0,,
25359,1014.360,44,-0.68203,16.66169,0,0,0,,
25360,1014.400,44,-0.68127,16.62714,0,0,0,,
25361,1014.440,44,-0.68210,16.55098,0,0,0,,
25362,1014.480,44,-0.68624,16.47404,0,0,0,,
25363,1014.520,44,-0.68543,16.43421,0,0,0,,
25364,1014.560,44,-0.68416,16.33874,0,0,0,,
25365,1014.600,44,-0.68664,16.28573,0,0,0,,
25366,1014.640,44,-0.68891,16.21501,0,0,0,,
25367,1014.680,44,-0.68821,16.18751,0,0,0,,
25368,1014.720,44,-0.68833,16.11667,0,0,0,,
25369,1014.760,44,-0.68798,16.04426,0,0,0,,
25370,1014.800,44,-0.68734,15.96987,0,0,0,,
25371,1014.840,44,-0.69128,15.92416,0,0,0,,
25372,1014.880,44,-0.68685,15.83304,0,0,0,,
25373,1014.920,44,-0.69387,15.74616,0,0,0,,
25374,1014.960,44,-0.69406,15.68873,0,0,0,,
25375,1015.000,44,-0.68955,15.63535,0,0,0,,
25376,1015.040,44,-0.69500,15.56226,0,0,0,,
25377,1015.080,44,-0.69009,15.52238,0,0,0,,
25378,1015.120,44,-0.69133,15.45122,0,0,0,,
25379,1015.160,44,-0.69310,15.40607,0,0,0,,
25380,1015.200,44,-0.69449,15.30935,0,0,0,,
25381,1015.240,44,-0.68915,15.27040,0,0,0,,
25382,1015.280,44,-0.69779,15.20172,0,0,0,,
25383,1015.320,44,-0.69310,15.11428,0,0,0,,
25384,1015.360,44,-0.69296,15.05158,0,0,0,,
25385,1015.400,44,-0.68824,14.98658,0,0,0,,
25386,1015.440,44,-0.69428,14.95774,0,0,0,,
25387,1015.480,44,-0.68917,14.88765,0,0,0,,
25388,1015.520,44,-0.69447,14.82151,0,0,0,,
25389,1015.560,44,-0.69329,14.75885,0,0,0,,
25390,1015.600,44,-0.69498,14.69571,0,0,0,,
25391,1015.640,44,-0.68335,14.75513,1,0,53,0.781,17.736
25392,1015.680,44,-0.69612,14.55822,0,0,0,,
25393,1015.720,44,-0.69459,14.52006,0,0,0,,
25394,1015.760,44,-0.69544,14.47449,0,28,0,1.282,
25395,1015.800,44,-0.69080,14.38191,0,0,0,,
25396,1015.840,44,-0.69572,14.33131,0,0,0,,
25397,1015.880,44,-0.69459,14.27965,0,0,0,,
25398,1015.920,44,-0.69297,14.22913,0,0,0,,
25399,1015.960,44,-0.69529,14.15596,0,0,0,,
25400,1016.000,44,-0.69400,14.09028,0,0,0,,
25401,1016.040,44,-0.69269,14.02450,0,0,0,,
25402,1016.080,44,-0.69130,13.99624,0,0,0,,
25403,1016.120,44,-0.69336,13.90443,0,0,0,,
25404,1016.160,44,-0.69365,13.83727,0,0,0,,
25405,1016.200,44,-0.68231,13.78513,0,0,0,,
25406,1016.240,44,-0.69723,13.71788,0,0,0,,
25407,1016.280,44,-0.69008,13.67712,0,0,0,,
25408,1016.320,44,-0.68410,13.60583,0,0,0,,
25409,1016.360,44,-0.69124,13.55249,0,0,0,,
25410,1016.400,44,-0.69007,13.49952,0,0,0,,
25411,1016.440,44,-0.68255,13.42120,0,0,0,,
25412,1016.480,44,-0.68518,13.35311,0,0,0,,
25413,1016.520,44,-0.68296,13.29387,0,0,0,,
25414,1016.560,44,-0.68436,13.23539,0,0,0,,
25415,1016.600,44,-0.68687,13.17547,0,0,0,,
25416,1016.640,44,-0.66263,13.19523,1,0,72,0.960,14.103
25417,1016.680,44,-0.68068,13.12575,1,0,72,0.833,13.026
25418,1016.720,44,-0.68696,13.00917,0,0,0,,
25419,1016.760,44,-0.68530,12.95816,0,0,0,,
25420,1016.800,44,-0.68617,12.89639,0,0,0,,
25421,1016.840,44,-0.69026,12.83815,0,0,0,,
25422,1016.880,44,-0.69705,12.84459,1,0,72,0.789,13.150
25423,1016.920,44,-0.69323,12.77219,1,0,72,0.733,12.682
25424,1016.960,44,-0.68776,12.68052,0,0,0,,
25425,1017.000,44,-0.70029,12.60092,0,0,0,,
25426,1017.040,44,-0.68492,12.56723,0,0,0,,
25427,1017.080,44,-0.69178,12.50549,0,0,0,,
25428,1017.120,44,-0.67978,12.48320,0,0,0,,
25429,1017.160,44,-0.68185,12.40208,0,0,0,,
25430,1017.200,44,-0.67864,12.34027,0,0,0,,
25431,1017.240,44,-0.68026,12.28196,0,0,0,,
25432,1017.280,44,-0.69042,12.21216,0,0,0,,
25433,1017.320,44,-0.68324,12.16446,0,0,0,,
25434,1017.360,44,-0.68759,12.11489,0,0,0,,
25435,1017.400,44,-0.68193,12.05822,0,0,0,,
25436,1017.440,44,-0.68198,12.00698,0,0,0,,
25437,1017.480,44,-0.67832,11.96854,0,0,0,,
25438,1017.520,44,-0.67124,11.90582,0,0,0,,
25439,1017.560,44,-0.67050,11.84225,0,0,0,,
25440,1017.600,44,-0.65630,11.88969,1,0,63,1.258,15.830
25441,1017.640,44,-0.67095,11.71751,0,0,53,3.066,
25442,1017.680,44,-0.67209,11.68238,0,0,0,,
25443,1017.720,44,-0.66616,11.66925,1,0,72,0.944,11.754
25444,1017.760,44,-0.67583,11.59551,1,0,72,0.463,9.872
25446,1017.840,44,-0.61391,11.57141,1,0,69,0.815,16.630
25448,1017.920,44,-0.61784,11.49635,1,0,72,1.486,17.161
25450,1018.000,44,-0.66266,11.28005,1,0,67,0.414,10.447
25451,1018.040,44,-0.66318,11.22614,1,0,62,0.386,9.926
25452,1018.080,44,-0.66516,11.13900,0,0,0,,
25453,1018.120,44,-0.62825,11.20995,1,0,65,0.517,16.343
25454,1018.160,44,-0.66021,11.06951,1,0,64,0.520,9.653
25455,1018.200,44,-0.65906,10.98018,0,0,0,,
25456,1018.240,44,-0.65961,10.95402,1,0,70,0.279,9.841
25457,1018.280,44,-0.65901,10.88099,0,0,0,,
25458,1018.320,44,-0.62013,10.70613,1,29,0,1.408,23.998
25459,1018.360,44,-0.65746,10.76740,0,0,0,,
25460,1018.400,44,-0.65347,10.76733,1,0,72,0.769,11.386
25462,1018.480,44,-0.64391,10.63302,0,0,0,,
25463,1018.520,44,-0.63498,10.59396,1,0,72,0.641,11.167
25464,1018.560,44,-0.64761,10.53039,0,0,0,,
25465,1018.600,44,-0.65773,10.50037,1,0,72,0.861,11.595
25466,1018.640,44,-0.64637,10.47408,1,0,72,1.325,12.463
25467,1018.680,44,-0.65470,10.39837,1,0,72,0.857,11.253
25468,1018.720,44,-0.65313,10.34656,1,0,72,0.860,11.187
25469,1018.760,44,-0.65687,10.31095,1,0,72,0.869,11.284
25470,1018.800,44,-0.63851,10.21534,0,0,0,,
25471,1018.840,44,-0.66552,10.23316,1,0,72,1.340,13.905
25472,1018.880,44,-0.70645,10.32978,1,0,72,2.788,23.542
25474,1018.960,44,-0.64797,10.01228,0,0,0,,
25475,1019.000,44,-0.63629,9.99116,0,0,0,,
25476,1019.040,44,-0.60990,9.97636,1,0,72,0.951,11.411
25477,1019.080,44,-0.63275,9.89208,0,0,0,,
25478,1019.120,44,-0.62849,9.81341,0,0,0,,
25479,1019.160,44,-0.60933,9.88903,1,0,72,1.798,15.258
25480,1019.200,44,-0.61880,9.85802,1,0,67,1.920,16.027
25481,1019.240,44,-0.61243,9.70471,1,0,71,0.507,11.837
25482,1019.280,44,-0.61497,9.65209,1,0,72,0.530,11.339
25483,1019.320,44,-0.62295,9.60855,1,0,66,0.591,10.883
25484,1019.360,44,-0.62760,9.57235,1,0,70,0.712,10.350
25485,1019.400,44,-0.60591,9.52168,1,0,72,1.129,11.941
25486,1019.440,44,-0.62415,9.47704,1,0,71,0.936,11.553
25487,1019.480,44,-0.61678,9.41949,1,0,64,0.550,10.740
25488,1019.520,44,-0.60181,9.36991,1,0,71,0.453,11.290
25489,1019.560,44,-0.60176,9.32085,1,0,63,0.325,11.374
25490,1019.600,44,-0.60308,9.28893,1,0,68,0.790,11.173
25491,1019.640,44,-0.60742,9.25321,1,0,72,1.198,12.421
25492,1019.680,44,-0.59259,9.19930,1,0,72,1.161,12.604
25493,1019.720,44,-0.58991,9.14331,1,0,72,1.076,12.003
25495,1019.800,44,-0.58356,9.05346,1,0,68,1.165,12.740
25496,1019.840,44,-0.57818,8.98733,1,0,67,1.139,11.951
25497,1019.880,44,-0.58398,8.96224,1,0,68,1.100,11.917
25499,1019.960,44,-0.58755,8.81088,0,32,17,8.672,
25500,1020.000,44,-0.59466,8.78551,0,26,0,1.649,
25501,1020.040,44,-0.60500,8.76792,1,0,72,0.751,10.700
25502,1020.080,44,-0.59278,8.72295,1,0,72,0.835,10.497
25503,1020.120,44,-0.58929,8.66838,1,0,72,0.759,10.464
25504,1020.160,44,-0.58396,8.62221,1,0,72,0.774,10.622
25505,1020.200,44,-0.57490,8.59762,1,0,72,1.132,11.573
25506,1020.240,44,-0.57977,8.54307,1,0,72,0.871,10.956
25507,1020.280,44,-0.57347,8.51014,1,0,72,1.180,11.789
25508,1020.320,44,-0.58581,8.42476,0,304,0,65.022,
25509,1020.360,44,-0.57951,8.39819,0,332,0,72.920,
25510,1020.400,44,-0.58322,8.35759,0,336,0,72.243,
25511,1020.440,44,-0.57442,8.32180,1,36,72,0.862,9.978
25512,1020.480,44,-0.57408,8.27814,1,27,67,1.088,10.436
25513,1020.520,44,-0.56434,8.22985,1,0,72,0.749,11.083
25514,1020.560,44,-0.56411,8.17276,1,0,68,0.442,10.686
25515,1020.600,44,-0.57193,8.20054,1,31,72,1.963,12.798
25516,1020.640,44,-0.57176,8.07918,1,32,72,1.582,10.364
25517,1020.680,44,-0.56466,8.07487,1,0,69,1.278,12.112
25518,1020.720,44,-0.56876,8.07067,1,0,72,0.829,13.621
25519,1020.760,44,-0.56649,7.99465,1,35,67,1.780,11.079
25920,1036.800,53,-0.16635,32.91356,1,27,0,0.472,8.793
25922,1036.880,53,-0.18007,32.69837,0,1195,0,77.352,
25923,1036.920,53,-0.17087,32.57757,0,1048,0,73.506,
25924,1036.960,53,-0.18837,32.50019,0,1002,0,82.704,
25925,1037.000,53,-0.19779,32.56532,0,1063,0,69.755,
25927,1037.080,53,-0.19677,32.27157,0,1120,0,55.733,
25928,1037.120,53,-0.19170,32.11650,0,1049,0,70.979,
25929,1037.160,53,-0.20288,32.09760,0,0,0,,
25930,1037.200,53,-0.20246,32.05529,0,1127,0,84.521,
25931,1037.240,53,-0.20395,31.93716,0,1072,0,64.216,
25932,1037.280,53,-0.20543,31.90815,0,988,0,66.299,
25933,1037.320,53,-0.20959,31.90608,0,1095,0,67.164,
25934,1037.360,53,-0.21099,31.73449,0,1118,0,74.223,
25935,1037.400,53,-0.22000,31.66685,0,232,0,30.375,
25936,1037.440,53,-0.22130,31.52992,0,1116,0,72.172,
25937,1037.480,53,-0.22502,31.52569,0,257,0,28.906,
25938,1037.520,53,-0.22812,31.35063,0,290,0,30.197,
25939,1037.560,53,-0.23251,31.32573,0,299,0,30.387,
25940,1037.600,53,-0.25450,31.09676,0,240,0,25.033,
25941,1037.640,53,-0.24948,31.14585,0,1165,0,81.598,
25942,1037.680,53,-0.25230,30.96585,0,258,0,27.714,
25943,1037.720,53,-0.25330,30.87440,0,242,0,28.942,
25944,1037.760,53,-0.24584,30.67933,0,254,0,28.943,
25945,1037.800,53,-0.25621,30.71362,0,268,0,28.538,
25946,1037.840,53,-0.27296,30.73425,0,225,0,25.838,
25947,1037.880,53,-0.28259,30.53928,0,242,0,28.907,
25948,1037.920,53,-0.29359,30.55626,0,252,0,29.735,
25950,1038.000,53,-0.28068,30.37342,0,304,0,31.029,
25951,1038.040,53,-0.29356,30.34590,0,265,0,27.138,
25952,1038.080,53,-0.27898,30.18469,0,224,0,27.826,
25953,1038.120,53,-0.26698,30.09588,0,238,0,27.970,
25954,1038.160,53,-0.24067,30.19898,0,305,0,30.645,
25955,1038.200,53,-0.27417,29.98517,0,269,0,29.454,
25956,1038.240,53,-0.28533,29.80697,0,236,0,25.263,
25957,1038.280,53,-0.27167,29.76735,0,232,0,30.412,
25958,1038.320,53,-0.27605,29.57408,0,265,0,29.219,
25959,1038.360,53,-0.29015,29.60247,0,246,0,29.446,
25960,1038.400,53,-0.30518,29.40001,0,264,0,30.804,
25961,1038.440,53,-0.30318,29.42638,0,283,0,32.319,
25962,1038.480,53,-0.30419,29.45158,0,284,0,30.425,
25963,1038.520,53,-0.33081,29.24437,0,0,0,,
25964,1038.560,53,-0.34754,29.22437,0,0,0,,
25965,1038.600,53,-0.34258,29.09272,0,0,0,,
25966,1038.640,53,-0.34273,29.03425,0,0,0,,
25967,1038.680,53,-0.33807,28.87087,0,0,0,,
25968,1038.720,53,-0.34692,28.79422,0,0,0,,
25969,1038.760,53,-0.34553,28.71682,0,0,0,,
25970,1038.800,53,-0.34412,28.69104,0,0,0,,
25971,1038.840,53,-0.34679,28.54278,0,0,0,,
25972,1038.880,53,-0.35890,28.55671,1,28,0,0.615,8.793
25973,1038.920,53,-0.37467,28.36430,0,0,0,,
25974,1038.960,53,-0.34920,28.40796,1,28,0,0.753,8.793
25975,1039.000,53,-0.36355,28.24653,0,0,0,,
25976,1039.040,53,-0.34786,28.17904,0,0,0,,
25977,1039.080,53,-0.38253,28.08102,0,0,0,,
25978,1039.120,53,-0.36105,28.06433,0,0,0,,
25979,1039.160,53,-0.37177,28.06425,0,0,0,,
25980,1039.200,53,-0.37450,27.85792,0,0,0,,
25981,1039.240,53,-0.37947,27.79226,0,0,0,,
25982,1039.280,53,-0.38057,27.74909,0,0,0,,
25983,1039.320,53,-0.39757,27.70798,0,0,0,,
25984,1039.360,53,-0.40292,27.56725,0,0,0,,
25985,1039.400,53,-0.39416,27.54762,0,0,0,,
25986,1039.440,53,-0.39430,27.33412,0,0,0,,
25987,1039.480,53,-0.39956,27.29855,1,33,0,0.627,8.793
25988,1039.520,53,-0.40035,27.21675,0,0,0,,
25989,1039.560,53,-0.41119,27.22215,0,0,0,,
25990,1039.600,53,-0.42432,27.09187,0,0,0,,
25991,1039.640,53,-0.41348,27.06205,0,0,0,,
25992,1039.680,53,-0.42029,26.92194,0,0,0,,
25993,1039.720,53,-0.40480,26.92991,0,0,0,,
25994,1039.760,53,-0.41794,26.77052,0,0,0,,
25995,1039.800,53,-0.42181,26.72760,0,0,0,,
25996,1039.840,53,-0.43022,26.59341,0,0,0,,
25997,1039.880,53,-0.42931,26.43898,0,0,0,,
25998,1039.920,53,-0.43330,26.44704,0,0,0,,
25999,1039.960,53,-0.44116,26.41337,0,0,0,,
26000,1040.000,53,-0.44281,26.29272,0,0,0,,
26001,1040.040,53,-0.45340,26.14849,0,0,0,,
26002,1040.080,53,-0.44334,26.15324,0,0,0,,
26003,1040.120,53,-0.44669,26.06041,0,0,0,,
26004,1040.160,53,-0.44559,25.98924,0,0,0,,
26005,1040.200,53,-0.44570,25.86326,0,0,0,,
26006,1040.240,53,-0.44161,25.86835,0,0,0,,
26007,1040.280,53,-0.45993,25.72042,0,0,0,,
26008,1040.320,53,-0.45406,25.72361,0,0,0,,
26009,1040.360,53,-0.44577,25.57431,0,0,0,,
26010,1040.400,53,-0.45391,25.51997,0,0,0,,
26011,1040.440,53,-0.44326,25.42420,0,0,0,,
26012,1040.480,53,-0.44662,25.37131,0,0,0,,
26013,1040.520,53,-0.44928,25.27116,0,0,0,,
26014,1040.560,53,-0.46205,25.23291,0,0,0,,
26015,1040.600,53,-0.46104,25.12626,0,0,0,,
26016,1040.640,53,-0.46812,25.09516,0,0,0,,
26017,1040.680,53,-0.47618,24.98613,0,0,0,,
26018,1040.720,53,-0.49362,24.85782,0,0,0,,
26019,1040.760,53,-0.47865,24.85756,0,0,0,,
26020,1040.800,53,-0.50222,24.75489,0,0,0,,
26021,1040.840,53,-0.47989,24.73263,0,0,0,,
26022,1040.880,53,-0.51164,24.61302,0,0,0,,
26023,1040.920,53,-0.50814,24.57645,0,0,0,,
26024,1040.960,53,-0.50761,24.45420,0,0,0,,
26025,1041.000,53,-0.48453,24.47719,0,0,0,,
26026,1041.040,53,-0.48808,24.33536,0,0,0,,
26027,1041.080,53,-0.49165,24.20255,0,0,0,,
26028,1041.120,53,-0.49820,24.18107,0,0,0,,
26029,1041.160,53,-0.49335,24.07806,0,0,0,,
26030,1041.200,53,-0.49059,24.05847,0,0,0,,
26031,1041.240,53,-0.49508,23.90242,0,0,0,,
26032,1041.280,53,-0.49228,23.90956,0,0,0,,
26033,1041.320,53,-0.49372,23.82358,0,0,0,,
26034,1041.360,53,-0.49742,23.69232,0,0,0,,
26035,1041.400,53,-0.50515,23.62063,0,0,0,,
26036,1041.440,53,-0.52226,23.53816,0,0,0,,
26037,1041.480,53,-0.50611,23.48894,0,0,0,,
26038,1041.520,53,-0.51312,23.42839,0,68,0,14.970,
26039,1041.560,53,-0.51476,23.35068,0,0,0,,
26040,1041.600,53,-0.52801,23.24598,0,0,0,,
26041,1041.640,53,-0.53685,23.15880,0,0,0,,
26042,1041.680,53,-0.52485,23.15358,0,0,0,,
26043,1041.720,53,-0.52262,23.03675,0,0,0,,
26044,1041.760,53,-0.52931,22.96359,0,0,0,,
26045,1041.800,53,-0.51811,22.92774,0,0,0,,
26046,1041.840,53,-0.52471,22.79953,0,0,0,,
26047,1041.880,53,-0.52000,22.80159,0,0,0,,
26048,1041.920,53,-0.52653,22.70593,0,0,0,,
26049,1041.960,53,-0.53806,22.67851,0,0,0,,
26050,1042.000,53,-0.53362,22.53211,0,0,0,,
26051,1042.040,53,-0.54078,22.43478,0,0,0,,
26052,1042.080,53,-0.54708,22.38415,0,0,0,,
26053,1042.120,53,-0.55332,22.32434,0,0,0,,
26054,1042.160,53,-0.55079,22.25704,0,0,0,,
26055,1042.200,53,-0.55696,22.21530,0,0,0,,
26056,1042.240,53,-0.55363,22.10486,0,0,0,,
26057,1042.280,53,-0.55655,21.98700,0,0,0,,
26058,1042.320,53,-0.55481,21.98595,0,0,0,,
26059,1042.360,53,-0.55216,21.90703,0,0,0,,
26060,1042.400,53,-0.54721,21.74671,0,0,0,,
26061,1042.440,53,-0.54921,21.78534,0,0,0,,
26062,1042.480,53,-0.55116,21.65924,0,0,0,,
26063,1042.520,53,-0.55199,21.60635,0,0,0,,
26064,1042.560,53,-0.55321,21.50403,0,0,0,,
26065,1042.600,53,-0.57368,21.45719,0,0,0,,
26066,1042.640,53,-0.58480,21.37986,0,0,0,,
26067,1042.680,53,-0.57993,21.32310,0,0,0,,
26068,1042.720,53,-0.59163,21.21254,0,0,0,,
26069,1042.760,53,-0.58868,21.20170,0,0,0,,
26070,1042.800,53,-0.58571,21.10324,0,0,0,,
26071,1042.840,53,-0.58433,21.06343,0,0,0,,
26072,1042.880,53,-0.59467,20.99951,0,0,0,,
26073,1042.920,53,-0.59226,20.88380,0,0,0,,
26074,1042.960,53,-0.58980,20.88327,0,0,0,,
26075,1043.000,53,-0.56985,20.77091,0,0,0,,
26076,1043.040,53,-0.57573,20.66372,0,0,0,,
26077,1043.080,53,-0.57437,20.61121,0,0,0,,
26078,1043.120,53,-0.56915,20.55893,0,0,0,,
26079,1043.160,53,-0.56966,20.45639,0,0,0,,
26080,1043.200,53,-0.57603,20.45598,0,0,0,,
26081,1043.240,53,-0.57283,20.33857,0,0,0,,
26082,1043.280,53,-0.57175,20.24323,0,0,0,,
26083,1043.320,53,-0.57664,20.20112,0,0,0,,
26084,1043.360,53,-0.57509,20.15518,0,0,0,,
26085,1043.400,53,-0.57679,20.09142,0,0,0,,
26086,1043.440,53,-0.57969,19.99443,0,0,0,,
26087,1043.480,53,-0.58061,19.95046,0,0,0,,
26088,1043.520,53,-0.57722,19.84888,0,0,0,,
26089,1043.560,53,-0.57982,19.79104,0,0,0,,
26090,1043.600,53,-0.59538,19.69480,0,0,0,,
26091,1043.640,53,-0.58177,19.64897,0,0,0,,
26092,1043.680,53,-0.58640,19.59573,0,0,0,,
26093,1043.720,53,-0.59105,19.49017,0,0,0,,
26094,1043.760,53,-0.59482,19.44629,0,0,0,,
26095,1043.800,53,-0.58314,19.34357,0,0,0,,
26096,1043.840,53,-0.59145,19.30140,0,0,0,,
26097,1043.880,53,-0.60185,19.20919,0,0,0,,
26098,1043.920,53,-0.58692,19.20588,0,81,0,15.973,
26099,1043.960,53,-0.59134,19.10882,0,0,0,,
26100,1044.000,53,-0.60075,19.02225,0,0,0,,
26101,1044.040,53,-0.58932,18.92031,0,0,0,,
26102,1044.080,53,-0.58552,18.92141,0,0,0,,
26103,1044.120,53,-0.59960,18.82749,0,0,0,,
26104,1044.160,53,-0.60354,18.73557,0,0,0,,
26105,1044.200,53,-0.59865,18.73559,0,0,0,,
26106,1044.240,53,-0.60486,18.64909,0,0,0,,
26107,1044.280,53,-0.60105,18.54869,0,0,0,,
26108,1044.320,53,-0.60514,18.46330,0,0,0,,
26109,1044.360,53,-0.60268,18.45934,0,0,0,,
26110,1044.400,53,-0.60415,18.36726,0,0,0,,
26111,1044.440,53,-0.59987,18.28027,0,0,0,,
26112,1044.480,53,-0.59487,18.20193,0,0,0,,
26113,1044.520,53,-0.60493,18.16733,0,0,0,,
26114,1044.560,53,-0.60849,18.11839,0,0,0,,
26115,1044.600,53,-0.60183,18.03503,0,0,0,,
26116,1044.640,53,-0.60782,17.98952,0,0,0,,
26117,1044.680,53,-0.60810,17.94814,0,0,0,,
26118,1044.720,53,-0.60461,17.84605,0,0,0,,
26119,1044.760,53,-0.61054,17.77416,0,0,0,,
26120,1044.800,53,-0.61383,17.68949,0,0,0,,
26121,1044.840,53,-0.60918,17.64201,0,0,0,,
26122,1044.880,53,-0.61242,17.60261,0,0,0,,
26123,1044.920,53,-0.60827,17.51333,0,0,0,,
26124,1044.960,53,-0.61027,17.46884,0,0,0,,
26125,1045.000,53,-0.61335,17.36258,0,0,0,,
26126,1045.040,53,-0.60863,17.37754,0,0,0,,
26127,1045.080,53,-0.61568,17.28191,0,0,0,,
26128,1045.120,53,-0.62536,17.21749,0,0,0,,
26129,1045.160,53,-0.61434,17.13034,0,0,0,,
26130,1045.200,53,-0.61056,17.05287,0,0,0,,
26131,1045.240,53,-0.62486,17.03409,0,0,0,,
26132,1045.280,53,-0.62051,16.96267,0,0,0,,
26133,1045.320,53,-0.60900,16.87918,0,0,0,,
26134,1045.360,53,-0.61322,16.80547,0,0,0,,
26135,1045.400,53,-0.61931,16.74693,0,0,0,,
26136,1045.440,53,-0.60359,16.71624,0,0,0,,
26137,1045.480,53,-0.61319,16.64832,0,0,0,,
26138,1045.520,53,-0.61216,16.56976,0,0,0,,
26139,1045.560,53,-0.61228,16.48998,0,0,0,,
26140,1045.600,53,-0.61497,16.42931,0,0,0,,
26141,1045.640,53,-0.61784,16.37239,0,0,0,,
26142,1045.680,53,-0.61805,16.33204,0,0,0,,
26143,1045.720,53,-0.62404,16.26060,0,0,0,,
26144,1045.760,53,-0.60558,16.17819,0,0,0,,
26145,1045.800,53,-0.61918,16.14074,0,0,0,,
26146,1045.840,53,-0.61505,16.06212,0,0,0,,
26147,1045.880,53,-0.61090,15.97768,0,0,0,,
26148,1045.920,53,-0.61073,15.94868,0,0,0,,
26149,1045.960,53,-0.62009,15.87452,0,0,0,,
26150,1046.000,53,-0.60886,15.83928,0,0,0,,
26151,1046.040,53,-0.61041,15.78695,0,0,0,,
26152,1046.080,53,-0.60985,15.67857,0,0,0,,
26153,1046.120,53,-0.61025,15.61218,0,0,0,,
26154,1046.160,53,-0.62015,15.56402,0,0,0,,
26155,1046.200,53,-0.61076,15.53783,0,0,0,,
26156,1046.240,53,-0.61139,15.46039,0,0,0,,
26157,1046.280,53,-0.61769,15.39354,0,0,0,,
26158,1046.320,53,-0.61614,15.35520,0,0,0,,
26159,1046.360,53,-0.61127,15.28217,0,0,0,,
26160,1046.400,53,-0.61044,15.21312,0,0,0,,
26161,1046.440,53,-0.60961,15.14188,0,0,0,,
26162,1046.480,53,-0.61785,15.07486,0,0,0,,
26163,1046.520,53,-0.61106,15.03380,0,0,0,,
26164,1046.560,53,-0.61865,14.98357,0,0,0,,
26165,1046.600,53,-0.62019,14.88123,0,0,0,,
26166,1046.640,53,-0.61520,14.87433,0,0,0,,
26167,1046.680,53,-0.61055,14.78091,0,0,0,,
26168,1046.720,53,-0.60870,14.72527,0,0,0,,
26169,1046.760,53,-0.61562,14.66260,0,0,0,,
26170,1046.800,53,-0.61703,14.62344,0,0,0,,
26171,1046.840,53,-0.61193,14.55558,0,0,0,,
26172,1046.880,53,-0.62614,14.48720,0,0,0,,
26173,1046.920,53,-0.62099,14.42692,0,0,0,,
26174,1046.960,53,-0.62321,14.36710,0,0,0,,
26175,1047.000,53,-0.60569,14.30395,0,0,0,,
26176,1047.040,53,-0.61217,14.23286,0,0,0,,
26177,1047.080,53,-0.60760,14.17236,0,0,0,,
26178,1047.120,53,-0.60873,14.14167,0,0,0,,
26179,1047.160,53,-0.60716,14.06561,0,0,0,,
26180,1047.200,53,-0.60766,13.99754,0,0,0,,
26181,1047.240,53,-0.60522,13.97819,0,0,0,,
26182,1047.280,53,-0.60172,13.91606,0,0,0,,
26183,1047.320,53,-0.60380,13.83839,0,0,0,,
26184,1047.360,53,-0.60461,13.78012,0,0,0,,
26185,1047.400,53,-0.60925,13.69909,0,0,0,,
26186,1047.440,53,-0.62921,13.77916,1,0,67,1.230,18.378
26188,1047.520,53,-0.60564,13.54136,0,0,0,,
26189,1047.560,53,-0.60539,13.56483,1,31,62,0.700,16.567
26190,1047.600,53,-0.60031,13.50171,1,32,62,0.726,16.366
26191,1047.640,53,-0.59708,13.44346,1,32,66,0.802,16.388
26192,1047.680,53,-0.60157,13.38947,1,32,66,0.778,16.538
26193,1047.720,53,-0.59980,13.31640,1,29,57,0.863,15.331
26194,1047.760,53,-0.60225,13.26505,1,27,72,0.833,14.769
26195,1047.800,53,-0.59571,13.20878,1,28,72,0.854,15.804
26196,1047.840,53,-0.59991,13.14377,1,27,72,0.950,14.664
26197,1047.880,53,-0.59867,13.08542,1,27,72,0.981,14.386
26198,1047.920,53,-0.59596,13.03186,1,27,72,0.944,14.120
26199,1047.960,53,-0.59447,12.96974,1,28,72,1.029,14.667
26200,1048.000,53,-0.59574,12.91333,1,28,72,1.018,14.134
26201,1048.040,53,-0.59514,12.85811,1,28,72,0.985,15.076
26202,1048.080,53,-0.58968,12.80696,1,28,72,1.029,14.178
26203,1048.120,53,-0.58919,12.75655,1,28,72,0.962,13.915
26204,1048.160,53,-0.59240,12.68407,1,28,72,1.040,14.057
26205,1048.200,53,-0.59004,12.59549,0,0,0,,
26206,1048.240,53,-0.58724,12.53369,0,0,0,,
26207,1048.280,53,-0.58737,12.47668,0,0,0,,
26208,1048.320,53,-0.58165,12.42340,0,0,0,,
26209,1048.360,53,-0.58471,12.40675,1,30,72,1.038,13.621
26210,1048.400,53,-0.58423,12.35109,1,29,72,0.969,13.194
26211,1048.440,53,-0.58065,12.29086,1,30,72,0.967,13.507
26212,1048.480,53,-0.58070,12.23701,1,30,72,0.914,13.149
26213,1048.520,53,-0.58007,12.18058,1,30,72,0.950,13.307
26214,1048.560,53,-0.56170,12.12583,1,0,43,0.707,12.874
26215,1048.600,53,-0.57634,12.04114,0,0,0,,
26216,1048.640,53,-0.57963,11.98482,0,163,0,20.417,
26217,1048.680,53,-0.56817,11.94869,1,0,72,0.633,11.455
26218,1048.720,53,-0.57584,11.88435,0,0,24,31.459,
26219,1048.760,53,-0.57605,11.81230,0,0,14,14.364,
26220,1048.800,53,-0.57059,11.76344,0,129,0,22.693,
26221,1048.840,53,-0.58155,11.73648,1,0,72,0.616,11.657
26223,1048.920,53,-0.56783,11.60837,0,0,0,,
26224,1048.960,53,-0.56789,11.55230,0,0,22,14.309,
26225,1049.000,53,-0.57870,11.52199,1,0,72,0.736,11.955
26226,1049.040,53,-0.57516,11.47571,1,0,72,0.797,11.990
26227,1049.080,53,-0.56407,11.41162,0,0,27,23.622,
26228,1049.120,53,-0.56402,11.35212,0,0,21,29.977,
26229,1049.160,53,-0.55842,11.28971,0,0,14,28.135,
26230,1049.200,53,-0.55832,11.24785,0,0,0,,
26231,1049.240,53,-0.55370,11.19790,0,0,22,28.105,
26232,1049.280,53,-0.55354,11.14264,0,0,0,,
26233,1049.320,53,-0.55343,11.08134,0,0,0,,
26234,1049.360,53,-0.54900,11.03565,0,0,0,,
26235,1049.400,53,-0.55427,11.02537,1,30,72,0.995,14.192
26236,1049.440,53,-0.55264,10.92641,0,0,0,,
26237,1049.480,53,-0.54647,10.89135,0,0,0,,
26238,1049.520,53,-0.55149,10.82320,0,0,0,,
26239,1049.560,53,-0.54575,10.78312,0,0,0,,
26240,1049.600,53,-0.54484,10.76991,1,31,72,1.077,13.781
26241,1049.640,53,-0.54370,10.71872,1,31,72,1.106,13.881
26242,1049.680,53,-0.54183,10.67001,1,31,72,1.107,13.942
26243,1049.720,53,-0.53962,10.62106,1,31,72,1.154,13.901
26244,1049.760,53,-0.53842,10.56278,1,32,72,1.110,13.909
26245,1049.800,53,-0.53941,10.52391,1,32,72,1.028,14.202
26246,1049.840,53,-0.53700,10.47225,1,31,72,0.985,14.507
26247,1049.880,53,-0.53415,10.41582,1,32,72,1.149,13.960
26248,1049.920,53,-0.53276,10.37141,1,33,72,1.036,14.841
26249,1049.960,53,-0.53087,10.31995,1,35,72,0.904,15.476
26250,1050.000,53,-0.53106,10.23809,1,33,72,0.953,11.238
26251,1050.040,53,-0.52507,10.22315,1,34,72,1.030,14.671
26252,1050.080,53,-0.52611,10.17039,1,33,72,1.003,14.869
26253,1050.120,53,-0.52279,10.12716,1,35,72,0.988,14.631
26254,1050.160,53,-0.52175,10.05228,1,35,72,1.100,12.799
26255,1050.200,53,-0.52028,10.02029,1,35,72,1.065,14.716
26256,1050.240,53,-0.51859,9.97863,1,35,72,1.001,14.793
26257,1050.280,53,-0.51653,9.91339,1,35,72,1.213,13.198
26258,1050.320,53,-0.51671,9.86777,1,35,72,1.192,13.571
26259,1050.360,53,-0.51581,9.81905,1,36,72,1.181,13.287
26260,1050.400,53,-0.51198,9.77669,1,35,72,1.146,13.749
26261,1050.440,53,-0.51037,9.69029,1,40,72,0.956,9.789
26262,1050.480,53,-0.50909,9.64519,1,36,72,0.948,10.358
26263,1050.520,53,-0.50959,9.60600,1,36,72,1.003,10.908
26264,1050.560,53,-0.50199,9.56318,1,35,72,1.169,11.943
26265,1050.600,53,-0.50279,9.54370,1,38,71,1.026,14.722
26266,1050.640,53,-0.50330,9.45144,1,38,72,0.934,9.977
26267,1050.680,53,-0.49927,9.40037,1,34,72,0.743,10.071
26268,1050.720,53,-0.49668,9.36044,1,39,72,1.011,10.595
26269,1050.760,53,-0.49629,9.34219,1,35,70,1.185,13.260
26270,1050.800,53,-0.49395,9.29887,1,38,72,1.206,13.464
26271,1050.840,53,-0.49494,9.21579,1,41,66,1.017,9.932
26272,1050.880,53,-0.49076,9.17164,1,40,72,1.009,10.088
26273,1050.920,53,-0.48950,9.13441,1,37,67,1.148,10.950
26274,1050.960,53,-0.48744,9.10407,1,35,71,1.230,13.247
26275,1051.000,53,-0.48330,9.04015,1,36,66,1.278,11.614
26276,1051.040,53,-0.48365,8.97749,1,37,65,0.957,10.107
26277,1051.080,53,-0.48266,8.93193,1,36,64,0.969,10.433
26278,1051.120,53,-0.47908,8.88359,1,39,72,0.986,9.965
26279,1051.160,53,-0.47768,8.83606,1,37,68,1.060,10.105
26280,1051.200,53,-0.47691,8.78045,1,36,68,0.813,10.374
26281,1051.240,53,-0.47393,8.74714,1,36,69,1.019,10.192
26282,1051.280,53,-0.47018,8.72681,1,39,70,1.331,12.763
26283,1051.320,53,-0.46930,8.65566,1,38,71,1.060,9.841
26284,1051.360,53,-0.46794,8.60415,1,38,72,1.023,10.365
26285,1051.400,53,-0.46980,8.49604,0,291,0,63.841,
26286,1051.440,53,-0.46393,8.46583,0,304,0,63.070,
26287,1051.480,53,-0.47177,8.28984,1,115,0,14.787,22.940
26288,1051.520,53,-0.45658,8.40913,0,326,0,63.022,
26289,1051.560,53,-0.45922,8.37581,0,278,0,60.792,
26290,1051.600,53,-0.45493,8.33386,0,297,0,62.639,
26291,1051.640,53,-0.48054,8.29903,1,37,72,1.666,11.013
26292,1051.680,53,-0.44717,8.26504,1,24,72,1.407,11.496
26293,1051.720,53,-0.47160,8.23739,1,37,72,2.077,12.382
26294,1051.760,53,-0.44513,8.12944,0,318,0,61.863,
26295,1051.800,53,-0.44503,8.07546,0,299,0,61.004,
26296,1051.840,53,-0.43092,8.03039,1,34,72,1.917,9.777
26297,1051.880,53,-0.43368,7.99853,1,35,72,1.543,9.271
26298,1051.920,53,-0.43224,7.93741,0,309,0,62.711,
26690,1067.600,61,-0.10886,33.47907,0,19,0,1.076,
26691,1067.640,61,-0.11099,33.45243,1,26,0,0.792,8.793
26692,1067.680,61,-0.11424,33.35555,0,191,0,28.699,
26693,1067.720,61,-0.10092,33.39571,0,189,0,28.684,
26694,1067.760,61,-0.10098,33.30789,0,205,0,30.408,
26695,1067.800,61,-0.11713,33.16920,0,217,0,29.925,
26696,1067.840,61,-0.11731,33.11581,0,240,0,29.740,
26697,1067.880,61,-0.12274,33.01598,1,29,0,0.680,8.793
26698,1067.920,61,-0.13476,32.90950,0,223,0,28.721,
26699,1067.960,61,-0.13459,32.92433,0,243,0,29.078,
26700,1068.000,61,-0.12473,32.74767,0,254,0,28.920,
26701,1068.040,61,-0.13849,32.70049,0,223,0,29.062,
26702,1068.080,61,-0.14037,32.56465,0,279,0,29.429,
26703,1068.120,61,-0.15101,32.49103,0,266,0,28.189,
26704,1068.160,61,-0.15141,32.43136,0,272,0,31.422,
26705,1068.200,61,-0.15146,32.34140,0,267,0,27.399,
26706,1068.240,61,-0.15453,32.24119,0,285,0,30.536,
26707,1068.280,61,-0.15252,32.32733,0,294,0,30.079,
26708,1068.320,61,-0.16418,32.11399,0,208,0,29.721,
26709,1068.360,61,-0.15995,32.04699,0,289,0,26.230,
26710,1068.400,61,-0.16998,32.01126,0,226,0,23.662,
26711,1068.440,61,-0.16954,31.99283,0,268,0,27.835,
26712,1068.480,61,-0.18107,31.86796,0,549,0,57.398,
26713,1068.520,61,-0.17940,31.86979,0,1149,0,73.586,
26714,1068.560,61,-0.17706,31.68721,0,485,0,55.881,
26715,1068.600,61,-0.18799,31.67911,0,215,0,26.154,
26716,1068.640,61,-0.18937,31.48188,0,238,0,26.108,
26717,1068.680,61,-0.17929,31.49887,0,230,0,26.616,
26718,1068.720,61,-0.19402,31.28203,0,338,0,29.251,
26719,1068.760,61,-0.19553,31.30353,0,276,0,28.221,
26720,1068.800,61,-0.20814,31.18790,0,262,0,27.942,
26721,1068.840,61,-0.20272,31.09178,0,293,0,30.813,
26722,1068.880,61,-0.20502,30.89962,0,291,0,30.329,
26723,1068.920,61,-0.21149,30.89802,0,287,0,30.746,
26724,1068.960,61,-0.22374,30.70238,0,241,0,28.667,
26725,1069.000,61,-0.21411,30.68168,0,295,0,27.496,
26726,1069.040,61,-0.22443,30.61703,0,249,0,30.175,
26727,1069.080,61,-0.22885,30.49327,0,27,0,1.627,
26728,1069.120,61,-0.23378,30.48781,0,28,0,1.696,
26729,1069.160,61,-0.23112,30.48839,0,26,0,1.582,
26730,1069.200,61,-0.23848,30.49019,0,25,0,1.536,
26731,1069.240,61,-0.23931,30.29622,0,26,0,1.626,
26732,1069.280,61,-0.23662,30.31516,0,28,0,1.641,
26733,1069.320,61,-0.24055,30.13412,0,27,0,1.641,
26734,1069.360,61,-0.24852,30.08163,0,29,0,1.703,
26735,1069.400,61,-0.25319,30.11490,0,331,0,30.098,
26736,1069.440,61,-0.24288,29.94409,0,30,0,1.881,
26737,1069.480,61,-0.24927,29.80907,0,291,0,31.364,
26738,1069.520,61,-0.24989,29.74963,0,272,0,27.871,
26739,1069.560,61,-0.25640,29.73087,0,307,0,29.668,
26740,1069.600,61,-0.27001,29.60113,0,310,0,30.700,
26741,1069.640,61,-0.26887,29.61368,0,345,0,30.422,
26742,1069.680,61,-0.27100,29.41788,0,276,0,28.683,
26743,1069.720,61,-0.28061,29.42416,0,267,0,28.056,
26744,1069.760,61,-0.28180,29.23512,0,283,0,28.657,
26745,1069.800,61,-0.28041,29.21054,0,303,0,28.302,
26746,1069.840,61,-0.29408,29.04376,0,335,0,30.484,
26747,1069.880,61,-0.28980,29.08638,0,346,0,30.456,
26748,1069.920,61,-0.29633,29.03689,0,261,0,28.627,
26749,1069.960,61,-0.29654,28.86996,0,336,0,30.038,
26750,1070.000,61,-0.30494,28.78348,0,27,0,1.617,
26751,1070.040,61,-0.28929,28.73782,0,27,0,1.618,
26752,1070.080,61,-0.30147,28.68837,0,27,0,1.565,
26753,1070.120,61,-0.30308,28.52080,0,27,0,1.564,
26754,1070.160,61,-0.30245,28.53174,0,26,0,1.472,
26755,1070.200,61,-0.30401,28.38052,0,26,0,1.428,
26756,1070.240,61,-0.31745,28.34073,0,26,0,1.426,
26757,1070.280,61,-0.31545,28.34981,0,25,0,1.421,
26758,1070.320,61,-0.32736,28.17799,0,25,0,1.347,
26759,1070.360,61,-0.32418,28.01012,0,268,0,26.276,
26760,1070.400,61,-0.33561,28.00656,0,24,0,1.321,
26761,1070.440,61,-0.32977,28.06782,0,26,0,1.420,
26762,1070.480,61,-0.33583,27.92036,0,27,0,1.430,
26763,1070.520,61,-0.33206,27.83105,0,35,0,2.374,
26764,1070.560,61,-0.32678,27.73176,0,33,0,1.587,
26765,1070.600,61,-0.34371,27.73819,0,33,0,1.567,
26766,1070.640,61,-0.34475,27.53383,0,28,0,1.369,
26767,1070.680,61,-0.34521,27.55784,0,320,0,27.227,
26768,1070.720,61,-0.34827,27.39559,0,347,0,28.135,
26769,1070.760,61,-0.34676,27.41312,0,0,0,,
26770,1070.800,61,-0.34525,27.24848,0,0,0,,
26771,1070.840,61,-0.34478,27.21600,0,0,0,,
26772,1070.880,61,-0.36405,27.04580,0,0,0,,
26773,1070.920,61,-0.36086,27.07511,0,0,0,,
26774,1070.960,61,-0.36401,26.88599,0,0,0,,
26775,1071.000,61,-0.36135,26.87958,1,29,0,0.748,8.793
26776,1071.040,61,-0.37344,26.75716,1,30,0,0.795,15.012
26777,1071.080,61,-0.37814,26.73554,1,29,0,0.821,8.793
26778,1071.120,61,-0.37962,26.65679,1,30,0,0.877,8.793
26779,1071.160,61,-0.37529,26.56737,1,28,0,0.896,8.793
26780,1071.200,61,-0.37547,26.45518,1,30,0,0.833,15.529
26781,1071.240,61,-0.38325,26.40963,1,29,0,0.836,8.793
26782,1071.280,61,-0.38394,26.37804,1,31,0,0.857,13.874
26783,1071.320,61,-0.39226,26.25522,1,30,0,0.778,13.678
26784,1071.360,61,-0.39534,26.16178,1,29,0,0.787,14.171
26785,1071.400,61,-0.39401,26.10422,1,29,22,0.667,13.413
26786,1071.440,61,-0.39870,26.02889,1,30,0,0.875,8.793
26787,1071.480,61,-0.39895,25.97252,1,29,0,0.469,8.793
26788,1071.520,61,-0.39917,25.95094,1,29,0,0.803,8.793
26789,1071.560,61,-0.39407,25.83369,1,31,0,0.310,8.793
26790,1071.600,61,-0.39915,25.80653,1,30,0,0.906,13.086
26791,1071.640,61,-0.40460,25.71742,1,31,0,0.759,8.793
26792,1071.680,61,-0.40484,25.56259,1,30,41,0.638,14.825
26793,1071.720,61,-0.40423,25.58818,1,32,0,0.589,8.793
26794,1071.760,61,-0.40297,25.54773,1,30,0,0.874,14.561
26795,1071.800,61,-0.41309,25.44220,1,31,0,0.688,18.288
26796,1071.840,61,-0.41064,25.34320,1,30,72,0.575,12.999
26797,1071.880,61,-0.41921,25.30669,1,31,0,0.681,10.108
26798,1071.920,61,-0.41539,25.24934,1,31,0,0.771,19.381
26799,1071.960,61,-0.42594,25.08024,1,30,0,0.778,21.762
26800,1072.000,61,-0.43714,24.98129,1,31,28,0.631,15.745
26801,1072.040,61,-0.41761,25.02002,1,33,0,0.782,8.793
26802,1072.080,61,-0.43460,24.90216,1,31,0,0.889,34.018
26803,1072.120,61,-0.42326,24.88254,1,34,0,0.890,8.793
26804,1072.160,61,-0.44374,24.71950,1,33,27,0.760,12.549
26805,1072.200,61,-0.43475,24.67932,1,33,0,0.866,8.793
26806,1072.240,61,-0.43524,24.62761,1,34,0,0.928,8.793
26807,1072.280,61,-0.43805,24.53497,1,36,0,0.818,8.793
26808,1072.320,61,-0.44356,24.46980,1,36,0,0.856,8.793
26809,1072.360,61,-0.44600,24.40820,1,36,0,0.743,8.793
26810,1072.400,61,-0.45356,24.29410,1,36,0,0.839,8.793
26811,1072.440,61,-0.44475,24.24873,1,39,0,0.809,8.793
26812,1072.480,61,-0.44818,24.16612,1,37,0,0.828,8.793
26813,1072.520,61,-0.45778,24.13051,1,38,0,0.745,8.793
26814,1072.560,61,-0.45559,24.05441,1,21,0,0.858,8.793
26815,1072.600,61,-0.46063,23.98453,1,39,0,0.774,8.793
26816,1072.640,61,-0.45981,23.88725,1,36,0,0.811,8.793
26817,1072.680,61,-0.46158,23.77944,1,21,0,0.779,8.793
26818,1072.720,61,-0.45843,23.83179,1,39,0,0.848,8.793
26819,1072.760,61,-0.45737,23.68656,1,40,0,0.828,8.793
26820,1072.800,61,-0.46367,23.69619,1,38,0,0.819,8.793
26821,1072.840,61,-0.46681,23.58274,1,39,0,0.803,8.793
26822,1072.880,61,-0.46443,23.56204,1,21,0,0.834,8.793
26823,1072.920,61,-0.46666,23.41683,1,21,0,0.826,8.793
26824,1072.960,61,-0.46891,23.42668,1,21,0,0.734,8.793
26825,1073.000,61,-0.47986,23.22952,1,22,0,0.770,8.793
26826,1073.040,61,-0.48396,23.15507,1,22,0,0.746,8.793
26827,1073.080,61,-0.47642,23.14919,1,21,0,0.824,8.793
26828,1073.120,61,-0.48462,23.06700,1,21,0,0.825,8.793
26829,1073.160,61,-0.48194,23.02788,1,22,0,0.833,8.793
26830,1073.200,61,-0.47956,22.94632,1,23,0,0.866,8.793
26831,1073.240,61,-0.48699,22.82408,1,22,0,0.841,8.793
26832,1073.280,61,-0.48512,22.80506,1,21,0,0.815,8.793
26833,1073.320,61,-0.49328,22.72864,1,23,0,0.826,8.793
26834,1073.360,61,-0.47882,22.67414,1,21,0,0.864,8.793
26835,1073.400,61,-0.49502,22.60485,1,22,0,0.862,8.793
26836,1073.440,61,-0.49180,22.52547,1,22,0,0.955,8.793
26837,1073.480,61,-0.49325,22.43596,1,32,0,0.884,8.793
26838,1073.520,61,-0.49592,22.46540,1,22,0,0.796,8.793
26839,1073.560,61,-0.49942,22.31885,1,34,0,0.285,8.793
26840,1073.600,61,-0.50095,22.20811,1,34,0,0.873,8.793
26841,1073.640,61,-0.49368,22.19342,1,23,0,0.840,8.793
26842,1073.680,61,-0.50059,22.09172,1,35,0,0.852,8.793
26843,1073.720,61,-0.50402,22.06715,1,22,0,0.870,8.793
26844,1073.760,61,-0.50355,21.97761,1,23,0,0.913,8.793
26845,1073.800,61,-0.49657,21.95658,1,34,0,0.921,8.793
26846,1073.840,61,-0.50261,21.86396,1,23,0,0.608,8.793
26847,1073.880,61,-0.51810,21.77099,1,23,0,0.906,8.793
26848,1073.920,61,-0.50838,21.71261,1,21,0,0.826,8.793
26849,1073.960,61,-0.50530,21.65100,1,21,0,0.889,8.793
26850,1074.000,61,-0.51090,21.52886,1,35,0,0.878,8.793
26851,1074.040,61,-0.50953,21.52065,1,40,0,0.862,8.793
26852,1074.080,61,-0.51361,21.45072,1,35,0,0.875,8.793
26853,1074.120,61,-0.51080,21.38719,1,22,0,0.839,17.332
26854,1074.160,61,-0.51490,21.31043,1,22,0,0.835,8.793
26855,1074.200,61,-0.52481,21.24343,1,21,0,0.838,14.130
26856,1074.240,61,-0.52220,21.21776,1,35,0,0.820,8.793
26857,1074.280,61,-0.51626,21.11419,1,35,0,0.862,8.793
26858,1074.320,61,-0.52026,21.04719,1,40,41,0.755,15.175
26859,1074.360,61,-0.52402,21.00219,1,21,0,0.848,8.793
26860,1074.400,61,-0.52365,20.90956,1,21,0,0.833,8.793
26861,1074.440,61,-0.52691,20.84882,1,21,0,0.879,8.793
26862,1074.480,61,-0.51610,20.79523,1,37,0,0.875,8.793
26863,1074.520,61,-0.53098,20.75399,1,38,0,0.855,17.516
26864,1074.560,61,-0.52637,20.66947,1,37,0,0.910,8.793
26865,1074.600,61,-0.52859,20.57697,1,37,0,0.903,9.992
26866,1074.640,61,-0.52926,20.48964,1,36,0,0.923,8.793
26867,1074.680,61,-0.53253,20.46463,1,36,0,0.978,8.793
26868,1074.720,61,-0.52866,20.38974,1,39,0,0.909,8.793
26869,1074.760,61,-0.52268,20.35448,1,37,0,0.967,8.793
26870,1074.800,61,-0.52442,20.26204,1,36,0,0.947,8.793
26871,1074.840,61,-0.53666,20.25934,1,38,0,0.793,8.793
26872,1074.880,61,-0.52528,20.12265,1,37,0,0.985,8.793
26873,1074.920,61,-0.53511,20.06179,1,36,0,0.981,8.793
26874,1074.960,61,-0.53536,20.04718,1,38,0,0.915,8.793
26875,1075.000,61,-0.53258,19.98195,1,39,0,0.880,8.793
26876,1075.040,61,-0.52494,19.90967,1,38,0,0.747,14.354
26877,1075.080,61,-0.53810,19.84606,1,39,0,1.014,12.437
26878,1075.120,61,-0.53908,19.79331,1,37,0,1.001,8.793
26879,1075.160,61,-0.54071,19.73068,1,38,0,0.875,8.793
26880,1075.200,61,-0.54211,19.66462,1,39,0,0.953,8.793
26881,1075.240,61,-0.54168,19.60500,1,38,0,0.775,8.793
26882,1075.280,61,-0.54293,19.50650,1,40,16,0.754,6.935
26883,1075.320,61,-0.54569,19.47988,1,40,0,0.904,7.943
26884,1075.360,61,-0.54233,19.42309,1,21,0,0.608,8.793
26885,1075.400,61,-0.54505,19.31392,1,21,17,0.619,11.590
26886,1075.440,61,-0.54592,19.29756,1,40,0,0.732,8.793
26887,1075.480,61,-0.54759,19.22077,1,22,29,0.492,7.347
26888,1075.520,61,-0.54613,19.14579,1,21,18,0.575,10.662
26889,1075.560,61,-0.54928,19.10047,1,39,28,0.632,6.978
26890,1075.600,61,-0.56185,19.04963,1,24,0,0.610,8.849
26891,1075.640,61,-0.55587,18.97544,1,22,0,0.886,8.793
26892,1075.680,61,-0.54973,18.89777,1,22,51,0.621,11.547
26893,1075.720,61,-0.55553,18.82814,1,23,45,0.581,9.872
26894,1075.760,61,-0.55566,18.77691,1,24,41,0.717,12.192
26895,1075.800,61,-0.55571,18.67934,1,23,41,0.742,11.244
26896,1075.840,61,-0.55746,18.66012,1,23,37,0.724,13.897
26897,1075.880,61,-0.55399,18.57528,1,25,32,0.690,9.371
26898,1075.920,61,-0.55480,18.53737,1,22,45,0.619,14.962
26899,1075.960,61,-0.55911,18.46411,1,25,37,0.672,10.900
26900,1076.000,61,-0.55479,18.42371,1,25,50,0.654,15.543
26901,1076.040,61,-0.55709,18.36181,1,24,19,0.712,8.845
26902,1076.080,61,-0.55636,18.29610,1,25,43,0.680,12.392
26903,1076.120,61,-0.56468,18.25348,1,26,0,0.980,8.793
26904,1076.160,61,-0.55570,18.17068,1,25,39,0.757,12.404
26905,1076.200,61,-0.56141,18.14397,1,25,0,0.882,15.058
26906,1076.240,61,-0.56683,18.07564,1,26,0,0.984,8.793
26907,1076.280,61,-0.56577,18.01989,1,23,0,0.945,8.793
26908,1076.320,61,-0.56575,17.92560,1,27,26,0.861,15.568
26909,1076.360,61,-0.55928,17.87993,1,27,35,0.707,16.572
26910,1076.400,61,-0.55983,17.85268,1,26,0,0.940,15.186
26911,1076.440,61,-0.56061,17.76406,1,27,37,0.698,17.549
26912,1076.480,61,-0.56715,17.72412,1,27,0,0.882,8.793
26913,1076.520,61,-0.56050,17.66954,1,26,0,0.787,12.996
26914,1076.560,61,-0.56389,17.61411,1,28,0,0.872,17.268
26915,1076.600,61,-0.55767,17.56484,1,28,0,0.740,17.010
26916,1076.640,61,-0.56587,17.46421,1,22,25,0.881,14.947
26917,1076.680,61,-0.56402,17.42568,1,28,39,0.795,14.723
26918,1076.720,61,-0.56036,17.36971,1,29,40,0.666,18.026
26919,1076.760,61,-0.56373,17.28758,1,28,23,0.902,14.479
26920,1076.800,61,-0.56656,17.23912,1,27,26,0.807,14.666
26921,1076.840,61,-0.56720,17.19688,1,28,0,0.838,8.793
26922,1076.880,61,-0.56501,17.12610,1,29,28,0.768,14.191
26923,1076.920,61,-0.56587,17.06166,1,23,20,0.785,11.419
26924,1076.960,61,-0.56897,17.02119,1,29,34,0.753,15.605
26925,1077.000,61,-0.57170,16.96076,1,28,46,0.666,16.120
26926,1077.040,61,-0.57639,16.91134,1,28,37,0.655,17.046
26927,1077.080,61,-0.56869,16.85906,1,29,30,0.634,17.520
26928,1077.120,61,-0.56121,16.78684,1,28,32,0.782,13.023
26929,1077.160,61,-0.56792,16.71077,1,29,24,0.778,13.218
26930,1077.200,61,-0.57464,16.65867,1,28,24,0.876,12.278
26931,1077.240,61,-0.56653,16.62240,1,29,38,0.696,16.246
26932,1077.280,61,-0.56854,16.55777,1,28,0,0.947,12.061
26933,1077.320,61,-0.56013,16.48308,1,28,37,0.739,14.159
26934,1077.360,61,-0.56972,16.41182,1,28,42,0.852,13.679
26935,1077.400,61,-0.56648,16.37378,1,28,42,0.731,16.192
26936,1077.440,61,-0.56489,16.31210,1,28,35,0.689,13.712
26937,1077.480,61,-0.57184,16.25320,1,28,42,0.714,16.733
26938,1077.520,61,-0.56380,16.17708,1,28,44,0.800,13.732
26939,1077.560,61,-0.55861,16.13816,1,29,54,0.687,16.848
26940,1077.600,61,-0.57103,16.08458,1,29,41,0.725,14.020
26941,1077.640,61,-0.56227,16.00370,1,29,51,0.800,13.329
26942,1077.680,61,-0.56201,15.95766,1,28,43,0.785,13.672
26943,1077.720,61,-0.56623,15.92936,1,28,58,0.621,17.230
26944,1077.760,61,-0.55990,15.85951,1,27,47,0.653,13.551
26945,1077.800,61,-0.56033,15.81046,1,28,62,0.770,16.408
26946,1077.840,61,-0.56283,15.73658,1,28,44,0.808,13.148
26947,1077.880,61,-0.56709,15.69166,1,27,53,0.752,15.522
26948,1077.920,61,-0.56209,15.63222,1,27,52,0.737,14.866
26949,1077.960,61,-0.55799,15.58372,1,28,53,0.825,14.633
26950,1078.000,61,-0.55486,15.53358,1,28,61,0.644,16.382
26951,1078.040,61,-0.55741,15.46964,1,29,61,0.770,16.107
26952,1078.080,61,-0.55878,15.39906,1,28,53,0.808,15.371
26953,1078.120,61,-0.55860,15.36126,1,26,54,0.783,15.867
26954,1078.160,61,-0.55766,15.30704,1,27,53,0.729,15.269
26955,1078.200,61,-0.55333,15.24959,1,27,60,0.643,17.932
26956,1078.240,61,-0.55700,15.19561,1,24,56,0.757,16.191
26957,1078.280,61,-0.55299,15.14498,1,28,59,0.801,16.376
26958,1078.320,61,-0.55875,15.09068,1,26,56,0.673,17.409
26959,1078.360,61,-0.55703,15.03283,1,26,60,0.737,15.559
26960,1078.400,61,-0.55439,14.96724,1,25,60,0.821,16.151
26961,1078.440,61,-0.54734,14.91569,1,27,64,0.787,16.457
26962,1078.480,61,-0.54953,14.83863,1,25,70,0.880,13.829
26963,1078.520,61,-0.54619,14.82023,1,25,50,0.566,18.911
26964,1078.560,61,-0.55081,14.74276,1,24,67,0.837,14.147
26965,1078.600,61,-0.54904,14.68685,1,26,72,0.891,13.264
26966,1078.640,61,-0.55043,14.62042,1,27,64,0.837,13.203
26967,1078.680,61,-0.54986,14.57572,1,26,64,0.841,14.214
26968,1078.720,61,-0.55205,14.52014,1,25,59,0.718,14.607
26969,1078.760,61,-0.55287,14.48962,1,26,58,0.738,14.674
26970,1078.800,61,-0.54431,14.40742,1,28,65,0.860,12.777
26971,1078.840,61,-0.54524,14.35490,1,27,66,0.786,12.450
26972,1078.880,61,-0.54320,14.29542,1,26,67,0.749,11.684
26973,1078.920,61,-0.54396,14.25627,1,26,64,0.712,13.618
26974,1078.960,61,-0.54536,14.19056,1,26,72,0.771,11.226
26975,1079.000,61,-0.54693,14.14121,1,26,72,0.791,11.640
26976,1079.040,61,-0.54288,14.08353,1,26,69,0.754,11.550
26977,1079.080,61,-0.54385,14.02964,1,27,72,0.795,11.556
26978,1079.120,61,-0.54140,14.00316,1,26,53,0.535,14.982
26979,1079.160,61,-0.54139,13.93834,1,27,72,0.775,11.651
26980,1079.200,61,-0.54179,13.88184,1,28,68,0.838,12.401
26981,1079.240,61,-0.53567,13.83776,1,28,67,0.872,12.712
26982,1079.280,61,-0.53858,13.79176,1,26,61,0.930,12.878
26983,1079.320,61,-0.53552,13.75702,1,26,57,0.688,15.453
26984,1079.360,61,-0.53300,13.69594,1,27,65,0.791,13.505
26985,1079.400,61,-0.53499,13.64581,1,28,67,0.850,13.568
26986,1079.440,61,-0.53654,13.58589,1,26,72,0.921,13.126
26987,1079.480,61,-0.53746,13.53919,1,27,72,0.923,13.268
26988,1079.520,61,-0.53284,13.51658,1,26,64,0.634,15.472
26989,1079.560,61,-0.52999,13.44414,1,27,72,0.926,13.135
26990,1079.600,61,-0.52887,13.39272,1,28,72,0.947,13.508
26991,1079.640,61,-0.52715,13.34494,1,27,72,0.965,13.786
26992,1079.680,61,-0.52859,13.29682,1,31,72,1.010,13.886
26993,1079.720,61,-0.52764,13.25122,1,29,72,0.963,13.926
26994,1079.760,61,-0.51748,13.21166,1,29,65,0.678,15.729
26995,1079.800,61,-0.52328,13.15155,1,29,72,0.976,13.985
26996,1079.840,61,-0.52355,13.09908,1,27,72,0.920,15.565
26997,1079.880,61,-0.52261,13.05775,1,28,72,0.773,16.107
26998,1079.920,61,-0.52267,13.01654,1,30,72,0.926,14.501
26999,1079.960,61,-0.52263,12.96022,1,28,72,0.841,15.663
27000,1080.000,61,-0.52043,12.91106,1,29,72,0.965,13.995
27001,1080.040,61,-0.52215,12.86714,1,31,68,0.727,16.924
27002,1080.080,61,-0.51874,12.82465,1,31,67,0.685,15.943
27003,1080.120,61,-0.51094,12.77449,1,32,67,0.776,15.629
27004,1080.160,61,-0.51291,12.71224,1,29,72,0.898,14.841
27005,1080.200,61,-0.51318,12.66762,1,29,72,1.053,14.512
27006,1080.240,61,-0.51150,12.62003,1,33,60,0.814,15.247
27007,1080.280,61,-0.51134,12.58284,1,32,68,0.840,15.647
27008,1080.320,61,-0.51211,12.53468,1,32,69,0.759,15.916
27009,1080.360,61,-0.50662,12.48627,1,32,68,0.792,15.971
27010,1080.400,61,-0.50319,12.43859,1,33,67,0.931,15.131
27011,1080.440,61,-0.50138,12.39292,1,34,67,0.761,14.838
27012,1080.480,61,-0.50322,12.35017,1,34,65,0.830,15.445
27013,1080.520,61,-0.50020,12.28801,1,35,54,0.849,14.612
27014,1080.560,61,-0.49596,12.24583,1,33,67,0.776,15.969
27015,1080.600,61,-0.49810,12.20436,1,30,68,0.758,15.794
27016,1080.640,61,-0.49630,12.15282,1,35,68,0.761,15.629
27017,1080.680,61,-0.49488,12.10860,1,35,67,0.993,14.603
27018,1080.720,61,-0.49599,12.05278,1,35,68,0.777,15.506
27019,1080.760,61,-0.49176,12.02213,1,37,60,0.859,15.902
27020,1080.800,61,-0.48807,11.97336,1,37,65,0.801,14.584
27021,1080.840,61,-0.48372,11.92931,1,37,65,0.777,15.053
27022,1080.880,61,-0.48398,11.88271,1,37,66,0.743,15.100
27023,1080.920,61,-0.48864,11.83229,1,35,64,0.697,15.864
27024,1080.960,61,-0.48364,11.78028,1,36,63,0.711,15.382
27025,1081.000,61,-0.48401,11.73785,1,31,63,0.672,15.675
27026,1081.040,61,-0.48003,11.69249,1,37,59,0.727,15.792
27027,1081.080,61,-0.47839,11.64604,1,30,62,0.801,15.552
27028,1081.120,61,-0.47578,11.60939,1,37,60,0.691,15.488
27029,1081.160,61,-0.47297,11.56709,1,37,60,0.697,15.739
27030,1081.200,61,-0.47373,11.51710,1,30,60,0.763,15.754
27031,1081.240,61,-0.47258,11.46446,1,30,59,0.733,16.226
27032,1081.280,61,-0.47424,11.42398,1,39,59,0.766,16.798
27033,1081.320,61,-0.46911,11.36582,1,31,60,0.719,15.938
27034,1081.360,61,-0.46608,11.33229,1,32,60,0.702,15.950
27035,1081.400,61,-0.46536,11.28191,1,32,60,0.738,16.153
27036,1081.440,61,-0.46247,11.23294,1,36,63,0.699,16.262
27037,1081.480,61,-0.45902,11.19717,1,38,66,0.807,15.814
27038,1081.520,61,-0.46275,11.15749,1,36,67,0.818,14.893
27039,1081.560,61,-0.45839,11.11066,1,38,67,1.052,15.022
27040,1081.600,61,-0.45323,11.05853,1,31,67,0.846,15.675
27041,1081.640,61,-0.45717,11.01563,1,32,67,0.833,15.073
27042,1081.680,61,-0.45572,10.97844,1,38,66,0.853,14.999
27043,1081.720,61,-0.44992,10.93341,1,38,65,0.859,14.769
27044,1081.760,61,-0.45176,10.87992,1,38,66,0.776,16.653
27045,1081.800,61,-0.45103,10.82381,1,31,69,1.148,13.041
27046,1081.840,61,-0.44659,10.79185,1,33,67,1.060,13.787
27047,1081.880,61,-0.44433,10.69307,1,34,72,0.883,9.373
27048,1081.920,61,-0.44112,10.70399,1,33,67,0.940,15.273
27049,1081.960,61,-0.44290,10.65800,1,36,67,0.934,14.893
27050,1082.000,61,-0.43712,10.61142,1,36,67,1.041,13.779
27051,1082.040,61,-0.43567,10.55137,1,38,71,1.213,12.983
27052,1082.080,61,-0.43272,10.51595,1,35,69,1.239,13.260
27053,1082.120,61,-0.43172,10.47373,1,39,67,1.164,13.027
27054,1082.160,61,-0.43020,10.43347,1,34,68,1.224,13.320
27055,1082.200,61,-0.42739,10.40061,1,37,66,0.988,14.392
27056,1082.240,61,-0.42571,10.34490,1,34,67,1.246,13.078
27057,1082.280,61,-0.42214,10.29356,1,39,70,1.266,12.190
27058,1082.320,61,-0.42109,10.26739,1,38,66,1.189,12.651
27059,1082.360,61,-0.42074,10.21264,1,36,66,1.236,12.632
27060,1082.400,61,-0.41911,10.16106,1,36,70,1.203,11.237
27061,1082.440,61,-0.41238,10.13371,1,38,65,1.237,12.401
27062,1082.480,61,-0.41344,10.08852,1,38,67,1.221,12.138
27063,1082.520,61,-0.41208,10.04732,1,35,68,1.291,11.973
27064,1082.560,61,-0.40852,10.01190,1,35,67,1.225,12.139
27065,1082.600,61,-0.40704,9.96360,1,37,69,1.269,11.719
27066,1082.640,61,-0.40374,9.91741,1,35,72,1.224,10.549
27067,1082.680,61,-0.40292,9.86992,1,36,72,1.079,10.544
27068,1082.720,61,-0.39927,9.83781,1,41,69,1.181,11.324
27069,1082.760,61,-0.40033,9.79958,1,36,65,1.175,11.124
27070,1082.800,61,-0.39557,9.75927,1,36,68,1.082,10.485
27071,1082.840,61,-0.39411,9.71677,1,39,67,1.153,10.458
27072,1082.880,61,-0.38931,9.66920,1,38,68,1.050,10.251
27073,1082.920,61,-0.38957,9.63004,1,34,66,1.173,11.558
27074,1082.960,61,-0.38724,9.59298,1,37,65,1.074,10.195
27075,1083.000,61,-0.38563,9.53862,1,38,65,0.752,9.853
27076,1083.040,61,-0.38418,9.50044,1,40,66,0.871,10.359
27077,1083.080,61,-0.38485,9.45808,1,37,65,0.839,10.296
27078,1083.120,61,-0.38016,9.41580,1,37,68,0.697,10.149
27079,1083.160,61,-0.37870,9.38080,1,38,67,0.872,10.550
27080,1083.200,61,-0.37470,9.34532,1,36,61,0.826,9.378
27081,1083.240,61,-0.37269,9.30814,1,37,62,0.823,10.081
27082,1083.280,61,-0.37142,9.26829,1,41,61,0.848,9.965
27083,1083.320,61,-0.36880,9.23037,1,39,60,0.736,9.723
27084,1083.360,61,-0.36700,9.18426,1,37,70,0.756,10.017
27085,1083.400,61,-0.36571,9.14896,1,39,65,0.783,10.110
27086,1083.440,61,-0.36147,9.10912,1,38,60,0.722,9.543
27087,1083.480,61,-0.36039,9.06972,1,37,63,0.763,10.136
27088,1083.520,61,-0.35706,9.03471,1,38,71,0.724,9.938
27089,1083.560,61,-0.35629,8.99480,1,39,64,0.711,9.903
27090,1083.600,61,-0.35548,8.95569,1,38,70,0.723,9.939
27091,1083.640,61,-0.34937,8.92976,1,37,62,0.740,9.581
27092,1083.680,61,-0.34984,8.88404,1,39,65,0.835,9.939
27093,1083.720,61,-0.34419,8.84386,1,39,72,0.802,10.067
27094,1083.760,61,-0.34343,8.80964,1,40,64,0.772,9.763
27095,1083.800,61,-0.34321,8.77158,1,39,65,0.797,10.102
27096,1083.840,61,-0.33948,8.73615,1,40,65,0.872,9.869
27097,1083.880,61,-0.33747,8.70600,1,39,65,0.956,9.919
27098,1083.920,61,-0.33679,8.66147,1,41,72,0.840,10.172
27099,1083.960,61,-0.33331,8.63831,1,36,72,1.075,9.852
27100,1084.000,61,-0.33307,8.59378,1,39,72,0.987,9.645
27101,1084.040,61,-0.33236,8.52433,0,270,0,58.389,
27103,1084.120,61,-0.32554,8.46075,0,289,0,64.480,
27104,1084.160,61,-0.32544,8.42394,0,271,0,58.150,
27105,1084.200,61,-0.32081,8.39643,0,265,0,58.048,
27106,1084.240,61,-0.32353,8.36489,0,282,0,60.208,
27107,1084.280,61,-0.31873,8.35191,0,262,0,57.729,
27108,1084.320,61,-0.30943,8.30631,1,22,72,0.970,9.910
27109,1084.360,61,-0.30662,8.27439,1,23,72,1.080,10.078
27110,1084.400,61,-0.29789,8.23651,1,25,72,1.120,9.967
27111,1084.440,61,-0.30581,8.23274,1,27,69,1.744,11.535
27112,1084.480,61,-0.29988,8.20179,1,27,69,1.866,11.309
27113,1084.520,61,-0.30260,8.17423,1,30,69,2.071,11.641
27114,1084.560,61,-0.29204,8.07052,1,31,72,1.734,10.170
27115,1084.600,61,-0.29478,8.03036,1,32,72,1.867,9.943
27116,1084.640,61,-0.29462,8.00105,1,34,72,1.686,8.610
27117,1084.680,61,-0.24860,7.96292,1,48,48,2.449,8.864
28780,1151.200,82,-0.10554,33.12757,1,23,0,0.918,8.793
28781,1151.240,82,-0.11472,32.97158,0,238,0,28.271,
28782,1151.280,82,-0.11679,32.91331,0,235,0,29.032,
28783,1151.320,82,-0.11841,32.91078,0,203,0,30.904,
28787,1151.480,82,-0.13178,32.52019,0,207,0,25.583,
28788,1151.520,82,-0.14584,32.29291,0,227,0,22.727,
28789,1151.560,82,-0.15116,32.27449,0,1085,0,80.374,
28790,1151.600,82,-0.16034,32.31889,0,257,0,27.338,
28791,1151.640,82,-0.16200,32.10559,0,269,0,28.046,
28792,1151.680,82,-0.15954,32.09356,0,1024,0,58.158,
28793,1151.720,82,-0.15988,32.10103,0,1056,0,65.697,
28794,1151.760,82,-0.16535,32.10522,0,218,0,23.108,
28795,1151.800,82,-0.16693,31.89303,0,209,0,28.453,
28796,1151.840,82,-0.17484,31.84254,0,225,0,29.434,
28797,1151.880,82,-0.18385,31.87307,0,229,0,30.135,
28798,1151.920,82,-0.18530,31.68416,0,126,0,19.535,
28799,1151.960,82,-0.19203,31.52081,0,243,0,29.548,
28800,1152.000,82,-0.18195,31.46747,0,219,0,29.941,
28801,1152.040,82,-0.18392,31.48339,0,206,0,28.554,
28802,1152.080,82,-0.19716,31.29402,0,147,0,21.643,
28803,1152.120,82,-0.19809,31.28165,0,208,0,27.665,
28804,1152.160,82,-0.20679,31.07988,0,244,0,28.854,
28805,1152.200,82,-0.20675,31.09424,0,242,0,29.241,
28806,1152.240,82,-0.22112,30.89663,0,202,0,28.199,
28807,1152.280,82,-0.21626,30.90489,0,250,0,28.813,
28808,1152.320,82,-0.22307,30.72595,0,202,0,27.794,
28809,1152.360,82,-0.22412,30.67983,0,329,0,29.248,
28810,1152.400,82,-0.22351,30.67814,0,260,0,29.045,
28811,1152.440,82,-0.23538,30.49318,0,273,0,30.678,
28812,1152.480,82,-0.23051,30.50137,0,220,0,27.322,
28813,1152.520,82,-0.23661,30.49076,0,24,0,1.441,
28814,1152.560,82,-0.24679,30.39420,0,28,0,1.726,
28815,1152.600,82,-0.24649,30.29772,0,231,0,26.313,
28816,1152.640,82,-0.25486,30.31213,0,234,0,27.298,
28817,1152.680,82,-0.25290,30.14012,0,25,0,1.457,
28818,1152.720,82,-0.26293,30.12016,0,0,0,,
28819,1152.760,82,-0.26192,30.05227,0,202,0,27.451,
28820,1152.800,82,-0.26612,29.95149,0,0,0,,
28821,1152.840,82,-0.26841,29.81299,0,0,0,,
28822,1152.880,82,-0.26641,29.80100,0,0,0,,
28823,1152.920,82,-0.26528,29.61123,0,0,0,,
28824,1152.960,82,-0.27544,29.61531,0,216,0,27.415,
28825,1153.000,82,-0.27454,29.62852,0,272,0,31.854,
28826,1153.040,82,-0.28975,29.38919,0,224,0,28.368,
28827,1153.080,82,-0.27488,29.41398,0,0,0,,
28828,1153.120,82,-0.28878,29.23676,0,221,0,28.878,
28829,1153.160,82,-0.28404,29.26464,0,265,0,29.492,
28830,1153.200,82,-0.28913,29.08717,0,243,0,27.872,
28831,1153.240,82,-0.28515,29.01919,0,347,0,30.269,
28832,1153.280,82,-0.30451,28.99799,0,210,0,27.676,
28833,1153.320,82,-0.30619,28.88799,0,255,0,29.373,
28834,1153.360,82,-0.30967,28.86068,0,250,0,29.340,
28835,1153.400,82,-0.31694,28.69558,0,255,0,29.470,
28836,1153.440,82,-0.31272,28.69196,0,236,0,26.505,
28837,1153.480,82,-0.31616,28.52228,0,264,0,28.884,
28838,1153.520,82,-0.31946,28.53344,0,286,0,31.293,
28839,1153.560,82,-0.32751,28.47835,0,239,0,28.391,
28840,1153.600,82,-0.33026,28.35708,0,224,0,28.687,
28841,1153.640,82,-0.32046,28.34959,0,265,0,26.637,
28842,1153.680,82,-0.33087,28.21146,0,231,0,27.204,
28843,1153.720,82,-0.33242,28.18058,0,228,0,27.585,
28844,1153.760,82,-0.33424,28.01235,0,247,0,27.802,
28845,1153.800,82,-0.33583,28.02886,0,244,0,27.724,
28846,1153.840,82,-0.33564,27.94520,0,228,0,28.795,
28847,1153.880,82,-0.33756,27.85403,0,0,0,,
28848,1153.920,82,-0.34767,27.80707,0,272,0,29.843,
28849,1153.960,82,-0.34665,27.73223,0,287,0,28.911,
28850,1154.000,82,-0.34921,27.72301,1,28,0,0.861,8.793
28851,1154.040,82,-0.34430,27.55293,1,30,0,0.814,16.184
28852,1154.080,82,-0.34770,27.54453,1,28,0,0.789,17.925
28853,1154.120,82,-0.35346,27.37606,1,28,0,0.830,8.793
28854,1154.160,82,-0.35970,27.30427,1,30,0,0.756,18.732
28855,1154.200,82,-0.37356,27.22080,1,29,0,0.750,16.377
28856,1154.240,82,-0.37070,27.18608,1,30,0,0.784,8.793
28857,1154.280,82,-0.37637,27.04903,1,29,56,0.599,15.050
28858,1154.320,82,-0.37903,27.03918,1,28,0,0.650,15.688
28859,1154.360,82,-0.38613,26.89746,0,0,0,,
28860,1154.400,82,-0.38950,26.88890,0,0,0,,
28861,1154.440,82,-0.38647,26.77406,1,29,0,0.920,14.371
28862,1154.480,82,-0.39629,26.73648,1,30,0,0.851,14.420
28863,1154.520,82,-0.40223,26.68182,1,28,0,0.904,8.793
28864,1154.560,82,-0.41602,26.57566,1,31,0,0.749,15.550
28865,1154.600,82,-0.40765,26.49939,1,31,0,0.822,11.859
28866,1154.640,82,-0.42304,26.42837,1,28,0,0.789,8.793
28867,1154.680,82,-0.41507,26.40273,1,31,0,0.777,19.315
28868,1154.720,82,-0.41990,26.26666,1,29,0,0.799,18.671
28869,1154.760,82,-0.41535,26.25623,1,30,0,0.754,8.793
28870,1154.800,82,-0.41877,26.13867,1,31,0,0.754,16.451
28871,1154.840,82,-0.41421,26.03782,1,29,0,0.569,40.571
28872,1154.880,82,-0.43796,26.00108,1,31,0,0.843,17.867
28873,1154.920,82,-0.43534,25.97008,1,31,0,0.621,21.011
28874,1154.960,82,-0.44252,25.86312,1,31,0,0.874,15.969
28875,1155.000,82,-0.43701,25.82250,1,30,0,0.785,16.356
28876,1155.040,82,-0.43916,25.72896,1,34,0,0.933,14.684
28877,1155.080,82,-0.43546,25.68402,1,32,0,0.544,13.188
28878,1155.120,82,-0.44169,25.54526,1,32,0,0.836,17.610
28879,1155.160,82,-0.43891,25.54864,1,33,0,0.717,24.285
28880,1155.200,82,-0.43359,25.46684,1,31,0,0.919,8.793
28881,1155.240,82,-0.45211,25.39739,1,34,0,0.755,22.802
28882,1155.280,82,-0.44995,25.29698,1,31,0,0.820,8.793
28883,1155.320,82,-0.45830,25.31088,1,33,46,0.516,13.761
28884,1155.360,82,-0.45689,25.13371,1,30,0,0.853,8.793
28885,1155.400,82,-0.45594,25.12107,1,37,0,0.729,8.793
28886,1155.440,82,-0.45594,25.07926,1,33,0,0.881,8.793
28887,1155.480,82,-0.46397,24.98321,0,0,0,,
28888,1155.520,82,-0.47692,24.87582,0,0,0,,
28889,1155.560,82,-0.46946,24.86834,0,104,0,14.871,
28890,1155.600,82,-0.47526,24.73029,0,0,0,,
28891,1155.640,82,-0.47241,24.72796,0,0,0,,
28892,1155.680,82,-0.46599,24.64587,0,0,0,,
28893,1155.720,82,-0.47182,24.57518,1,38,0,0.845,8.793
28894,1155.760,82,-0.46835,24.43177,1,40,0,0.891,8.793
28895,1155.800,82,-0.48064,24.42142,1,40,0,0.708,8.793
28896,1155.840,82,-0.49193,24.36421,1,40,0,0.834,8.793
28897,1155.880,82,-0.48143,24.29614,1,40,0,0.790,8.793
28898,1155.920,82,-0.48916,24.20551,1,21,0,0.834,8.793
28899,1155.960,82,-0.49386,24.16301,1,38,0,0.797,8.793
28900,1156.000,82,-0.48051,24.09210,1,21,0,0.789,8.793
28901,1156.040,82,-0.49923,24.05241,1,22,0,0.744,8.793
28902,1156.080,82,-0.48788,23.96212,1,21,0,0.885,8.793
28903,1156.120,82,-0.50482,23.90078,1,21,0,0.737,8.793
28904,1156.160,82,-0.50049,23.84066,1,22,0,0.856,8.793
28905,1156.200,82,-0.49902,23.78638,1,22,0,0.727,8.793
28906,1156.240,82,-0.50806,23.66668,1,21,0,0.849,8.793
28907,1156.280,82,-0.51019,23.61677,1,21,0,0.912,8.793
28908,1156.320,82,-0.50122,23.55971,1,21,0,0.891,8.793
28909,1156.360,82,-0.51876,23.42210,1,21,0,0.841,8.793
28910,1156.400,82,-0.51020,23.42495,1,21,0,0.900,8.793
28911,1156.440,82,-0.52091,23.29331,1,21,0,0.825,8.793
28912,1156.480,82,-0.51490,23.29322,1,32,0,0.860,8.793
28913,1156.520,82,-0.52158,23.18721,1,21,0,0.783,8.793
28914,1156.560,82,-0.52492,23.16244,1,21,0,0.750,8.793
28915,1156.600,82,-0.52660,23.07841,1,21,0,0.844,8.793
28916,1156.640,82,-0.52152,23.00376,1,21,0,0.749,8.793
28917,1156.680,82,-0.52079,22.91668,1,21,0,0.741,8.793
28918,1156.720,82,-0.52208,22.90910,1,35,0,0.892,8.793
28919,1156.760,82,-0.53375,22.79197,1,40,0,0.788,8.793
28920,1156.800,82,-0.53247,22.77645,1,33,0,0.925,8.793
28921,1156.840,82,-0.53196,22.70668,1,21,0,0.854,8.793
28922,1156.880,82,-0.54140,22.56021,1,33,0,0.856,8.793
28923,1156.920,82,-0.53992,22.54350,1,22,0,0.861,8.793
28924,1156.960,82,-0.54498,22.43738,1,37,0,0.860,8.793
28925,1157.000,82,-0.54668,22.41655,1,21,0,0.726,8.793
28926,1157.040,82,-0.55224,22.32336,1,21,0,0.830,8.793
28927,1157.080,82,-0.53513,22.33242,1,38,0,0.823,8.793
28928,1157.120,82,-0.54478,22.20718,1,39,0,0.849,8.793
28929,1157.160,82,-0.55749,22.12260,1,39,0,0.857,14.720
28930,1157.200,82,-0.55558,22.08253,1,36,0,0.788,8.793
28931,1157.240,82,-0.55707,21.98436,1,39,0,0.905,8.793
28932,1157.280,82,-0.55290,21.94501,1,38,0,0.932,16.190
28933,1157.320,82,-0.55633,21.88858,1,36,42,0.768,13.828
28934,1157.360,82,-0.56368,21.74923,1,39,36,0.646,12.859
28935,1157.400,82,-0.55675,21.73792,1,38,0,0.906,9.969
28936,1157.440,82,-0.56698,21.64849,1,35,0,0.835,8.793
28937,1157.480,82,-0.56650,21.66987,1,36,0,0.824,8.793
28938,1157.520,82,-0.56177,21.58023,1,34,0,0.967,8.793
28939,1157.560,82,-0.56290,21.54014,1,37,0,0.859,8.793
28940,1157.600,82,-0.56291,21.45140,1,35,16,0.696,9.017
28941,1157.640,82,-0.57156,21.35401,1,37,0,0.830,8.793
28942,1157.680,82,-0.56247,21.33041,1,34,0,0.880,8.793
28943,1157.720,82,-0.57413,21.20207,1,38,0,0.885,8.793
28944,1157.760,82,-0.57335,21.17088,1,35,0,0.823,8.793
28945,1157.800,82,-0.57388,21.08036,1,37,0,0.889,8.793
28946,1157.840,82,-0.57031,21.11080,1,34,0,0.885,8.793
28947,1157.880,82,-0.57358,20.95852,1,38,0,0.732,16.042
28948,1157.920,82,-0.57670,20.97590,1,36,0,0.884,8.793
28949,1157.960,82,-0.57515,20.90095,1,37,0,0.856,8.793
28950,1158.000,82,-0.57852,20.75499,1,36,0,0.930,8.793
28951,1158.040,82,-0.58276,20.77608,1,36,0,0.796,8.793
28952,1158.080,82,-0.58227,20.66939,1,39,0,0.825,8.793
28953,1158.120,82,-0.57908,20.56960,1,37,25,0.648,8.435
28954,1158.160,82,-0.58665,20.57875,1,37,0,0.748,8.793
28955,1158.200,82,-0.59243,20.45426,1,37,24,0.674,8.859
28956,1158.240,82,-0.58766,20.46042,1,35,0,0.841,8.793
28957,1158.280,82,-0.59829,20.35515,1,40,0,0.800,8.793
28958,1158.320,82,-0.59078,20.28290,1,38,0,0.790,8.793
28959,1158.360,82,-0.59074,20.27720,1,21,0,0.871,8.793
28960,1158.400,82,-0.58558,20.19221,1,39,23,0.702,8.641
28961,1158.440,82,-0.58569,20.15743,1,40,42,0.607,11.121
28962,1158.480,82,-0.59592,20.04785,1,21,0,0.813,8.793
28963,1158.520,82,-0.59082,19.95947,1,22,33,0.664,13.008
28964,1158.560,82,-0.59487,19.95033,1,22,0,0.756,8.793
28965,1158.600,82,-0.59437,19.88822,1,22,37,0.707,13.291
28966,1158.640,82,-0.59887,19.85402,1,22,0,0.921,8.793
28967,1158.680,82,-0.60168,19.74739,1,22,39,0.641,13.455
28968,1158.720,82,-0.60723,19.70953,1,23,30,0.728,14.648
28969,1158.760,82,-0.60765,19.63423,1,23,34,0.658,16.630
28970,1158.800,82,-0.59649,19.62689,1,23,0,0.851,8.793
28971,1158.840,82,-0.60132,19.55873,1,23,0,0.897,14.835
28972,1158.880,82,-0.60154,19.49200,1,23,0,0.934,8.793
28973,1158.920,82,-0.60680,19.39068,1,24,37,0.704,14.998
28974,1158.960,82,-0.60685,19.37284,1,24,0,0.896,8.793
28975,1159.000,82,-0.60671,19.31070,1,24,0,0.750,8.793
28976,1159.040,82,-0.61234,19.24069,1,24,0,0.877,16.024
28977,1159.080,82,-0.61090,19.18281,1,26,0,0.807,17.318
28978,1159.120,82,-0.61688,19.10978,1,25,0,0.786,8.793
28979,1159.160,82,-0.61137,19.08853,1,27,0,0.831,8.793
28980,1159.200,82,-0.61530,19.00440,1,24,0,0.837,8.793
28981,1159.240,82,-0.61363,18.92333,1,40,27,0.776,13.711
28982,1159.280,82,-0.60833,18.89854,1,25,0,0.777,8.793
28983,1159.320,82,-0.61515,18.80604,1,26,25,0.801,15.630
28984,1159.360,82,-0.61404,18.79182,1,25,0,0.912,8.793
28985,1159.400,82,-0.61639,18.68397,1,27,19,0.737,11.923
28986,1159.440,82,-0.62017,18.67678,1,24,0,0.887,8.793
28987,1159.480,82,-0.62107,18.56437,1,26,28,0.744,12.761
28988,1159.520,82,-0.61791,18.51858,1,25,21,0.723,12.175
28989,1159.560,82,-0.62374,18.47460,1,25,0,0.867,12.062
28990,1159.600,82,-0.61202,18.37192,1,25,28,0.798,12.376
28991,1159.640,82,-0.61811,18.34562,1,26,20,0.710,12.045
28992,1159.680,82,-0.62480,18.26271,1,25,28,0.714,14.144
28993,1159.720,82,-0.62089,18.24247,1,27,39,0.629,19.942
28994,1159.760,82,-0.62564,18.13484,1,27,38,0.647,12.932
28995,1159.800,82,-0.62540,18.08539,1,26,28,0.683,14.325
28996,1159.840,82,-0.62091,18.06711,1,26,27,0.691,12.737
28997,1159.880,82,-0.62606,17.98512,1,26,33,0.617,15.397
28998,1159.920,82,-0.62320,17.94181,1,26,29,0.670,16.004
28999,1159.960,82,-0.62045,17.84821,1,26,44,0.653,15.157
29000,1160.000,82,-0.62927,17.81049,1,25,50,0.645,16.336
29001,1160.040,82,-0.61343,17.75171,1,26,51,0.643,15.563
29002,1160.080,82,-0.62053,17.69131,1,26,44,0.637,13.208
29003,1160.120,82,-0.62123,17.64500,1,26,42,0.577,16.147
29004,1160.160,82,-0.62155,17.56162,1,25,46,0.660,15.383
29005,1160.200,82,-0.62124,17.53154,1,26,45,0.596,16.760
29006,1160.240,82,-0.62832,17.45801,1,26,46,0.654,15.363
29007,1160.280,82,-0.62334,17.41432,1,24,47,0.681,15.538
29008,1160.320,82,-0.62794,17.34059,1,26,48,0.743,14.717
29009,1160.360,82,-0.62551,17.27544,1,25,48,0.652,16.663
29010,1160.400,82,-0.62467,17.23050,1,25,47,0.717,15.383
29011,1160.440,82,-0.62661,17.18013,1,26,48,0.719,15.659
29012,1160.480,82,-0.62743,17.11992,1,26,42,0.643,16.980
29013,1160.520,82,-0.62733,17.07639,1,24,50,0.729,15.867
29014,1160.560,82,-0.62387,17.00395,1,25,56,0.692,17.603
29015,1160.600,82,-0.62858,16.94070,1,26,52,0.708,18.728
29016,1160.640,82,-0.62838,16.89614,1,24,55,0.668,17.929
29017,1160.680,82,-0.63194,16.84340,1,24,45,0.649,15.363
29018,1160.720,82,-0.62759,16.78092,1,24,51,0.745,15.123
29019,1160.760,82,-0.62991,16.71225,1,25,56,0.765,15.870
29020,1160.800,82,-0.63210,16.65836,1,24,43,0.680,18.208
29021,1160.840,82,-0.63212,16.60348,1,22,54,0.792,15.241
29022,1160.880,82,-0.62763,16.54384,1,24,62,0.644,16.897
29023,1160.920,82,-0.62897,16.48153,1,23,59,0.776,15.236
29024,1160.960,82,-0.62537,16.41819,1,24,63,0.815,14.872
29025,1161.000,82,-0.62587,16.36766,1,24,60,0.660,14.697
29026,1161.040,82,-0.62653,16.28424,1,24,63,0.815,13.463
29027,1161.080,82,-0.62780,16.25386,1,24,58,0.843,13.933
29028,1161.120,82,-0.63106,16.19571,1,23,57,0.716,13.965
29029,1161.160,82,-0.62962,16.11227,1,24,63,0.783,12.504
29030,1161.200,82,-0.62840,16.05839,1,24,64,0.722,12.053
29031,1161.240,82,-0.62866,15.98903,1,25,65,0.737,12.973
29032,1161.280,82,-0.62996,15.93676,1,24,72,0.724,12.333
29033,1161.320,82,-0.62746,15.89006,1,24,68,0.751,11.563
29034,1161.360,82,-0.62748,15.83884,1,23,61,0.766,11.793
29035,1161.400,82,-0.63061,15.80330,1,24,51,0.840,14.272
29036,1161.440,82,-0.63361,15.73872,1,25,54,0.796,13.772
29037,1161.480,82,-0.62419,15.68492,1,24,60,0.703,13.864
29038,1161.520,82,-0.62349,15.64828,1,24,58,0.704,14.403
29039,1161.560,82,-0.61862,15.60698,1,24,53,0.601,15.850
29040,1161.600,82,-0.62491,15.53855,1,23,61,0.801,13.003
29041,1161.640,82,-0.62345,15.49579,1,27,55,0.744,15.828
29042,1161.680,82,-0.62693,15.44566,1,24,56,0.647,16.368
29043,1161.720,82,-0.62819,15.37537,1,24,72,0.824,14.038
29044,1161.760,82,-0.62448,15.32338,1,24,69,0.877,14.129
29045,1161.800,82,-0.62434,15.30338,1,24,59,0.760,16.572
29046,1161.840,82,-0.62694,15.24941,1,25,62,0.675,16.861
29047,1161.880,82,-0.62860,15.16875,1,24,72,0.903,14.296
29048,1161.920,82,-0.62865,15.10735,1,25,72,0.940,14.533
29049,1161.960,82,-0.62910,15.08873,1,28,59,0.711,18.324
29050,1162.000,82,-0.62277,15.03693,1,27,59,0.638,18.099
29051,1162.040,82,-0.62206,14.97506,1,25,60,0.563,18.156
29052,1162.080,82,-0.62285,14.92043,1,25,72,0.769,16.066
29053,1162.120,82,-0.62173,14.88129,1,27,65,0.671,18.222
29054,1162.160,82,-0.62562,14.82339,1,27,65,0.667,17.100
29055,1162.200,82,-0.62216,14.77310,1,29,64,0.780,16.973
29056,1162.240,82,-0.62319,14.72083,1,30,63,0.708,17.129
29057,1162.280,82,-0.62308,14.67263,1,28,67,0.690,18.321
29058,1162.320,82,-0.61793,14.62408,1,29,65,0.719,17.465
29059,1162.360,82,-0.61557,14.57385,1,30,63,0.741,17.340
29060,1162.400,82,-0.61297,14.52928,1,30,55,0.584,17.251
29061,1162.440,82,-0.61326,14.48175,1,30,66,0.608,17.794
29062,1162.480,82,-0.61887,14.42614,1,30,66,0.606,17.507
29063,1162.520,82,-0.62143,14.38299,1,31,65,0.697,17.127
29064,1162.560,82,-0.61317,14.33097,1,32,52,0.661,16.497
29065,1162.600,82,-0.61285,14.27566,1,31,57,0.720,15.521
29066,1162.640,82,-0.61666,14.22607,1,31,54,0.755,14.583
29067,1162.680,82,-0.61705,14.17216,1,30,67,0.782,16.231
29068,1162.720,82,-0.60703,14.13660,1,32,58,0.771,14.624
29069,1162.760,82,-0.61013,14.06641,1,33,56,0.761,15.869
29070,1162.800,82,-0.59898,14.03339,1,31,50,0.845,15.634
29071,1162.840,82,-0.61184,13.97829,1,31,62,0.653,16.631
29072,1162.880,82,-0.60653,13.92145,1,32,51,0.831,15.600
29073,1162.920,82,-0.60592,13.88213,1,33,58,0.596,17.918
29074,1162.960,82,-0.60536,13.80637,1,32,39,0.888,13.422
29075,1163.000,82,-0.60468,13.78285,1,31,62,0.619,17.342
29076,1163.040,82,-0.60537,13.72799,1,33,40,0.825,15.464
29077,1163.080,82,-0.60773,13.67854,1,35,51,0.549,17.368
29078,1163.120,82,-0.60703,13.62151,1,35,45,0.853,15.415
29079,1163.160,82,-0.60845,13.58300,1,27,52,0.740,15.779
29080,1163.200,82,-0.59966,13.53412,1,34,45,0.732,15.859
29081,1163.240,82,-0.59987,13.48851,1,34,55,0.717,16.337
29082,1163.280,82,-0.60266,13.43880,1,33,54,0.715,16.551
29083,1163.320,82,-0.59541,13.38667,1,35,37,0.758,16.257
29084,1163.360,82,-0.60115,13.33063,1,34,45,0.813,15.029
29085,1163.400,82,-0.59812,13.28995,1,34,44,0.740,15.885
29086,1163.440,82,-0.59169,13.24998,1,36,57,0.642,16.878
29087,1163.480,82,-0.58987,13.19794,1,36,57,0.598,17.005
29088,1163.520,82,-0.59604,13.15347,1,33,56,0.720,15.896
29089,1163.560,82,-0.59531,13.08829,1,36,58,0.698,15.373
29090,1163.600,82,-0.59325,13.05171,1,34,60,0.738,16.328
29091,1163.640,82,-0.59121,12.98651,1,35,59,0.666,16.791
29092,1163.680,82,-0.58775,12.95881,1,36,60,0.660,16.328
29093,1163.720,82,-0.58861,12.89932,1,35,59,0.723,16.216
29094,1163.760,82,-0.59208,12.85043,1,35,53,0.782,13.525
29095,1163.800,82,-0.58666,12.81136,1,32,65,0.828,15.935
29096,1163.840,82,-0.58779,12.76378,1,35,61,0.872,15.218
29097,1163.880,82,-0.57310,12.72095,1,32,62,0.842,15.208
29098,1163.920,82,-0.58358,12.66128,1,34,54,0.883,14.942
29099,1163.960,82,-0.58206,12.62255,1,35,58,0.713,14.997
29100,1164.000,82,-0.58413,12.54616,1,32,49,0.987,12.629
29101,1164.040,82,-0.57987,12.51809,1,34,64,1.060,13.713
29102,1164.080,82,-0.57754,12.45970,1,34,62,0.962,13.161
29103,1164.120,82,-0.57775,12.40997,1,35,62,1.070,12.764
29104,1164.160,82,-0.57293,12.36778,1,36,63,1.058,13.497
29105,1164.200,82,-0.57487,12.31776,1,35,55,1.054,11.889
29106,1164.240,82,-0.57503,12.28854,1,34,60,0.946,14.230
29107,1164.280,82,-0.57132,12.24115,1,30,62,0.887,13.777
29108,1164.320,82,-0.57594,12.16856,1,34,58,0.958,11.419
29109,1164.360,82,-0.57431,12.12630,1,31,67,1.024,11.918
29110,1164.400,82,-0.57327,12.06363,1,33,59,0.999,11.042
29111,1164.440,82,-0.56875,12.03573,1,35,63,1.074,12.398
29112,1164.480,82,-0.56588,11.97882,1,34,58,0.947,10.995
29113,1164.520,82,-0.56563,11.93492,1,33,62,1.048,12.024
29114,1164.560,82,-0.56074,11.90811,1,37,59,1.078,12.771
29115,1164.600,82,-0.56694,11.84828,1,32,62,1.112,12.177
29116,1164.640,82,-0.56263,11.80077,1,29,62,0.952,10.849
29117,1164.680,82,-0.55860,11.76673,1,31,63,1.081,11.854
29118,1164.720,82,-0.55725,11.71496,1,31,60,0.962,10.011
29119,1164.760,82,-0.56145,11.65925,1,31,59,1.028,11.083
29120,1164.800,82,-0.56120,11.60495,1,31,62,0.866,10.291
29121,1164.840,82,-0.55640,11.55639,1,35,64,0.785,10.203
29122,1164.880,82,-0.55369,11.52052,1,33,65,0.774,10.402
29123,1164.920,82,-0.54989,11.48172,1,35,63,0.926,10.663
29124,1164.960,82,-0.55057,11.43239,1,33,59,0.873,10.458
29125,1165.000,82,-0.54926,11.37844,1,34,63,0.727,10.199
29126,1165.040,82,-0.54753,11.34298,1,33,59,0.741,10.064
29127,1165.080,82,-0.54558,11.30487,1,33,60,0.796,10.271
29128,1165.120,82,-0.54586,11.25841,1,36,57,0.808,9.451
29129,1165.160,82,-0.54362,11.22114,1,33,57,0.854,9.750
29130,1165.200,82,-0.54040,11.17924,1,33,56,0.849,9.984
29131,1165.240,82,-0.54094,11.13520,1,35,58,0.782,9.848
29132,1165.280,82,-0.54274,11.08714,1,34,59,0.702,9.428
29133,1165.320,82,-0.54161,11.04317,1,35,59,0.699,9.339
29134,1165.360,82,-0.53834,11.00920,1,32,59,0.829,9.923
29135,1165.400,82,-0.53599,10.96276,1,35,60,0.727,9.651
29136,1165.440,82,-0.53502,10.92059,1,32,60,0.731,9.373
29137,1165.480,82,-0.53712,10.86951,1,35,61,0.765,9.531
29138,1165.520,82,-0.53407,10.82513,1,34,65,0.692,9.693
29139,1165.560,82,-0.53406,10.78737,1,33,59,0.725,9.503
29140,1165.600,82,-0.52732,10.74997,1,35,63,0.829,9.687
29141,1165.640,82,-0.52595,10.70775,1,36,66,0.799,10.151
29142,1165.680,82,-0.52442,10.66644,1,34,65,0.790,10.326
29143,1165.720,82,-0.52437,10.62746,1,35,72,0.760,9.418
29144,1165.760,82,-0.52066,10.58993,1,36,69,0.899,10.123
29145,1165.800,82,-0.52471,10.54524,1,36,69,1.033,10.538
29146,1165.840,82,-0.51530,10.50441,1,38,70,1.009,10.464
29147,1165.880,82,-0.51665,10.46505,1,35,70,1.062,10.635
29148,1165.920,82,-0.51556,10.42324,1,37,68,0.962,10.394
29149,1165.960,82,-0.51528,10.37866,1,37,72,0.981,10.387
29150,1166.000,82,-0.50987,10.34418,1,36,72,1.036,10.716
29151,1166.040,82,-0.50960,10.31264,1,41,68,1.162,12.126
29152,1166.080,82,-0.51104,10.27142,1,36,71,1.108,11.357
29153,1166.120,82,-0.50783,10.22977,1,37,72,1.089,11.340
29154,1166.160,82,-0.50152,10.18047,1,38,72,0.957,10.917
29155,1166.200,82,-0.50342,10.14308,1,36,72,1.014,10.753
29156,1166.240,82,-0.50438,10.11588,1,37,69,1.172,12.111
29157,1166.280,82,-0.49936,10.06456,1,35,72,1.045,11.181
29158,1166.320,82,-0.49883,10.03622,1,40,69,1.125,12.323
29159,1166.360,82,-0.49557,9.98319,1,38,72,1.131,11.559
29160,1166.400,82,-0.49647,9.95904,1,37,69,1.188,12.341
29161,1166.440,82,-0.49460,9.91989,1,33,70,1.215,12.430
29162,1166.480,82,-0.49081,9.89235,1,41,68,1.338,12.863
29163,1166.520,82,-0.49407,9.83793,1,38,70,1.242,12.432
29164,1166.560,82,-0.48659,9.80408,1,39,72,1.219,12.170
29165,1166.600,82,-0.48710,9.76816,1,39,69,1.196,12.760
29166,1166.640,82,-0.48725,9.73458,1,40,68,1.259,13.039
29167,1166.680,82,-0.48096,9.69118,1,39,70,1.227,13.337
29168,1166.720,82,-0.48029,9.64700,1,37,72,1.229,12.410
29169,1166.760,82,-0.47799,9.61207,1,38,72,1.195,12.576
29170,1166.800,82,-0.47508,9.55874,1,40,72,1.125,11.470
29171,1166.840,82,-0.47375,9.51582,1,41,72,1.072,10.658
29172,1166.880,82,-0.47390,9.49220,1,36,72,1.164,12.177
29173,1166.920,82,-0.47238,9.45818,1,35,71,1.207,13.193
29174,1166.960,82,-0.46885,9.41126,1,40,72,1.069,11.308
29175,1167.000,82,-0.47092,9.38151,1,40,71,1.203,12.976
29176,1167.040,82,-0.46679,9.34738,1,37,71,1.173,12.929
29177,1167.080,82,-0.46418,9.32437,1,36,70,0.845,14.773
29178,1167.120,82,-0.46291,9.27008,1,38,72,1.126,12.701
29179,1167.160,82,-0.45973,9.20408,1,36,72,0.894,10.083
29180,1167.200,82,-0.45686,9.16881,1,37,72,0.932,10.204
29181,1167.240,82,-0.45603,9.16054,1,38,72,1.198,12.193
29182,1167.280,82,-0.45338,9.12058,1,38,72,1.148,12.386
29183,1167.320,82,-0.45281,9.05673,1,39,72,1.019,10.038
29184,1167.360,82,-0.44234,9.04518,1,0,72,1.258,13.350
29185,1167.400,82,-0.44105,9.01366,1,0,72,1.248,12.725
29186,1167.440,82,-0.44355,8.97718,1,0,70,1.224,13.208
29187,1167.480,82,-0.43669,8.90519,1,0,65,0.968,11.064
29189,1167.560,82,-0.44101,8.82134,0,0,0,,
29190,1167.600,82,-0.44211,8.76864,0,0,0,,
29191,1167.640,82,-0.43355,8.74863,0,0,0,,
29192,1167.680,82,-0.44260,8.69544,0,0,0,,
29193,1167.720,82,-0.44876,8.74574,1,0,72,1.023,15.743
29194,1167.760,82,-0.42942,8.65069,1,0,60,0.653,10.440
29195,1167.800,82,-0.42922,8.59290,0,0,0,,
29196,1167.840,82,-0.42882,8.54572,0,0,0,,
29197,1167.880,82,-0.42646,8.63757,1,0,71,1.690,14.279
29198,1167.920,82,-0.43135,8.60486,1,0,72,1.856,15.878
29199,1167.960,82,-0.42895,8.55091,1,0,72,1.812,15.314
29200,1168.000,82,-0.41853,8.41073,0,0,0,,
29201,1168.040,82,-0.41854,8.37824,0,0,0,,
29202,1168.080,82,-0.41307,8.32658,1,57,68,3.073,11.385
29203,1168.120,82,-0.38026,8.34766,1,25,61,2.716,15.125
29204,1168.160,82,-0.37605,8.29871,1,36,56,2.780,14.997
29205,1168.200,82,-0.40750,8.24980,0,0,0,,
29206,1168.240,82,-0.40172,8.19278,0,0,0,,
29207,1168.280,82,-0.38339,8.20344,1,38,72,2.661,12.654
29208,1168.320,82,-0.42676,8.19265,1,51,72,3.561,14.279
29210,1168.400,82,-0.42877,8.04143,1,58,51,3.877,14.772
29211,1168.440,82,-0.45483,7.89279,1,65,0,3.417,27.293
30280,1211.200,94,-0.13750,33.35880,1,24,0,0.344,8.793
30281,1211.240,94,-0.16229,33.24962,0,511,0,50.744,
30282,1211.280,94,-0.14044,33.15956,0,0,0,,
30283,1211.320,94,-0.15622,33.12068,0,521,0,68.920,
30285,1211.400,94,-0.16026,32.90237,0,0,0,,
30286,1211.440,94,-0.15033,32.70983,0,225,0,29.967,
30287,1211.480,94,-0.15625,32.74469,0,230,0,29.826,
30288,1211.520,94,-0.16017,32.51212,0,239,0,29.223,
30289,1211.560,94,-0.17001,32.47629,0,225,0,30.439,
30290,1211.600,94,-0.16652,32.31442,0,198,0,27.595,
30291,1211.640,94,-0.16822,32.27409,0,186,0,28.143,
30292,1211.680,94,-0.18350,32.26626,0,232,0,29.553,
30293,1211.720,94,-0.18568,32.21776,0,243,0,29.124,
30294,1211.760,94,-0.18563,32.14799,0,201,0,28.666,
30295,1211.800,94,-0.19052,32.06941,0,204,0,27.989,
30296,1211.840,94,-0.19009,32.03860,0,265,0,31.564,
30297,1211.880,94,-0.19221,31.93283,0,272,0,31.243,
30298,1211.920,94,-0.19453,31.87249,0,256,0,28.846,
30299,1211.960,94,-0.19805,31.84240,0,247,0,29.249,
30300,1212.000,94,-0.19949,31.75682,0,219,0,25.100,
30301,1212.040,94,-0.20760,31.53762,0,226,0,26.963,
30302,1212.080,94,-0.21665,31.52176,0,262,0,28.868,
30303,1212.120,94,-0.22271,31.32701,0,248,0,28.595,
30304,1212.160,94,-0.22781,31.31539,0,247,0,28.747,
30305,1212.200,94,-0.22906,31.06979,0,223,0,26.358,
30306,1212.240,94,-0.23153,30.87066,0,253,0,29.111,
30307,1212.280,94,-0.24054,30.91557,0,241,0,29.593,
30308,1212.320,94,-0.23511,30.70245,0,225,0,27.267,
30309,1212.360,94,-0.25885,30.73861,0,338,0,30.204,
30310,1212.400,94,-0.23609,30.69100,0,248,0,29.408,
30311,1212.440,94,-0.25559,30.48915,0,259,0,28.071,
30312,1212.480,94,-0.25759,30.49970,0,224,0,27.520,
30313,1212.520,94,-0.25634,30.49969,0,258,0,29.211,
30314,1212.560,94,-0.25978,30.31619,0,273,0,28.097,
30315,1212.600,94,-0.25349,30.34527,0,262,0,28.890,
30316,1212.640,94,-0.27282,30.30409,0,252,0,29.399,
30317,1212.680,94,-0.29747,30.15474,0,239,0,26.915,
30318,1212.720,94,-0.29695,30.16356,0,297,0,27.854,
30321,1212.840,94,-0.28722,29.78777,0,268,0,28.993,
30322,1212.880,94,-0.29356,29.61711,0,252,0,27.557,
30323,1212.920,94,-0.29588,29.57973,0,237,0,28.013,
30324,1212.960,94,-0.28619,29.42357,0,248,0,27.663,
30325,1213.000,94,-0.29438,29.42710,0,24,0,4.116,
30326,1213.040,94,-0.29630,29.23538,0,24,0,3.971,
30327,1213.080,94,-0.29506,29.24002,0,273,0,29.560,
30328,1213.120,94,-0.31366,29.06171,0,294,0,28.536,
30329,1213.160,94,-0.30566,29.03104,0,327,0,28.315,
30330,1213.200,94,-0.31734,28.88006,0,288,0,27.655,
30331,1213.240,94,-0.32934,28.79799,0,319,0,30.421,
30332,1213.280,94,-0.34274,28.69144,0,288,0,28.888,
30333,1213.320,94,-0.34134,28.69053,0,319,0,30.436,
30334,1213.360,94,-0.32416,28.52693,0,294,0,31.347,
30335,1213.400,94,-0.36236,28.44888,0,292,0,28.316,
30336,1213.440,94,-0.34064,28.35458,0,278,0,29.221,
30337,1213.480,94,-0.33950,28.35798,0,286,0,28.825,
30338,1213.520,94,-0.35335,28.22421,0,0,0,,
30339,1213.560,94,-0.36666,28.10550,0,0,0,,
30340,1213.600,94,-0.36478,28.02820,0,0,0,,
30341,1213.640,94,-0.36875,28.04284,1,28,0,0.738,8.793
30342,1213.680,94,-0.37932,27.86481,1,29,0,0.818,8.793
30343,1213.720,94,-0.36727,27.75947,1,28,0,0.822,8.793
30344,1213.760,94,-0.37924,27.68831,1,28,0,0.498,15.031
30345,1213.800,94,-0.38321,27.55914,1,29,0,0.877,8.793
30346,1213.840,94,-0.38959,27.51172,1,28,0,0.695,8.793
30347,1213.880,94,-0.38876,27.37056,1,29,42,0.599,14.200
30348,1213.920,94,-0.39066,27.42361,1,28,0,0.728,8.793
30349,1213.960,94,-0.39318,27.23148,1,28,0,0.733,31.168
30350,1214.000,94,-0.38232,27.24239,0,0,0,,
30351,1214.040,94,-0.40566,27.05403,0,276,0,30.428,
30352,1214.080,94,-0.40240,27.09205,0,0,0,,
30353,1214.120,94,-0.40727,26.91407,1,31,0,0.774,8.793
30354,1214.160,94,-0.41176,26.82495,1,30,0,0.546,85.720
30355,1214.200,94,-0.41614,26.75222,1,30,0,0.851,15.509
30356,1214.240,94,-0.42183,26.70500,1,30,0,0.894,8.793
30357,1214.280,94,-0.42628,26.58828,1,32,0,0.757,20.492
30358,1214.320,94,-0.43438,26.47923,1,36,0,0.825,8.793
30359,1214.360,94,-0.41842,26.43524,1,33,0,0.743,8.793
30360,1214.400,94,-0.42613,26.32632,1,33,0,0.791,8.793
30361,1214.440,94,-0.43174,26.27968,1,35,0,0.756,8.793
30362,1214.480,94,-0.43653,26.17309,1,34,0,0.864,8.793
30363,1214.520,94,-0.44253,26.13251,1,35,0,0.669,8.793
30364,1214.560,94,-0.45345,26.01472,1,37,0,0.782,8.793
30365,1214.600,94,-0.45752,25.89471,1,35,0,0.788,8.793
30366,1214.640,94,-0.44924,25.83993,1,35,0,0.736,8.793
30367,1214.680,94,-0.45737,25.70994,1,33,0,0.838,8.793
30368,1214.720,94,-0.44809,25.69743,1,35,0,0.791,8.793
30369,1214.760,94,-0.45673,25.57673,1,35,0,0.869,8.793
30370,1214.800,94,-0.46085,25.54819,1,36,0,0.782,8.793
30371,1214.840,94,-0.46989,25.44325,1,40,0,0.852,8.793
30372,1214.880,94,-0.46198,25.38538,1,39,0,0.854,8.793
30373,1214.920,94,-0.47214,25.28907,1,38,0,0.901,8.793
30374,1214.960,94,-0.47294,25.13839,1,40,0,0.891,8.793
30375,1215.000,94,-0.48179,25.14210,1,38,0,0.794,8.793
30376,1215.040,94,-0.47595,25.04992,1,30,0,0.833,8.793
30377,1215.080,94,-0.48494,24.96553,1,38,0,0.770,8.793
30378,1215.120,94,-0.49514,24.87505,1,36,0,0.952,8.793
30379,1215.160,94,-0.49992,24.72304,1,31,0,0.889,8.793
30380,1215.200,94,-0.49214,24.68397,1,38,0,0.839,8.793
30381,1215.240,94,-0.48827,24.61317,0,0,0,,
30382,1215.280,94,-0.49758,24.54796,1,31,0,0.632,8.793
30383,1215.320,94,-0.50857,24.43971,1,35,0,0.787,8.793
30384,1215.360,94,-0.50679,24.32516,0,0,0,,
30385,1215.400,94,-0.50410,24.27296,0,0,0,,
30386,1215.440,94,-0.51214,24.21743,1,32,0,0.778,8.793
30387,1215.480,94,-0.51486,24.07421,0,0,0,,
30388,1215.520,94,-0.51122,24.06662,0,0,0,,
30389,1215.560,94,-0.52717,23.95048,1,33,0,0.891,8.793
30390,1215.600,94,-0.51816,23.94574,0,0,0,,
30391,1215.640,94,-0.52709,23.82835,1,33,0,0.730,8.793
30392,1215.680,94,-0.52021,23.66365,1,32,0,0.827,8.793
30393,1215.720,94,-0.53660,23.66526,0,0,0,,
30394,1215.760,94,-0.53368,23.54723,0,0,0,,
30395,1215.800,94,-0.53907,23.44877,1,32,0,0.787,8.793
30396,1215.840,94,-0.53532,23.44198,0,0,0,,
30397,1215.880,94,-0.52726,23.28568,1,32,0,0.778,8.793
30398,1215.920,94,-0.54805,23.17942,0,0,0,,
30399,1215.960,94,-0.55237,23.16745,1,32,0,0.748,8.793
30400,1216.000,94,-0.55348,23.04286,1,35,0,0.685,8.793
30401,1216.040,94,-0.55858,23.05452,0,0,0,,
30402,1216.080,94,-0.55181,22.92679,0,0,0,,
30403,1216.120,94,-0.56068,22.80948,1,34,0,0.843,8.793
30404,1216.160,94,-0.56141,22.72107,1,37,0,0.829,6.595
30405,1216.200,94,-0.56192,22.67459,1,34,0,0.570,8.793
30406,1216.240,94,-0.56460,22.58010,1,37,0,0.897,8.793
30407,1216.280,94,-0.57290,22.51549,1,38,0,0.812,8.793
30408,1216.320,94,-0.56735,22.45838,1,21,0,0.799,8.793
30409,1216.360,94,-0.58605,22.30152,1,40,0,0.798,16.321
30410,1216.400,94,-0.59387,22.21984,1,21,0,0.867,8.793
30411,1216.440,94,-0.58010,22.23101,1,21,0,0.831,8.793
30412,1216.480,94,-0.58852,22.08779,1,22,0,0.833,16.344
30413,1216.520,94,-0.59052,22.08640,1,22,0,0.846,8.793
30414,1216.560,94,-0.59605,21.95169,1,22,0,0.664,8.793
30415,1216.600,94,-0.60112,21.86042,1,21,0,0.743,14.981
30416,1216.640,94,-0.59918,21.77105,1,22,0,0.787,8.793
30417,1216.680,94,-0.60130,21.71988,1,23,0,0.774,8.793
30418,1216.720,94,-0.61369,21.62631,1,22,0,0.883,8.793
30419,1216.760,94,-0.61182,21.53859,1,23,0,0.824,8.793
30420,1216.800,94,-0.61257,21.42290,1,24,0,0.860,8.793
30421,1216.840,94,-0.60541,21.39458,1,23,0,0.826,15.398
30422,1216.880,94,-0.60306,21.35281,1,23,0,0.823,8.793
30423,1216.920,94,-0.59552,21.22996,1,24,0,0.882,8.793
30424,1216.960,94,-0.61030,21.18118,1,22,0,0.895,8.793
30425,1217.000,94,-0.60050,21.12983,1,24,0,0.791,11.819
30426,1217.040,94,-0.60729,20.99108,1,24,0,0.838,15.430
30427,1217.080,94,-0.62609,20.92607,1,24,0,0.822,8.793
30428,1217.120,94,-0.62821,20.89973,1,23,0,0.921,8.793
30429,1217.160,94,-0.60873,20.75380,1,24,30,0.673,16.415
30430,1217.200,94,-0.60476,20.66164,0,0,0,,
30431,1217.240,94,-0.61332,20.61821,0,0,0,,
30432,1217.280,94,-0.62039,20.58506,0,0,0,,
30433,1217.320,94,-0.63963,20.47735,1,23,0,0.849,8.793
30434,1217.360,94,-0.64562,20.35332,0,0,0,,
30435,1217.400,94,-0.61782,20.30979,0,0,0,,
30436,1217.440,94,-0.62449,20.20629,0,0,0,,
30437,1217.480,94,-0.62500,20.15095,0,0,0,,
30438,1217.520,94,-0.62164,20.10177,0,0,0,,
30439,1217.560,94,-0.62824,20.00182,0,0,0,,
30440,1217.600,94,-0.62427,19.95067,0,0,0,,
30441,1217.640,94,-0.63028,19.86262,0,111,0,24.963,
30442,1217.680,94,-0.62682,19.79511,0,110,0,25.083,
30443,1217.720,94,-0.63455,19.70980,0,108,0,25.014,
30444,1217.760,94,-0.63655,19.65655,0,111,23,23.694,
30445,1217.800,94,-0.63873,19.56290,0,106,27,23.420,
30446,1217.840,94,-0.65782,19.47049,0,121,0,24.868,
30447,1217.880,94,-0.64232,19.40383,0,115,0,24.465,
30448,1217.920,94,-0.64692,19.32040,0,119,0,24.976,
30449,1217.960,94,-0.65153,19.21989,0,0,0,,
30450,1218.000,94,-0.64962,19.16501,0,105,0,25.047,
30451,1218.040,94,-0.65162,19.07866,0,109,0,25.273,
30452,1218.080,94,-0.65482,18.98611,0,111,0,25.553,
30453,1218.120,94,-0.65440,18.93464,0,113,0,25.612,
30454,1218.160,94,-0.65488,18.88551,0,0,0,,
30455,1218.200,94,-0.65154,18.78912,0,112,0,25.627,
30456,1218.240,94,-0.65353,18.69901,0,114,0,25.365,
30457,1218.280,94,-0.66260,18.65433,0,0,0,,
30458,1218.320,94,-0.65869,18.56000,0,0,0,,
30459,1218.360,94,-0.66823,18.52241,0,0,0,,
30460,1218.400,94,-0.66675,18.42879,0,117,26,25.405,
30461,1218.440,94,-0.65960,18.37871,0,0,0,,
30462,1218.480,94,-0.66560,18.28945,0,123,0,25.869,
30463,1218.520,94,-0.66595,18.21546,0,0,0,,
30464,1218.560,94,-0.66590,18.13849,0,123,0,25.978,
30465,1218.600,94,-0.66724,18.03774,0,0,0,,
30466,1218.640,94,-0.67178,17.99623,0,0,0,,
30467,1218.680,94,-0.67378,17.91794,0,0,0,,
30468,1218.720,94,-0.67799,17.86777,0,0,0,,
30469,1218.760,94,-0.69645,17.74291,0,137,24,25.406,
30470,1218.800,94,-0.67744,17.70023,0,0,0,,
30471,1218.840,94,-0.69416,17.65682,0,0,0,,
30472,1218.880,94,-0.69598,17.55880,0,0,0,,
30473,1218.920,94,-0.68436,17.48480,0,0,0,,
30474,1218.960,94,-0.67965,17.41690,0,0,0,,
30475,1219.000,94,-0.68892,17.32111,1,0,42,0.224,7.199
30476,1219.040,94,-0.68377,17.28339,0,0,0,,
30477,1219.080,94,-0.68490,17.21510,0,0,0,,
30478,1219.120,94,-0.68090,17.10870,0,0,0,,
30479,1219.160,94,-0.68769,17.06650,0,0,0,,
30480,1219.200,94,-0.69042,16.98346,0,0,0,,
30481,1219.240,94,-0.70056,16.90730,1,0,38,0.349,7.395
30482,1219.280,94,-0.68719,16.84446,0,0,0,,
30483,1219.320,94,-0.68698,16.79566,0,0,0,,
30484,1219.360,94,-0.68563,16.71319,0,0,0,,
30485,1219.400,94,-0.69309,16.65879,0,0,0,,
30486,1219.440,94,-0.69145,16.58026,0,0,0,,
30487,1219.480,94,-0.68479,16.50254,0,0,0,,
30488,1219.520,94,-0.69655,16.42988,0,0,0,,
30489,1219.560,94,-0.70270,16.35594,0,0,0,,
30490,1219.600,94,-0.70326,16.27995,0,0,0,,
30491,1219.640,94,-0.69855,16.20473,0,0,0,,
30492,1219.680,94,-0.70074,16.12064,0,0,0,,
30493,1219.720,94,-0.70253,16.08456,0,0,0,,
30494,1219.760,94,-0.70464,15.99993,0,0,0,,
30495,1219.800,94,-0.70671,15.93658,0,0,0,,
30496,1219.840,94,-0.70874,15.87027,0,0,0,,
30497,1219.880,94,-0.70389,15.79837,0,0,0,,
30498,1219.920,94,-0.70415,15.71731,0,0,0,,
30499,1219.960,94,-0.71821,15.65960,1,0,59,0.677,10.794
30500,1220.000,94,-0.71188,15.56927,0,0,0,,
30501,1220.040,94,-0.71368,15.50074,0,0,0,,
30502,1220.080,94,-0.70723,15.43320,0,0,43,0.606,
30503,1220.120,94,-0.70857,15.35925,1,0,57,0.241,10.465
30504,1220.160,94,-0.71025,15.29690,0,0,0,,
30505,1220.200,94,-0.70158,15.24860,1,0,57,0.600,9.780
30506,1220.240,94,-0.70578,15.17138,1,0,49,0.633,9.747
30507,1220.280,94,-0.69750,15.09439,1,0,49,0.568,9.041
30508,1220.320,94,-0.72564,15.04876,1,26,52,0.681,10.033
30509,1220.360,94,-0.72877,14.98648,1,25,43,0.686,9.634
30510,1220.400,94,-0.69699,14.91539,1,0,45,0.617,9.391
30511,1220.440,94,-0.71836,14.83095,1,0,59,0.520,9.657
30512,1220.480,94,-0.73130,14.76806,1,0,63,0.585,9.681
30513,1220.520,94,-0.71700,14.67636,0,0,0,,
30514,1220.560,94,-0.71967,14.63341,0,0,0,,
30515,1220.600,94,-0.71943,14.54594,0,0,0,,
30516,1220.640,94,-0.71899,14.48636,0,0,0,,
30517,1220.680,94,-0.72458,14.43674,0,0,0,,
30518,1220.720,94,-0.72491,14.38034,1,31,56,0.895,12.479
30519,1220.760,94,-0.72683,14.31685,1,31,58,0.883,12.653
30520,1220.800,94,-0.72971,14.25909,1,30,55,0.854,11.869
30521,1220.840,94,-0.73190,14.19398,1,30,55,0.841,13.144
30522,1220.880,94,-0.73002,14.15437,1,31,60,0.800,16.996
30523,1220.920,94,-0.72602,14.08088,1,31,56,0.735,15.861
30524,1220.960,94,-0.73211,14.00240,1,33,38,0.856,15.871
30525,1221.000,94,-0.73075,13.94573,1,32,50,0.898,13.891
30526,1221.040,94,-0.73717,13.90194,1,34,60,0.840,16.304
30527,1221.080,94,-0.73258,13.82056,1,34,52,0.790,17.718
30528,1221.120,94,-0.73130,13.74549,1,33,43,1.017,14.625
30529,1221.160,94,-0.73310,13.66133,1,34,35,1.040,14.329
30530,1221.200,94,-0.73360,13.61578,1,35,45,0.802,16.547
30531,1221.240,94,-0.73065,13.54780,1,34,57,0.754,16.623
30532,1221.280,94,-0.72992,13.45425,1,35,36,1.026,13.219
30533,1221.320,94,-0.73064,13.42206,1,33,56,0.749,17.560
30534,1221.360,94,-0.72704,13.34294,1,35,58,0.892,14.037
30535,1221.400,94,-0.72919,13.25838,1,35,48,0.898,12.158
30536,1221.440,94,-0.72993,13.21526,1,35,51,0.707,16.220
30537,1221.480,94,-0.72907,13.16216,1,34,61,0.739,17.848
30538,1221.520,94,-0.73085,13.09793,1,36,66,0.729,16.861
30539,1221.560,94,-0.72775,13.02783,1,36,54,0.811,16.165
30540,1221.600,94,-0.72857,12.95957,1,35,64,0.841,16.933
30541,1221.640,94,-0.73055,12.89356,1,34,66,0.793,15.868
30542,1221.680,94,-0.72540,12.82951,1,36,66,0.781,16.192
30543,1221.720,94,-0.72803,12.75804,1,35,63,0.934,14.225
30544,1221.760,94,-0.72717,12.68588,1,30,65,1.026,14.421
30545,1221.800,94,-0.72702,12.64175,1,34,64,0.744,16.334
30546,1221.840,94,-0.72663,12.54975,1,29,64,0.964,13.039
30547,1221.880,94,-0.73005,12.50946,1,33,67,0.847,15.406
30548,1221.920,94,-0.72988,12.43818,1,30,72,0.951,14.274
30549,1221.960,94,-0.72590,12.37830,1,30,72,0.981,14.142
30550,1222.000,94,-0.72661,12.31515,1,30,72,1.049,14.076
30551,1222.040,94,-0.72762,12.24414,1,30,72,0.874,14.802
30552,1222.080,94,-0.72985,12.18255,1,30,72,1.011,13.422
30553,1222.120,94,-0.72727,12.11292,1,30,72,0.990,14.051
30554,1222.160,94,-0.72474,12.05255,1,29,72,0.954,14.044
30555,1222.200,94,-0.72517,11.98841,1,30,72,0.991,13.062
30556,1222.240,94,-0.72592,11.92670,1,30,72,0.980,13.132
30557,1222.280,94,-0.72222,11.85620,1,30,72,0.955,13.165
30558,1222.320,94,-0.72106,11.79584,1,30,72,0.993,13.001
30559,1222.360,94,-0.72457,11.73095,1,30,72,0.905,11.871
30560,1222.400,94,-0.72518,11.66550,1,31,72,0.913,12.027
30561,1222.440,94,-0.72366,11.59767,1,34,72,0.904,11.783
30562,1222.480,94,-0.72484,11.53226,1,32,72,0.821,11.638
30563,1222.520,94,-0.72141,11.47032,1,32,72,0.871,11.783
30564,1222.560,94,-0.72175,11.40481,1,32,72,0.650,11.721
30565,1222.600,94,-0.72243,11.34403,1,34,72,0.742,11.651
30566,1222.640,94,-0.72149,11.28322,1,32,72,0.810,11.893
30567,1222.680,94,-0.72018,11.23403,1,33,72,0.911,12.298
30568,1222.720,94,-0.72338,11.18003,1,31,72,0.942,12.045
30569,1222.760,94,-0.72000,11.11467,1,32,72,0.972,12.208
30570,1222.800,94,-0.71820,11.06011,1,33,72,1.060,12.850
30571,1222.840,94,-0.71842,11.00343,1,33,72,1.113,13.025
30572,1222.880,94,-0.71809,10.94423,1,33,72,1.037,12.982
30573,1222.920,94,-0.71593,10.88441,1,34,72,1.092,12.801
30574,1222.960,94,-0.71447,10.82856,1,32,72,1.115,12.986
30575,1223.000,94,-0.71376,10.76986,1,35,72,1.136,13.539
30576,1223.040,94,-0.71435,10.71473,1,33,72,1.119,13.358
30577,1223.080,94,-0.71513,10.66230,1,33,72,1.143,13.395
30578,1223.120,94,-0.71508,10.59971,1,34,72,1.147,13.565
30579,1223.160,94,-0.71439,10.54778,1,34,72,1.124,13.582
30580,1223.200,94,-0.71388,10.48341,1,33,72,1.060,14.323
30581,1223.240,94,-0.71608,10.43500,1,35,72,1.114,14.729
30582,1223.280,94,-0.71166,10.36759,1,33,72,1.131,13.768
30583,1223.320,94,-0.70965,10.31083,1,35,72,1.085,14.226
30584,1223.360,94,-0.70883,10.25918,1,36,72,1.027,14.864
30585,1223.400,94,-0.70778,10.19559,1,36,72,1.128,13.809
30586,1223.440,94,-0.70307,10.14349,1,38,72,1.189,14.561
30587,1223.480,94,-0.70536,10.04259,1,38,72,0.996,10.024
30588,1223.520,94,-0.70304,10.01843,1,37,72,1.170,13.520
30589,1223.560,94,-0.70254,9.97107,1,39,72,0.994,14.507
30590,1223.600,94,-0.70238,9.87280,1,38,72,0.930,10.174
30591,1223.640,94,-0.70269,9.81550,1,38,72,0.980,9.712
30592,1223.680,94,-0.69977,9.76464,1,39,72,1.035,9.844
30593,1223.720,94,-0.69838,9.70130,1,42,72,0.941,9.363
30594,1223.760,94,-0.69848,9.64659,1,39,66,0.970,8.774
30595,1223.800,94,-0.69699,9.62060,1,39,67,1.334,12.547
30596,1223.840,94,-0.69726,9.56292,1,40,65,1.317,12.715
30597,1223.880,94,-0.69536,9.47912,1,40,63,1.080,9.544
30598,1223.920,94,-0.69725,9.43431,1,40,65,1.154,10.882
30599,1223.960,94,-0.69463,9.36811,1,40,67,1.010,9.495
30600,1224.000,94,-0.69403,9.31527,1,43,72,0.983,9.243
30601,1224.040,94,-0.69279,9.28209,1,39,72,1.300,11.835
30602,1224.080,94,-0.69131,9.20503,1,40,72,1.035,10.121
30603,1224.120,94,-0.69156,9.15436,1,40,72,1.147,10.981
30604,1224.160,94,-0.68819,9.09722,1,39,72,1.181,11.157
30605,1224.200,94,-0.68808,9.03637,1,38,72,1.158,10.456
30606,1224.240,94,-0.68784,8.98237,1,40,72,1.085,10.458
30607,1224.280,94,-0.68487,8.93208,1,39,72,1.246,11.129
30608,1224.320,94,-0.68384,8.87536,1,39,72,1.165,10.477
30609,1224.360,94,-0.68293,8.82152,1,39,72,1.183,10.622
30610,1224.400,94,-0.67989,8.76034,1,42,72,1.119,10.111
30611,1224.440,94,-0.67900,8.70699,1,42,72,1.178,10.278
30612,1224.480,94,-0.67659,8.65220,1,43,72,1.250,10.184
30613,1224.520,94,-0.68341,8.60674,1,0,72,1.194,10.700
30614,1224.560,94,-0.70559,8.56532,1,0,68,1.391,12.211
30615,1224.600,94,-0.68358,8.48976,1,0,72,1.011,10.291
30616,1224.640,94,-0.65287,8.46030,1,0,70,1.317,11.284
30617,1224.680,94,-0.68466,8.38080,1,0,72,1.056,10.336
30618,1224.720,94,-0.66024,8.31948,1,22,72,0.954,9.830
30619,1224.760,94,-0.67217,8.27381,1,0,72,1.071,10.045
30620,1224.800,94,-0.65438,8.21611,1,28,72,1.255,9.651
30621,1224.840,94,-0.66776,8.16698,1,0,72,0.995,9.714
30622,1224.880,94,-0.66152,8.07563,1,33,72,2.203,9.498
30623,1224.920,94,-0.66929,8.05480,1,0,68,0.718,9.932
30624,1224.960,94,-0.66771,8.01939,1,0,63,0.765,8.992
30625,1225.000,94,-0.66776,7.97961,1,0,60,0.626,7.916
31360,1254.400,109,-0.14208,32.91622,1,23,0,0.376,8.793
31361,1254.440,109,-0.14053,32.91671,0,229,0,29.227,
31363,1254.520,109,-0.14780,32.77601,0,204,0,27.516,
31365,1254.600,109,-0.15063,32.49066,0,198,0,26.438,
31366,1254.640,109,-0.15813,32.45540,0,132,0,20.461,
31367,1254.680,109,-0.16652,32.28435,0,236,0,29.809,
31368,1254.720,109,-0.16615,32.25073,0,223,0,26.168,
31369,1254.760,109,-0.16579,32.25064,0,240,0,29.239,
31370,1254.800,109,-0.16662,32.29870,0,260,0,28.500,
31371,1254.840,109,-0.17136,32.10660,0,239,0,29.553,
31372,1254.880,109,-0.18252,32.05439,0,244,0,28.511,
31373,1254.920,109,-0.18012,32.12786,0,201,0,27.836,
31374,1254.960,109,-0.18368,31.92972,0,249,0,29.013,
31375,1255.000,109,-0.18454,31.94344,0,219,0,29.357,
31376,1255.040,109,-0.19760,31.86286,0,208,0,28.211,
31377,1255.080,109,-0.19903,31.69445,0,202,0,28.774,
31378,1255.120,109,-0.19656,31.69261,0,188,0,27.814,
31379,1255.160,109,-0.20312,31.49259,0,253,0,28.461,
31380,1255.200,109,-0.19661,31.52071,0,190,0,28.939,
31382,1255.280,109,-0.21226,31.32594,0,239,0,29.738,
31383,1255.320,109,-0.21163,31.23715,0,197,0,27.568,
31384,1255.360,109,-0.21583,31.13247,0,190,0,28.114,
31385,1255.400,109,-0.22949,30.87268,0,190,0,28.137,
31386,1255.440,109,-0.21650,30.89485,0,180,0,27.903,
31387,1255.480,109,-0.23191,30.72281,0,200,0,26.634,
31388,1255.520,109,-0.23331,30.72382,0,235,0,29.096,
31389,1255.560,109,-0.23783,30.69106,0,237,0,28.933,
31390,1255.600,109,-0.23522,30.68149,0,261,0,29.343,
31391,1255.640,109,-0.24731,30.52911,0,258,0,32.037,
31392,1255.680,109,-0.24581,30.51017,0,252,0,29.201,
31393,1255.720,109,-0.24318,30.49541,0,255,0,29.215,
31394,1255.760,109,-0.26192,30.33848,0,26,0,1.461,
31395,1255.800,109,-0.26271,30.33317,0,246,0,28.828,
31396,1255.840,109,-0.26349,30.30793,0,29,0,1.662,
31397,1255.880,109,-0.26421,30.15315,0,27,0,1.777,
31398,1255.920,109,-0.26542,30.15291,0,29,0,1.701,
31399,1255.960,109,-0.26047,30.04110,0,29,0,1.725,
31400,1256.000,109,-0.26990,29.94837,0,27,0,1.774,
31401,1256.040,109,-0.26732,29.85672,0,30,0,1.867,
31402,1256.080,109,-0.27291,29.74920,0,31,0,1.968,
31403,1256.120,109,-0.28067,29.70102,0,262,0,28.526,
31404,1256.160,109,-0.29350,29.60208,0,198,0,19.465,
31405,1256.200,109,-0.28853,29.62321,0,232,0,25.447,
31406,1256.240,109,-0.29056,29.42411,0,267,0,19.336,
31407,1256.280,109,-0.28928,29.43385,0,386,0,28.403,
31408,1256.320,109,-0.30166,29.25563,0,307,0,24.255,
31409,1256.360,109,-0.31378,29.21538,0,306,0,26.733,
31410,1256.400,109,-0.31017,29.24015,0,346,0,26.600,
31411,1256.440,109,-0.30968,29.05560,0,284,0,28.148,
31412,1256.480,109,-0.31599,29.05700,0,243,0,25.234,
31413,1256.520,109,-0.31958,28.89656,0,290,0,30.090,
31414,1256.560,109,-0.31823,28.88109,0,240,0,27.492,
31415,1256.600,109,-0.32575,28.78504,0,248,0,26.676,
31416,1256.640,109,-0.32645,28.71448,0,28,0,1.755,
31417,1256.680,109,-0.32492,28.74235,0,282,0,28.268,
31418,1256.720,109,-0.32724,28.52636,0,28,0,1.737,
31419,1256.760,109,-0.33769,28.53886,0,28,0,1.680,
31420,1256.800,109,-0.33907,28.53372,0,29,0,1.613,
31421,1256.840,109,-0.34233,28.35701,0,29,0,1.583,
31422,1256.880,109,-0.34033,28.36183,0,27,0,1.498,
31423,1256.920,109,-0.34396,28.18566,0,27,0,1.633,
31424,1256.960,109,-0.34440,28.19139,0,25,0,1.507,
31425,1257.000,109,-0.33691,28.01334,0,24,12,25.665,
31426,1257.040,109,-0.34571,28.01925,0,263,0,28.193,
31427,1257.080,109,-0.34804,27.86129,0,24,0,1.468,
31428,1257.120,109,-0.34881,27.85260,0,24,0,1.332,
31429,1257.160,109,-0.36920,27.74202,0,27,0,1.403,
31430,1257.200,109,-0.38092,27.70296,0,259,0,27.781,
31431,1257.240,109,-0.37041,27.64900,0,289,0,28.643,
31432,1257.280,109,-0.38151,27.56543,0,253,0,27.996,
31433,1257.320,109,-0.39000,27.50666,0,279,0,29.838,
31434,1257.360,109,-0.37751,27.36931,0,25,0,1.303,
31435,1257.400,109,-0.37738,27.41097,0,260,0,27.943,
31436,1257.440,109,-0.36901,27.28623,0,246,0,28.479,
31437,1257.480,109,-0.38101,27.21133,0,307,0,31.588,
31438,1257.520,109,-0.37927,27.19814,1,29,0,0.893,8.793
31439,1257.560,109,-0.39348,27.03856,1,29,0,0.769,32.500
31440,1257.600,109,-0.38406,27.05288,1,28,0,0.766,16.727
31441,1257.640,109,-0.38705,26.88796,1,30,0,0.482,45.439
31442,1257.680,109,-0.38381,26.89985,1,28,0,0.742,13.071
31443,1257.720,109,-0.39966,26.76880,1,30,0,0.777,14.718
31444,1257.760,109,-0.38808,26.76422,1,30,0,0.807,25.942
31445,1257.800,109,-0.42106,26.61371,1,29,0,0.769,57.936
31446,1257.840,109,-0.41018,26.57129,1,29,0,0.838,17.418
31447,1257.880,109,-0.39897,26.57755,1,29,0,0.843,8.793
31448,1257.920,109,-0.40668,26.42890,1,29,0,0.771,8.793
31449,1257.960,109,-0.42099,26.32721,1,30,0,0.791,57.231
31450,1258.000,109,-0.42522,26.28561,1,31,0,0.872,26.573
31451,1258.040,109,-0.41281,26.26233,1,31,0,0.608,15.051
31452,1258.080,109,-0.42358,26.13991,1,32,0,0.848,8.793
31453,1258.120,109,-0.44582,26.10302,1,29,0,0.846,16.220
31454,1258.160,109,-0.43991,26.02363,1,32,0,0.861,8.793
31455,1258.200,109,-0.42492,25.98122,1,32,0,0.779,8.793
31456,1258.240,109,-0.43265,25.89811,1,33,0,0.839,8.793
31457,1258.280,109,-0.42682,25.83600,1,36,0,0.794,85.534
31458,1258.320,109,-0.44515,25.71511,1,33,0,0.911,8.793
31459,1258.360,109,-0.44001,25.70695,1,35,0,0.796,8.793
31460,1258.400,109,-0.43992,25.67616,1,36,0,0.811,21.430
31461,1258.440,109,-0.44512,25.57042,1,32,0,0.862,8.793
31462,1258.480,109,-0.44169,25.54044,1,33,0,0.811,8.793
31463,1258.520,109,-0.46372,25.42585,0,0,0,,
31464,1258.560,109,-0.43914,25.41418,0,0,0,,
31465,1258.600,109,-0.46141,25.27211,0,0,0,,
31466,1258.640,109,-0.46496,25.29094,0,0,0,,
31467,1258.680,109,-0.47031,25.13116,0,0,0,,
31468,1258.720,109,-0.45714,25.12738,0,0,0,,
31469,1258.760,109,-0.47373,24.98872,0,0,0,,
31470,1258.800,109,-0.45786,25.00633,0,0,0,,
31471,1258.840,109,-0.46986,24.86513,0,0,0,,
31472,1258.880,109,-0.47406,24.88851,0,0,0,,
31473,1258.920,109,-0.47349,24.74748,0,0,0,,
31474,1258.960,109,-0.46934,24.73024,0,0,0,,
31475,1259.000,109,-0.47869,24.59383,0,0,0,,
31476,1259.040,109,-0.47428,24.57426,0,0,0,,
31477,1259.080,109,-0.48337,24.46681,0,0,0,,
31478,1259.120,109,-0.48268,24.48482,0,0,0,,
31479,1259.160,109,-0.47038,24.31730,0,0,0,,
31480,1259.200,109,-0.47602,24.33713,0,0,0,,
31481,1259.240,109,-0.47336,24.22840,1,38,0,0.833,8.793
31482,1259.280,109,-0.48665,24.16985,1,36,0,0.775,8.793
31483,1259.320,109,-0.48667,24.05217,1,40,0,0.738,8.793
31484,1259.360,109,-0.49174,24.07739,1,31,0,0.654,8.793
31485,1259.400,109,-0.48554,23.97233,1,39,0,0.727,8.793
31486,1259.440,109,-0.48338,23.92081,0,0,0,,
31487,1259.480,109,-0.47912,23.78751,0,0,0,,
31488,1259.520,109,-0.49481,23.79353,0,0,0,,
31489,1259.560,109,-0.49403,23.65781,0,0,0,,
31490,1259.600,109,-0.49619,23.69462,0,0,0,,
31491,1259.640,109,-0.49593,23.56747,0,0,0,,
31492,1259.680,109,-0.50971,23.49623,0,0,0,,
31493,1259.720,109,-0.49292,23.41050,0,0,0,,
31494,1259.760,109,-0.50408,23.43787,0,0,0,,
31495,1259.800,109,-0.50756,23.32983,0,0,0,,
31496,1259.840,109,-0.49501,23.27381,0,0,0,,
31497,1259.880,109,-0.49884,23.17898,0,0,0,,
31498,1259.920,109,-0.50353,23.11744,1,36,0,0.751,8.793
31499,1259.960,109,-0.52243,23.03889,1,37,0,0.672,8.793
31500,1260.000,109,-0.52179,23.05558,1,32,0,0.655,8.793
31501,1260.040,109,-0.52794,22.90404,1,36,0,0.740,8.793
31502,1260.080,109,-0.51999,22.84354,1,32,0,0.756,8.793
31503,1260.120,109,-0.52138,22.77948,1,34,0,0.721,8.793
31504,1260.160,109,-0.52900,22.79923,1,35,0,0.662,8.793
31505,1260.200,109,-0.51810,22.71589,1,34,0,0.867,8.793
31506,1260.240,109,-0.52719,22.65626,1,34,0,0.892,8.793
31507,1260.280,109,-0.52392,22.53766,1,33,0,0.797,8.793
31508,1260.320,109,-0.52699,22.53708,1,34,0,0.866,8.793
31509,1260.360,109,-0.53473,22.47927,1,34,0,0.863,8.793
31510,1260.400,109,-0.53770,22.33213,1,34,0,0.884,8.793
31511,1260.440,109,-0.54742,22.29423,1,34,0,0.806,8.793
31512,1260.480,109,-0.55014,22.19864,1,34,0,0.810,8.793
31513,1260.520,109,-0.52575,22.16433,1,35,0,0.773,8.793
31514,1260.560,109,-0.52909,22.08251,0,0,0,,
31515,1260.600,109,-0.53091,22.10866,1,35,0,0.735,8.793
31516,1260.640,109,-0.53277,22.02465,1,36,0,0.734,8.793
31517,1260.680,109,-0.53793,21.97786,0,0,0,,
31518,1260.720,109,-0.55524,21.86982,0,0,0,,
31519,1260.760,109,-0.54396,21.86611,0,0,0,,
31520,1260.800,109,-0.53824,21.78725,0,0,0,,
31521,1260.840,109,-0.54408,21.63359,0,0,0,,
31522,1260.880,109,-0.54343,21.66939,0,0,0,,
31523,1260.920,109,-0.54760,21.55776,0,0,0,,
31524,1260.960,109,-0.54328,21.49796,0,0,0,,
31525,1261.000,109,-0.53976,21.45730,0,0,0,,
31526,1261.040,109,-0.53547,21.42412,0,0,0,,
31527,1261.080,109,-0.53903,21.32304,0,0,0,,
31528,1261.120,109,-0.56449,21.27136,1,40,0,0.849,14.541
31529,1261.160,109,-0.56844,21.18955,1,40,0,0.762,8.793
31530,1261.200,109,-0.56111,21.12968,1,21,0,0.825,8.793
31531,1261.240,109,-0.56454,21.05938,1,36,0,0.646,13.203
31532,1261.280,109,-0.55972,21.01719,1,21,0,0.751,12.611
31533,1261.320,109,-0.56595,20.96810,1,21,0,0.789,14.392
31534,1261.360,109,-0.56562,20.90738,1,37,0,0.688,8.793
31535,1261.400,109,-0.55744,20.85165,1,24,0,0.821,8.793
31536,1261.440,109,-0.56038,20.77097,1,23,0,0.725,8.793
31537,1261.480,109,-0.56204,20.68227,1,23,0,0.819,13.464
31538,1261.520,109,-0.56249,20.68099,1,23,0,0.767,8.793
31539,1261.560,109,-0.56502,20.56721,1,23,0,0.807,16.505
31540,1261.600,109,-0.56708,20.57436,1,24,0,0.766,8.793
31541,1261.640,109,-0.57133,20.48582,1,24,0,0.784,8.793
31542,1261.680,109,-0.57157,20.46321,1,23,0,0.700,8.793
31543,1261.720,109,-0.56563,20.36861,1,24,0,0.802,8.793
31544,1261.760,109,-0.57755,20.27178,1,24,0,0.781,8.793
31545,1261.800,109,-0.56787,20.26087,1,24,0,0.760,8.793
31546,1261.840,109,-0.57433,20.18566,1,24,0,0.839,8.793
31547,1261.880,109,-0.57327,20.16051,1,24,0,0.806,8.793
31548,1261.920,109,-0.57167,20.05170,1,25,0,0.802,8.793
31549,1261.960,109,-0.57276,19.98706,1,24,0,0.797,8.793
31550,1262.000,109,-0.58374,19.97906,1,24,24,0.813,15.334
31551,1262.040,109,-0.58043,19.95754,1,25,0,0.777,8.793
31552,1262.080,109,-0.58372,19.89931,1,25,0,0.673,8.793
31553,1262.120,109,-0.58851,19.83761,1,24,0,0.777,8.793
31554,1262.160,109,-0.58670,19.77591,1,25,0,0.894,11.244
31555,1262.200,109,-0.56622,19.72349,1,24,0,0.586,8.793
31556,1262.240,109,-0.59018,19.66217,1,25,0,0.813,8.793
31557,1262.280,109,-0.58831,19.58229,1,24,20,0.771,13.360
31558,1262.320,109,-0.59060,19.54160,1,24,0,0.800,8.793
31559,1262.360,109,-0.58654,19.45287,1,24,27,0.724,14.097
31560,1262.400,109,-0.58722,19.41011,1,24,20,0.732,12.421
31561,1262.440,109,-0.59155,19.33147,1,23,34,0.656,12.970
31562,1262.480,109,-0.58505,19.29902,1,25,20,0.729,11.344
31563,1262.520,109,-0.59507,19.20959,1,23,44,0.735,15.131
31564,1262.560,109,-0.59240,19.16149,1,24,41,0.585,14.518
31565,1262.600,109,-0.59159,19.10878,1,24,41,0.694,14.660
31566,1262.640,109,-0.59628,19.03176,1,23,41,0.657,14.278
31567,1262.680,109,-0.59552,18.99325,1,24,47,0.641,18.203
31568,1262.720,109,-0.59784,18.93365,1,23,34,0.615,13.851
31569,1262.760,109,-0.59665,18.88923,1,24,40,0.658,15.917
31570,1262.800,109,-0.59767,18.82147,1,23,50,0.616,16.599
31571,1262.840,109,-0.59840,18.77420,1,23,0,0.822,19.458
31572,1262.880,109,-0.59878,18.70528,1,24,36,0.739,17.456
31573,1262.920,109,-0.59857,18.66633,1,23,49,0.630,18.850
31574,1262.960,109,-0.60078,18.58982,1,22,0,0.793,15.617
31575,1263.000,109,-0.59534,18.54899,1,23,43,0.761,14.920
31576,1263.040,109,-0.59992,18.48928,1,22,52,0.685,16.613
31577,1263.080,109,-0.59453,18.41762,1,21,60,0.656,13.942
31578,1263.120,109,-0.58863,18.41439,1,22,40,0.432,18.833
31579,1263.160,109,-0.59686,18.31483,1,22,41,0.615,19.903
31580,1263.200,109,-0.59343,18.26533,1,21,37,0.584,19.003
31581,1263.240,109,-0.59588,18.22468,1,22,0,0.679,19.015
31582,1263.280,109,-0.59745,18.16957,1,22,30,0.598,15.314
31583,1263.320,109,-0.60005,18.08789,1,21,47,0.638,13.164
31584,1263.360,109,-0.60101,18.02139,1,21,55,0.620,12.664
31585,1263.400,109,-0.59891,17.96295,1,22,54,0.700,13.333
31586,1263.440,109,-0.59844,17.90372,1,21,52,0.608,14.300
31587,1263.480,109,-0.60138,17.84191,1,23,47,0.702,12.171
31588,1263.520,109,-0.60174,17.77306,1,21,48,0.640,11.142
31589,1263.560,109,-0.60391,17.73879,1,21,54,0.537,14.502
31590,1263.600,109,-0.60168,17.66421,1,21,72,0.590,10.687
31591,1263.640,109,-0.60528,17.65364,1,22,0,0.656,16.071
31592,1263.680,109,-0.60208,17.56320,1,21,72,0.555,11.253
31593,1263.720,109,-0.60527,17.51329,1,23,72,0.745,12.636
31594,1263.760,109,-0.60442,17.47717,1,22,61,0.602,14.238
31595,1263.800,109,-0.59740,17.45281,1,23,56,0.580,16.332
31596,1263.840,109,-0.59544,17.38520,1,23,51,0.761,14.246
31597,1263.880,109,-0.59368,17.32985,1,22,55,0.688,16.385
31598,1263.920,109,-0.60514,17.26328,1,22,63,0.758,14.602
31599,1263.960,109,-0.59539,17.23018,1,23,53,0.661,17.332
31600,1264.000,109,-0.60246,17.16897,1,23,56,0.668,16.744
31601,1264.040,109,-0.59683,17.12789,1,22,54,0.789,15.252
31602,1264.080,109,-0.60162,17.08199,1,24,56,0.696,16.596
31603,1264.120,109,-0.59733,17.01079,1,22,58,0.761,14.356
31604,1264.160,109,-0.59469,16.97579,1,24,49,0.768,15.294
31605,1264.200,109,-0.59466,16.92086,1,25,52,0.621,17.582
31606,1264.240,109,-0.59653,16.85837,1,24,57,0.586,16.172
31607,1264.280,109,-0.59775,16.81587,1,26,50,0.742,14.252
31608,1264.320,109,-0.59356,16.75458,1,27,38,0.766,13.714
31609,1264.360,109,-0.59572,16.69050,1,26,34,0.815,13.966
31610,1264.400,109,-0.59617,16.66264,1,23,48,0.794,14.812
31611,1264.440,109,-0.59755,16.59922,1,26,47,0.644,16.088
31612,1264.480,109,-0.58823,16.56171,1,27,44,0.693,17.791
31613,1264.520,109,-0.59233,16.50683,1,28,44,0.643,17.307
31614,1264.560,109,-0.59074,16.44940,1,28,45,0.764,14.497
31615,1264.600,109,-0.59699,16.40154,1,28,43,0.772,13.625
31616,1264.640,109,-0.59294,16.33139,1,27,28,0.870,13.551
31617,1264.680,109,-0.59667,16.30022,1,29,48,0.693,18.284
31618,1264.720,109,-0.58978,16.25145,1,28,42,0.815,16.129
31619,1264.760,109,-0.59450,16.18727,1,29,45,0.846,14.496
31620,1264.800,109,-0.58791,16.13940,1,29,40,0.602,14.678
31621,1264.840,109,-0.58949,16.07367,1,29,31,0.768,15.479
31622,1264.880,109,-0.58997,16.04061,1,30,44,0.768,15.558
31623,1264.920,109,-0.59042,15.99651,1,30,51,0.762,17.131
31624,1264.960,109,-0.58909,15.94554,1,29,36,0.746,13.071
31625,1265.000,109,-0.58651,15.88669,1,28,29,0.739,12.474
31626,1265.040,109,-0.58979,15.84331,1,31,34,0.814,14.307
31627,1265.080,109,-0.59041,15.79256,1,31,32,0.853,13.653
31628,1265.120,109,-0.59449,15.73980,1,30,42,0.786,14.698
31629,1265.160,109,-0.59073,15.69276,1,29,30,0.766,13.605
31630,1265.200,109,-0.58148,15.65125,1,31,37,0.811,14.424
31631,1265.240,109,-0.58059,15.61389,1,30,33,0.683,15.206
31632,1265.280,109,-0.58301,15.55336,1,30,34,0.741,15.541
31633,1265.320,109,-0.58870,15.50031,1,30,38,0.806,14.999
31634,1265.360,109,-0.58442,15.44418,1,30,28,0.832,12.948
31635,1265.400,109,-0.58121,15.41280,1,31,53,0.670,18.380
31636,1265.440,109,-0.58452,15.33198,1,30,29,0.852,10.977
31637,1265.480,109,-0.58388,15.30725,1,30,47,0.704,16.243
31638,1265.520,109,-0.58461,15.25146,1,31,30,0.861,13.052
31639,1265.560,109,-0.57853,15.19998,1,30,41,0.642,15.291
31640,1265.600,109,-0.58308,15.14743,1,31,29,0.788,12.017
31641,1265.640,109,-0.58044,15.09450,1,31,41,0.781,13.790
31642,1265.680,109,-0.57787,15.03768,1,31,30,0.830,11.848
31643,1265.720,109,-0.58370,14.99853,1,30,40,0.811,13.972
31644,1265.760,109,-0.58106,14.94837,1,30,48,0.937,14.757
31645,1265.800,109,-0.57499,14.89455,1,31,42,0.892,13.058
31646,1265.840,109,-0.57855,14.83750,1,30,45,0.887,13.019
31647,1265.880,109,-0.57520,14.78281,1,31,49,0.866,14.245
31648,1265.920,109,-0.57606,14.74947,1,30,43,0.834,11.835
31649,1265.960,109,-0.57552,14.70221,1,30,39,0.735,14.948
31650,1266.000,109,-0.57645,14.62144,1,31,52,0.878,11.614
31651,1266.040,109,-0.57520,14.61411,1,29,56,0.695,17.284
31652,1266.080,109,-0.57408,14.56855,1,30,52,0.750,16.343
31653,1266.120,109,-0.57316,14.53014,1,30,58,0.821,15.184
31654,1266.160,109,-0.57148,14.47071,1,30,50,0.847,13.509
31655,1266.200,109,-0.57091,14.42128,1,29,55,0.849,14.744
31656,1266.240,109,-0.56552,14.34904,1,29,55,0.911,12.111
31657,1266.280,109,-0.57136,14.30793,1,29,53,0.804,12.325
31658,1266.320,109,-0.56816,14.24011,1,29,55,0.982,12.334
31659,1266.360,109,-0.56768,14.22755,1,29,57,0.971,14.422
31660,1266.400,109,-0.56996,14.15900,1,29,59,0.910,11.327
31661,1266.440,109,-0.56487,14.14031,1,28,58,0.861,13.858
31662,1266.480,109,-0.56958,14.03664,1,29,58,0.848,10.253
31663,1266.520,109,-0.56193,14.02217,1,28,59,0.919,11.085
31664,1266.560,109,-0.56526,13.95279,1,29,57,0.809,8.954
31665,1266.600,109,-0.56079,13.92124,1,28,57,0.868,10.787
31666,1266.640,109,-0.56134,13.84543,1,27,57,0.757,9.625
31667,1266.680,109,-0.56025,13.79540,1,28,57,0.676,9.715
31668,1266.720,109,-0.55997,13.76459,1,27,62,0.733,9.086
31669,1266.760,109,-0.55844,13.72276,1,28,46,0.811,9.936
31670,1266.800,109,-0.55695,13.67752,1,28,44,0.835,9.938
31671,1266.840,109,-0.55656,13.63154,1,27,51,0.781,9.455
31672,1266.880,109,-0.55878,13.57425,1,28,58,0.674,8.609
31673,1266.920,109,-0.55430,13.54055,1,28,52,0.766,9.056
31674,1266.960,109,-0.55194,13.49169,1,27,48,0.802,9.183
31675,1267.000,109,-0.55234,13.44480,1,27,56,0.668,9.515
31676,1267.040,109,-0.55091,13.39874,1,28,51,0.677,8.736
31677,1267.080,109,-0.55138,13.35662,1,27,44,0.846,10.077
31678,1267.120,109,-0.55301,13.32656,1,28,56,0.807,9.696
31679,1267.160,109,-0.55106,13.28005,1,27,58,0.711,9.660
31680,1267.200,109,-0.55101,13.22911,1,27,54,0.672,9.318
31681,1267.240,109,-0.54878,13.18743,1,29,53,0.673,8.611
31682,1267.280,109,-0.54643,13.14671,1,26,47,0.758,9.420
31683,1267.320,109,-0.54374,13.08889,1,29,65,0.653,9.268
31684,1267.360,109,-0.54392,13.05283,1,28,53,0.746,9.268
31685,1267.400,109,-0.54170,13.01762,1,29,61,0.745,8.787
31686,1267.440,109,-0.54275,12.97733,1,30,57,0.781,9.902
31687,1267.480,109,-0.54369,12.93912,1,29,59,0.933,10.893
31688,1267.520,109,-0.53885,12.88718,1,29,60,0.878,11.046
31689,1267.560,109,-0.53868,12.84609,1,31,60,0.937,11.175
31690,1267.600,109,-0.53679,12.80858,1,30,59,0.960,11.310
31691,1267.640,109,-0.53745,12.76926,1,30,58,0.925,11.239
31692,1267.680,109,-0.53406,12.71332,1,31,60,0.901,11.524
31693,1267.720,109,-0.53324,12.70573,1,33,61,1.000,13.314
31694,1267.760,109,-0.53617,12.66141,1,32,58,0.998,12.967
31695,1267.800,109,-0.53653,12.61667,1,34,61,1.013,12.758
31696,1267.840,109,-0.53292,12.55838,1,34,62,1.023,12.567
31697,1267.880,109,-0.52816,12.52821,1,34,64,1.094,13.332
31698,1267.920,109,-0.52568,12.46337,1,32,61,0.974,12.491
31699,1267.960,109,-0.52672,12.44462,1,34,59,0.999,13.330
31700,1268.000,109,-0.52570,12.38142,1,34,58,0.992,11.626
31701,1268.040,109,-0.52555,12.36635,1,32,63,0.794,16.169
31702,1268.080,109,-0.52288,12.30636,1,32,63,0.997,14.036
31703,1268.120,109,-0.51960,12.28535,1,35,63,1.022,14.579
31704,1268.160,109,-0.51982,12.23361,1,33,56,0.998,13.743
31705,1268.200,109,-0.51638,12.20014,1,34,64,0.866,15.011
31706,1268.240,109,-0.51783,12.13789,1,36,65,1.033,13.180
31707,1268.280,109,-0.51437,12.11557,1,35,63,1.124,14.222
31708,1268.320,109,-0.51511,12.06676,1,35,62,0.989,13.629
31709,1268.360,109,-0.51127,12.02871,1,31,63,0.984,14.557
31710,1268.400,109,-0.50638,11.96302,1,37,56,0.990,12.078
31711,1268.440,109,-0.51199,11.94616,1,37,63,0.854,14.991
31712,1268.480,109,-0.50623,11.90157,1,36,65,0.862,15.002
31713,1268.520,109,-0.50569,11.87057,1,35,63,0.989,14.338
31714,1268.560,109,-0.50053,11.82752,1,36,67,0.874,14.757
31715,1268.600,109,-0.50020,11.78639,1,37,65,0.785,15.147
31716,1268.640,109,-0.49991,11.75383,1,37,63,0.833,15.359
31717,1268.680,109,-0.49748,11.70769,1,36,55,1.036,13.802
31718,1268.720,109,-0.49655,11.67058,1,38,62,0.866,15.029
31719,1268.760,109,-0.49356,11.62920,1,31,58,0.867,14.762
31720,1268.800,109,-0.49219,11.58671,1,37,56,0.817,15.652
31721,1268.840,109,-0.49506,11.56389,1,38,58,0.848,15.514
31722,1268.880,109,-0.49172,11.52036,1,37,59,0.858,15.328
31723,1268.920,109,-0.48945,11.47123,1,35,64,0.752,15.576
31724,1268.960,109,-0.48512,11.42871,1,36,64,0.698,16.883
31725,1269.000,109,-0.48417,11.38932,1,37,63,0.797,15.632
31726,1269.040,109,-0.48110,11.36933,1,39,61,0.838,16.418
31727,1269.080,109,-0.48026,11.31538,1,37,58,0.755,15.307
31728,1269.120,109,-0.47996,11.27460,1,32,64,0.746,15.908
31729,1269.160,109,-0.47449,11.24214,1,35,64,0.731,15.582
31730,1269.200,109,-0.47112,11.20430,1,39,64,0.767,15.542
31731,1269.240,109,-0.47436,11.16600,1,38,65,0.864,14.380
31732,1269.280,109,-0.47338,11.12730,1,36,69,0.866,15.061
31733,1269.320,109,-0.47029,11.08364,1,38,69,0.682,16.428
31734,1269.360,109,-0.46700,11.04301,1,34,69,0.746,16.410
31735,1269.400,109,-0.47029,11.00462,1,33,68,0.839,15.638
31736,1269.440,109,-0.46601,10.96165,1,34,69,0.849,15.587
31737,1269.480,109,-0.46287,10.92168,1,32,72,1.037,14.021
31738,1269.520,109,-0.45877,10.88584,1,32,72,0.793,16.237
31739,1269.560,109,-0.45913,10.84528,1,31,72,1.035,14.025
31740,1269.600,109,-0.45640,10.81143,1,32,72,0.887,14.725
31741,1269.640,109,-0.45170,10.77264,1,35,72,1.115,13.742
31742,1269.680,109,-0.45587,10.73039,1,33,72,0.808,15.897
31743,1269.720,109,-0.45135,10.69986,1,33,72,1.019,14.908
31744,1269.760,109,-0.45012,10.65607,1,32,72,0.977,14.754
31745,1269.800,109,-0.44757,10.62496,1,32,72,0.937,14.587
31746,1269.840,109,-0.44640,10.58163,1,34,72,1.074,13.763
31747,1269.880,109,-0.44292,10.54422,1,34,72,1.081,13.708
31748,1269.920,109,-0.44431,10.50377,1,31,72,1.124,13.851
31749,1269.960,109,-0.43862,10.46833,1,32,72,1.036,14.332
31750,1270.000,109,-0.43458,10.43269,1,32,72,0.987,14.412
31751,1270.040,109,-0.43453,10.39312,1,33,72,1.057,13.455
31752,1270.080,109,-0.43371,10.35550,1,33,72,1.053,13.366
31753,1270.120,109,-0.43109,10.32192,1,33,72,1.097,13.321
31754,1270.160,109,-0.42567,10.29053,1,35,72,1.014,13.549
31755,1270.200,109,-0.42656,10.25158,1,33,72,1.143,13.156
31756,1270.240,109,-0.42234,10.21188,1,34,72,1.090,13.059
31757,1270.280,109,-0.42153,10.17257,1,35,72,1.074,13.087
31758,1270.320,109,-0.41996,10.13732,1,34,72,1.030,13.036
31759,1270.360,109,-0.41858,10.09975,1,33,72,1.077,13.006
31760,1270.400,109,-0.41642,10.06985,1,33,72,1.073,12.669
31761,1270.440,109,-0.41289,10.02593,1,35,72,1.072,12.749
31762,1270.480,109,-0.41139,9.99395,1,34,72,1.054,12.553
31763,1270.520,109,-0.41081,9.96162,1,35,72,0.978,11.974
31764,1270.560,109,-0.40957,9.92376,1,34,72,0.980,12.108
31765,1270.600,109,-0.40925,9.88824,1,34,72,0.958,11.798
31766,1270.640,109,-0.40491,9.84424,1,35,72,0.927,12.289
31767,1270.680,109,-0.40369,9.81403,1,34,72,0.908,12.251
31768,1270.720,109,-0.40248,9.77721,1,36,72,0.950,11.753
31769,1270.760,109,-0.39722,9.74775,1,36,72,0.902,11.576
31770,1270.800,109,-0.39737,9.71078,1,40,72,0.904,11.794
31771,1270.840,109,-0.39342,9.67874,1,39,72,0.849,11.711
31772,1270.880,109,-0.39056,9.64527,1,37,72,0.813,11.958
31773,1270.920,109,-0.39087,9.60684,1,35,72,0.845,11.329
31774,1270.960,109,-0.38933,9.57769,1,36,72,0.842,11.269
31775,1271.000,109,-0.38856,9.53884,1,35,72,0.748,11.604
31776,1271.040,109,-0.38398,9.50779,1,35,72,0.898,11.887
31777,1271.080,109,-0.38286,9.47617,1,35,72,0.958,11.950
31778,1271.120,109,-0.38062,9.44854,1,36,72,0.909,11.775
31779,1271.160,109,-0.37930,9.41945,1,37,72,0.988,11.811
31780,1271.200,109,-0.37632,9.38468,1,35,72,0.929,12.555
31781,1271.240,109,-0.37418,9.35625,1,37,72,1.007,12.316
31782,1271.280,109,-0.37494,9.32575,1,40,72,0.981,12.244
31783,1271.320,109,-0.36997,9.29769,1,37,72,1.031,12.251
31784,1271.360,109,-0.36896,9.26531,1,35,72,1.039,12.314
31785,1271.400,109,-0.36640,9.23105,1,34,72,1.066,12.276
31786,1271.440,109,-0.36528,9.20543,1,38,72,1.070,12.818
31787,1271.480,109,-0.36046,9.17234,1,36,72,1.051,13.134
31788,1271.520,109,-0.36001,9.14257,1,34,72,1.068,12.867
31789,1271.560,109,-0.35457,9.11015,1,37,72,1.125,12.729
31790,1271.600,109,-0.35335,9.08198,1,36,72,1.042,13.262
31791,1271.640,109,-0.35336,9.04995,1,37,72,0.947,14.144
31792,1271.680,109,-0.34805,9.01801,1,36,72,1.026,13.235
31793,1271.720,109,-0.34765,8.99109,1,36,72,1.171,13.035
31794,1271.760,109,-0.34619,8.95939,1,37,72,1.194,12.996
31795,1271.800,109,-0.34258,8.92657,1,36,72,1.070,13.614
31796,1271.840,109,-0.33976,8.90162,1,36,72,1.090,13.536
31797,1271.880,109,-0.33879,8.87275,1,40,72,1.142,13.783
31798,1271.920,109,-0.33514,8.83984,1,36,72,1.061,13.837
31799,1271.960,109,-0.33367,8.81307,1,37,72,1.088,13.932
31800,1272.000,109,-0.33090,8.78178,1,39,72,1.174,13.083
31801,1272.040,109,-0.32920,8.75805,1,40,72,1.054,14.278
31802,1272.080,109,-0.32552,8.73007,1,41,72,1.132,14.243
31803,1272.120,109,-0.32335,8.68875,1,37,72,1.235,13.027
31804,1272.160,109,-0.32311,8.65875,1,40,72,1.105,13.209
31805,1272.200,109,-0.31887,8.63546,1,41,72,1.233,13.518
31806,1272.240,109,-0.31756,8.54577,0,433,0,85.602,
31807,1272.280,109,-0.31754,8.48864,0,425,0,86.398,
31808,1272.320,109,-0.31151,8.46089,0,400,0,89.235,
31809,1272.360,109,-0.31232,8.43863,0,398,0,88.794,
31810,1272.400,109,-0.30695,8.43413,0,408,0,88.157,
31811,1272.440,109,-0.30560,8.39899,0,390,0,90.138,
31812,1272.480,109,-0.30885,8.38111,0,417,0,86.711,
31813,1272.520,109,-0.30685,8.37171,0,391,0,89.452,
31814,1272.560,109,-0.30243,8.33305,0,400,0,89.748,
31815,1272.600,109,-0.30111,8.32884,0,395,0,89.564,
31816,1272.640,109,-0.28995,8.30516,1,24,72,1.080,12.057
31817,1272.680,109,-0.28252,8.28660,1,27,72,1.240,11.838
31818,1272.720,109,-0.28094,8.24626,1,0,72,1.204,11.710
31819,1272.760,109,-0.27996,8.22569,1,0,72,1.189,11.529
31820,1272.800,109,-0.29185,8.22575,1,39,71,1.608,14.097
31821,1272.840,109,-0.29118,8.20102,1,38,72,1.782,13.779
31822,1272.880,109,-0.25981,8.16892,1,50,67,2.752,13.573
31823,1272.920,109,-0.28905,8.06553,1,39,61,2.238,9.980
31824,1272.960,109,-0.27575,8.06439,1,33,63,2.297,12.397
31825,1273.000,109,-0.27220,8.01101,1,34,64,1.779,9.456
31826,1273.040,109,-0.26494,8.02205,1,33,70,2.014,11.098
31827,1273.080,109,-0.26883,8.00641,1,35,63,1.915,10.772
31828,1273.120,109,-0.24926,7.97484,1,47,57,2.132,9.115
33010,1320.400,118,-0.12040,33.18148,1,26,0,0.788,8.793
33012,1320.480,118,-0.12466,32.92585,0,0,0,,
33014,1320.560,118,-0.14054,32.69252,0,1034,0,90.519,
33015,1320.600,118,-0.13066,32.55669,0,1072,0,84.547,
33016,1320.640,118,-0.14649,32.48236,0,0,0,,
33017,1320.680,118,-0.16550,32.28906,0,0,0,,
33018,1320.720,118,-0.15553,32.28370,0,0,0,,
33019,1320.760,118,-0.16356,32.25943,0,0,0,,
33020,1320.800,118,-0.16320,32.25369,0,0,0,,
33021,1320.840,118,-0.16487,32.15225,0,0,0,,
33022,1320.880,118,-0.16910,32.10455,0,0,0,,
33023,1320.920,118,-0.16554,32.03242,0,0,0,,
33024,1320.960,118,-0.19142,32.02982,0,0,0,,
33025,1321.000,118,-0.18136,31.90201,0,0,0,,
33026,1321.040,118,-0.17513,31.88913,0,0,0,,
33027,1321.080,118,-0.17560,31.88219,0,0,0,,
33028,1321.120,118,-0.18909,31.67364,0,248,0,29.467,
33029,1321.160,118,-0.19155,31.57530,0,253,0,28.900,
33030,1321.200,118,-0.19293,31.51435,0,257,0,29.245,
33031,1321.240,118,-0.19708,31.46620,0,255,0,29.555,
33032,1321.280,118,-0.19952,31.32718,0,0,0,,
33033,1321.320,118,-0.20023,31.28737,0,364,0,38.963,
33034,1321.360,118,-0.22321,31.07018,0,248,0,29.313,
33035,1321.400,118,-0.22992,31.07018,0,0,0,,
33036,1321.440,118,-0.23098,30.87108,0,0,0,,
33037,1321.480,118,-0.23972,30.75708,0,0,0,,
33038,1321.520,118,-0.25194,30.76627,0,217,0,28.068,
33039,1321.560,118,-0.23994,30.72000,0,256,0,29.374,
33040,1321.600,118,-0.25967,30.72969,0,217,0,25.783,
33041,1321.640,118,-0.26053,30.51462,0,233,0,26.716,
33042,1321.680,118,-0.26812,30.51830,0,274,0,28.624,
33043,1321.720,118,-0.28774,30.50333,0,290,0,27.915,
33044,1321.760,118,-0.28775,30.31344,0,266,0,28.998,
33046,1321.840,118,-0.22589,30.31631,0,245,0,30.089,
33047,1321.880,118,-0.16992,30.30214,0,249,0,29.662,
33048,1321.920,118,-0.23022,30.10848,0,252,0,29.845,
33049,1321.960,118,-0.28202,29.96032,0,205,0,29.071,
33050,1322.000,118,-0.30634,29.99742,0,209,0,28.731,
33051,1322.040,118,-0.28661,29.79376,0,249,0,29.882,
33052,1322.080,118,-0.27792,29.79414,0,244,0,29.395,
33053,1322.120,118,-0.26915,29.61276,0,243,0,30.638,
33054,1322.160,118,-0.27625,29.61544,0,275,0,27.981,
33055,1322.200,118,-0.29720,29.48972,0,0,0,,
33056,1322.240,118,-0.27845,29.39916,0,0,0,,
33057,1322.280,118,-0.28652,29.42005,0,0,0,,
33058,1322.320,118,-0.27992,29.26636,0,0,0,,
33059,1322.360,118,-0.30422,29.20857,0,0,0,,
33060,1322.400,118,-0.30445,29.04639,0,0,19,19.728,
33061,1322.440,118,-0.31921,28.96575,0,0,0,,
33062,1322.480,118,-0.31528,29.05394,0,0,0,,
33063,1322.520,118,-0.31706,28.86921,0,0,0,,
33064,1322.560,118,-0.30780,28.79948,0,0,0,,
33065,1322.600,118,-0.33099,28.70158,0,0,0,,
33066,1322.640,118,-0.31756,28.73445,0,0,0,,
33067,1322.680,118,-0.33405,28.59273,0,0,0,,
33068,1322.720,118,-0.33259,28.52514,0,0,0,,
33069,1322.760,118,-0.34679,28.35933,0,0,0,,
33070,1322.800,118,-0.34929,28.35529,0,0,0,,
33071,1322.840,118,-0.34166,28.18534,0,0,0,,
33072,1322.880,118,-0.33105,28.18985,0,0,0,,
33073,1322.920,118,-0.33127,28.17830,0,0,0,,
33074,1322.960,118,-0.36548,28.01678,0,0,0,,
33075,1323.000,118,-0.33427,27.99420,0,0,0,,
33076,1323.040,118,-0.36582,27.92106,0,265,0,36.982,
33077,1323.080,118,-0.36870,27.86089,0,0,0,,
33078,1323.120,118,-0.37128,27.70523,0,0,0,,
33079,1323.160,118,-0.38122,27.73993,0,0,0,,
33080,1323.200,118,-0.38497,27.54793,0,0,0,,
33081,1323.240,118,-0.39848,27.54718,0,0,0,,
33082,1323.280,118,-0.38771,27.42017,0,0,0,,
33083,1323.320,118,-0.38267,27.40221,0,0,0,,
33084,1323.360,118,-0.37936,27.37060,0,0,0,,
33085,1323.400,118,-0.37882,27.24638,0,0,0,,
33086,1323.440,118,-0.38093,27.22947,0,0,0,,
33087,1323.480,118,-0.38034,27.08251,0,0,0,,
33088,1323.520,118,-0.38505,27.06786,0,0,0,,
33089,1323.560,118,-0.38439,26.89105,0,0,0,,
33090,1323.600,118,-0.38640,26.89357,0,0,0,,
33091,1323.640,118,-0.38569,26.76746,0,0,0,,
33092,1323.680,118,-0.39887,26.73585,0,0,0,,
33093,1323.720,118,-0.41213,26.64293,0,0,0,,
33094,1323.760,118,-0.41250,26.57953,0,0,0,,
33095,1323.800,118,-0.41165,26.50562,0,0,0,,
33096,1323.840,118,-0.41078,26.44276,0,0,0,,
33097,1323.880,118,-0.40871,26.44154,0,0,0,,
33098,1323.920,118,-0.40780,26.30765,0,0,0,,
33099,1323.960,118,-0.41954,26.17819,0,0,0,,
33100,1324.000,118,-0.41822,26.13359,0,0,0,,
33101,1324.040,118,-0.43120,26.10440,0,0,0,,
33102,1324.080,118,-0.43917,25.98733,0,0,0,,
33103,1324.120,118,-0.43950,26.00601,0,0,0,,
33104,1324.160,118,-0.42130,25.84950,0,0,0,,
33105,1324.200,118,-0.41820,25.85770,0,0,0,,
33106,1324.240,118,-0.41966,25.68657,0,0,0,,
33111,1324.440,118,-0.46727,25.39020,0,0,0,,
33112,1324.480,118,-0.44568,25.27805,0,0,0,,
33113,1324.520,118,-0.46626,25.29359,0,0,0,,
33114,1324.560,118,-0.49341,25.12087,1,32,0,0.668,8.793
33115,1324.600,118,-0.47944,25.13039,1,32,0,0.710,8.793
33116,1324.640,118,-0.48295,25.04922,1,31,0,0.694,8.793
33117,1324.680,118,-0.47442,24.98833,1,32,0,0.711,8.793
33118,1324.720,118,-0.48624,24.91980,1,31,0,0.702,8.793
33119,1324.760,118,-0.48222,24.83979,1,33,0,0.697,8.793
33120,1324.800,118,-0.49451,24.75093,1,34,0,0.680,8.793
33121,1324.840,118,-0.49647,24.62823,1,34,0,0.668,8.793
33122,1324.880,118,-0.50368,24.61445,1,33,0,0.574,8.793
33123,1324.920,118,-0.50262,24.48304,1,34,0,0.585,8.793
33124,1324.960,118,-0.49337,24.46170,1,35,0,0.546,8.793
33125,1325.000,118,-0.49837,24.31461,1,36,0,0.582,8.793
33126,1325.040,118,-0.48954,24.31904,0,0,0,,
33127,1325.080,118,-0.52100,24.19503,0,0,0,,
33128,1325.120,118,-0.51827,24.14179,0,110,0,17.785,
33129,1325.160,118,-0.52563,24.05306,0,113,0,17.219,
33130,1325.200,118,-0.52282,24.05828,0,109,0,17.895,
33131,1325.240,118,-0.52902,23.94026,0,107,0,17.469,
33132,1325.280,118,-0.52707,23.92518,0,108,0,17.595,
33133,1325.320,118,-0.51590,23.80976,0,106,0,17.760,
33134,1325.360,118,-0.49140,23.78656,0,111,0,17.892,
33135,1325.400,118,-0.47682,23.66981,0,112,0,18.309,
33136,1325.440,118,-0.49817,23.54277,0,116,0,18.309,
33137,1325.480,118,-0.51339,23.56415,0,115,0,18.717,
33138,1325.520,118,-0.51356,23.41528,0,120,0,18.456,
33139,1325.560,118,-0.51393,23.38634,0,114,0,18.614,
33140,1325.600,118,-0.51833,23.30973,0,117,0,18.374,
33141,1325.640,118,-0.51534,23.28411,0,119,0,18.147,
33142,1325.680,118,-0.52216,23.16399,0,115,0,18.263,
33143,1325.720,118,-0.51996,23.08294,0,113,0,18.073,
33144,1325.760,118,-0.52670,23.04957,0,111,0,17.987,
33145,1325.800,118,-0.53314,23.00605,0,101,0,19.008,
33146,1325.840,118,-0.54046,22.95001,0,104,0,18.861,
33147,1325.880,118,-0.53735,22.86937,0,105,0,18.983,
33148,1325.920,118,-0.53422,22.82855,0,102,0,19.368,
33149,1325.960,118,-0.54253,22.72577,0,105,0,19.511,
33150,1326.000,118,-0.54014,22.66110,0,127,0,18.409,
33151,1326.040,118,-0.54006,22.54397,0,124,0,19.177,
33152,1326.080,118,-0.54206,22.54664,0,127,0,19.770,
33153,1326.120,118,-0.52128,22.47917,0,127,0,19.889,
33154,1326.160,118,-0.54279,22.34840,0,126,0,20.502,
33155,1326.200,118,-0.54501,22.30273,0,125,0,20.720,
33156,1326.240,118,-0.54739,22.24668,0,126,0,20.732,
33157,1326.280,118,-0.53995,22.19164,0,130,0,20.280,
33158,1326.320,118,-0.55021,22.12732,0,127,0,19.937,
33159,1326.360,118,-0.55362,22.04258,0,126,0,19.803,
33160,1326.400,118,-0.55964,21.97547,0,122,0,19.710,
33161,1326.440,118,-0.56957,21.87058,0,120,0,18.927,
33162,1326.480,118,-0.57404,21.86883,0,113,0,19.172,
33163,1326.520,118,-0.57370,21.75133,0,104,0,19.576,
33164,1326.560,118,-0.56857,21.73403,0,107,0,19.528,
33165,1326.600,118,-0.56767,21.65256,0,106,0,19.628,
33166,1326.640,118,-0.56567,21.57447,0,105,0,19.664,
33167,1326.680,118,-0.57138,21.49913,0,95,0,20.053,
33168,1326.720,118,-0.56821,21.41831,0,96,0,20.136,
33169,1326.760,118,-0.56537,21.38561,0,104,0,19.909,
33170,1326.800,118,-0.56641,21.28997,0,125,0,18.323,
33171,1326.840,118,-0.56618,21.26321,0,125,0,18.475,
33172,1326.880,118,-0.56661,21.21496,0,115,0,18.723,
33173,1326.920,118,-0.56953,21.15402,0,117,0,18.655,
33174,1326.960,118,-0.57620,21.10284,0,111,0,19.080,
33175,1327.000,118,-0.57986,20.99287,0,115,0,18.991,
33176,1327.040,118,-0.58121,20.98977,0,122,0,18.804,
33177,1327.080,118,-0.58921,20.89123,0,122,0,18.551,
33178,1327.120,118,-0.58335,20.81412,0,124,0,18.624,
33179,1327.160,118,-0.58921,20.71286,0,116,0,18.844,
33180,1327.200,118,-0.59436,20.66179,0,112,0,19.310,
33181,1327.240,118,-0.60636,20.61261,0,110,0,19.633,
33182,1327.280,118,-0.60257,20.56300,0,106,0,19.910,
33183,1327.320,118,-0.60726,20.46024,0,106,0,20.027,
33184,1327.360,118,-0.60345,20.45894,0,104,0,20.097,
33185,1327.400,118,-0.59821,20.33118,0,105,0,20.197,
33186,1327.440,118,-0.61834,20.28808,0,107,0,20.242,
33187,1327.480,118,-0.60634,20.28207,0,109,0,20.619,
33188,1327.520,118,-0.60880,20.16371,0,112,0,20.517,
33189,1327.560,118,-0.60548,20.12699,0,130,0,19.457,
33190,1327.600,118,-0.60801,20.05161,0,132,0,20.002,
33191,1327.640,118,-0.59659,19.99146,0,128,0,20.244,
33192,1327.680,118,-0.60220,19.94960,0,128,0,20.683,
33193,1327.720,118,-0.60917,19.89619,0,131,0,20.742,
33194,1327.760,118,-0.61021,19.79206,0,130,26,20.693,
33195,1327.800,118,-0.60833,19.75274,0,131,0,20.607,
33196,1327.840,118,-0.61179,19.66190,0,135,29,21.664,
33197,1327.880,118,-0.61938,19.56284,0,131,28,20.997,
33198,1327.920,118,-0.61530,19.54719,0,133,0,20.153,
33199,1327.960,118,-0.62330,19.46483,0,118,0,21.081,
33200,1328.000,118,-0.62971,19.41388,0,115,0,21.386,
33201,1328.040,118,-0.62443,19.31063,0,111,0,21.876,
33202,1328.080,118,-0.63426,19.26772,0,115,0,21.551,
33203,1328.120,118,-0.63802,19.22040,0,111,22,21.922,
33204,1328.160,118,-0.63382,19.16708,0,111,0,21.965,
33205,1328.200,118,-0.63174,19.07646,0,94,22,22.100,
33206,1328.240,118,-0.63587,19.02180,0,96,23,22.793,
33207,1328.280,118,-0.63037,18.98035,0,95,27,23.221,
33208,1328.320,118,-0.62887,18.92384,0,103,20,23.647,
33209,1328.360,118,-0.62737,18.83659,0,104,0,22.926,
33210,1328.400,118,-0.63228,18.78936,0,131,22,20.524,
33211,1328.440,118,-0.62848,18.73982,0,141,0,21.102,
33212,1328.480,118,-0.63097,18.64628,0,144,0,21.399,
33213,1328.520,118,-0.63344,18.56084,0,139,0,21.879,
33214,1328.560,118,-0.63245,18.56146,0,136,18,21.446,
33215,1328.600,118,-0.64254,18.46688,0,136,20,22.567,
33216,1328.640,118,-0.63812,18.42459,0,138,0,22.155,
33217,1328.680,118,-0.64521,18.37626,0,142,0,21.759,
33218,1328.720,118,-0.63996,18.28748,0,141,0,21.684,
33219,1328.760,118,-0.65025,18.24601,0,144,0,20.963,
33220,1328.800,118,-0.65169,18.16294,0,136,0,21.820,
33221,1328.840,118,-0.64766,18.10941,0,127,0,21.786,
33222,1328.880,118,-0.65507,18.04771,0,125,0,21.773,
33223,1328.920,118,-0.65969,17.95172,0,126,0,22.318,
33224,1328.960,118,-0.65945,17.95428,1,25,0,0.699,8.793
33225,1329.000,118,-0.66024,17.86853,1,24,0,0.688,8.793
33226,1329.040,118,-0.66157,17.78647,0,104,20,24.306,
33227,1329.080,118,-0.65742,17.77135,0,101,21,23.438,
33228,1329.120,118,-0.65370,17.68408,0,109,0,23.094,
33229,1329.160,118,-0.65690,17.66013,0,104,25,24.789,
33230,1329.200,118,-0.65224,17.60762,0,107,20,24.139,
33231,1329.240,118,-0.65220,17.51887,0,149,0,21.091,
33232,1329.280,118,-0.65932,17.46119,0,143,0,21.318,
33233,1329.320,118,-0.66503,17.39368,0,140,0,22.299,
33234,1329.360,118,-0.68200,17.34832,0,136,0,23.101,
33235,1329.400,118,-0.68493,17.29355,0,135,21,22.959,
33236,1329.440,118,-0.68055,17.20063,0,149,21,23.621,
33237,1329.480,118,-0.68241,17.13933,0,161,0,22.505,
33238,1329.520,118,-0.67802,17.12489,0,161,0,22.717,
33239,1329.560,118,-0.68080,17.05039,0,154,0,23.231,
33240,1329.600,118,-0.68282,16.96388,0,148,0,23.610,
33241,1329.640,118,-0.67180,16.93627,0,0,0,,
33242,1329.680,118,-0.67491,16.85640,0,0,0,,
33243,1329.720,118,-0.67043,16.81338,0,0,0,,
33244,1329.760,118,-0.68059,16.74423,0,0,0,,
33245,1329.800,118,-0.67439,16.72571,0,0,0,,
33246,1329.840,118,-0.67499,16.67012,1,24,66,0.707,13.036
33247,1329.880,118,-0.67354,16.58575,0,0,0,,
33248,1329.920,118,-0.67233,16.51738,0,0,0,,
33249,1329.960,118,-0.67475,16.43293,0,0,0,,
33250,1330.000,118,-0.67424,16.38933,0,0,0,,
33251,1330.040,118,-0.66967,16.35229,0,0,0,,
33252,1330.080,118,-0.66564,16.27365,0,0,0,,
33253,1330.120,118,-0.66558,16.22640,0,0,0,,
33254,1330.160,118,-0.67412,16.20048,0,0,0,,
33255,1330.200,118,-0.67416,16.12575,0,0,0,,
33256,1330.240,118,-0.66635,16.04971,0,0,0,,
33257,1330.280,118,-0.67220,15.99634,0,0,0,,
33258,1330.320,118,-0.67433,15.95618,0,0,0,,
33259,1330.360,118,-0.67005,15.97165,1,27,51,0.730,15.997
33260,1330.400,118,-0.68630,15.90586,1,26,65,0.757,15.501
33261,1330.440,118,-0.67807,15.85732,1,28,64,0.842,17.100
33262,1330.480,118,-0.68271,15.80373,1,28,61,0.842,16.460
33263,1330.520,118,-0.68445,15.74767,1,29,51,0.811,16.337
33264,1330.560,118,-0.68241,15.66984,1,25,53,0.873,14.234
33265,1330.600,118,-0.68634,15.62149,1,30,47,0.746,15.953
33266,1330.640,118,-0.68844,15.55600,1,30,53,0.900,14.246
33267,1330.680,118,-0.68470,15.53321,1,29,60,0.709,18.167
33268,1330.720,118,-0.68580,15.46176,1,30,44,0.821,14.433
33269,1330.760,118,-0.68253,15.42207,1,30,51,0.662,15.819
33270,1330.800,118,-0.68293,15.33911,1,31,50,0.899,13.775
33271,1330.840,118,-0.68360,15.31732,1,31,44,0.804,14.324
33272,1330.880,118,-0.68776,15.26635,1,31,35,0.728,17.552
33273,1330.920,118,-0.68697,15.19964,1,31,41,0.868,15.200
33274,1330.960,118,-0.68275,15.13830,1,32,40,0.793,15.291
33275,1331.000,118,-0.68674,15.07581,1,30,38,0.798,15.030
33276,1331.040,118,-0.68651,14.99582,1,32,27,0.804,9.191
33277,1331.080,118,-0.68269,14.98415,1,32,49,0.729,16.436
33278,1331.120,118,-0.68660,14.91461,1,33,42,0.934,13.210
33279,1331.160,118,-0.68789,14.86446,1,31,37,0.812,13.876
33280,1331.200,118,-0.68345,14.78384,1,31,50,0.847,12.309
33281,1331.240,118,-0.68676,14.72862,1,31,50,0.814,11.669
33282,1331.280,118,-0.68151,14.71270,1,32,58,0.718,16.945
33283,1331.320,118,-0.68127,14.63477,1,31,48,0.852,14.319
33284,1331.360,118,-0.67987,14.58037,1,31,51,0.756,15.094
33285,1331.400,118,-0.68115,14.50204,1,31,55,0.899,11.865
33286,1331.440,118,-0.68199,14.45080,1,29,54,0.888,11.945
33287,1331.480,118,-0.68366,14.42650,1,32,54,0.865,14.541
33288,1331.520,118,-0.67732,14.36472,1,30,49,0.762,14.576
33289,1331.560,118,-0.67762,14.28276,1,31,57,1.001,11.666
33290,1331.600,118,-0.68290,14.22298,1,32,60,0.887,10.543
33291,1331.640,118,-0.68304,14.15319,1,31,61,0.947,11.509
33292,1331.680,118,-0.68465,14.11895,1,34,58,1.009,10.643
33293,1331.720,118,-0.67965,14.05593,1,37,57,1.023,9.807
33294,1331.760,118,-0.67403,14.03287,1,35,54,0.890,11.030
33295,1331.800,118,-0.68398,13.94380,1,35,59,0.845,10.524
33296,1331.840,118,-0.68234,13.89430,1,33,55,0.785,10.151
33297,1331.880,118,-0.68262,13.83163,1,34,60,0.835,11.364
33298,1331.920,118,-0.68408,13.78875,1,32,53,0.755,9.982
33299,1331.960,118,-0.68367,13.74516,1,33,59,0.760,9.637
33300,1332.000,118,-0.67708,13.68613,1,33,61,0.720,10.594
33301,1332.040,118,-0.64100,13.59399,1,45,42,1.954,8.645
33302,1332.080,118,-0.67096,13.57363,1,33,59,0.580,10.194
33303,1332.120,118,-0.67451,13.53089,1,35,57,0.518,9.092
33304,1332.160,118,-0.67294,13.47553,1,35,72,0.617,8.972
33305,1332.200,118,-0.67475,13.43488,1,34,61,0.905,10.558
33306,1332.240,118,-0.68355,13.38972,1,35,58,1.083,10.955
33307,1332.280,118,-0.68011,13.32083,1,33,60,0.906,10.147
33308,1332.320,118,-0.68702,13.28647,1,41,61,1.273,10.742
33309,1332.360,118,-0.67048,13.21757,1,37,63,1.093,10.087
33310,1332.400,118,-0.67228,13.14683,1,42,72,0.921,9.328
33311,1332.440,118,-0.67012,13.07016,1,51,72,1.445,9.593
33312,1332.480,118,-0.66729,13.01232,1,53,72,1.486,8.912
33313,1332.520,118,-0.66852,12.96978,1,52,70,1.351,9.739
33314,1332.560,118,-0.66687,12.96014,1,41,61,1.245,11.262
33315,1332.600,118,-0.66974,12.86098,1,53,63,1.425,8.480
33316,1332.640,118,-0.66536,12.82125,1,51,72,1.404,9.310
33317,1332.680,118,-0.66226,12.83014,1,39,66,1.598,12.688
33318,1332.720,118,-0.66339,12.77786,1,42,70,1.560,13.066
33319,1332.760,118,-0.66673,12.72227,1,42,63,1.515,12.412
33320,1332.800,118,-0.66421,12.69004,1,43,68,1.593,12.946
33321,1332.840,118,-0.66355,12.61707,1,44,64,1.620,12.103
33322,1332.880,118,-0.66731,12.51863,1,56,52,1.611,9.961
33323,1332.920,118,-0.66421,12.47781,1,47,53,1.636,9.226
33324,1332.960,118,-0.66404,12.49916,1,44,60,1.184,14.398
33325,1333.000,118,-0.66020,12.36268,1,62,53,1.808,9.909
33326,1333.040,118,-0.67376,12.42160,1,42,55,1.366,16.162
33327,1333.080,118,-0.67514,12.36563,1,45,63,1.364,14.217
33328,1333.120,118,-0.67201,12.30812,1,45,61,1.410,13.391
33329,1333.160,118,-0.67018,12.26192,1,49,60,1.517,13.696
33330,1333.200,118,-0.66693,12.22543,1,43,62,1.064,14.665
33331,1333.240,118,-0.66071,12.16774,1,42,68,1.180,14.203
33332,1333.280,118,-0.66112,12.11578,1,40,66,1.176,13.597
33333,1333.320,118,-0.65710,12.08719,1,41,67,1.101,15.283
33334,1333.360,118,-0.67060,12.02163,1,0,36,0.708,12.636
33335,1333.400,118,-0.66097,11.97777,1,34,71,1.094,14.088
33336,1333.440,118,-0.64905,11.91239,1,36,70,1.306,13.741
33337,1333.480,118,-0.62439,11.88086,1,0,71,0.990,14.118
33338,1333.520,118,-0.64382,11.73174,1,56,53,2.406,12.298
33339,1333.560,118,-0.65462,11.77651,1,35,72,1.148,13.679
33340,1333.600,118,-0.65449,11.73861,1,36,72,1.146,13.350
33341,1333.640,118,-0.65259,11.67101,1,36,72,1.279,13.703
33342,1333.680,118,-0.64650,11.56523,1,54,67,2.016,11.364
33343,1333.720,118,-0.65269,11.58106,1,36,72,1.122,13.161
33344,1333.760,118,-0.66102,11.51899,1,42,72,1.435,13.084
33345,1333.800,118,-0.66058,11.48252,1,39,72,1.328,12.870
33346,1333.840,118,-0.64977,11.42884,1,38,72,1.029,12.954
33347,1333.880,118,-0.63625,11.31766,1,53,72,1.839,10.450
33348,1333.920,118,-0.62438,11.28498,1,41,72,1.753,10.878
33349,1333.960,118,-0.62145,11.22207,1,54,72,1.954,10.793
33350,1334.000,118,-0.64407,11.21802,1,39,72,0.839,11.354
33351,1334.040,118,-0.64518,11.17984,1,40,72,0.819,11.149
33352,1334.080,118,-0.64396,11.13330,1,37,72,0.624,10.779
33353,1334.120,118,-0.64377,11.08006,1,40,72,0.745,11.018
33354,1334.160,118,-0.62101,10.99660,1,57,61,1.984,11.133
33355,1334.200,118,-0.62242,10.94615,1,54,54,2.150,12.155
33356,1334.240,118,-0.64871,10.95267,1,46,72,1.449,12.241
33357,1334.280,118,-0.64091,10.92329,1,38,72,1.032,12.233
33358,1334.320,118,-0.63792,10.87158,1,38,72,1.098,12.280
33359,1334.360,118,-0.63978,10.83625,1,34,72,1.078,12.656
33360,1334.400,118,-0.60668,10.71481,1,62,53,2.410,11.391
33361,1334.440,118,-0.63622,10.73373,1,46,72,1.438,13.123
33362,1334.480,118,-0.64735,10.70023,1,41,72,1.479,13.192
33363,1334.520,118,-0.63532,10.66207,1,40,72,1.239,13.481
33364,1334.560,118,-0.64688,10.62131,1,40,72,1.426,13.260
33365,1334.600,118,-0.63671,10.58506,1,35,72,1.149,14.265
33366,1334.640,118,-0.60729,10.48732,1,47,72,2.227,13.037
33367,1334.680,118,-0.63048,10.43345,0,0,18,3.706,
33368,1334.720,118,-0.61631,10.42540,1,0,72,1.133,12.135
33369,1334.760,118,-0.62699,10.34820,0,36,0,0.641,
33370,1334.800,118,-0.62390,10.29892,0,37,0,0.615,
33372,1334.880,118,-0.61024,10.24123,1,0,72,0.967,11.442
33373,1334.920,118,-0.61003,10.18384,1,48,72,1.369,10.685
33374,1334.960,118,-0.62297,10.12477,1,49,72,1.402,10.349
33375,1335.000,118,-0.63991,10.14580,1,42,69,1.305,13.374
33376,1335.040,118,-0.61697,10.08418,1,35,68,1.101,11.198
33377,1335.080,118,-0.62175,10.04868,1,40,64,1.270,13.390
33378,1335.120,118,-0.61530,10.00165,1,44,65,1.325,13.357
33379,1335.160,118,-0.61462,9.93507,1,40,65,1.015,10.404
33380,1335.200,118,-0.60879,9.88603,1,45,61,1.100,9.633
33381,1335.240,118,-0.60989,9.87968,1,43,64,1.243,13.439
33382,1335.280,118,-0.62278,9.80751,1,51,72,1.301,10.179
33383,1335.320,118,-0.62274,9.79246,1,44,72,1.425,12.830
33384,1335.360,118,-0.60696,9.73686,1,46,69,1.324,12.352
33385,1335.400,118,-0.60482,9.66927,1,43,72,0.987,9.880
33386,1335.440,118,-0.60720,9.62112,1,42,72,0.856,9.325
33387,1335.480,118,-0.60089,9.61552,1,44,68,1.408,12.873
33388,1335.520,118,-0.60218,9.55585,1,43,72,1.313,11.260
33389,1335.560,118,-0.60277,9.51251,1,44,72,1.259,11.035
33390,1335.600,118,-0.60155,9.45882,1,41,72,1.107,10.155
33391,1335.640,118,-0.60175,9.41566,1,44,72,0.890,10.751
33392,1335.680,118,-0.57099,9.29881,1,74,42,2.901,13.090
33393,1335.720,118,-0.59872,9.32688,1,48,72,1.179,9.975
33394,1335.760,118,-0.59719,9.29064,1,45,72,0.942,9.712
33395,1335.800,118,-0.59584,9.25347,1,40,72,1.161,10.423
33396,1335.840,118,-0.59432,9.21865,1,40,72,1.225,10.941
33397,1335.880,118,-0.55953,9.10800,1,74,55,2.724,10.582
33398,1335.920,118,-0.56687,9.06887,1,69,57,2.650,10.362
33399,1335.960,118,-0.59058,9.07675,1,47,72,1.117,10.259
33400,1336.000,118,-0.58945,9.04758,1,42,72,0.957,9.787
33401,1336.040,118,-0.58547,9.00602,1,42,72,1.060,10.118
33402,1336.080,118,-0.58659,8.96785,1,39,72,1.064,9.658
33403,1336.120,118,-0.58599,8.91715,1,44,67,0.740,10.194
33404,1336.160,118,-0.55468,8.83842,1,71,72,2.428,9.505
33405,1336.200,118,-0.57441,8.74033,1,64,40,2.466,17.581
33406,1336.240,118,-0.58216,8.80165,1,43,66,0.775,9.985
33407,1336.280,118,-0.58085,8.76792,1,47,62,1.016,9.760
33408,1336.320,118,-0.58048,8.71977,1,46,65,0.784,9.845
33409,1336.360,118,-0.57511,8.65946,0,424,0,82.128,
33410,1336.400,118,-0.58349,8.59468,0,479,0,94.654,
33411,1336.440,118,-0.57863,8.59889,1,0,65,0.555,9.772
33412,1336.480,118,-0.57607,8.56467,1,0,69,0.736,9.837
33413,1336.520,118,-0.56600,8.46707,0,21,0,1.177,
33414,1336.560,118,-0.57659,8.49129,1,0,72,0.933,8.761
33416,1336.640,118,-0.57088,8.38983,0,496,0,96.535,
33417,1336.680,118,-0.56217,8.34844,0,16,25,9.588,
33419,1336.760,118,-0.56813,8.26454,0,14,26,21.844,
33420,1336.800,118,-0.57507,8.22832,0,448,0,95.204,
33421,1336.840,118,-0.56659,8.19821,0,283,0,54.937,
33424,1336.960,118,-0.55423,8.05854,0,393,0,71.379,
33425,1337.000,118,-0.55680,7.97401,0,307,0,59.953,
34160,1366.400,131,-0.10131,33.34525,1,23,0,0.345,8.793
34161,1366.440,131,-0.10125,33.29397,0,174,0,33.449,
34162,1366.480,131,-0.10344,33.17799,0,182,0,31.497,
34163,1366.520,131,-0.10071,33.11809,0,213,0,30.721,
34164,1366.560,131,-0.10298,33.11196,0,239,0,29.339,
34165,1366.600,131,-0.11478,32.92592,0,191,0,33.075,
34166,1366.640,131,-0.11587,32.95276,0,209,0,30.830,
34167,1366.680,131,-0.11075,32.88333,0,173,0,33.881,
34168,1366.720,131,-0.12124,32.73266,0,184,0,32.631,
34169,1366.760,131,-0.11763,32.64132,0,239,0,32.944,
34170,1366.800,131,-0.14096,32.69653,0,302,0,28.041,
34171,1366.840,131,-0.13107,32.50808,0,316,0,30.176,
34172,1366.880,131,-0.13287,32.28514,0,298,0,27.969,
34173,1366.920,131,-0.15416,32.27111,0,238,0,29.367,
34174,1366.960,131,-0.14322,32.30281,0,259,0,28.170,
34175,1367.000,131,-0.15276,32.06560,0,281,0,28.799,
34176,1367.040,131,-0.14379,32.10350,0,230,0,29.798,
34177,1367.080,131,-0.14792,32.07662,0,235,0,29.670,
34178,1367.120,131,-0.15545,32.08280,0,231,0,30.002,
34179,1367.160,131,-0.15945,31.90761,0,1069,0,67.607,
34180,1367.200,131,-0.16507,31.85853,0,979,0,77.147,
34181,1367.240,131,-0.16658,31.69733,0,253,0,28.945,
34182,1367.280,131,-0.17785,31.65764,0,237,0,29.328,
34183,1367.320,131,-0.18333,31.50000,0,208,0,28.918,
34184,1367.360,131,-0.18352,31.43577,0,188,0,28.054,
34185,1367.400,131,-0.19131,31.48669,0,256,0,29.636,
34186,1367.440,131,-0.18958,31.32044,0,239,0,29.266,
34187,1367.480,131,-0.19087,31.25954,0,234,0,29.450,
34188,1367.520,131,-0.19670,31.05780,0,205,0,28.549,
34189,1367.560,131,-0.19470,31.08388,0,245,0,31.613,
34190,1367.600,131,-0.20176,30.88873,0,242,0,29.567,
34191,1367.640,131,-0.20434,30.71649,0,216,0,31.191,
34192,1367.680,131,-0.20352,30.69145,0,242,0,29.463,
34193,1367.720,131,-0.21085,30.68121,0,224,0,30.985,
34194,1367.760,131,-0.21314,30.58294,0,239,0,30.289,
34195,1367.800,131,-0.23195,30.48740,0,250,0,31.602,
34196,1367.840,131,-0.22268,30.52580,0,220,0,27.941,
34197,1367.880,131,-0.22291,30.49562,0,24,0,1.361,
34198,1367.920,131,-0.24005,30.29826,0,24,0,1.492,
34199,1367.960,131,-0.22979,30.29631,0,26,0,1.580,
34200,1368.000,131,-0.22605,30.30889,0,202,0,27.059,
34201,1368.040,131,-0.22473,30.11042,0,261,0,28.433,
34202,1368.080,131,-0.24757,30.07187,0,27,0,1.651,
34203,1368.120,131,-0.24827,29.94421,0,30,0,1.830,
34204,1368.160,131,-0.24266,29.98041,0,29,0,1.762,
34205,1368.200,131,-0.24507,29.81152,0,280,0,28.549,
34206,1368.240,131,-0.24501,29.75465,0,30,0,1.864,
34207,1368.280,131,-0.25992,29.60831,0,288,0,28.204,
34208,1368.320,131,-0.25792,29.60344,0,235,0,25.351,
34209,1368.360,131,-0.26387,29.50745,0,285,0,28.074,
34210,1368.400,131,-0.26832,29.38196,0,280,0,28.019,
34211,1368.440,131,-0.26543,29.33203,0,286,0,27.330,
34212,1368.480,131,-0.27663,29.25566,0,291,0,24.640,
34213,1368.520,131,-0.27700,29.20153,0,279,0,28.112,
34214,1368.560,131,-0.27731,29.02385,0,289,0,28.008,
34215,1368.600,131,-0.27624,29.04761,0,278,0,28.687,
34216,1368.640,131,-0.28937,28.89269,0,240,0,26.727,
34217,1368.680,131,-0.28849,28.90592,0,273,0,28.977,
34218,1368.720,131,-0.28649,28.86136,0,299,0,27.141,
34219,1368.760,131,-0.29279,28.68281,0,296,0,27.933,
34220,1368.800,131,-0.29416,28.69917,0,268,0,28.136,
34221,1368.840,131,-0.29785,28.51606,0,267,0,29.193,
34222,1368.880,131,-0.29940,28.55210,1,30,0,0.770,19.685
34223,1368.920,131,-0.31859,28.39113,0,271,0,27.616,
34224,1368.960,131,-0.30610,28.35414,0,26,0,1.549,
34225,1369.000,131,-0.32095,28.17849,0,25,0,1.482,
34226,1369.040,131,-0.31236,28.17411,0,26,0,1.518,
34227,1369.080,131,-0.32051,28.17810,0,27,0,1.578,
34228,1369.120,131,-0.32553,28.00683,0,29,0,1.577,
34229,1369.160,131,-0.32386,27.99781,0,15,0,0.793,
34230,1369.200,131,-0.32285,27.88675,0,26,0,1.476,
34231,1369.240,131,-0.33368,27.82144,0,26,0,1.539,
34232,1369.280,131,-0.33065,27.72274,0,25,0,1.426,
34233,1369.320,131,-0.33730,27.73456,0,28,0,1.559,
34234,1369.360,131,-0.34061,27.57597,0,286,0,29.247,
34235,1369.400,131,-0.33038,27.52408,0,287,0,29.230,
34236,1369.440,131,-0.34371,27.36400,0,258,0,27.076,
34237,1369.480,131,-0.35709,27.41220,0,295,0,29.272,
34238,1369.520,131,-0.36016,27.20837,0,284,0,29.093,
34239,1369.560,131,-0.36591,27.14756,0,0,0,,
34240,1369.600,131,-0.35521,27.04985,0,299,0,28.839,
34241,1369.640,131,-0.35585,27.07809,0,0,0,,
34242,1369.680,131,-0.35689,26.91756,1,29,0,0.822,8.793
34243,1369.720,131,-0.35797,26.88067,1,30,0,0.788,17.258
34244,1369.760,131,-0.36661,26.83339,1,29,0,0.765,104.547
34245,1369.800,131,-0.36837,26.73411,1,29,0,0.816,12.556
34246,1369.840,131,-0.35832,26.72773,1,31,0,0.867,12.592
34247,1369.880,131,-0.36746,26.55561,1,28,0,0.734,15.718
34248,1369.920,131,-0.35781,26.52548,1,29,24,0.759,25.477
34249,1369.960,131,-0.38295,26.41837,1,29,35,0.621,14.445
34250,1370.000,131,-0.35677,26.36485,1,29,0,0.888,8.793
34251,1370.040,131,-0.38964,26.31939,1,29,0,0.742,10.409
34252,1370.080,131,-0.38173,26.22699,1,29,0,0.837,8.793
34253,1370.120,131,-0.39030,26.18364,1,29,0,0.485,8.793
34254,1370.160,131,-0.39458,26.10595,1,30,0,0.868,12.721
34255,1370.200,131,-0.39542,25.96294,1,28,0,0.798,8.793
34256,1370.240,131,-0.39806,25.83721,1,30,45,0.664,11.273
34257,1370.280,131,-0.40549,25.87020,1,29,49,0.562,10.424
34258,1370.320,131,-0.41052,25.80918,1,28,0,0.695,15.584
34259,1370.360,131,-0.41113,25.69003,1,31,0,0.687,14.637
34260,1370.400,131,-0.40416,25.66481,1,30,0,0.703,19.195
34261,1370.440,131,-0.41294,25.54453,1,30,0,0.770,59.517
34262,1370.480,131,-0.42123,25.58521,1,31,0,0.877,8.793
34263,1370.520,131,-0.42476,25.39295,1,32,0,0.814,38.137
34264,1370.560,131,-0.41995,25.41669,0,0,0,,
34265,1370.600,131,-0.42537,25.30145,0,77,19,20.494,
34266,1370.640,131,-0.42805,25.22191,0,0,0,,
34267,1370.680,131,-0.45066,25.12456,0,0,0,,
34268,1370.720,131,-0.44819,25.05581,0,0,0,,
34269,1370.760,131,-0.44509,24.99047,0,0,0,,
34270,1370.800,131,-0.44446,25.01482,0,0,0,,
34271,1370.840,131,-0.44405,24.83508,0,0,0,,
34272,1370.880,131,-0.44151,24.78978,0,0,0,,
34273,1370.920,131,-0.45210,24.72104,0,0,0,,
34274,1370.960,131,-0.44791,24.65763,0,0,0,,
34275,1371.000,131,-0.45799,24.57629,0,0,0,,
34276,1371.040,131,-0.45344,24.50989,0,0,0,,
34277,1371.080,131,-0.45459,24.40710,0,0,0,,
34278,1371.120,131,-0.45466,24.42597,0,0,0,,
34279,1371.160,131,-0.46336,24.29536,0,0,0,,
34280,1371.200,131,-0.46226,24.26851,0,0,0,,
34281,1371.240,131,-0.46052,24.13572,0,0,0,,
34282,1371.280,131,-0.46206,24.08161,0,0,0,,
34283,1371.320,131,-0.46987,24.06903,0,0,0,,
34284,1371.360,131,-0.46982,23.91707,0,0,0,,
34285,1371.400,131,-0.46249,23.93514,0,0,0,,
34286,1371.440,131,-0.45967,23.86569,0,0,0,,
34287,1371.480,131,-0.46701,23.80498,0,0,0,,
34288,1371.520,131,-0.45925,23.65746,0,0,0,,
34289,1371.560,131,-0.46794,23.69297,0,0,0,,
34290,1371.600,131,-0.47597,23.53109,0,0,0,,
34291,1371.640,131,-0.48133,23.49250,0,0,0,,
34292,1371.680,131,-0.48025,23.40513,0,0,0,,
34293,1371.720,131,-0.47820,23.30300,0,0,0,,
34294,1371.760,131,-0.46529,23.30018,0,0,0,,
34295,1371.800,131,-0.48318,23.16822,0,0,0,,
34296,1371.840,131,-0.47028,23.17462,0,0,0,,
34297,1371.880,131,-0.47010,23.02150,0,0,0,,
34298,1371.920,131,-0.47805,23.00975,0,0,0,,
34299,1371.960,131,-0.47095,22.95391,0,0,0,,
34300,1372.000,131,-0.47813,22.93194,0,0,0,,
34301,1372.040,131,-0.48880,22.79382,0,0,0,,
34302,1372.080,131,-0.48566,22.78361,0,0,0,,
34303,1372.120,131,-0.49225,22.67588,0,0,0,,
34304,1372.160,131,-0.48907,22.64241,0,0,0,,
34305,1372.200,131,-0.49557,22.55244,0,0,0,,
34306,1372.240,131,-0.49321,22.45398,0,0,0,,
34307,1372.280,131,-0.49164,22.45648,0,0,0,,
34308,1372.320,131,-0.49800,22.33616,0,0,0,,
34309,1372.360,131,-0.49387,22.32562,0,0,0,,
34310,1372.400,131,-0.50885,22.20499,0,0,0,,
34311,1372.440,131,-0.50871,22.20532,0,0,0,,
34312,1372.480,131,-0.50314,22.08134,0,0,0,,
34313,1372.520,131,-0.51304,21.97110,0,0,0,,
34314,1372.560,131,-0.50884,21.97157,0,0,0,,
34315,1372.600,131,-0.51177,21.86120,0,0,0,,
34316,1372.640,131,-0.51361,21.85966,0,0,0,,
34317,1372.680,131,-0.51100,21.77627,0,0,0,,
34318,1372.720,131,-0.52547,21.63158,0,0,0,,
34319,1372.760,131,-0.52178,21.64197,0,0,0,,
34320,1372.800,131,-0.51907,21.51628,0,0,0,,
34321,1372.840,131,-0.52299,21.51431,0,0,0,,
34322,1372.880,131,-0.52024,21.42423,0,0,0,,
34323,1372.920,131,-0.52146,21.31025,0,0,0,,
34324,1372.960,131,-0.52551,21.30098,0,0,0,,
34325,1373.000,131,-0.52269,21.19461,0,0,0,,
34326,1373.040,131,-0.52232,21.19862,0,0,0,,
34327,1373.080,131,-0.52785,21.09424,0,0,0,,
34328,1373.120,131,-0.53330,20.97853,0,0,0,,
34329,1373.160,131,-0.52813,20.99970,0,0,0,,
34330,1373.200,131,-0.53850,20.89970,0,0,0,,
34331,1373.240,131,-0.54221,20.81876,0,0,0,,
34332,1373.280,131,-0.55921,20.74041,1,39,0,0.864,8.793
34333,1373.320,131,-0.54123,20.67686,1,36,0,0.799,8.793
34334,1373.360,131,-0.55703,20.66449,1,39,0,0.844,19.177
34335,1373.400,131,-0.55439,20.58184,1,36,0,0.861,8.793
34336,1373.440,131,-0.55331,20.48321,1,38,0,0.914,11.916
34337,1373.480,131,-0.55655,20.46645,1,38,0,0.712,8.793
34338,1373.520,131,-0.55569,20.36507,1,38,0,0.781,8.793
34339,1373.560,131,-0.55331,20.34729,1,38,0,0.822,8.793
34340,1373.600,131,-0.56535,20.24522,1,37,0,0.770,8.793
34341,1373.640,131,-0.55760,20.16855,1,37,0,0.776,8.793
34342,1373.680,131,-0.56674,20.10779,1,37,0,0.804,8.793
34343,1373.720,131,-0.55861,20.04434,1,40,0,0.800,8.793
34344,1373.760,131,-0.56330,19.97438,1,38,0,0.772,7.204
34345,1373.800,131,-0.56418,19.97893,1,39,0,0.776,8.793
34346,1373.840,131,-0.56470,19.90067,1,38,0,0.786,8.793
34347,1373.880,131,-0.56498,19.83539,1,37,0,0.810,8.793
34348,1373.920,131,-0.56554,19.78898,1,40,0,0.794,8.793
34349,1373.960,131,-0.56715,19.67704,1,38,46,0.635,9.550
34350,1374.000,131,-0.56854,19.63018,1,39,0,0.842,8.793
34351,1374.040,131,-0.56798,19.56081,1,39,44,0.676,9.484
34352,1374.080,131,-0.56916,19.50129,1,40,36,0.650,12.526
34353,1374.120,131,-0.56909,19.43402,1,21,33,0.583,10.782
34354,1374.160,131,-0.57490,19.38060,1,21,40,0.543,9.327
34355,1374.200,131,-0.57592,19.32195,1,21,43,0.562,10.785
34356,1374.240,131,-0.57718,19.29630,1,22,0,0.735,8.793
34357,1374.280,131,-0.57275,19.23916,1,23,0,0.825,8.793
34358,1374.320,131,-0.57775,19.13733,1,22,40,0.506,10.721
34359,1374.360,131,-0.58180,19.07089,1,23,37,0.627,12.114
34360,1374.400,131,-0.57682,19.04541,1,23,0,0.795,8.793
34361,1374.440,131,-0.58107,18.94436,1,24,31,0.637,11.514
34362,1374.480,131,-0.58048,18.91708,1,23,0,0.906,13.247
34363,1374.520,131,-0.57950,18.86239,1,23,0,0.757,11.894
34364,1374.560,131,-0.58206,18.77526,1,24,21,0.645,9.083
34365,1374.600,131,-0.58389,18.70867,1,25,31,0.712,11.784
34366,1374.640,131,-0.58212,18.64537,1,26,43,0.693,13.872
34367,1374.680,131,-0.58609,18.61355,1,25,0,0.717,15.238
34368,1374.720,131,-0.58420,18.55095,1,25,0,0.904,17.333
34369,1374.760,131,-0.58253,18.51322,1,25,0,0.868,8.793
34370,1374.800,131,-0.58993,18.38372,1,26,38,0.648,12.733
34371,1374.840,131,-0.59003,18.28893,1,25,46,0.797,10.179
34372,1374.880,131,-0.58906,18.28293,1,26,42,0.694,13.690
34373,1374.920,131,-0.59282,18.25957,1,27,0,0.925,8.793
34374,1374.960,131,-0.59351,18.19879,1,25,0,0.894,8.793
34375,1375.000,131,-0.58656,18.12324,1,27,0,0.906,12.247
34376,1375.040,131,-0.58668,18.05486,1,27,0,0.877,12.861
34377,1375.080,131,-0.59449,18.00619,1,26,0,0.882,8.793
34378,1375.120,131,-0.58359,17.95531,1,27,0,0.846,8.793
34379,1375.160,131,-0.59280,17.90801,1,28,0,0.823,13.345
34380,1375.200,131,-0.59140,17.83275,1,27,0,0.888,15.874
34381,1375.240,131,-0.59088,17.79485,1,28,0,0.917,8.793
34382,1375.280,131,-0.59287,17.72057,1,29,0,0.814,8.793
34383,1375.320,131,-0.59547,17.66857,1,27,0,0.759,8.793
34384,1375.360,131,-0.59197,17.60603,1,28,0,0.909,8.793
34385,1375.400,131,-0.59267,17.50925,1,29,26,0.788,12.322
34386,1375.440,131,-0.59413,17.45499,1,27,27,0.799,13.148
34387,1375.480,131,-0.59493,17.42791,1,28,0,0.924,8.793
34388,1375.520,131,-0.59573,17.33223,1,29,21,0.778,12.155
34389,1375.560,131,-0.59425,17.26695,1,28,22,0.806,11.931
34390,1375.600,131,-0.59288,17.24263,1,29,27,0.744,14.236
34391,1375.640,131,-0.59578,17.17556,1,28,35,0.784,14.712
34392,1375.680,131,-0.60057,17.11868,1,28,30,0.800,13.413
34393,1375.720,131,-0.59975,17.05250,1,28,0,0.956,8.793
34394,1375.760,131,-0.59774,17.00106,1,29,30,0.744,12.948
34395,1375.800,131,-0.60005,16.90970,1,29,40,0.750,13.066
34396,1375.840,131,-0.60115,16.85368,1,29,33,0.794,12.606
34397,1375.880,131,-0.59068,16.83606,1,29,47,0.706,16.279
34398,1375.920,131,-0.59345,16.77473,1,28,26,0.743,12.610
34399,1375.960,131,-0.60248,16.69945,1,28,42,0.692,13.584
34400,1376.000,131,-0.59731,16.65088,1,27,30,0.703,12.829
34401,1376.040,131,-0.59871,16.58187,1,28,36,0.749,12.361
34402,1376.080,131,-0.59492,16.55731,1,28,34,0.715,12.669
34403,1376.120,131,-0.59802,16.46087,1,28,52,0.773,15.477
34404,1376.160,131,-0.59350,16.41279,1,29,41,0.580,13.796
34405,1376.200,131,-0.59908,16.34381,1,29,47,0.660,14.811
34406,1376.240,131,-0.60492,16.29701,1,28,50,0.660,17.265
34407,1376.280,131,-0.60217,16.23704,1,28,57,0.703,15.549
34408,1376.320,131,-0.60243,16.17956,1,27,49,0.796,14.453
34409,1376.360,131,-0.60208,16.11901,1,28,51,0.788,15.603
34410,1376.400,131,-0.60133,16.05035,1,28,56,0.849,15.217
34411,1376.440,131,-0.60685,16.01049,1,27,48,0.654,17.002
34412,1376.480,131,-0.60128,15.95125,1,27,50,0.770,14.274
34413,1376.520,131,-0.60663,15.89942,1,28,65,0.709,16.433
34414,1376.560,131,-0.60626,15.83188,1,27,53,0.748,16.981
34415,1376.600,131,-0.60563,15.77809,1,28,54,0.708,16.267
34416,1376.640,131,-0.60610,15.71561,1,26,56,0.676,17.044
34417,1376.680,131,-0.60263,15.66289,1,26,62,0.787,15.963
34418,1376.720,131,-0.60227,15.61751,1,25,53,0.613,17.796
34419,1376.760,131,-0.59750,15.53445,1,24,70,0.839,15.492
34420,1376.800,131,-0.60451,15.49666,1,24,55,0.711,16.779
34421,1376.840,131,-0.59944,15.44106,1,25,63,0.640,16.781
34422,1376.880,131,-0.59868,15.38525,1,25,61,0.671,15.581
34423,1376.920,131,-0.60370,15.32130,1,24,65,0.885,14.134
34424,1376.960,131,-0.60304,15.26028,1,24,68,0.811,12.677
34425,1377.000,131,-0.60211,15.21303,1,24,63,0.773,15.651
34426,1377.040,131,-0.60206,15.13067,1,24,70,0.877,13.327
34427,1377.080,131,-0.60045,15.08869,1,25,72,0.790,13.021
34428,1377.120,131,-0.60147,15.04206,1,26,58,0.839,14.029
34429,1377.160,131,-0.60192,14.96094,1,25,72,0.855,13.117
34430,1377.200,131,-0.60215,14.90533,1,26,63,0.890,13.258
34431,1377.240,131,-0.59905,14.84441,1,25,65,0.844,13.336
34432,1377.280,131,-0.59934,14.79127,1,25,62,0.695,15.186
34433,1377.320,131,-0.60329,14.73234,1,28,67,0.806,13.019
34434,1377.360,131,-0.60008,14.67667,1,25,71,0.676,11.532
34435,1377.400,131,-0.60240,14.61922,1,25,72,0.702,11.558
34436,1377.440,131,-0.60284,14.56467,1,25,72,0.629,12.278
34437,1377.480,131,-0.60319,14.51389,1,26,72,0.718,11.451
34438,1377.520,131,-0.60467,14.47890,1,28,63,0.702,13.827
34439,1377.560,131,-0.60215,14.41869,1,26,66,0.703,13.627
34440,1377.600,131,-0.60571,14.35992,1,25,72,0.769,12.029
34441,1377.640,131,-0.60079,14.32467,1,26,59,0.664,14.572
34442,1377.680,131,-0.60383,14.26162,1,26,72,0.818,12.489
34443,1377.720,131,-0.60203,14.21895,1,27,68,0.794,12.982
34444,1377.760,131,-0.60086,14.16505,1,26,65,0.676,14.729
34445,1377.800,131,-0.60053,14.12153,1,27,62,0.636,15.440
34446,1377.840,131,-0.59927,14.07270,1,26,60,0.723,16.399
34447,1377.880,131,-0.60326,14.00713,1,27,72,0.893,13.666
34448,1377.920,131,-0.60077,13.95405,1,29,72,0.887,13.506
34449,1377.960,131,-0.59697,13.90864,1,27,72,0.920,14.097
34450,1378.000,131,-0.59529,13.85134,1,27,72,0.823,14.320
34451,1378.040,131,-0.59731,13.80968,1,27,72,0.933,14.121
34452,1378.080,131,-0.59686,13.76547,1,28,68,0.888,14.066
34453,1378.120,131,-0.59600,13.71410,1,26,72,0.835,14.715
34454,1378.160,131,-0.59487,13.65800,1,27,67,0.918,15.820
34455,1378.200,131,-0.59909,13.60205,1,26,72,0.977,14.603
34456,1378.240,131,-0.59838,13.55191,1,26,72,0.983,14.403
34457,1378.280,131,-0.59755,13.50684,1,27,72,0.904,13.922
34458,1378.320,131,-0.59698,13.44451,1,27,72,0.847,14.813
34459,1378.360,131,-0.59382,13.41384,1,29,69,0.676,17.135
34460,1378.400,131,-0.59430,13.36221,1,32,67,0.691,16.264
34461,1378.440,131,-0.59413,13.30716,1,27,72,0.852,15.248
34462,1378.480,131,-0.59022,13.25216,1,28,67,0.712,16.313
34463,1378.520,131,-0.57938,13.20729,1,33,65,0.886,15.598
34464,1378.560,131,-0.58812,13.16290,1,32,67,0.613,16.762
34465,1378.600,131,-0.58884,13.11367,1,33,68,0.568,17.056
34466,1378.640,131,-0.58593,13.06291,1,32,67,0.765,16.041
34467,1378.680,131,-0.59170,13.01356,1,32,66,0.735,16.463
34468,1378.720,131,-0.58350,12.95756,1,34,64,0.751,15.157
34469,1378.760,131,-0.58612,12.91925,1,36,65,0.746,17.023
34470,1378.800,131,-0.58714,12.86855,1,34,64,0.734,16.195
34471,1378.840,131,-0.58725,12.81608,1,29,68,0.743,16.596
34472,1378.880,131,-0.58017,12.75030,1,34,56,0.945,13.642
34473,1378.920,131,-0.58141,12.71971,1,36,65,0.822,15.801
34474,1378.960,131,-0.58062,12.66529,1,36,65,0.713,15.370
34475,1379.000,131,-0.57941,12.62008,1,35,65,0.775,15.757
34476,1379.040,131,-0.57491,12.56753,1,38,64,0.688,16.263
34477,1379.080,131,-0.57803,12.51475,1,37,63,0.732,16.054
34478,1379.120,131,-0.57654,12.45788,1,38,58,0.858,14.268
34479,1379.160,131,-0.57715,12.41851,1,36,60,0.761,14.582
34480,1379.200,131,-0.57597,12.36085,1,36,61,0.850,14.907
34481,1379.240,131,-0.57817,12.31543,1,31,60,0.779,17.092
34482,1379.280,131,-0.57286,12.25675,1,38,52,0.828,15.518
34483,1379.320,131,-0.57481,12.22676,1,36,55,0.671,16.056
34484,1379.360,131,-0.56961,12.18224,1,37,57,0.621,16.229
34485,1379.400,131,-0.57442,12.12684,1,36,55,0.709,16.384
34486,1379.440,131,-0.57207,12.08672,1,38,57,0.697,16.601
34487,1379.480,131,-0.56198,12.03402,1,36,61,0.648,16.579
34488,1379.520,131,-0.56344,11.98517,1,36,62,0.686,15.747
34489,1379.560,131,-0.56807,11.93552,1,35,61,0.796,15.796
34490,1379.600,131,-0.56768,11.89192,1,38,57,0.734,15.673
34491,1379.640,131,-0.56703,11.82200,1,31,61,1.028,14.266
34492,1379.680,131,-0.56558,11.78654,1,38,61,0.751,16.101
34493,1379.720,131,-0.56352,11.74559,1,31,60,0.748,15.621
34494,1379.760,131,-0.56283,11.69315,1,38,61,0.724,16.454
34495,1379.800,131,-0.56398,11.63144,1,37,62,0.880,14.203
34496,1379.840,131,-0.55799,11.60527,1,37,64,0.859,16.088
34497,1379.880,131,-0.54869,11.55087,1,32,68,0.986,15.016
34498,1379.920,131,-0.55698,11.50664,1,35,65,0.815,15.222
34499,1379.960,131,-0.55545,11.46056,1,38,66,0.912,15.711
34500,1380.000,131,-0.54767,11.41081,1,37,64,0.801,15.262
34501,1380.040,131,-0.55552,11.37151,1,37,65,1.078,15.251
34502,1380.080,131,-0.55383,11.32144,1,38,64,0.959,14.393
34503,1380.120,131,-0.54828,11.26612,1,32,63,0.840,16.227
34504,1380.160,131,-0.54973,11.20984,1,37,68,1.134,13.847
34505,1380.200,131,-0.54916,11.17158,1,32,66,1.122,13.964
34506,1380.240,131,-0.54984,11.12020,1,33,66,0.859,16.223
34507,1380.280,131,-0.54923,11.06820,1,33,68,1.121,13.595
34508,1380.320,131,-0.54719,11.02171,1,33,69,1.178,13.567
34509,1380.360,131,-0.54503,10.97513,1,37,67,1.215,13.522
34510,1380.400,131,-0.54302,10.92488,1,36,69,1.210,13.597
34511,1380.440,131,-0.54314,10.89001,1,34,68,1.021,14.828
34512,1380.480,131,-0.54177,10.82084,1,36,72,1.239,12.563
34513,1380.520,131,-0.54316,10.78777,1,37,68,1.172,12.988
34514,1380.560,131,-0.53804,10.73553,1,36,68,1.120,12.959
34515,1380.600,131,-0.53695,10.69246,1,34,68,1.210,12.981
34516,1380.640,131,-0.53665,10.64702,1,36,68,1.138,12.429
34517,1380.680,131,-0.53576,10.58895,1,37,72,1.062,11.571
34518,1380.720,131,-0.53625,10.55239,1,38,68,1.171,12.290
34519,1380.760,131,-0.53101,10.51198,1,34,67,1.213,12.441
34520,1380.800,131,-0.52908,10.45586,1,36,69,1.123,12.268
34521,1380.840,131,-0.52900,10.40987,1,36,72,1.117,11.359
34522,1380.880,131,-0.53004,10.35023,1,36,72,0.811,9.936
34523,1380.920,131,-0.52859,10.30977,1,36,72,0.889,10.163
34524,1380.960,131,-0.52573,10.26610,1,38,72,0.907,9.766
34525,1381.000,131,-0.52397,10.21889,1,38,72,0.838,9.855
34526,1381.040,131,-0.52284,10.18151,1,39,72,0.936,10.013
34527,1381.080,131,-0.52289,10.14171,1,36,72,1.019,9.758
34528,1381.120,131,-0.51910,10.08127,1,37,69,0.841,10.408
34529,1381.160,131,-0.51765,10.05009,1,41,66,0.983,10.605
34530,1381.200,131,-0.51818,9.99504,1,36,65,0.766,10.585
34531,1381.240,131,-0.51644,9.95385,1,35,65,0.760,10.160
34532,1381.280,131,-0.51389,9.91585,1,37,68,0.712,10.047
34533,1381.320,131,-0.51347,9.86836,1,39,61,0.730,10.409
34534,1381.360,131,-0.51205,9.83245,1,36,60,0.891,10.536
34535,1381.400,131,-0.50913,9.78244,1,40,61,0.736,9.782
34536,1381.440,131,-0.50760,9.74217,1,38,57,0.792,10.085
34537,1381.480,131,-0.50816,9.70343,1,41,57,0.823,9.879
34538,1381.520,131,-0.50673,9.66033,1,40,60,0.821,9.882
34539,1381.560,131,-0.50384,9.61634,1,39,60,0.842,10.070
34540,1381.600,131,-0.50062,9.57186,1,37,57,0.728,9.566
34541,1381.640,131,-0.50221,9.53095,1,37,61,0.698,9.638
34542,1381.680,131,-0.50175,9.48805,1,38,64,0.762,10.180
34543,1381.720,131,-0.49722,9.44483,1,37,61,0.714,9.621
34544,1381.760,131,-0.49538,9.40843,1,38,61,0.751,9.892
34545,1381.800,131,-0.49580,9.36190,1,41,67,0.792,10.100
34546,1381.840,131,-0.49414,9.32500,1,40,66,0.849,10.621
34547,1381.880,131,-0.49483,9.27861,1,37,67,0.699,10.247
34548,1381.920,131,-0.49384,9.23669,1,40,69,0.784,10.556
34549,1381.960,131,-0.48844,9.20217,1,38,69,0.904,10.515
34550,1382.000,131,-0.48790,9.16345,1,39,71,0.911,10.485
34551,1382.040,131,-0.48679,9.12376,1,38,72,0.932,9.735
34552,1382.080,131,-0.48637,9.08042,1,40,65,1.015,10.388
34553,1382.120,131,-0.48323,9.04103,1,37,72,0.958,10.412
34554,1382.160,131,-0.48398,9.00343,1,38,72,1.084,10.036
34555,1382.200,131,-0.48240,8.96331,1,40,72,0.998,9.639
34556,1382.240,131,-0.48018,8.92173,1,39,72,1.067,9.981
34557,1382.280,131,-0.47618,8.88175,1,41,72,1.063,10.439
34558,1382.320,131,-0.47670,8.84400,1,39,72,1.178,10.290
34559,1382.360,131,-0.47491,8.81059,1,38,69,1.124,11.131
34560,1382.400,131,-0.47335,8.77334,1,38,71,1.292,11.057
34561,1382.440,131,-0.47246,8.72688,1,40,72,1.220,10.576
34562,1382.480,131,-0.47054,8.68895,1,41,72,1.339,10.922
34563,1382.520,131,-0.46665,8.63978,1,41,72,1.131,10.732
34564,1382.560,131,-0.46655,8.61103,1,38,72,1.265,10.987
34565,1382.600,131,-0.46416,8.49630,0,296,0,62.648,
34566,1382.640,131,-0.46249,8.47957,0,292,0,62.574,
34567,1382.680,131,-0.45832,8.44222,0,288,0,62.138,
34568,1382.720,131,-0.46611,8.41845,0,291,0,61.920,
34569,1382.760,131,-0.45459,8.38855,0,282,0,62.408,
34570,1382.800,131,-0.45496,8.35644,0,280,0,62.110,
34571,1382.840,131,-0.45346,8.33703,0,403,0,96.112,
34572,1382.880,131,-0.50519,8.32372,1,37,41,2.113,12.654
34573,1382.920,131,-0.50090,8.29617,1,38,41,2.164,13.235
34574,1382.960,131,-0.44608,8.18976,0,433,0,94.688,
34575,1383.000,131,-0.44506,8.15063,0,421,0,94.200,
34576,1383.040,131,-0.44929,8.11954,0,424,0,93.553,
34578,1383.120,131,-0.44280,7.96450,0,443,0,96.621,
36840,1473.600,159,-0.11234,33.11796,1,24,0,0.786,8.793
36841,1473.640,159,-0.11401,33.17187,0,181,0,33.203,
36842,1473.680,159,-0.11710,33.13117,0,200,0,31.517,
36844,1473.760,159,-0.12326,32.91052,0,227,0,25.822,
36845,1473.800,159,-0.10945,32.84662,0,218,0,30.594,
36846,1473.840,159,-0.13539,32.69898,0,230,0,29.456,
36847,1473.880,159,-0.13727,32.53425,0,198,0,31.583,
36848,1473.920,159,-0.13912,32.48225,0,182,0,33.106,
36849,1473.960,159,-0.15054,32.50924,0,191,0,32.365,
36850,1474.000,159,-0.15230,32.30751,0,187,0,32.422,
36851,1474.040,159,-0.15195,32.30966,0,194,0,32.416,
36852,1474.080,159,-0.15160,32.30392,0,203,0,31.459,
36853,1474.120,159,-0.14841,32.25803,0,203,0,31.457,
36854,1474.160,159,-0.15409,32.07489,0,182,0,29.029,
36855,1474.200,159,-0.15160,32.09511,0,24,0,2.345,
36856,1474.240,159,-0.16725,32.07174,0,0,0,,
36857,1474.280,159,-0.16723,31.88666,0,1205,0,67.571,
36858,1474.320,159,-0.17367,31.92572,0,236,0,29.644,
36859,1474.360,159,-0.17518,31.75244,0,252,0,29.353,
36860,1474.400,159,-0.18510,31.68252,0,252,0,29.041,
36861,1474.440,159,-0.18002,31.50103,0,199,0,31.823,
36862,1474.480,159,-0.18765,31.53985,0,247,0,29.142,
36863,1474.520,159,-0.20091,31.37257,0,246,0,29.800,
36864,1474.560,159,-0.20685,31.27647,0,180,0,32.109,
36865,1474.600,159,-0.20618,31.17994,0,200,0,31.876,
36866,1474.640,159,-0.20838,31.10482,0,233,0,30.094,
36867,1474.680,159,-0.20686,31.08119,0,184,0,33.451,
36869,1474.760,159,-0.21113,30.67887,0,183,0,33.438,
36870,1474.800,159,-0.21587,30.67592,0,205,0,31.570,
36871,1474.840,159,-0.21704,30.67619,0,231,0,33.601,
36872,1474.880,159,-0.23466,30.48585,0,265,0,31.661,
36873,1474.920,159,-0.22595,30.49300,0,29,0,1.704,
36874,1474.960,159,-0.23436,30.48857,0,28,0,1.536,
36875,1475.000,159,-0.24455,30.39552,0,29,0,1.766,
36876,1475.040,159,-0.23782,30.30143,0,27,0,1.661,
36877,1475.080,159,-0.24905,30.31044,0,31,0,1.912,
36878,1475.120,159,-0.24428,30.12829,0,27,0,1.651,
36879,1475.160,159,-0.24898,30.12418,0,33,0,1.909,
36880,1475.200,159,-0.25407,30.12123,0,31,0,1.742,
36881,1475.240,159,-0.24376,29.97494,0,27,0,5.010,
36882,1475.280,159,-0.25266,29.80457,0,29,0,4.866,
36883,1475.320,159,-0.25545,29.78330,0,29,0,5.059,
36884,1475.360,159,-0.27275,29.57172,0,31,0,2.062,
36885,1475.400,159,-0.27162,29.60142,0,297,14,33.821,
36886,1475.440,159,-0.27032,29.52028,0,263,0,30.039,
36887,1475.480,159,-0.28124,29.44335,0,227,0,31.192,
36888,1475.520,159,-0.28340,29.23483,0,284,0,28.340,
36889,1475.560,159,-0.27428,29.23463,0,269,0,29.348,
36890,1475.600,159,-0.28400,29.26339,0,318,0,27.472,
36891,1475.640,159,-0.29392,29.10641,0,222,0,31.446,
36892,1475.680,159,-0.28892,29.02749,0,294,0,31.099,
36893,1475.720,159,-0.29723,28.86445,0,275,0,32.348,
36894,1475.760,159,-0.29329,28.88899,0,343,0,27.567,
36895,1475.800,159,-0.30241,28.68718,0,287,0,28.470,
36896,1475.840,159,-0.30151,28.68424,0,233,0,27.835,
36897,1475.880,159,-0.30355,28.53178,0,254,0,30.133,
36898,1475.920,159,-0.30302,28.51941,0,353,0,26.796,
36899,1475.960,159,-0.31345,28.48780,0,283,0,28.868,
36900,1476.000,159,-0.32780,28.34776,0,210,0,29.883,
36901,1476.040,159,-0.31870,28.38086,0,274,0,29.521,
36902,1476.080,159,-0.32280,28.18751,0,325,0,26.980,
36903,1476.120,159,-0.32332,28.18891,0,280,0,29.131,
36904,1476.160,159,-0.33387,28.01133,0,323,0,25.531,
36905,1476.200,159,-0.32920,28.01377,0,339,0,26.481,
36906,1476.240,159,-0.34207,27.91177,0,321,0,27.520,
36907,1476.280,159,-0.32938,27.83614,0,313,0,30.862,
36908,1476.320,159,-0.34944,27.73837,0,346,0,28.720,
36909,1476.360,159,-0.33609,27.71973,0,320,0,27.580,
36910,1476.400,159,-0.34542,27.53671,0,290,0,28.971,
36911,1476.440,159,-0.35612,27.58109,0,282,0,29.037,
36912,1476.480,159,-0.35674,27.36679,0,298,0,28.708,
36913,1476.520,159,-0.35761,27.36169,0,35,0,2.438,
36914,1476.560,159,-0.36069,27.21264,0,35,0,2.422,
36915,1476.600,159,-0.35025,27.24424,0,301,0,28.589,
36916,1476.640,159,-0.36225,27.16825,0,280,0,27.123,
36917,1476.680,159,-0.36678,27.04630,1,31,0,0.808,8.793
36918,1476.720,159,-0.37531,26.97308,1,32,0,0.902,8.793
36919,1476.760,159,-0.36717,26.88393,0,33,0,1.702,
36920,1476.800,159,-0.37917,26.81116,0,27,0,1.583,
36921,1476.840,159,-0.38115,26.72627,0,25,0,1.416,
36922,1476.880,159,-0.37916,26.75150,0,302,0,29.122,
36923,1476.920,159,-0.37870,26.59293,0,0,0,,
36924,1476.960,159,-0.38567,26.53585,1,30,0,0.808,12.866
36925,1477.000,159,-0.38777,26.42237,1,31,0,0.787,16.421
36926,1477.040,159,-0.38652,26.41594,1,30,0,0.736,8.793
36927,1477.080,159,-0.38977,26.33382,1,29,0,0.776,8.793
36928,1477.120,159,-0.38760,26.28966,1,30,0,0.856,8.793
36929,1477.160,159,-0.40061,26.10895,1,29,0,0.867,8.793
36930,1477.200,159,-0.39178,26.11840,1,29,0,0.756,19.063
36931,1477.240,159,-0.40642,25.97030,1,31,0,0.233,18.853
36932,1477.280,159,-0.40837,25.85483,1,28,0,0.820,8.793
36933,1477.320,159,-0.41720,25.87208,1,30,0,0.817,8.793
36934,1477.360,159,-0.42027,25.71499,1,31,0,0.863,8.793
36935,1477.400,159,-0.41886,25.73832,1,31,0,0.803,8.793
36936,1477.440,159,-0.41578,25.70114,1,30,0,0.864,8.793
36937,1477.480,159,-0.41947,25.53494,1,29,0,0.742,8.793
36938,1477.520,159,-0.43457,25.40644,1,31,0,0.879,18.141
36939,1477.560,159,-0.42506,25.38867,1,30,0,0.502,8.793
36940,1477.600,159,-0.42675,25.24486,1,30,48,0.654,14.568
36941,1477.640,159,-0.43553,25.23742,1,31,0,0.865,8.793
36942,1477.680,159,-0.43579,25.12555,1,29,0,0.831,8.793
36943,1477.720,159,-0.43499,25.13607,1,33,0,0.765,8.793
36944,1477.760,159,-0.45398,24.98643,1,31,0,0.796,8.793
36945,1477.800,159,-0.43650,24.94243,1,33,0,0.730,8.793
36946,1477.840,159,-0.44850,24.84539,0,0,0,,
36947,1477.880,159,-0.43650,24.81114,0,0,0,,
36948,1477.920,159,-0.44850,24.69114,0,0,0,,
36949,1477.960,159,-0.45969,24.67320,1,35,0,0.776,8.793
36950,1478.000,159,-0.45486,24.57844,1,36,22,0.731,11.015
36951,1478.040,159,-0.44632,24.54417,1,38,0,0.827,8.793
36952,1478.080,159,-0.46497,24.42422,1,37,0,0.930,8.793
36953,1478.120,159,-0.44949,24.34806,1,36,0,0.937,8.793
36954,1478.160,159,-0.46390,24.28190,1,38,0,0.862,8.793
36955,1478.200,159,-0.47153,24.20599,1,37,0,0.891,8.793
36956,1478.240,159,-0.46398,24.15015,1,38,0,0.848,8.793
36957,1478.280,159,-0.46807,24.07627,1,39,0,0.854,8.793
36958,1478.320,159,-0.47826,23.99551,1,35,0,0.741,8.793
36959,1478.360,159,-0.48881,23.87644,1,32,18,0.692,12.140
36960,1478.400,159,-0.47041,23.87636,1,40,0,0.729,8.793
36961,1478.440,159,-0.48686,23.79959,1,39,0,0.859,8.793
36962,1478.480,159,-0.48053,23.80047,1,21,0,0.719,8.793
36963,1478.520,159,-0.48767,23.66226,1,40,0,0.876,8.793
36964,1478.560,159,-0.48261,23.52610,1,21,0,0.716,8.793
36965,1478.600,159,-0.48067,23.53599,0,0,0,,
36966,1478.640,159,-0.48048,23.41850,0,0,0,,
36967,1478.680,159,-0.48344,23.35581,0,0,0,,
36968,1478.720,159,-0.49231,23.29817,0,0,0,,
36969,1478.760,159,-0.48919,23.29290,0,0,0,,
36970,1478.800,159,-0.48617,23.18484,0,0,0,,
36971,1478.840,159,-0.49540,23.04123,0,0,0,,
36972,1478.880,159,-0.49553,23.05806,0,0,0,,
36973,1478.920,159,-0.49955,22.91562,0,0,0,,
36974,1478.960,159,-0.50746,22.92213,0,0,0,,
36975,1479.000,159,-0.50520,22.82199,0,0,0,,
36976,1479.040,159,-0.51090,22.74363,0,0,0,,
36977,1479.080,159,-0.49553,22.71345,1,34,0,0.734,8.793
36978,1479.120,159,-0.50827,22.57061,0,0,0,,
36979,1479.160,159,-0.50796,22.56789,0,0,0,,
36980,1479.200,159,-0.50557,22.42931,0,0,0,,
36981,1479.240,159,-0.50631,22.37758,0,0,0,,
36982,1479.280,159,-0.51177,22.32213,0,0,0,,
36983,1479.320,159,-0.51672,22.18406,1,21,0,0.840,8.793
36984,1479.360,159,-0.51885,22.19730,1,22,0,0.791,8.793
36985,1479.400,159,-0.53076,22.11264,1,21,0,0.794,8.793
36986,1479.440,159,-0.53254,22.00285,1,35,0,0.812,8.793
36987,1479.480,159,-0.53307,21.98679,1,22,0,0.781,8.793
36988,1479.520,159,-0.53386,21.90796,1,22,32,0.666,11.645
36989,1479.560,159,-0.52523,21.85212,1,23,0,0.791,35.144
36990,1479.600,159,-0.54016,21.76478,1,23,0,0.891,8.793
36991,1479.640,159,-0.54195,21.63090,1,23,0,0.933,45.238
36992,1479.680,159,-0.54043,21.61828,1,21,0,0.818,19.265
36993,1479.720,159,-0.54225,21.49188,1,21,0,0.822,18.803
36994,1479.760,159,-0.54387,21.50109,1,40,0,0.814,8.793
36995,1479.800,159,-0.54495,21.41519,1,40,0,0.841,8.793
36996,1479.840,159,-0.54269,21.34831,1,21,0,0.808,9.026
36997,1479.880,159,-0.53954,21.31311,1,21,40,0.588,10.977
36998,1479.920,159,-0.54078,21.16608,1,35,39,0.675,16.245
36999,1479.960,159,-0.53276,21.09704,1,40,0,0.903,23.496
37000,1480.000,159,-0.54454,21.09376,1,37,27,0.670,14.692
37001,1480.040,159,-0.53855,20.99667,1,38,39,0.737,11.435
37002,1480.080,159,-0.54454,20.98410,1,36,0,0.850,8.793
37003,1480.120,159,-0.54569,20.86365,1,40,0,0.796,15.218
37004,1480.160,159,-0.54012,20.77661,1,36,0,0.795,8.793
37005,1480.200,159,-0.54916,20.77460,1,38,0,0.745,8.793
37006,1480.240,159,-0.55191,20.68313,1,36,0,0.771,8.793
37007,1480.280,159,-0.55414,20.56970,1,36,0,0.747,8.933
37008,1480.320,159,-0.55304,20.57125,1,38,0,0.719,8.793
37009,1480.360,159,-0.55582,20.45955,1,38,0,0.739,8.793
37010,1480.400,159,-0.55612,20.36987,1,37,0,0.764,8.793
37011,1480.440,159,-0.54726,20.35084,1,36,29,0.640,6.909
37012,1480.480,159,-0.55943,20.28931,1,38,0,0.806,8.793
37013,1480.520,159,-0.55854,20.17416,1,37,0,0.750,8.793
37014,1480.560,159,-0.55301,20.15242,1,36,0,0.772,6.161
37015,1480.600,159,-0.56302,20.05172,1,40,0,0.801,8.793
37016,1480.640,159,-0.56425,19.96341,1,38,0,0.749,8.793
37017,1480.680,159,-0.56291,19.95559,1,39,0,0.819,8.793
37018,1480.720,159,-0.56589,19.85778,1,38,54,0.610,9.086
37019,1480.760,159,-0.56675,19.83707,1,40,0,0.828,8.793
37020,1480.800,159,-0.56569,19.80246,1,21,0,0.763,15.600
37021,1480.840,159,-0.56937,19.71157,1,21,0,0.746,8.793
37022,1480.880,159,-0.56131,19.62214,1,21,0,0.781,13.067
37023,1480.920,159,-0.56950,19.54727,1,22,30,0.589,12.875
37024,1480.960,159,-0.57661,19.52842,1,22,0,0.661,16.176
37025,1481.000,159,-0.57577,19.42633,1,22,45,0.559,11.650
37026,1481.040,159,-0.57645,19.32221,1,21,49,0.469,10.627
37027,1481.080,159,-0.57836,19.30000,1,23,42,0.502,9.821
37028,1481.120,159,-0.58179,19.24512,1,23,53,0.666,14.510
37029,1481.160,159,-0.57712,19.13854,1,24,40,0.581,10.064
37030,1481.200,159,-0.57989,19.09843,1,23,45,0.666,12.745
37031,1481.240,159,-0.58014,19.02298,1,25,43,0.622,11.310
37032,1481.280,159,-0.58298,18.96276,1,26,42,0.731,13.135
37033,1481.320,159,-0.58555,18.82743,0,0,0,,
37034,1481.360,159,-0.57296,18.82648,0,0,0,,
37035,1481.400,159,-0.56926,18.73561,0,0,0,,
37036,1481.440,159,-0.56887,18.64401,0,0,0,,
37037,1481.480,159,-0.57450,18.59699,0,0,0,,
37038,1481.520,159,-0.57075,18.55108,0,0,0,,
37039,1481.560,159,-0.57826,18.45738,0,0,0,,
37040,1481.600,159,-0.58082,18.45577,0,0,0,,
37041,1481.640,159,-0.58151,18.36311,0,0,0,,
37042,1481.680,159,-0.58163,18.27910,0,0,0,,
37043,1481.720,159,-0.58527,18.18933,0,0,0,,
37044,1481.760,159,-0.58577,18.14234,0,0,0,,
37045,1481.800,159,-0.58418,18.11034,0,0,0,,
37046,1481.840,159,-0.58626,18.02835,0,0,0,,
37047,1481.880,159,-0.58974,17.93559,0,0,0,,
37048,1481.920,159,-0.59138,17.85214,0,0,0,,
37049,1481.960,159,-0.58547,17.85116,0,0,0,,
37050,1482.000,159,-0.58585,17.76566,0,0,0,,
37051,1482.040,159,-0.58978,17.70996,0,0,0,,
37052,1482.080,159,-0.58572,17.67294,0,0,0,,
37053,1482.120,159,-0.59162,17.59166,0,0,0,,
37054,1482.160,159,-0.58934,17.51403,0,0,0,,
37055,1482.200,159,-0.58957,17.43719,0,0,0,,
37056,1482.240,159,-0.58865,17.42601,0,0,0,,
37057,1482.280,159,-0.59061,17.36009,0,0,0,,
37058,1482.320,159,-0.58642,17.25484,0,0,0,,
37059,1482.360,159,-0.58888,17.21628,0,0,0,,
37060,1482.400,159,-0.58464,17.11778,0,0,0,,
37061,1482.440,159,-0.58375,17.07748,0,0,0,,
37062,1482.480,159,-0.58683,17.04284,0,0,0,,
37063,1482.520,159,-0.58627,16.95331,0,0,0,,
37064,1482.560,159,-0.58102,16.87680,0,0,0,,
37065,1482.600,159,-0.58629,16.83950,0,118,0,24.445,
37066,1482.640,159,-0.58609,16.75820,0,119,0,23.889,
37067,1482.680,159,-0.58883,16.72583,0,116,0,23.277,
37068,1482.720,159,-0.58444,16.64475,0,118,0,22.722,
37069,1482.760,159,-0.59054,16.60495,0,123,0,21.974,
37070,1482.800,159,-0.59317,16.56034,0,24,0,0.916,
37071,1482.840,159,-0.59168,16.48033,0,131,0,21.863,
37072,1482.880,159,-0.58799,16.40421,0,131,0,22.026,
37073,1482.920,159,-0.59301,16.34903,0,135,0,21.762,
37074,1482.960,159,-0.58101,16.25438,0,116,0,22.191,
37075,1483.000,159,-0.58955,16.19843,0,118,0,21.829,
37076,1483.040,159,-0.59193,16.13562,0,114,0,22.080,
37077,1483.080,159,-0.58683,16.10172,0,115,0,22.239,
37078,1483.120,159,-0.58883,16.03065,0,152,0,19.502,
37079,1483.160,159,-0.60336,15.98068,0,148,0,19.703,
37080,1483.200,159,-0.59905,15.91590,0,161,0,20.064,
37081,1483.240,159,-0.60176,15.83626,0,156,0,20.479,
37082,1483.280,159,-0.60104,15.76620,0,153,0,20.876,
37083,1483.320,159,-0.58954,15.72577,0,111,0,23.738,
37084,1483.360,159,-0.59162,15.65209,0,112,0,23.939,
37085,1483.400,159,-0.59367,15.62295,0,113,0,24.108,
37086,1483.440,159,-0.59621,15.55128,0,158,0,21.194,
37087,1483.480,159,-0.59453,15.48563,0,159,0,21.369,
37088,1483.520,159,-0.57900,15.42743,0,159,0,21.591,
37089,1483.560,159,-0.59971,15.39291,0,151,0,20.878,
37090,1483.600,159,-0.60209,15.32335,0,0,0,,
37092,1483.680,159,-0.59883,15.21637,0,0,0,,
37093,1483.720,159,-0.59683,15.18079,0,0,0,,
37094,1483.760,159,-0.59604,15.07008,0,0,0,,
37095,1483.800,159,-0.60679,15.06753,1,0,72,0.805,13.648
37096,1483.840,159,-0.59574,14.97171,0,0,0,,
37097,1483.880,159,-0.59721,14.94858,1,25,67,0.817,13.780
37098,1483.920,159,-0.59225,14.87113,0,0,0,,
37099,1483.960,159,-0.59106,14.80800,0,0,0,,
37100,1484.000,159,-0.59309,14.74424,0,0,0,,
37101,1484.040,159,-0.58158,14.68564,0,0,0,,
37102,1484.080,159,-0.59304,14.64944,0,0,0,,
37103,1484.120,159,-0.59141,14.58613,0,0,0,,
37104,1484.160,159,-0.56691,14.53041,1,0,59,0.298,13.200
37106,1484.240,159,-0.60425,14.40652,1,0,51,0.193,12.882
37107,1484.280,159,-0.58150,14.33938,0,0,0,,
37108,1484.320,159,-0.57136,14.29583,1,0,58,0.524,13.093
37109,1484.360,159,-0.57794,14.22864,0,0,0,,
37110,1484.400,159,-0.56955,14.19650,1,0,72,0.743,12.010
37111,1484.440,159,-0.58520,14.10695,0,0,0,,
37112,1484.480,159,-0.58290,14.07892,0,0,15,6.043,
37113,1484.520,159,-0.59610,14.01986,0,0,0,,
37114,1484.560,159,-0.59166,13.98107,1,28,72,0.816,13.944
37115,1484.600,159,-0.58748,13.92608,1,26,64,0.841,15.580
37116,1484.640,159,-0.59251,13.88303,1,27,67,0.860,13.723
37117,1484.680,159,-0.58850,13.81515,1,28,72,0.864,13.321
37118,1484.720,159,-0.58763,13.76543,1,28,70,0.876,13.329
37119,1484.760,159,-0.58440,13.70347,1,26,72,0.870,13.866
37120,1484.800,159,-0.58462,13.66552,1,29,72,0.956,14.111
37121,1484.840,159,-0.58438,13.59907,1,28,72,0.847,14.547
37122,1484.880,159,-0.58713,13.55249,1,27,72,0.937,13.932
37123,1484.920,159,-0.58460,13.48995,1,29,69,1.021,14.729
37124,1484.960,159,-0.58414,13.43570,1,27,72,0.989,14.921
37125,1485.000,159,-0.58820,13.38602,1,28,72,0.951,14.275
37126,1485.040,159,-0.58000,13.35554,1,29,65,0.593,17.917
37127,1485.080,159,-0.58302,13.28356,1,27,72,0.726,15.582
37128,1485.120,159,-0.58273,13.22666,1,27,72,0.769,16.349
37129,1485.160,159,-0.58014,13.18385,1,32,67,0.736,16.636
37130,1485.200,159,-0.57049,13.13631,1,32,61,0.621,17.205
37131,1485.240,159,-0.57562,13.07827,1,29,68,0.727,16.116
37132,1485.280,159,-0.57831,13.01293,1,28,69,0.779,16.794
37133,1485.320,159,-0.57249,12.97320,1,33,67,0.860,16.684
37134,1485.360,159,-0.57864,12.91662,1,33,65,0.731,17.206
37135,1485.400,159,-0.57850,12.86522,1,34,68,0.725,17.076
37136,1485.440,159,-0.57991,12.80576,1,34,69,0.733,16.600
37137,1485.480,159,-0.56623,12.75363,1,34,67,0.674,17.036
37138,1485.520,159,-0.56597,12.70341,1,34,68,0.826,15.511
37139,1485.560,159,-0.56131,12.64821,1,34,70,0.898,14.764
37140,1485.600,159,-0.56245,12.60040,1,35,69,0.597,15.694
37141,1485.640,159,-0.56898,12.45950,0,0,0,,
37142,1485.680,159,-0.56710,12.39356,0,0,0,,
37143,1485.720,159,-0.56114,12.36851,0,0,0,,
37144,1485.760,159,-0.56314,12.31900,0,0,0,,
37145,1485.800,159,-0.56091,12.25732,0,0,12,22.237,
37146,1485.840,159,-0.55913,12.21590,0,0,0,,
37147,1485.880,159,-0.55434,12.13053,0,0,0,,
37148,1485.920,159,-0.54388,12.07523,0,0,0,,
37149,1485.960,159,-0.54454,12.01551,0,0,0,,
37150,1486.000,159,-0.55259,11.98818,0,0,0,,
37151,1486.040,159,-0.55368,11.91539,0,0,0,,
37152,1486.080,159,-0.56270,11.87790,1,0,56,0.428,9.648
37154,1486.160,159,-0.55414,11.78189,0,0,20,4.028,
37155,1486.200,159,-0.55006,11.76324,0,0,0,,
37156,1486.240,159,-0.54214,11.78579,1,0,63,0.631,14.737
37157,1486.280,159,-0.55729,11.60251,0,0,14,2.143,
37158,1486.320,159,-0.55134,11.56835,0,0,0,,
37159,1486.360,159,-0.55512,11.49558,0,0,0,,
37160,1486.400,159,-0.55370,11.46804,0,0,0,,
37161,1486.440,159,-0.56412,11.42974,1,0,65,0.260,9.223
37162,1486.480,159,-0.55258,11.37110,0,0,0,,
37163,1486.520,159,-0.54701,11.29505,0,0,0,,
37164,1486.560,159,-0.55142,11.24253,0,0,0,,
37165,1486.600,159,-0.54776,11.20849,0,0,0,,
37166,1486.640,159,-0.56345,11.18514,1,0,72,0.432,9.274
37167,1486.680,159,-0.51383,11.20703,1,0,52,0.787,13.936
37168,1486.720,159,-0.54505,11.04995,0,0,0,,
37169,1486.760,159,-0.54286,10.97817,0,0,0,,
37170,1486.800,159,-0.55685,10.99041,1,0,72,0.765,10.487
37171,1486.840,159,-0.54544,10.93708,1,0,72,0.607,10.174
37172,1486.880,159,-0.53437,10.86804,0,0,0,,
37173,1486.920,159,-0.53268,10.82320,0,0,0,,
37174,1486.960,159,-0.54243,10.79750,1,0,72,0.701,10.527
37175,1487.000,159,-0.53255,10.63018,0,0,0,,
37176,1487.040,159,-0.52909,10.64115,0,0,0,,
37177,1487.080,159,-0.57821,10.72403,1,0,62,0.720,16.709
37182,1487.280,159,-0.48054,10.43834,1,0,67,0.856,14.087
37183,1487.320,159,-0.51419,10.41815,1,0,56,1.111,13.904
37184,1487.360,159,-0.52571,10.36392,1,0,49,0.911,12.986
37185,1487.400,159,-0.47828,10.30720,1,0,72,0.923,14.087
37186,1487.440,159,-0.51558,10.19142,0,159,0,32.085,
37187,1487.480,159,-0.50965,10.21926,1,0,65,0.951,12.110
37188,1487.520,159,-0.51862,10.18338,1,0,59,1.048,13.775
37189,1487.560,159,-0.48870,10.10780,1,0,68,1.015,12.332
37190,1487.600,159,-0.47346,10.06587,1,0,72,1.164,11.302
37191,1487.640,159,-0.49197,10.01177,1,0,68,0.843,12.045
37192,1487.680,159,-0.49334,9.96908,1,0,67,0.959,12.056
37193,1487.720,159,-0.48972,9.92833,1,0,66,0.952,12.553
37194,1487.760,159,-0.46651,9.88204,1,0,62,1.256,13.036
37195,1487.800,159,-0.47763,9.84011,1,0,63,1.047,12.781
37196,1487.840,159,-0.46868,9.79650,1,0,62,0.921,12.249
37197,1487.880,159,-0.46555,9.74806,1,0,70,1.228,12.934
37198,1487.920,159,-0.47521,9.70431,1,0,72,1.361,13.922
37199,1487.960,159,-0.47068,9.68315,1,0,72,1.416,14.097
37200,1488.000,159,-0.48484,9.66069,1,0,66,1.666,15.570
37201,1488.040,159,-0.47434,9.61690,1,0,70,1.636,15.754
37202,1488.080,159,-0.48653,9.44452,0,0,0,,
37203,1488.120,159,-0.46820,9.45732,1,0,72,1.126,13.683
37205,1488.200,159,-0.49212,9.31584,0,72,0,10.226,
37206,1488.240,159,-0.47603,9.36403,1,0,66,1.653,14.078
37207,1488.280,159,-0.47186,9.27484,1,0,59,1.213,12.469
37208,1488.320,159,-0.47198,9.21004,1,0,62,1.069,12.009
37209,1488.360,159,-0.48394,9.13912,1,0,58,0.579,9.645
37210,1488.400,159,-0.48258,9.08894,1,0,65,0.456,9.811
37211,1488.440,159,-0.48414,9.04447,1,0,71,0.483,10.377
37212,1488.480,159,-0.47780,9.00607,1,0,61,0.688,10.336
37213,1488.520,159,-0.47843,8.95257,1,0,63,0.513,10.016
37214,1488.560,159,-0.47694,8.90604,1,0,72,0.378,10.064
37215,1488.600,159,-0.47077,8.87494,1,0,72,0.806,10.451
37216,1488.640,159,-0.46921,8.82000,1,0,61,0.555,10.116
37217,1488.680,159,-0.47062,8.77405,1,0,66,0.593,10.012
37218,1488.720,159,-0.47551,8.74290,1,0,72,0.828,9.716
37219,1488.760,159,-0.47227,8.70952,1,0,72,1.347,10.629
37220,1488.800,159,-0.46367,8.68641,1,0,65,1.499,12.531
37221,1488.840,159,-0.46237,8.58645,0,40,0,0.885,
37222,1488.880,159,-0.46130,8.52593,0,33,0,1.132,
37223,1488.920,159,-0.46003,8.48944,0,0,0,,
37224,1488.960,159,-0.45906,8.44542,0,0,0,,
37225,1489.000,159,-0.45787,8.41548,0,22,29,4.251,
37227,1489.080,159,-0.45429,8.38764,1,31,72,1.956,15.088
37228,1489.120,159,-0.47373,8.29449,1,48,72,2.940,13.114
37231,1489.240,159,-0.44280,8.15147,0,25,0,1.412,
37232,1489.280,159,-0.44584,8.10113,0,0,0,,
37233,1489.320,159,-0.45034,8.03220,0,21,0,1.479,
37234,1489.360,159,-0.45383,7.89084,0,0,0,,
42690,1707.600,219,-0.10136,33.35034,1,24,0,0.342,8.793
42691,1707.640,219,-0.10131,33.29881,0,244,0,28.734,
42693,1707.720,219,-0.10345,33.13853,0,186,0,29.069,
42694,1707.760,219,-0.10333,33.08870,0,255,0,31.628,
42695,1707.800,219,-0.12176,32.91374,0,239,0,29.653,
42696,1707.840,219,-0.11245,32.94909,0,183,0,29.174,
42697,1707.880,219,-0.10266,32.74621,0,183,0,29.346,
42698,1707.920,219,-0.11647,32.69619,0,167,0,30.507,
42699,1707.960,219,-0.13599,32.48212,0,195,0,28.149,
42700,1708.000,219,-0.11496,32.50118,0,220,0,30.706,
42701,1708.040,219,-0.12696,32.45030,0,177,0,29.840,
42702,1708.080,219,-0.13876,32.31849,0,173,0,33.625,
42703,1708.120,219,-0.14053,32.22680,0,309,0,27.524,
42704,1708.160,219,-0.13646,32.32010,0,285,0,28.610,
42705,1708.200,219,-0.14195,32.28442,0,303,0,29.920,
42706,1708.240,219,-0.14201,32.10815,0,264,0,28.379,
42707,1708.280,219,-0.14370,32.06577,0,557,0,66.826,
42708,1708.320,219,-0.15727,32.00973,0,190,0,29.514,
42709,1708.360,219,-0.14731,31.90822,0,257,0,28.711,
42710,1708.400,219,-0.14891,31.85161,0,306,0,30.137,
42711,1708.440,219,-0.17244,31.88338,0,217,0,24.894,
42712,1708.480,219,-0.17594,31.66126,0,283,0,28.755,
42713,1708.520,219,-0.17144,31.49616,0,218,0,25.405,
42714,1708.560,219,-0.17584,31.46599,0,242,0,30.386,
42715,1708.600,219,-0.19581,31.38019,0,187,0,29.415,
42716,1708.640,219,-0.18763,31.31351,0,209,0,31.791,
42717,1708.680,219,-0.19692,31.33632,0,194,0,29.347,
42718,1708.720,219,-0.19578,31.12015,0,219,0,33.981,
42719,1708.760,219,-0.20194,31.14708,0,233,0,29.945,
42720,1708.800,219,-0.19985,30.90876,0,224,0,30.341,
42721,1708.840,219,-0.21277,30.69552,0,26,0,1.534,
42722,1708.880,219,-0.19895,30.70935,0,26,0,1.496,
42723,1708.920,219,-0.22239,30.64818,0,24,0,1.472,
42724,1708.960,219,-0.22410,30.68426,0,27,0,1.710,
42725,1709.000,219,-0.22437,30.62872,0,25,0,1.530,
42726,1709.040,219,-0.21444,30.51940,0,26,0,1.543,
42727,1709.080,219,-0.22578,30.52977,0,25,0,1.583,
42728,1709.120,219,-0.23776,30.33623,0,29,0,1.582,
42729,1709.160,219,-0.22954,30.31803,0,206,0,31.992,
42730,1709.200,219,-0.23685,30.30997,0,27,0,1.670,
42731,1709.240,219,-0.24307,30.23158,0,29,0,1.660,
42732,1709.280,219,-0.24384,30.13554,0,297,0,29.358,
42733,1709.320,219,-0.24965,30.02731,0,29,0,1.880,
42734,1709.360,219,-0.24831,29.95025,0,225,0,31.363,
42735,1709.400,219,-0.25261,29.81047,0,239,0,27.415,
42736,1709.440,219,-0.24229,29.75664,0,223,0,31.178,
42737,1709.480,219,-0.25607,29.75725,0,253,0,25.343,
42738,1709.520,219,-0.27526,29.57026,0,230,0,30.614,
42739,1709.560,219,-0.27017,29.60026,0,298,0,27.521,
42740,1709.600,219,-0.27228,29.41625,0,298,0,27.604,
42741,1709.640,219,-0.27803,29.39190,0,337,0,27.579,
42742,1709.680,219,-0.29270,29.20510,0,224,0,31.656,
42743,1709.720,219,-0.28270,29.23160,0,266,0,29.115,
42744,1709.760,219,-0.30288,29.08264,0,28,0,1.764,
42745,1709.800,219,-0.30165,28.97222,0,28,0,1.707,
42746,1709.840,219,-0.29570,28.86142,0,27,0,1.725,
42747,1709.880,219,-0.30662,28.87014,0,29,0,1.618,
42748,1709.920,219,-0.31072,28.78963,0,29,16,34.309,
42749,1709.960,219,-0.30916,28.70797,0,27,0,1.405,
42750,1710.000,219,-0.32102,28.69216,0,25,15,35.165,
42751,1710.040,219,-0.31048,28.51851,0,24,0,1.355,
42752,1710.080,219,-0.31952,28.56403,0,27,0,1.536,
42753,1710.120,219,-0.31020,28.38370,0,24,0,1.355,
42754,1710.160,219,-0.32929,28.39152,0,27,0,1.526,
42755,1710.200,219,-0.31873,28.31288,0,23,0,1.022,
42756,1710.240,219,-0.33212,28.18859,0,18,0,1.784,
42757,1710.280,219,-0.32233,28.13648,0,24,0,1.401,
42758,1710.320,219,-0.34405,28.00028,0,18,0,0.950,
42759,1710.360,219,-0.34166,27.98651,0,18,0,0.517,
42760,1710.400,219,-0.35414,27.83877,0,24,0,1.380,
42761,1710.440,219,-0.34878,27.85889,0,22,0,1.251,
42762,1710.480,219,-0.34678,27.85132,0,21,0,1.290,
42763,1710.520,219,-0.35610,27.73074,0,0,0,,
42764,1710.560,219,-0.34682,27.58290,0,0,0,,
42765,1710.600,219,-0.36404,27.52696,0,0,0,,
42766,1710.640,219,-0.36604,27.44562,0,280,0,30.113,
42767,1710.680,219,-0.36783,27.37495,0,271,0,30.425,
42768,1710.720,219,-0.37983,27.33635,0,0,0,,
42769,1710.760,219,-0.38139,27.22404,1,31,0,0.735,8.793
42770,1710.800,219,-0.36352,27.15255,1,32,0,0.759,13.935
42771,1710.840,219,-0.37376,27.07591,0,0,0,,
42772,1710.880,219,-0.39073,27.03167,1,29,0,0.658,8.793
42773,1710.920,219,-0.37498,26.91545,0,0,0,,
42774,1710.960,219,-0.38004,26.89002,1,30,0,0.780,8.793
42775,1711.000,219,-0.39689,26.76986,1,31,0,0.915,8.793
42776,1711.040,219,-0.41025,26.72054,1,31,0,0.781,14.651
42777,1711.080,219,-0.41171,26.61634,1,31,0,0.773,8.793
42778,1711.120,219,-0.41736,26.55855,1,31,0,0.743,16.929
42779,1711.160,219,-0.40906,26.47048,1,33,0,0.846,8.793
42780,1711.200,219,-0.40839,26.40809,1,31,0,0.765,15.528
42781,1711.240,219,-0.42049,26.31720,1,30,0,0.813,8.793
42782,1711.280,219,-0.42205,26.27375,1,32,0,0.770,8.793
42783,1711.320,219,-0.42475,26.18121,1,30,0,0.818,8.793
42784,1711.360,219,-0.42165,26.13698,0,0,0,,
42785,1711.400,219,-0.42623,26.04330,0,0,0,,
42786,1711.440,219,-0.42706,26.02579,0,0,0,,
42787,1711.480,219,-0.43541,25.95196,0,0,0,,
42788,1711.520,219,-0.43428,25.83908,0,0,0,,
42789,1711.560,219,-0.43958,25.73240,1,31,0,0.773,12.954
42790,1711.600,219,-0.44160,25.68895,1,31,0,0.405,17.727
42791,1711.640,219,-0.43894,25.70692,1,31,0,0.803,56.571
42792,1711.680,219,-0.44226,25.57083,0,0,0,,
42793,1711.720,219,-0.45358,25.49813,0,0,0,,
42794,1711.760,219,-0.44294,25.40602,0,0,0,,
42795,1711.800,219,-0.44432,25.41044,0,0,0,,
42796,1711.840,219,-0.45697,25.24093,1,31,0,0.687,21.961
42797,1711.880,219,-0.45495,25.26768,1,34,27,0.611,15.503
42798,1711.920,219,-0.46231,25.10583,1,32,0,0.689,23.153
42799,1711.960,219,-0.45905,25.05312,1,34,30,0.662,19.902
42800,1712.000,219,-0.46461,24.97932,1,33,0,0.754,8.793
42801,1712.040,219,-0.46640,24.90580,1,34,25,0.731,12.849
42802,1712.080,219,-0.46761,24.83864,1,37,27,0.638,13.877
42803,1712.120,219,-0.47254,24.72495,1,31,0,0.965,21.945
42804,1712.160,219,-0.47517,24.70449,1,38,38,0.681,16.870
42805,1712.200,219,-0.47538,24.61791,1,32,23,0.767,14.634
42806,1712.240,219,-0.47716,24.55485,1,33,0,0.796,18.519
42807,1712.280,219,-0.48068,24.49857,0,0,0,,
42808,1712.320,219,-0.48245,24.45305,0,0,0,,
42809,1712.360,219,-0.48350,24.36337,0,0,0,,
42810,1712.400,219,-0.49242,24.30587,0,0,0,,
42811,1712.440,219,-0.49064,24.21385,0,0,0,,
42812,1712.480,219,-0.49625,24.20821,0,0,0,,
42813,1712.520,219,-0.49533,24.03539,0,0,0,,
42814,1712.560,219,-0.49792,24.00946,0,0,0,,
42815,1712.600,219,-0.50526,23.94342,0,0,0,,
42816,1712.640,219,-0.49292,23.87581,0,0,0,,
42817,1712.680,219,-0.49318,23.82509,0,0,0,,
42818,1712.720,219,-0.50258,23.79742,0,0,0,,
42819,1712.760,219,-0.49578,23.66693,1,22,0,0.849,8.793
42820,1712.800,219,-0.50983,23.53191,1,21,0,0.716,8.793
42821,1712.840,219,-0.53488,23.55143,1,21,0,0.904,8.793
42822,1712.880,219,-0.53871,23.40365,1,40,0,0.754,8.793
42823,1712.920,219,-0.52407,23.44698,1,21,0,0.799,8.793
42824,1712.960,219,-0.51839,23.32872,1,21,0,0.794,8.793
42825,1713.000,219,-0.53014,23.31959,1,21,0,0.845,8.793
42826,1713.040,219,-0.52026,23.16732,1,22,0,0.725,8.793
42827,1713.080,219,-0.53191,23.16843,1,21,0,0.729,8.793
42828,1713.120,219,-0.53022,23.04864,1,23,0,0.727,8.793
42829,1713.160,219,-0.54150,22.94755,1,34,0,0.678,8.793
42830,1713.200,219,-0.52945,22.92321,1,23,0,0.762,8.793
42831,1713.240,219,-0.54279,22.84909,1,22,0,0.767,8.793
42832,1713.280,219,-0.53610,22.79191,1,23,0,0.740,8.793
42833,1713.320,219,-0.53558,22.69736,1,40,0,0.672,8.793
42834,1713.360,219,-0.54422,22.67802,1,23,0,0.871,8.793
42835,1713.400,219,-0.53438,22.59651,1,36,0,0.810,8.793
42836,1713.440,219,-0.54062,22.47333,1,22,0,0.750,8.793
42837,1713.480,219,-0.54469,22.44859,1,22,0,0.736,8.793
42838,1713.520,219,-0.55052,22.34212,1,21,0,0.824,8.793
42839,1713.560,219,-0.54386,22.30240,1,22,0,0.822,8.793
42840,1713.600,219,-0.55655,22.24590,1,23,0,0.791,8.793
42841,1713.640,219,-0.55603,22.17042,1,22,0,0.829,8.793
42842,1713.680,219,-0.56334,22.10118,1,22,0,0.750,8.793
42843,1713.720,219,-0.56711,22.05724,1,22,0,0.826,8.793
42844,1713.760,219,-0.56389,21.96740,1,21,0,0.756,8.793
42845,1713.800,219,-0.55702,21.88709,1,22,0,0.870,15.385
42846,1713.840,219,-0.56646,21.81702,1,23,42,0.541,18.573
42847,1713.880,219,-0.56448,21.76316,1,22,0,0.920,8.793
42848,1713.920,219,-0.56199,21.68466,1,35,0,0.828,8.793
42849,1713.960,219,-0.56905,21.64705,1,22,0,0.829,8.793
42850,1714.000,219,-0.57893,21.51778,1,22,0,0.750,51.430
42851,1714.040,219,-0.57251,21.54546,1,36,0,0.867,8.793
42852,1714.080,219,-0.57382,21.41320,1,21,29,0.575,9.788
42853,1714.120,219,-0.57471,21.42703,1,34,0,0.804,8.793
42854,1714.160,219,-0.57922,21.29673,1,21,0,0.677,17.955
42855,1714.200,219,-0.57776,21.24804,1,38,31,0.586,9.728
42856,1714.240,219,-0.58912,21.16678,1,39,0,0.747,14.020
42857,1714.280,219,-0.59140,21.07935,1,39,19,0.676,15.598
42858,1714.320,219,-0.58268,21.00995,1,38,52,0.600,9.897
42859,1714.360,219,-0.58137,20.99880,1,36,0,0.863,9.461
42860,1714.400,219,-0.58711,20.88030,1,38,0,0.775,8.793
42861,1714.440,219,-0.58713,20.83900,1,36,0,0.784,14.697
42862,1714.480,219,-0.59141,20.79620,1,39,0,0.903,8.793
42863,1714.520,219,-0.58627,20.69994,1,38,0,0.842,8.793
42864,1714.560,219,-0.59195,20.64831,1,37,0,0.687,8.793
42865,1714.600,219,-0.59409,20.59123,1,40,0,0.881,8.793
42866,1714.640,219,-0.59297,20.55252,1,37,0,0.850,8.793
42867,1714.680,219,-0.59630,20.45619,1,36,0,0.861,8.793
42868,1714.720,219,-0.59579,20.38141,1,38,0,0.795,11.059
42869,1714.760,219,-0.60320,20.36350,1,36,0,0.827,8.793
42870,1714.800,219,-0.60578,20.27568,1,39,0,0.775,7.565
42871,1714.840,219,-0.60631,20.18357,1,37,0,0.742,8.793
42872,1714.880,219,-0.60989,20.15582,1,37,0,0.793,8.793
42873,1714.920,219,-0.61117,20.04679,1,39,51,0.591,10.493
42874,1714.960,219,-0.61179,19.98559,1,38,0,0.805,8.793
42875,1715.000,219,-0.61143,19.96085,1,38,31,0.705,9.174
42876,1715.040,219,-0.61275,19.89219,1,21,45,0.593,11.485
42877,1715.080,219,-0.61202,19.84937,1,21,45,0.521,9.397
42878,1715.120,219,-0.61306,19.80797,1,39,0,0.828,15.598
42879,1715.160,219,-0.60789,19.73476,1,22,0,0.855,12.386
42880,1715.200,219,-0.61664,19.64875,1,21,24,0.666,8.489
42881,1715.240,219,-0.62007,19.60496,1,21,50,0.629,11.874
42882,1715.280,219,-0.60908,19.55563,1,23,0,0.968,12.688
42883,1715.320,219,-0.62588,19.47831,1,22,39,0.580,12.215
42884,1715.360,219,-0.61989,19.42537,1,22,20,0.677,10.240
42885,1715.400,219,-0.62310,19.37648,1,23,42,0.686,13.333
42886,1715.440,219,-0.62741,19.31145,1,23,0,1.008,14.524
42887,1715.480,219,-0.62809,19.23168,1,25,41,0.705,13.411
42888,1715.520,219,-0.62723,19.16621,1,24,0,0.857,15.362
42889,1715.560,219,-0.63766,19.11407,1,24,38,0.665,17.675
42890,1715.600,219,-0.63135,19.03233,1,24,40,0.667,14.790
42891,1715.640,219,-0.62967,18.98196,1,25,32,0.672,12.691
42892,1715.680,219,-0.63209,18.93228,1,24,54,0.671,15.880
42893,1715.720,219,-0.63534,18.86131,1,25,43,0.680,17.364
42894,1715.760,219,-0.63234,18.79930,1,25,39,0.705,13.987
42895,1715.800,219,-0.63624,18.77173,1,25,0,1.018,14.669
42896,1715.840,219,-0.63474,18.71244,1,26,0,0.765,16.838
42897,1715.880,219,-0.63302,18.63816,1,26,57,0.589,16.706
42898,1715.920,219,-0.63902,18.57562,1,25,0,0.948,12.594
42899,1715.960,219,-0.64491,18.53895,1,26,0,0.775,16.698
42900,1716.000,219,-0.64008,18.46045,1,26,0,0.936,15.169
42901,1716.040,219,-0.64398,18.38702,1,25,0,0.896,14.339
42902,1716.080,219,-0.64438,18.35369,1,27,0,0.815,13.005
42903,1716.120,219,-0.64624,18.26001,1,26,27,0.723,14.903
42904,1716.160,219,-0.64367,18.21775,1,26,0,0.740,8.793
42905,1716.200,219,-0.64629,18.16930,1,27,0,0.858,8.793
42906,1716.240,219,-0.64796,18.09262,1,27,0,0.826,15.438
42907,1716.280,219,-0.64739,18.03891,1,26,0,0.887,8.793
42908,1716.320,219,-0.65254,17.97495,1,27,0,0.905,17.527
42909,1716.360,219,-0.65008,17.90170,1,27,25,0.675,12.748
42910,1716.400,219,-0.64989,17.84795,1,27,27,0.728,15.143
42911,1716.440,219,-0.64898,17.77738,1,27,22,0.835,13.169
42912,1716.480,219,-0.65099,17.72655,1,27,0,0.785,14.095
42913,1716.520,219,-0.65424,17.66645,1,27,25,0.709,13.704
42914,1716.560,219,-0.64728,17.60769,1,27,33,0.744,13.627
42915,1716.600,219,-0.65105,17.55014,1,27,44,0.663,15.995
42916,1716.640,219,-0.65364,17.49056,1,28,32,0.781,14.560
42917,1716.680,219,-0.64570,17.41527,1,27,29,0.492,11.478
42918,1716.720,219,-0.65751,17.36431,1,29,39,0.710,15.580
42919,1716.760,219,-0.65580,17.29172,1,27,35,0.721,13.030
42920,1716.800,219,-0.65445,17.25236,1,27,44,0.532,14.946
42921,1716.840,219,-0.65566,17.19270,1,28,52,0.612,17.495
42922,1716.880,219,-0.66037,17.11248,1,26,45,0.713,14.811
42923,1716.920,219,-0.65901,17.07334,1,28,0,0.906,14.117
42924,1716.960,219,-0.65846,16.99762,1,28,42,0.701,12.253
42925,1717.000,219,-0.65666,16.93423,1,28,42,0.686,15.408
42926,1717.040,219,-0.66315,16.88529,1,26,42,0.719,13.552
42927,1717.080,219,-0.65992,16.82670,1,26,42,0.704,15.842
42928,1717.120,219,-0.67049,16.78363,1,27,0,0.600,18.037
42929,1717.160,219,-0.65798,16.71377,1,27,51,0.614,16.747
42930,1717.200,219,-0.66067,16.65443,1,28,49,0.723,15.434
42931,1717.240,219,-0.66141,16.59187,1,27,48,0.651,14.851
42932,1717.280,219,-0.66127,16.52750,1,27,59,0.784,15.747
42933,1717.320,219,-0.67611,16.46602,1,25,39,0.703,17.795
42934,1717.360,219,-0.65985,16.41478,1,25,54,0.757,15.298
42935,1717.400,219,-0.66444,16.35619,1,26,59,0.773,15.479
42936,1717.440,219,-0.65193,16.30221,1,26,59,0.609,16.490
42937,1717.480,219,-0.66104,16.24260,1,25,60,0.514,18.045
42938,1717.520,219,-0.66141,16.19041,1,25,53,0.600,17.980
42939,1717.560,219,-0.65904,16.12743,1,26,62,0.772,15.503
42940,1717.600,219,-0.65394,16.05625,1,25,62,0.694,14.755
42941,1717.640,219,-0.66130,16.00459,1,24,62,0.617,15.607
42942,1717.680,219,-0.66224,15.94702,1,24,64,0.739,15.486
42943,1717.720,219,-0.66204,15.87666,1,24,65,0.867,14.505
42944,1717.760,219,-0.65776,15.81775,1,24,67,0.811,14.043
42945,1717.800,219,-0.66152,15.75497,1,23,72,0.776,12.532
42946,1717.840,219,-0.66123,15.68604,1,24,72,0.761,12.392
42947,1717.880,219,-0.66234,15.62378,1,25,72,0.770,12.719
42948,1717.920,219,-0.66327,15.55907,1,24,69,0.771,13.170
42949,1717.960,219,-0.66487,15.49925,1,25,69,0.715,11.407
42950,1718.000,219,-0.66459,15.45508,1,24,67,0.795,12.574
42951,1718.040,219,-0.66464,15.39582,1,24,65,0.761,12.414
42952,1718.080,219,-0.66522,15.33132,1,24,72,0.754,12.149
42953,1718.120,219,-0.66568,15.27050,1,24,72,0.706,12.041
42954,1718.160,219,-0.66597,15.21268,1,25,72,0.756,12.095
42955,1718.200,219,-0.66721,15.19137,1,27,58,0.649,14.803
42956,1718.240,219,-0.66333,15.12411,1,26,60,0.686,14.514
42957,1718.280,219,-0.66320,15.08960,1,24,55,0.675,14.701
42958,1718.320,219,-0.66407,15.02624,1,25,60,0.797,14.357
42959,1718.360,219,-0.66314,14.97552,1,25,57,0.625,16.709
42960,1718.400,219,-0.66386,14.89875,1,26,71,0.779,13.169
42961,1718.440,219,-0.66648,14.86929,1,26,62,0.629,16.381
42962,1718.480,219,-0.66299,14.82054,1,26,58,0.689,17.056
42963,1718.520,219,-0.66488,14.74057,1,26,72,0.909,14.355
42964,1718.560,219,-0.66509,14.71083,1,26,58,0.664,18.181
42965,1718.600,219,-0.66610,14.65224,1,25,63,0.686,16.922
42966,1718.640,219,-0.66775,14.62179,1,27,60,0.719,17.767
42967,1718.680,219,-0.66604,14.53393,1,25,72,0.927,14.504
42968,1718.720,219,-0.66843,14.49804,1,27,66,0.760,15.442
42969,1718.760,219,-0.66588,14.44572,1,25,67,0.753,14.924
42970,1718.800,219,-0.66435,14.38679,1,26,63,0.776,16.361
42971,1718.840,219,-0.66971,14.34529,1,28,66,0.641,17.271
42972,1718.880,219,-0.66609,14.28957,1,29,67,0.713,16.590
42973,1718.920,219,-0.66556,14.23499,1,28,66,0.568,18.341
42974,1718.960,219,-0.66371,14.18474,1,29,66,0.701,16.492
42975,1719.000,219,-0.66224,14.12292,1,31,66,0.613,17.199
42976,1719.040,219,-0.66147,14.07286,1,32,63,0.689,16.527
42977,1719.080,219,-0.66789,14.02201,1,30,68,0.782,15.982
42978,1719.120,219,-0.66095,13.97105,1,30,66,0.623,17.916
42979,1719.160,219,-0.66286,13.91874,1,31,67,0.716,17.038
42980,1719.200,219,-0.66195,13.86456,1,31,66,0.634,17.765
42981,1719.240,219,-0.66003,13.81071,1,33,66,0.757,16.324
42982,1719.280,219,-0.65087,13.76273,1,32,63,0.527,16.668
42983,1719.320,219,-0.65638,13.70971,1,32,63,0.666,17.047
42984,1719.360,219,-0.66006,13.64610,1,32,66,0.735,17.346
42985,1719.400,219,-0.66096,13.59715,1,31,65,0.668,16.666
42986,1719.440,219,-0.66033,13.55794,1,33,60,0.657,15.913
42987,1719.480,219,-0.65807,13.49079,1,35,66,0.720,17.198
42988,1719.520,219,-0.65507,13.45030,1,34,64,0.827,16.138
42989,1719.560,219,-0.65823,13.39314,1,35,63,0.741,16.104
42990,1719.600,219,-0.65065,13.34596,1,34,64,0.639,15.806
42991,1719.640,219,-0.66111,13.27268,1,28,53,1.017,14.458
42992,1719.680,219,-0.65686,13.23374,1,28,61,0.664,17.219
42993,1719.720,219,-0.65580,13.18174,1,34,55,0.713,17.749
42994,1719.760,219,-0.65230,13.13587,1,35,60,0.668,16.741
42995,1719.800,219,-0.64980,13.08970,1,36,56,0.624,17.360
42996,1719.840,219,-0.64330,13.04007,1,35,62,0.638,15.594
42997,1719.880,219,-0.65173,12.98611,1,35,60,0.827,16.023
42998,1719.920,219,-0.65458,12.93400,1,35,59,0.742,17.014
42999,1719.960,219,-0.65388,12.88174,1,30,56,0.717,16.083
43000,1720.000,219,-0.65198,12.83868,1,31,56,0.714,16.930
43001,1720.040,219,-0.65176,12.78152,1,29,60,0.653,17.406
43002,1720.080,219,-0.65018,12.73244,1,36,57,0.791,16.866
43003,1720.120,219,-0.64867,12.68483,1,36,59,0.577,16.092
43004,1720.160,219,-0.65372,12.62736,1,29,57,0.755,15.440
43005,1720.200,219,-0.64763,12.58265,1,36,57,0.687,16.067
43006,1720.240,219,-0.64713,12.52582,1,36,65,0.743,16.636
43007,1720.280,219,-0.64774,12.47260,1,37,64,0.679,16.102
43008,1720.320,219,-0.64573,12.43872,1,36,63,0.732,15.932
43009,1720.360,219,-0.64416,12.35405,1,31,62,1.012,13.274
43010,1720.400,219,-0.64791,12.32859,1,30,64,0.753,15.637
43011,1720.440,219,-0.64272,12.27582,1,32,66,0.807,16.066
43012,1720.480,219,-0.64370,12.22035,1,30,66,0.838,16.405
43013,1720.520,219,-0.64157,12.16332,1,34,68,1.096,14.121
43014,1720.560,219,-0.64008,12.11849,1,28,65,0.802,16.517
43015,1720.600,219,-0.64244,12.07667,1,34,64,0.891,15.136
43016,1720.640,219,-0.63684,12.02549,1,35,62,1.010,14.009
43017,1720.680,219,-0.64122,11.97031,1,35,62,0.891,14.928
43018,1720.720,219,-0.63622,11.93228,1,33,63,0.982,14.152
43019,1720.760,219,-0.63617,11.87384,1,34,63,1.089,14.142
43020,1720.800,219,-0.63522,11.81917,1,35,63,1.086,13.841
43021,1720.840,219,-0.63741,11.77208,1,34,63,1.074,13.827
43022,1720.880,219,-0.63732,11.71947,1,31,62,0.927,14.691
43023,1720.920,219,-0.63563,11.66687,1,32,63,1.103,13.309
43024,1720.960,219,-0.63692,11.61919,1,33,66,1.103,12.426
43025,1721.000,219,-0.63342,11.56626,1,32,65,1.109,12.350
43026,1721.040,219,-0.63258,11.51480,1,31,67,1.138,12.466
43027,1721.080,219,-0.63179,11.46658,1,30,65,1.102,12.627
43028,1721.120,219,-0.63103,11.41133,1,32,66,1.024,11.649
43029,1721.160,219,-0.62940,11.36490,1,33,65,1.127,12.074
43030,1721.200,219,-0.62760,11.31168,1,32,67,1.053,11.475
43031,1721.240,219,-0.63018,11.26701,1,35,64,1.044,11.101
43032,1721.280,219,-0.62834,11.20496,1,34,59,0.813,10.324
43033,1721.320,219,-0.62559,11.17674,1,35,61,1.082,11.467
43034,1721.360,219,-0.62874,11.11325,1,33,60,0.848,10.600
43035,1721.400,219,-0.62456,11.05833,1,33,62,0.905,10.955
43036,1721.440,219,-0.62254,11.01632,1,33,59,0.876,10.885
43037,1721.480,219,-0.62286,10.96531,1,36,61,0.856,9.977
43038,1721.520,219,-0.62116,10.91398,1,34,64,0.810,10.437
43039,1721.560,219,-0.61946,10.87323,1,34,64,0.849,10.446
43040,1721.600,219,-0.61751,10.83025,1,34,59,0.705,9.666
43041,1721.640,219,-0.61639,10.78355,1,33,58,0.682,9.304
43042,1721.680,219,-0.61914,10.73698,1,33,57,0.634,9.268
43043,1721.720,219,-0.61664,10.68788,1,34,58,0.771,9.831
43044,1721.760,219,-0.61563,10.64496,1,33,58,0.763,9.877
43045,1721.800,219,-0.61377,10.60101,1,34,61,0.830,9.609
43046,1721.840,219,-0.61126,10.55428,1,34,59,0.710,9.553
43047,1721.880,219,-0.61307,10.50682,1,35,65,0.753,10.145
43048,1721.920,219,-0.61233,10.46467,1,34,60,0.711,9.619
43049,1721.960,219,-0.60752,10.41188,1,34,61,0.738,9.703
43050,1722.000,219,-0.60760,10.36419,1,33,68,0.708,10.074
43051,1722.040,219,-0.60687,10.31919,1,36,65,0.752,9.954
43052,1722.080,219,-0.60678,10.27287,1,34,67,0.704,9.847
43053,1722.120,219,-0.60684,10.23550,1,36,65,0.794,9.454
43054,1722.160,219,-0.60520,10.18974,1,35,70,0.908,10.093
43055,1722.200,219,-0.60295,10.15463,1,36,64,0.986,9.650
43056,1722.240,219,-0.60077,10.10643,1,35,65,0.983,10.147
43057,1722.280,219,-0.60094,10.06701,1,37,66,1.099,9.715
43058,1722.320,219,-0.60152,10.03006,1,38,66,1.141,10.260
43059,1722.360,219,-0.59673,9.98158,1,37,63,1.163,11.205
43060,1722.400,219,-0.59626,9.93521,1,35,67,1.107,10.971
43061,1722.440,219,-0.59475,9.89809,1,36,66,1.210,11.157
43062,1722.480,219,-0.59500,9.85782,1,36,67,1.236,11.438
43063,1722.520,219,-0.59198,9.81686,1,36,67,1.263,11.432
43064,1722.560,219,-0.59124,9.76697,1,35,67,1.294,11.972
43065,1722.600,219,-0.59065,9.72441,1,34,69,1.188,11.608
43066,1722.640,219,-0.58956,9.68567,1,36,69,1.233,11.840
43067,1722.680,219,-0.58771,9.64642,1,39,68,1.242,11.939
43068,1722.720,219,-0.58402,9.60287,1,37,69,1.265,12.212
43069,1722.760,219,-0.58359,9.55766,1,38,70,1.317,12.506
43070,1722.800,219,-0.58559,9.51379,1,37,69,1.251,12.108
43071,1722.840,219,-0.58024,9.46636,1,36,72,1.271,11.867
43072,1722.880,219,-0.57733,9.42056,1,38,72,1.241,11.561
43073,1722.920,219,-0.57744,9.38747,1,39,71,1.273,12.139
43074,1722.960,219,-0.57734,9.34344,1,39,72,1.319,12.470
43075,1723.000,219,-0.57137,9.30036,1,35,69,1.213,12.630
43076,1723.040,219,-0.57482,9.26427,1,36,69,1.233,13.516
43077,1723.080,219,-0.57243,9.18571,1,37,72,0.931,10.101
43078,1723.120,219,-0.57076,9.14222,1,38,72,0.956,10.300
43079,1723.160,219,-0.56836,9.13175,1,41,71,1.328,12.879
43080,1723.200,219,-0.56603,9.06158,1,36,72,1.033,10.347
43081,1723.240,219,-0.56581,9.02204,1,37,72,1.036,10.151
43082,1723.280,219,-0.56259,8.98295,1,37,72,1.148,10.229
43083,1723.320,219,-0.55996,8.95952,1,36,72,1.291,12.261
43084,1723.360,219,-0.55900,8.93557,1,42,70,1.149,13.533
43085,1723.400,219,-0.56097,8.87916,1,42,72,1.356,11.955
43086,1723.440,219,-0.55569,8.80899,1,39,72,0.948,9.733
43087,1723.480,219,-0.55380,8.77527,1,39,72,1.081,9.869
43088,1723.520,219,-0.55488,8.73341,1,37,66,1.044,9.786
43089,1723.560,219,-0.55083,8.69332,1,37,72,1.141,9.840
43090,1723.600,219,-0.54751,8.65295,1,39,72,1.106,10.130
43091,1723.640,219,-0.54861,8.62243,1,41,72,1.145,10.803
43092,1723.680,219,-0.54962,8.54209,0,323,0,64.403,
43093,1723.720,219,-0.54269,8.48142,0,304,0,64.762,
43094,1723.760,219,-0.54549,8.45005,0,307,0,64.285,
43095,1723.800,219,-0.53800,8.44874,0,260,0,57.215,
43096,1723.840,219,-0.53845,8.39878,0,269,0,55.982,
43097,1723.880,219,-0.54075,8.36106,0,298,0,64.360,
43098,1723.920,219,-0.53718,8.35055,0,324,0,72.094,
43099,1723.960,219,-0.52944,8.28759,1,22,66,0.981,9.855
43100,1724.000,219,-0.52995,8.24916,1,26,71,1.298,10.117
43101,1724.040,219,-0.53091,8.19064,0,315,0,64.500,
43102,1724.080,219,-0.53221,8.15652,0,293,0,58.079,
43103,1724.120,219,-0.53800,8.13490,1,28,72,2.315,10.970
43104,1724.160,219,-0.52191,8.05628,1,33,64,2.043,9.692
43105,1724.200,219,-0.52301,8.02583,1,34,67,1.716,9.680
43106,1724.240,219,-0.52148,7.99477,0,282,0,57.414,
43280,1731.200,226,-0.15884,32.92598,1,24,0,0.441,8.793
43282,1731.280,226,-0.16074,32.71673,0,1078,0,85.278,
43283,1731.320,226,-0.16656,32.58091,0,1115,0,81.134,
43284,1731.360,226,-0.17801,32.56568,0,980,0,82.471,
43286,1731.440,226,-0.17252,32.26720,0,1117,0,80.582,
43287,1731.480,226,-0.19547,32.29700,0,1256,0,65.826,
43288,1731.520,226,-0.19129,32.12873,0,1169,0,79.841,
43289,1731.560,226,-0.19554,32.11994,0,1170,0,71.861,
43290,1731.600,226,-0.18354,32.05781,0,940,0,77.790,
43291,1731.640,226,-0.18935,31.92596,0,1143,0,81.021,
43292,1731.680,226,-0.19724,31.89405,0,1107,0,76.078,
43293,1731.720,226,-0.18524,31.86795,0,489,0,69.973,
43294,1731.760,226,-0.21413,31.66107,0,524,0,48.413,
43295,1731.800,226,-0.21220,31.68750,0,1129,0,68.999,
43296,1731.840,226,-0.21791,31.54779,0,1072,0,69.244,
43297,1731.880,226,-0.21919,31.44114,0,1176,0,77.473,
43298,1731.920,226,-0.22865,31.32185,0,918,0,82.114,
43299,1731.960,226,-0.22187,31.33426,0,1117,0,80.801,
43300,1732.000,226,-0.24838,31.13098,0,241,0,30.468,
43301,1732.040,226,-0.24149,31.09889,0,265,0,29.194,
43302,1732.080,226,-0.25060,30.92890,0,232,0,30.579,
43303,1732.120,226,-0.26458,30.74190,0,231,0,30.352,
43304,1732.160,226,-0.27672,30.73362,0,243,0,29.899,
43305,1732.200,226,-0.27422,30.71421,0,217,0,27.979,
43306,1732.240,226,-0.27786,30.65758,0,273,0,28.416,
43307,1732.280,226,-0.27027,30.51851,0,228,0,27.029,
43308,1732.320,226,-0.27880,30.50070,0,274,0,29.346,
43309,1732.360,226,-0.27625,30.48006,0,263,0,28.553,
43310,1732.400,226,-0.28190,30.30964,0,252,0,30.059,
43311,1732.440,226,-0.27775,30.31230,0,270,0,28.847,
43312,1732.480,226,-0.28645,30.15264,0,241,0,30.440,
43313,1732.520,226,-0.29166,30.18962,0,263,0,28.910,
43314,1732.560,226,-0.29379,29.98936,0,0,0,,
43315,1732.600,226,-0.32298,29.94414,0,0,0,,
43316,1732.640,226,-0.28645,29.76441,0,0,0,,
43317,1732.680,226,-0.29456,29.77307,0,0,0,,
43318,1732.720,226,-0.30560,29.62117,0,0,0,,
43319,1732.760,226,-0.31690,29.57221,0,0,0,,
43320,1732.800,226,-0.32055,29.40092,0,0,0,,
43321,1732.840,226,-0.32046,29.39780,0,0,0,,
43322,1732.880,226,-0.32621,29.21889,0,0,0,,
43323,1732.920,226,-0.34262,29.22498,0,277,0,29.550,
43324,1732.960,226,-0.33851,29.22682,0,0,0,,
43325,1733.000,226,-0.33867,29.03908,0,0,0,,
43326,1733.040,226,-0.34946,28.88448,0,0,0,,
43327,1733.080,226,-0.33485,28.89445,0,0,0,,
43328,1733.120,226,-0.34332,28.80874,0,0,0,,
43329,1733.160,226,-0.33621,28.75451,1,29,0,0.726,8.793
43330,1733.200,226,-0.35465,28.64745,1,29,0,0.664,8.793
43331,1733.240,226,-0.34231,28.52168,1,28,0,0.646,8.793
43332,1733.280,226,-0.34486,28.53245,0,0,0,,
43333,1733.320,226,-0.35019,28.35646,0,0,0,,
43334,1733.360,226,-0.36924,28.36883,1,28,0,0.807,17.591
43335,1733.400,226,-0.36156,28.19370,0,213,13,33.352,
43336,1733.440,226,-0.36355,28.19021,0,0,0,,
43337,1733.480,226,-0.36685,28.02139,0,0,0,,
43338,1733.520,226,-0.36057,28.06046,1,28,0,0.663,11.855
43339,1733.560,226,-0.38424,27.89818,0,0,0,,
43340,1733.600,226,-0.37224,27.85673,0,0,0,,
43341,1733.640,226,-0.40115,27.69415,0,0,0,,
43342,1733.680,226,-0.38708,27.66008,0,0,0,,
43343,1733.720,226,-0.38999,27.58703,0,0,0,,
43344,1733.760,226,-0.40320,27.53533,0,251,0,34.598,
43345,1733.800,226,-0.41122,27.37085,0,0,0,,
43346,1733.840,226,-0.40162,27.37036,0,0,0,,
43347,1733.880,226,-0.40438,27.22430,0,0,0,,
43348,1733.920,226,-0.41394,27.24233,0,0,0,,
43349,1733.960,226,-0.41328,27.13341,0,0,0,,
43350,1734.000,226,-0.41394,27.06328,0,0,0,,
43351,1734.040,226,-0.41929,26.93363,0,0,0,,
43352,1734.080,226,-0.42853,26.89820,0,0,0,,
43353,1734.120,226,-0.42904,26.76913,0,0,0,,
43354,1734.160,226,-0.42995,26.74981,0,0,0,,
43355,1734.200,226,-0.43301,26.59802,0,0,0,,
43356,1734.240,226,-0.43882,26.61568,0,0,0,,
43357,1734.280,226,-0.44190,26.44779,0,0,0,,
43358,1734.320,226,-0.44129,26.45566,0,0,0,,
43359,1734.360,226,-0.44260,26.31307,0,0,0,,
43360,1734.400,226,-0.45158,26.29797,0,0,0,,
43361,1734.440,226,-0.46150,26.13755,0,0,0,,
43362,1734.480,226,-0.45934,26.10761,0,0,0,,
43363,1734.520,226,-0.45822,26.02325,0,0,0,,
43364,1734.560,226,-0.46582,25.97436,0,0,0,,
43365,1734.600,226,-0.45546,25.86993,0,0,0,,
43366,1734.640,226,-0.46057,25.74249,0,0,0,,
43367,1734.680,226,-0.45934,25.70654,0,0,0,,
43368,1734.720,226,-0.46189,25.70992,0,0,0,,
43369,1734.760,226,-0.46168,25.61066,0,0,0,,
43370,1734.800,226,-0.46593,25.45391,0,0,0,,
43371,1734.840,226,-0.47070,25.39986,0,0,0,,
43372,1734.880,226,-0.46283,25.27234,0,0,0,,
43373,1734.920,226,-0.46995,25.27369,0,0,0,,
43374,1734.960,226,-0.47291,25.13680,0,0,0,,
43375,1735.000,226,-0.49534,25.13754,0,0,0,,
43376,1735.040,226,-0.48913,25.01938,0,0,0,,
43377,1735.080,226,-0.49162,24.98688,0,0,0,,
43378,1735.120,226,-0.50403,24.89354,0,0,0,,
43379,1735.160,226,-0.48966,24.77807,0,0,0,,
43380,1735.200,226,-0.48364,24.70968,0,0,0,,
43381,1735.240,226,-0.49240,24.58253,0,0,0,,
43382,1735.280,226,-0.48772,24.55890,0,0,0,,
43383,1735.320,226,-0.49152,24.44025,0,0,0,,
43384,1735.360,226,-0.49265,24.40210,0,0,0,,
43385,1735.400,226,-0.49423,24.33414,0,0,0,,
43386,1735.440,226,-0.50795,24.20864,0,0,0,,
43387,1735.480,226,-0.50703,24.15729,0,0,0,,
43388,1735.520,226,-0.50660,24.08032,0,0,0,,
43389,1735.560,226,-0.51619,24.09294,0,0,0,,
43390,1735.600,226,-0.52349,23.93782,0,0,0,,
43391,1735.640,226,-0.51939,23.82021,0,0,0,,
43392,1735.680,226,-0.53211,23.81898,0,0,0,,
43393,1735.720,226,-0.53008,23.70695,0,0,0,,
43394,1735.760,226,-0.53633,23.67860,0,0,0,,
43395,1735.800,226,-0.53343,23.58057,0,0,0,,
43396,1735.840,226,-0.54040,23.44878,0,0,0,,
43397,1735.880,226,-0.53969,23.41221,0,0,0,,
43398,1735.920,226,-0.54573,23.31864,0,0,0,,
43399,1735.960,226,-0.54949,23.31790,0,0,0,,
43400,1736.000,226,-0.55125,23.17983,0,0,0,,
43401,1736.040,226,-0.54534,23.06574,0,0,0,,
43402,1736.080,226,-0.55628,23.03605,0,0,0,,
43403,1736.120,226,-0.55900,22.93279,0,0,0,,
43404,1736.160,226,-0.55697,22.80408,0,0,0,,
43405,1736.200,226,-0.55710,22.83425,0,0,0,,
43406,1736.240,226,-0.55395,22.71614,0,0,0,,
43407,1736.280,226,-0.55591,22.71051,0,0,0,,
43408,1736.320,226,-0.55573,22.58557,0,0,0,,
43409,1736.360,226,-0.56489,22.47480,0,0,0,,
43410,1736.400,226,-0.57306,22.43792,0,0,0,,
43411,1736.440,226,-0.57595,22.36978,0,0,0,,
43412,1736.480,226,-0.57534,22.31225,0,0,0,,
43413,1736.520,226,-0.57674,22.23643,0,0,0,,
43414,1736.560,226,-0.59561,22.14158,0,0,0,,
43415,1736.600,226,-0.58953,22.08853,0,0,0,,
43416,1736.640,226,-0.58513,21.98982,0,0,0,,
43417,1736.680,226,-0.58777,21.91798,0,0,0,,
43418,1736.720,226,-0.60763,21.87972,0,0,0,,
43419,1736.760,226,-0.61571,21.76186,0,0,0,,
43420,1736.800,226,-0.62140,21.64079,0,0,0,,
43421,1736.840,226,-0.60998,21.61448,0,0,0,,
43422,1736.880,226,-0.61586,21.56995,0,0,0,,
43423,1736.920,226,-0.60505,21.45508,0,0,0,,
43424,1736.960,226,-0.61533,21.41578,0,0,0,,
43425,1737.000,226,-0.60489,21.32690,0,0,0,,
43426,1737.040,226,-0.63925,21.27109,0,0,0,,
43427,1737.080,226,-0.61202,21.21912,0,0,0,,
43428,1737.120,226,-0.62077,21.11739,0,0,0,,
43429,1737.160,226,-0.61870,21.00312,0,0,0,,
43430,1737.200,226,-0.62144,21.00165,0,0,0,,
43431,1737.240,226,-0.62109,20.89000,0,0,0,,
43432,1737.280,226,-0.62221,20.78425,0,0,0,,
43433,1737.320,226,-0.62388,20.78887,0,0,0,,
43434,1737.360,226,-0.62128,20.67540,0,0,0,,
43435,1737.400,226,-0.63059,20.57631,0,0,0,,
43436,1737.440,226,-0.63437,20.57033,0,0,0,,
43437,1737.480,226,-0.62520,20.46918,0,0,0,,
43438,1737.520,226,-0.63822,20.36792,0,0,0,,
43439,1737.560,226,-0.63726,20.37128,0,0,0,,
43440,1737.600,226,-0.65023,20.27668,0,0,0,,
43441,1737.640,226,-0.64699,20.20810,0,0,0,,
43442,1737.680,226,-0.64548,20.11122,0,0,0,,
43443,1737.720,226,-0.64810,20.08496,0,0,0,,
43444,1737.760,226,-0.64916,19.95382,0,0,0,,
43445,1737.800,226,-0.65116,19.87572,0,0,0,,
43446,1737.840,226,-0.64790,19.86858,0,0,0,,
43447,1737.880,226,-0.66795,19.75552,0,0,0,,
43448,1737.920,226,-0.66439,19.70276,0,0,0,,
43449,1737.960,226,-0.66080,19.60418,0,0,0,,
43450,1738.000,226,-0.66636,19.56744,0,0,0,,
43451,1738.040,226,-0.66741,19.46985,0,0,0,,
43452,1738.080,226,-0.67165,19.42352,0,0,0,,
43453,1738.120,226,-0.66752,19.37840,0,0,0,,
43454,1738.160,226,-0.66892,19.27446,0,0,0,,
43455,1738.200,226,-0.66791,19.22295,0,0,0,,
43456,1738.240,226,-0.67370,19.13137,0,0,0,,
43457,1738.280,226,-0.66991,19.03359,0,0,0,,
43458,1738.320,226,-0.67892,18.98268,0,0,0,,
43459,1738.360,226,-0.67733,18.93678,0,0,0,,
43460,1738.400,226,-0.67539,18.84455,0,0,0,,
43461,1738.440,226,-0.67970,18.79813,0,0,0,,
43462,1738.480,226,-0.67729,18.74839,0,0,0,,
43463,1738.520,226,-0.67694,18.64040,0,0,0,,
43464,1738.560,226,-0.68356,18.56440,0,0,0,,
43465,1738.600,226,-0.67959,18.47860,0,0,0,,
43466,1738.640,226,-0.68404,18.44577,0,0,0,,
43467,1738.680,226,-0.69002,18.38690,0,0,0,,
43468,1738.720,226,-0.68726,18.29716,0,0,0,,
43469,1738.760,226,-0.69962,18.20890,0,0,0,,
43470,1738.800,226,-0.71054,18.13335,0,0,0,,
43471,1738.840,226,-0.70515,18.13213,0,0,0,,
43472,1738.880,226,-0.70101,18.05056,0,0,0,,
43473,1738.920,226,-0.70431,17.95828,0,0,0,,
43474,1738.960,226,-0.70755,17.87556,0,0,0,,
43475,1739.000,226,-0.70332,17.78734,0,0,0,,
43476,1739.040,226,-0.70651,17.78626,0,0,0,,
43477,1739.080,226,-0.70964,17.70153,0,0,0,,
43478,1739.120,226,-0.70406,17.61925,0,0,0,,
43479,1739.160,226,-0.70953,17.56170,0,0,0,,
43480,1739.200,226,-0.71290,17.47645,0,0,0,,
43481,1739.240,226,-0.70856,17.46314,0,0,0,,
43482,1739.280,226,-0.70953,17.37203,0,0,0,,
43483,1739.320,226,-0.69467,17.31154,0,0,0,,
43484,1739.360,226,-0.69976,17.21444,0,0,0,,
43485,1739.400,226,-0.71228,17.15539,0,0,0,,
43486,1739.440,226,-0.71190,17.10129,0,0,0,,
43487,1739.480,226,-0.71054,17.02953,0,0,0,,
43488,1739.520,226,-0.71603,16.94847,0,0,0,,
43489,1739.560,226,-0.71551,16.90003,0,0,0,,
43490,1739.600,226,-0.71500,16.82607,0,0,0,,
43491,1739.640,226,-0.71540,16.78286,0,0,0,,
43492,1739.680,226,-0.72263,16.70480,0,0,0,,
43493,1739.720,226,-0.72509,16.63662,0,0,0,,
43494,1739.760,226,-0.72673,16.58443,0,0,0,,
43495,1739.800,226,-0.72698,16.50914,0,0,0,,
43496,1739.840,226,-0.72931,16.43157,0,0,0,,
43497,1739.880,226,-0.71304,16.47428,1,28,47,1.284,21.697
43498,1739.920,226,-0.73044,16.37741,1,27,58,0.774,16.090
43499,1739.960,226,-0.72448,16.30557,1,27,50,0.657,14.671
43500,1740.000,226,-0.72954,16.23369,1,26,60,0.813,13.452
43501,1740.040,226,-0.73031,16.14608,1,27,57,0.836,12.309
43502,1740.080,226,-0.73610,16.07417,1,25,51,0.809,12.457
43503,1740.120,226,-0.72924,16.00620,1,26,56,0.800,11.809
43504,1740.160,226,-0.73293,15.95216,1,27,53,0.759,10.836
43505,1740.200,226,-0.73379,15.85875,1,27,45,0.569,9.742
43506,1740.240,226,-0.73878,15.81870,1,25,37,0.734,9.899
43507,1740.280,226,-0.73869,15.73956,1,26,58,0.695,9.569
43508,1740.320,226,-0.73707,15.63860,0,0,0,,
43509,1740.360,226,-0.73211,15.59293,0,0,0,,
43510,1740.400,226,-0.73713,15.52323,0,0,0,,
43511,1740.440,226,-0.73214,15.46914,0,0,0,,
43512,1740.480,226,-0.71522,15.41068,1,0,56,0.556,9.639
43513,1740.520,226,-0.73080,15.35017,0,106,0,21.066,
43514,1740.560,226,-0.72957,15.27068,0,0,0,,
43515,1740.600,226,-0.77414,15.26684,1,0,49,0.662,12.317
43516,1740.640,226,-0.74010,15.17747,1,26,62,0.729,10.149
43517,1740.680,226,-0.74225,15.12811,1,28,52,0.695,11.333
43518,1740.720,226,-0.74215,15.04050,1,27,63,0.702,10.057
43519,1740.760,226,-0.74750,15.00999,1,28,58,0.877,13.150
43520,1740.800,226,-0.74215,14.94203,1,27,61,0.869,12.602
43521,1740.840,226,-0.74300,14.88908,1,28,61,0.908,13.062
43522,1740.880,226,-0.74503,14.83490,1,28,60,0.898,13.387
43523,1740.920,226,-0.74510,14.78079,1,29,59,0.791,16.223
43524,1740.960,226,-0.74608,14.71653,1,29,58,0.696,15.909
43525,1741.000,226,-0.74888,14.65152,1,30,55,0.716,16.478
43526,1741.040,226,-0.74968,14.59548,1,31,58,0.668,16.689
43527,1741.080,226,-0.74666,14.52994,1,31,53,0.770,14.520
43528,1741.120,226,-0.74994,14.46460,1,33,55,0.691,16.941
43529,1741.160,226,-0.75296,14.41057,1,31,59,0.890,16.138
43530,1741.200,226,-0.75184,14.34540,1,32,60,0.730,15.954
43531,1741.240,226,-0.75126,14.26178,1,32,53,0.909,12.710
43532,1741.280,226,-0.75196,14.23327,1,33,62,0.726,17.818
43533,1741.320,226,-0.75097,14.15701,1,28,66,0.842,16.611
43534,1741.360,226,-0.74942,14.10664,1,28,65,0.740,17.478
43535,1741.400,226,-0.75605,14.03511,1,31,55,0.748,17.022
43536,1741.440,226,-0.75054,13.97780,1,32,63,0.709,18.515
43537,1741.480,226,-0.75169,13.91060,1,32,49,0.749,19.432
43538,1741.520,226,-0.75264,13.86447,1,28,56,0.719,17.327
43539,1741.560,226,-0.75076,13.78184,1,27,54,0.834,16.812
43540,1741.600,226,-0.74869,13.73161,1,29,54,0.686,17.926
43541,1741.640,226,-0.75416,13.67178,1,29,55,0.748,18.092
43542,1741.680,226,-0.75207,13.62337,1,32,57,0.631,17.953
43543,1741.720,226,-0.75018,13.55645,1,29,56,0.661,17.867
43544,1741.760,226,-0.75252,13.49517,1,28,56,0.601,18.238
43545,1741.800,226,-0.75369,13.43423,1,30,56,0.677,18.466
43546,1741.840,226,-0.75208,13.37958,1,34,56,0.629,17.456
43547,1741.880,226,-0.75094,13.31342,1,29,61,0.574,18.258
43548,1741.920,226,-0.75180,13.25315,1,32,65,0.590,17.955
43549,1741.960,226,-0.75266,13.19621,1,32,66,0.632,16.994
43550,1742.000,226,-0.75386,13.14144,1,33,65,0.571,17.398
43551,1742.040,226,-0.75342,13.07695,1,32,65,0.663,16.203
43552,1742.080,226,-0.75119,13.01476,1,33,68,0.703,17.400
43553,1742.120,226,-0.74434,12.94582,1,33,68,0.684,17.442
43554,1742.160,226,-0.74867,12.89496,1,33,65,0.659,16.874
43555,1742.200,226,-0.74951,12.83536,1,34,66,0.662,17.682
43556,1742.240,226,-0.74998,12.78247,1,33,64,0.765,16.502
43557,1742.280,226,-0.74620,12.71879,1,30,67,0.796,15.482
43558,1742.320,226,-0.74613,12.66172,1,33,67,0.942,15.448
43559,1742.360,226,-0.74602,12.59504,1,30,72,0.987,15.144
43560,1742.400,226,-0.74787,12.53369,1,29,72,0.956,15.272
43561,1742.440,226,-0.74920,12.48987,1,33,66,0.733,16.359
43562,1742.480,226,-0.74748,12.41369,1,30,72,1.059,14.081
43563,1742.520,226,-0.74603,12.35235,1,29,72,1.043,13.725
43564,1742.560,226,-0.74689,12.29261,1,29,72,1.014,13.615
43565,1742.600,226,-0.74702,12.23058,1,29,72,1.043,13.590
43566,1742.640,226,-0.74765,12.17544,1,29,72,0.996,13.296
43567,1742.680,226,-0.74260,12.11074,1,29,72,1.000,13.539
43568,1742.720,226,-0.74793,12.05593,1,31,72,0.938,13.017
43569,1742.760,226,-0.74508,11.99053,1,30,72,0.911,12.650
43570,1742.800,226,-0.74447,11.93351,1,32,72,0.932,12.677
43571,1742.840,226,-0.74364,11.87354,1,32,72,0.919,12.276
43572,1742.880,226,-0.74319,11.81110,1,29,72,0.784,12.069
43573,1742.920,226,-0.74294,11.75707,1,32,72,0.895,12.128
43574,1742.960,226,-0.74112,11.69985,1,32,72,0.828,11.768
43575,1743.000,226,-0.73920,11.63833,1,32,72,0.867,11.461
43576,1743.040,226,-0.74241,11.58689,1,31,72,0.723,11.197
43577,1743.080,226,-0.74274,11.53107,1,32,72,0.794,11.626
43578,1743.120,226,-0.74072,11.47656,1,32,72,0.868,12.017
43579,1743.160,226,-0.74099,11.42896,1,34,72,0.876,12.276
43580,1743.200,226,-0.73816,11.36673,1,33,72,0.933,12.630
43581,1743.240,226,-0.73684,11.31441,1,33,72,0.927,12.758
43582,1743.280,226,-0.73889,11.26804,1,33,72,1.019,13.005
43583,1743.320,226,-0.73929,11.21454,1,31,72,1.011,12.884
43584,1743.360,226,-0.73539,11.16226,1,30,72,1.088,13.242
43585,1743.400,226,-0.73899,11.10950,1,30,72,1.034,13.066
43586,1743.440,226,-0.73937,11.05597,1,30,72,1.035,13.425
43587,1743.480,226,-0.73595,11.00155,1,32,72,1.065,13.717
43588,1743.520,226,-0.73539,10.95134,1,31,72,1.069,13.677
43589,1743.560,226,-0.73474,10.89899,1,31,72,0.999,14.463
43590,1743.600,226,-0.73174,10.84539,1,32,72,1.009,14.570
43591,1743.640,226,-0.73255,10.80206,1,34,72,1.047,15.287
43592,1743.680,226,-0.73290,10.73999,1,32,72,1.105,14.337
43593,1743.720,226,-0.72956,10.68848,1,34,72,1.104,14.223
43594,1743.760,226,-0.73229,10.63344,1,34,72,1.175,14.263
43595,1743.800,226,-0.72922,10.58456,1,34,72,0.951,15.332
43596,1743.840,226,-0.72822,10.53360,1,32,72,0.942,15.294
43597,1743.880,226,-0.72882,10.47783,1,34,72,0.882,16.132
43598,1743.920,226,-0.72776,10.42596,1,33,72,0.924,15.319
43599,1743.960,226,-0.72555,10.37128,1,34,72,1.169,13.866
43600,1744.000,226,-0.72566,10.32353,1,40,70,0.975,15.267
43601,1744.040,226,-0.71675,10.27288,1,40,71,0.859,15.020
43602,1744.080,226,-0.72399,10.22352,1,40,70,0.875,15.503
43603,1744.120,226,-0.72096,10.14805,1,35,72,1.180,13.294
43604,1744.160,226,-0.71809,10.11811,1,38,70,0.960,15.099
43605,1744.200,226,-0.71944,10.06258,1,41,72,0.995,14.168
43606,1744.240,226,-0.71609,10.00274,1,41,72,1.123,13.120
43607,1744.280,226,-0.71810,9.91464,1,42,63,1.029,10.074
43608,1744.320,226,-0.71841,9.86315,1,38,66,0.952,10.596
43609,1744.360,226,-0.71600,9.80625,1,38,63,0.980,9.699
43610,1744.400,226,-0.71277,9.81051,1,47,67,1.240,14.104
43611,1744.440,226,-0.71719,9.71248,1,41,66,1.019,10.168
43612,1744.480,226,-0.71126,9.69659,1,44,66,1.156,14.249
43613,1744.520,226,-0.70282,9.65164,1,45,67,1.000,15.602
43614,1744.560,226,-0.71263,9.55004,1,38,66,0.844,10.179
43615,1744.600,226,-0.71199,9.50534,1,38,72,0.973,9.745
43616,1744.640,226,-0.71206,9.44899,1,40,72,1.060,10.179
43617,1744.680,226,-0.70890,9.40155,1,43,72,1.001,10.027
43618,1744.720,226,-0.70674,9.35504,1,38,72,1.015,10.096
43619,1744.760,226,-0.70770,9.31483,1,39,72,1.015,10.384
43620,1744.800,226,-0.70756,9.24619,1,36,72,0.893,9.814
43621,1744.840,226,-0.70169,9.20062,1,41,72,1.014,10.287
43622,1744.880,226,-0.70201,9.17692,1,38,72,1.242,13.106
43623,1744.920,226,-0.70141,9.10437,1,39,72,1.160,10.888
43624,1744.960,226,-0.70068,9.05091,1,41,72,1.075,10.117
43625,1745.000,226,-0.69717,9.00661,1,39,72,1.198,11.192
43626,1745.040,226,-0.69446,8.97414,1,42,72,1.366,12.746
43627,1745.080,226,-0.69545,8.90718,1,36,72,1.094,10.127
43628,1745.120,226,-0.69583,8.86219,1,37,72,1.167,10.870
43629,1745.160,226,-0.69497,8.81339,1,44,72,1.175,10.957
43630,1745.200,226,-0.69217,8.75559,1,39,72,0.975,10.056
43631,1745.240,226,-0.69028,8.70801,1,36,72,1.021,10.724
43632,1745.280,226,-0.68852,8.66399,1,43,72,1.140,10.766
43633,1745.320,226,-0.68781,8.61209,1,44,72,1.158,10.589
43634,1745.360,226,-0.68670,8.48556,0,312,0,66.868,
43635,1745.400,226,-0.68571,8.47943,0,336,0,73.326,
43636,1745.440,226,-0.68379,8.42033,0,319,0,66.276,
43637,1745.480,226,-0.68093,8.39250,0,290,0,67.314,
43638,1745.520,226,-0.67534,8.37360,0,328,0,73.833,
43639,1745.560,226,-0.67123,8.32092,1,38,72,0.990,9.952
43640,1745.600,226,-0.66820,8.26777,1,23,72,0.989,9.642
43641,1745.640,226,-0.67297,8.18992,0,326,0,66.898,
43642,1745.680,226,-0.67235,8.14989,0,344,0,66.398,
43643,1745.720,226,-0.66954,8.09942,0,303,0,66.727,
43644,1745.760,226,-0.67414,8.04376,1,31,57,2.003,10.144
43645,1745.800,226,-0.66571,7.94610,0,350,0,72.768,
44800,1792.000,241,-0.10796,33.12623,1,25,0,0.336,8.793
44801,1792.040,241,-0.10525,32.96719,0,313,0,43.178,
44802,1792.080,241,-0.10755,32.92018,0,945,0,53.329,
44804,1792.160,241,-0.12185,32.69900,0,685,0,100.680,
44805,1792.200,241,-0.12631,32.49897,0,329,0,38.015,
44806,1792.240,241,-0.16879,32.48588,0,842,0,57.942,
44807,1792.280,241,-0.12593,32.46416,0,727,0,95.111,
44808,1792.320,241,-0.12604,32.26702,0,355,0,37.191,
44809,1792.360,241,-0.13194,32.25757,0,226,0,42.988,
44810,1792.400,241,-0.14158,32.26613,0,0,0,,
44811,1792.440,241,-0.13566,32.08692,0,0,0,,
44812,1792.480,241,-0.13966,32.07028,0,0,0,,
44813,1792.520,241,-0.15584,32.09463,0,387,0,39.059,
44814,1792.560,241,-0.15586,31.91179,0,132,0,17.001,
44815,1792.600,241,-0.15327,31.85316,0,206,0,19.697,
44816,1792.640,241,-0.16313,31.84127,0,1139,0,74.456,
44817,1792.680,241,-0.16311,31.68449,0,302,0,39.496,
44818,1792.720,241,-0.17008,31.53207,0,322,0,39.088,
44819,1792.760,241,-0.17150,31.49655,0,145,0,22.519,
44820,1792.800,241,-0.18096,31.28250,0,241,0,43.013,
44821,1792.840,241,-0.17551,31.31985,0,870,0,57.948,
44822,1792.880,241,-0.17978,31.09727,0,1197,0,75.268,
44823,1792.920,241,-0.19079,31.10230,0,1073,0,66.465,
44824,1792.960,241,-0.19301,30.86682,0,1029,0,73.655,
44825,1793.000,241,-0.19035,30.89121,0,0,0,,
44826,1793.040,241,-0.19338,30.69542,0,724,0,59.884,
44827,1793.080,241,-0.20402,30.70017,0,177,0,28.251,
44828,1793.120,241,-0.20424,30.62136,0,314,0,37.541,
44829,1793.160,241,-0.20319,30.58177,0,165,0,28.569,
44830,1793.200,241,-0.21815,30.49291,0,29,0,1.729,
44831,1793.240,241,-0.21978,30.51394,0,29,0,1.767,
44832,1793.280,241,-0.21708,30.50921,0,175,0,28.943,
44833,1793.320,241,-0.21798,30.32509,0,26,0,1.481,
44834,1793.360,241,-0.21886,30.26875,0,28,0,1.705,
44835,1793.400,241,-0.22622,30.10993,0,0,0,,
44836,1793.440,241,-0.23050,30.17894,0,1035,0,76.129,
44837,1793.480,241,-0.22201,30.00533,0,30,0,1.873,
44838,1793.520,241,-0.22675,29.92578,0,31,0,1.897,
44839,1793.560,241,-0.22923,29.79920,0,30,0,1.813,
44841,1793.640,241,-0.24867,29.60867,0,189,16,26.208,
44842,1793.680,241,-0.24758,29.59565,0,180,0,22.083,
44843,1793.720,241,-0.24981,29.41860,0,0,0,,
44844,1793.760,241,-0.24545,29.39104,0,29,0,5.754,
44845,1793.800,241,-0.26983,29.21100,0,229,0,38.337,
44846,1793.840,241,-0.27022,29.20252,0,33,0,2.303,
44847,1793.880,241,-0.27055,29.05873,0,245,0,36.882,
44848,1793.920,241,-0.27164,29.04876,0,326,0,32.821,
44849,1793.960,241,-0.27589,28.86186,0,36,0,2.720,
44850,1794.000,241,-0.27672,28.85759,0,23,0,3.881,
44851,1794.040,241,-0.28955,28.77795,0,273,0,34.887,
44852,1794.080,241,-0.28124,28.69740,0,21,0,3.581,
44853,1794.120,241,-0.29421,28.51816,0,34,0,2.465,
44854,1794.160,241,-0.29654,28.52022,0,26,0,1.444,
44855,1794.200,241,-0.29580,28.54812,0,26,0,1.436,
44856,1794.240,241,-0.30592,28.35424,0,24,0,1.311,
44857,1794.280,241,-0.30562,28.17287,0,25,0,1.454,
44858,1794.320,241,-0.30084,28.17426,0,26,0,1.382,
44859,1794.360,241,-0.31602,28.10597,0,24,0,1.350,
44860,1794.400,241,-0.30284,28.01017,0,21,0,1.170,
44861,1794.440,241,-0.30305,28.02729,0,18,0,0.479,
44862,1794.480,241,-0.31646,27.86271,0,0,0,,
44863,1794.520,241,-0.31555,27.88707,0,0,0,,
44864,1794.560,241,-0.31859,27.73215,0,0,0,,
44865,1794.600,241,-0.31281,27.68569,0,0,0,,
44866,1794.640,241,-0.32619,27.57624,0,0,0,,
44867,1794.680,241,-0.32980,27.52745,0,0,0,,
44868,1794.720,241,-0.33289,27.40267,0,0,0,,
44869,1794.760,241,-0.33846,27.36041,0,0,0,,
44870,1794.800,241,-0.34001,27.19764,0,0,0,,
44871,1794.840,241,-0.34068,27.23641,0,0,0,,
44872,1794.880,241,-0.35435,27.06031,1,31,0,0.831,8.793
44873,1794.920,241,-0.35117,27.04433,1,30,0,0.569,8.793
44874,1794.960,241,-0.35843,26.88897,1,32,0,0.817,8.793
44875,1795.000,241,-0.35974,26.78612,1,32,0,0.848,8.793
44876,1795.040,241,-0.36258,26.70280,1,30,0,0.803,8.793
44877,1795.080,241,-0.37085,26.60609,1,31,0,0.763,8.793
44878,1795.120,241,-0.36793,26.57784,1,31,0,0.752,8.793
44879,1795.160,241,-0.37278,26.51995,1,33,0,0.847,19.777
44880,1795.200,241,-0.37380,26.38526,1,32,0,0.753,21.021
44881,1795.240,241,-0.37516,26.28427,1,31,0,0.817,16.488
44882,1795.280,241,-0.37117,26.25971,1,30,0,0.783,8.793
44883,1795.320,241,-0.37985,26.16098,1,31,41,0.587,15.736
44884,1795.360,241,-0.38305,26.15668,1,30,0,0.844,17.329
44885,1795.400,241,-0.38535,25.99149,1,31,0,0.811,15.899
44886,1795.440,241,-0.38888,25.95569,1,29,0,0.657,40.605
44887,1795.480,241,-0.39711,25.83862,1,30,36,0.511,7.137
44888,1795.520,241,-0.39455,25.86604,1,29,0,0.743,13.100
44889,1795.560,241,-0.39229,25.66614,1,32,0,0.799,14.812
44890,1795.600,241,-0.40011,25.64664,1,29,0,0.806,8.793
44891,1795.640,241,-0.40746,25.56539,1,31,0,0.887,14.643
44892,1795.680,241,-0.40223,25.57023,1,30,0,0.794,8.793
44893,1795.720,241,-0.40355,25.45620,1,30,0,0.758,12.084
44894,1795.760,241,-0.40678,25.27012,1,30,0,0.862,8.793
44895,1795.800,241,-0.41405,25.23711,1,30,0,0.756,19.345
44896,1795.840,241,-0.41065,25.26253,1,31,72,0.592,12.799
44897,1795.880,241,-0.40939,25.14158,1,30,0,0.683,8.793
44898,1795.920,241,-0.41897,25.12573,1,31,0,0.803,8.793
44899,1795.960,241,-0.42476,25.01545,1,31,0,0.743,12.732
44900,1796.000,241,-0.43003,24.87271,1,31,0,0.880,11.877
44901,1796.040,241,-0.42438,24.87461,1,30,17,0.726,14.974
44902,1796.080,241,-0.43557,24.67131,1,34,0,0.901,23.506
44903,1796.120,241,-0.44150,24.59954,1,31,51,0.570,17.335
44904,1796.160,241,-0.44022,24.55030,1,33,41,0.641,15.868
44905,1796.200,241,-0.43217,24.51206,1,31,0,0.826,15.251
44906,1796.240,241,-0.44517,24.44206,1,34,27,0.655,16.793
44907,1796.280,241,-0.44536,24.33512,1,33,0,0.810,10.469
44908,1796.320,241,-0.44665,24.25261,1,36,0,0.768,8.793
44909,1796.360,241,-0.45483,24.19077,1,36,0,0.789,8.793
44910,1796.400,241,-0.45772,24.13187,1,34,0,0.754,8.793
44911,1796.440,241,-0.44778,24.00794,1,35,33,0.704,16.141
44912,1796.480,241,-0.45785,23.94067,1,35,26,0.713,14.846
44913,1796.520,241,-0.46123,23.87706,1,40,0,0.799,8.793
44914,1796.560,241,-0.45162,23.82211,1,37,0,0.787,8.793
44915,1796.600,241,-0.46539,23.80499,1,35,0,0.739,8.793
44916,1796.640,241,-0.46013,23.64389,1,39,0,0.689,8.793
44917,1796.680,241,-0.46863,23.56744,1,40,36,0.558,21.251
44918,1796.720,241,-0.47827,23.54857,1,34,21,0.630,12.697
44919,1796.760,241,-0.46388,23.44037,1,38,0,0.727,8.793
44920,1796.800,241,-0.46899,23.40244,1,21,0,0.836,8.793
44921,1796.840,241,-0.47892,23.27133,1,21,0,0.819,8.793
44922,1796.880,241,-0.48304,23.24283,1,21,0,0.808,8.793
44923,1796.920,241,-0.48084,23.16423,1,21,0,0.856,8.793
44924,1796.960,241,-0.48585,23.04477,1,21,0,0.831,8.793
44925,1797.000,241,-0.48494,23.01734,1,22,0,0.816,8.793
44926,1797.040,241,-0.47856,22.94814,1,21,0,0.814,8.793
44927,1797.080,241,-0.48384,22.82809,1,22,0,0.823,8.793
44928,1797.120,241,-0.49859,22.77474,1,22,0,0.698,8.793
44929,1797.160,241,-0.48633,22.70993,1,21,0,0.784,8.793
44930,1797.200,241,-0.50713,22.61834,1,22,0,0.766,8.793
44931,1797.240,241,-0.50284,22.59175,1,34,0,0.799,8.793
44932,1797.280,241,-0.50281,22.44444,1,34,0,0.698,8.793
44933,1797.320,241,-0.50302,22.40027,1,37,0,0.729,8.793
44934,1797.360,241,-0.50441,22.36435,1,22,0,0.717,8.793
44935,1797.400,241,-0.50779,22.22628,1,22,0,0.792,13.368
44936,1797.440,241,-0.51027,22.18883,1,23,0,0.749,8.793
44937,1797.480,241,-0.51097,22.10860,1,22,0,0.774,8.793
44938,1797.520,241,-0.51665,22.05049,1,23,0,0.755,8.793
44939,1797.560,241,-0.52633,21.96789,1,22,0,0.692,8.793
44940,1797.600,241,-0.51890,21.88307,1,21,0,0.792,8.793
44941,1797.640,241,-0.52113,21.82077,1,22,0,0.810,8.793
44942,1797.680,241,-0.51931,21.76053,1,23,0,0.742,8.793
44943,1797.720,241,-0.53440,21.68236,1,23,0,0.877,8.793
44944,1797.760,241,-0.52142,21.61181,1,23,0,0.900,8.793
44945,1797.800,241,-0.52831,21.52108,1,23,0,0.912,8.793
44946,1797.840,241,-0.53137,21.43553,1,23,0,0.886,8.793
44947,1797.880,241,-0.52860,21.38984,1,22,0,0.875,8.793
44948,1797.920,241,-0.53794,21.32805,1,37,0,0.804,8.793
44949,1797.960,241,-0.53073,21.21582,1,22,0,0.887,8.793
44950,1798.000,241,-0.53779,21.17814,1,22,0,0.862,8.793
44951,1798.040,241,-0.53160,21.08460,1,22,0,0.941,8.793
44952,1798.080,241,-0.53834,21.05692,1,22,39,0.680,15.238
44953,1798.120,241,-0.54644,20.96092,1,22,0,0.843,8.793
44954,1798.160,241,-0.53886,20.89807,1,23,0,0.932,8.793
44955,1798.200,241,-0.54327,20.78541,1,22,38,0.653,13.178
44956,1798.240,241,-0.54576,20.74125,1,21,0,0.812,8.793
44957,1798.280,241,-0.53728,20.68486,1,22,36,0.624,12.419
44958,1798.320,241,-0.55577,20.53952,1,21,0,0.902,8.793
44959,1798.360,241,-0.55962,20.50039,1,23,36,0.651,11.896
44960,1798.400,241,-0.55385,20.47497,1,22,36,0.549,10.854
44961,1798.440,241,-0.55473,20.37139,1,40,41,0.694,9.567
44962,1798.480,241,-0.55588,20.34013,1,39,26,0.697,10.376
44963,1798.520,241,-0.55943,20.25106,1,40,0,0.804,15.170
44964,1798.560,241,-0.56127,20.14677,1,38,35,0.710,12.238
44965,1798.600,241,-0.55345,20.15511,1,39,0,0.817,17.062
44966,1798.640,241,-0.56239,20.05133,1,40,30,0.672,14.630
44967,1798.680,241,-0.56404,19.96026,1,38,0,0.773,15.236
44968,1798.720,241,-0.56802,19.84054,1,36,41,0.722,11.198
44969,1798.760,241,-0.56928,19.83899,1,38,0,0.885,14.988
44970,1798.800,241,-0.57180,19.74044,1,40,25,0.731,13.035
44971,1798.840,241,-0.57401,19.70318,1,39,15,0.655,13.053
44972,1798.880,241,-0.57389,19.69589,1,40,0,0.794,8.793
44973,1798.920,241,-0.57704,19.59426,1,40,0,0.756,13.146
44974,1798.960,241,-0.57543,19.51298,1,38,0,0.759,8.793
44975,1799.000,241,-0.58535,19.40677,1,38,32,0.734,9.824
44976,1799.040,241,-0.58132,19.33119,1,38,0,0.859,8.793
44977,1799.080,241,-0.57864,19.31271,1,39,0,0.810,8.793
44978,1799.120,241,-0.58857,19.22129,1,39,0,0.841,5.670
44979,1799.160,241,-0.58274,19.15713,1,40,53,0.662,10.414
44980,1799.200,241,-0.58473,19.07801,1,21,0,0.899,8.793
44981,1799.240,241,-0.58850,19.01293,1,39,31,0.771,9.112
44982,1799.280,241,-0.59152,18.96895,1,21,0,0.896,8.793
44983,1799.320,241,-0.59494,18.90751,1,21,27,0.641,8.649
44984,1799.360,241,-0.59603,18.82110,1,22,0,0.816,8.793
44985,1799.400,241,-0.59975,18.75540,1,22,0,0.783,15.139
44986,1799.440,241,-0.59779,18.67733,1,22,0,0.884,8.793
44987,1799.480,241,-0.60079,18.58185,1,23,42,0.690,10.470
44988,1799.520,241,-0.60190,18.49326,1,24,47,0.688,8.791
44989,1799.560,241,-0.60400,18.46750,1,23,43,0.659,12.060
44990,1799.600,241,-0.60329,18.37465,1,24,43,0.675,11.185
44991,1799.640,241,-0.60948,18.31345,1,24,34,0.697,12.286
44992,1799.680,241,-0.61651,18.29305,1,24,0,0.678,12.388
44993,1799.720,241,-0.60760,18.18622,1,24,49,0.718,14.448
44994,1799.760,241,-0.60794,18.15354,1,25,40,0.728,12.185
44995,1799.800,241,-0.61328,18.07517,1,24,0,0.932,8.793
44996,1799.840,241,-0.60872,17.99872,1,25,40,0.774,12.536
44997,1799.880,241,-0.61248,17.94255,1,25,40,0.725,13.387
44998,1799.920,241,-0.61243,17.84620,1,26,43,0.686,11.715
44999,1799.960,241,-0.61441,17.76118,1,26,43,0.691,13.549
45000,1800.000,241,-0.61718,17.73694,1,26,43,0.669,15.021
45001,1800.040,241,-0.61562,17.66702,1,26,43,0.742,13.182
45002,1800.080,241,-0.61679,17.62046,1,26,41,0.734,15.276
45003,1800.120,241,-0.62049,17.51874,1,26,41,0.732,14.895
45004,1800.160,241,-0.61995,17.49630,1,26,0,0.710,15.413
45005,1800.200,241,-0.63142,17.43125,1,26,0,0.751,15.498
45006,1800.240,241,-0.62206,17.34811,1,27,0,0.873,16.200
45007,1800.280,241,-0.62445,17.27192,1,27,0,0.811,8.793
45008,1800.320,241,-0.62612,17.19326,1,27,0,0.841,8.793
45009,1800.360,241,-0.62371,17.18265,1,28,0,0.858,8.793
45010,1800.400,241,-0.62451,17.09871,1,29,0,0.901,17.706
45011,1800.440,241,-0.62524,17.03257,1,29,0,0.934,14.361
45012,1800.480,241,-0.62941,16.95620,1,29,0,0.841,17.072
45013,1800.520,241,-0.63108,16.89267,1,28,0,0.990,13.713
45014,1800.560,241,-0.63051,16.79440,1,29,30,0.876,14.118
45015,1800.600,241,-0.63078,16.74720,1,30,30,0.860,13.787
45016,1800.640,241,-0.63200,16.69700,1,29,0,0.904,12.757
45017,1800.680,241,-0.63041,16.64435,1,28,26,0.840,13.237
45018,1800.720,241,-0.63270,16.55924,1,29,23,0.773,12.022
45019,1800.760,241,-0.63338,16.49830,1,30,40,0.659,15.119
45020,1800.800,241,-0.63368,16.42718,1,30,24,0.869,13.356
45021,1800.840,241,-0.63546,16.36577,1,32,33,0.857,13.956
45022,1800.880,241,-0.63457,16.29759,1,29,34,0.837,13.547
45023,1800.920,241,-0.64067,16.23218,1,29,36,0.721,12.833
45024,1800.960,241,-0.64036,16.16639,1,29,40,0.642,16.167
45025,1801.000,241,-0.64592,16.10525,1,30,54,0.557,16.201
45026,1801.040,241,-0.63669,16.05157,1,30,41,0.716,14.331
45027,1801.080,241,-0.64474,15.99806,1,31,33,0.779,14.280
45028,1801.120,241,-0.64483,15.89428,1,30,44,0.803,14.413
45029,1801.160,241,-0.64139,15.82159,1,29,46,0.828,13.739
45030,1801.200,241,-0.64385,15.76450,1,29,56,0.727,17.078
45031,1801.240,241,-0.64935,15.70804,1,29,49,0.629,15.799
45032,1801.280,241,-0.64379,15.65758,1,29,46,0.766,14.852
45033,1801.320,241,-0.64826,15.57402,1,29,52,0.797,15.882
45034,1801.360,241,-0.64214,15.52626,1,29,48,0.867,14.820
45035,1801.400,241,-0.64604,15.44422,1,28,50,0.783,14.685
45036,1801.440,241,-0.64584,15.39055,1,28,50,0.827,14.706
45037,1801.480,241,-0.64183,15.33056,1,29,56,0.815,15.119
45038,1801.520,241,-0.64952,15.25790,1,28,66,0.739,16.834
45039,1801.560,241,-0.64943,15.19682,1,28,53,0.619,16.795
45040,1801.600,241,-0.64585,15.13185,1,29,62,0.784,17.121
45041,1801.640,241,-0.64942,15.06352,1,29,58,0.641,16.566
45042,1801.680,241,-0.64982,14.99632,1,28,61,0.762,17.110
45043,1801.720,241,-0.64952,14.90627,1,27,57,0.918,13.931
45044,1801.760,241,-0.65225,14.87614,1,25,61,0.734,15.499
45045,1801.800,241,-0.65102,14.79127,1,27,70,0.899,14.558
45046,1801.840,241,-0.65218,14.73566,1,24,72,0.900,14.436
45047,1801.880,241,-0.65194,14.68702,1,24,60,0.695,16.917
45048,1801.920,241,-0.65349,14.62963,1,27,64,0.603,17.469
45049,1801.960,241,-0.65342,14.53890,1,24,72,0.888,13.860
45050,1802.000,241,-0.65664,14.48050,1,25,68,0.757,15.187
45051,1802.040,241,-0.65585,14.42935,1,25,64,0.713,15.700
45052,1802.080,241,-0.65647,14.36732,1,26,60,0.767,15.037
45053,1802.120,241,-0.65617,14.32053,1,26,60,0.761,15.626
45054,1802.160,241,-0.65875,14.24905,1,27,59,0.830,15.216
45055,1802.200,241,-0.65947,14.17483,1,25,59,0.729,16.102
45056,1802.240,241,-0.65298,14.11183,1,28,67,0.798,14.251
45057,1802.280,241,-0.65609,14.04896,1,27,60,0.742,14.025
45058,1802.320,241,-0.65735,13.96726,1,28,66,0.845,12.335
45059,1802.360,241,-0.65559,13.89805,1,29,72,0.718,13.131
45060,1802.400,241,-0.65807,13.85543,1,29,59,0.797,13.541
45061,1802.440,241,-0.65682,13.77355,1,28,69,0.756,11.467
45062,1802.480,241,-0.65858,13.71395,1,29,72,0.778,11.889
45063,1802.520,241,-0.65967,13.66588,1,26,72,0.764,11.678
45064,1802.560,241,-0.66066,13.59185,1,28,72,0.795,11.863
45065,1802.600,241,-0.65896,13.52725,1,26,72,0.825,12.053
45066,1802.640,241,-0.66058,13.46799,1,27,72,0.824,12.460
45067,1802.680,241,-0.66131,13.41157,1,28,68,0.895,12.771
45068,1802.720,241,-0.66165,13.35597,1,30,70,0.879,12.664
45069,1802.760,241,-0.66142,13.29867,1,29,72,0.837,12.552
45070,1802.800,241,-0.65435,13.26453,1,28,63,0.851,13.448
45071,1802.840,241,-0.66093,13.19012,1,28,72,0.913,13.223
45072,1802.880,241,-0.66069,13.12734,1,28,72,0.885,13.378
45073,1802.920,241,-0.65812,13.07285,1,29,72,0.926,13.302
45074,1802.960,241,-0.65901,13.01585,1,30,69,0.945,13.668
45075,1803.000,241,-0.66077,12.96030,1,28,72,0.985,13.780
45076,1803.040,241,-0.65794,12.90062,1,28,72,0.879,14.193
45077,1803.080,241,-0.66163,12.84665,1,29,72,0.967,13.509
45078,1803.120,241,-0.66373,12.78772,1,28,72,0.962,13.485
45079,1803.160,241,-0.66240,12.72840,1,29,72,0.992,13.845
45080,1803.200,241,-0.66027,12.67264,1,29,72,0.992,13.866
45081,1803.240,241,-0.65846,12.61563,1,30,72,0.986,14.219
45082,1803.280,241,-0.65831,12.55911,1,28,72,0.927,14.938
45083,1803.320,241,-0.66178,12.50455,1,30,72,1.053,13.946
45084,1803.360,241,-0.65734,12.43828,1,29,72,0.973,13.702
45085,1803.400,241,-0.65790,12.37986,1,29,72,1.018,14.041
45086,1803.440,241,-0.65718,12.32284,1,29,72,0.961,15.187
45087,1803.480,241,-0.65655,12.26747,1,29,72,0.967,14.560
45088,1803.520,241,-0.65931,12.21501,1,34,69,0.866,15.461
45089,1803.560,241,-0.65617,12.15566,1,29,72,0.984,14.418
45090,1803.600,241,-0.65813,12.11510,1,34,68,0.843,15.532
45091,1803.640,241,-0.65825,12.04848,1,30,68,0.846,15.202
45092,1803.680,241,-0.65861,11.99041,1,36,68,0.881,15.338
45093,1803.720,241,-0.65527,11.93958,1,36,68,0.947,14.435
45094,1803.760,241,-0.66098,11.87652,1,35,68,0.864,14.742
45095,1803.800,241,-0.65936,11.82215,1,35,68,0.757,15.413
45096,1803.840,241,-0.65594,11.75842,1,29,69,0.837,15.323
45097,1803.880,241,-0.66113,11.71149,1,34,68,0.721,16.168
45098,1803.920,241,-0.65902,11.65270,1,34,69,0.773,15.216
45099,1803.960,241,-0.65732,11.59781,1,39,67,0.817,15.706
45100,1804.000,241,-0.65199,11.53816,1,35,67,0.794,15.063
45101,1804.040,241,-0.65233,11.48491,1,38,67,0.906,15.134
45102,1804.080,241,-0.65854,11.42770,1,38,69,0.863,15.176
45103,1804.120,241,-0.65945,11.35314,1,36,61,0.709,16.658
45104,1804.160,241,-0.65323,11.30964,1,31,69,0.799,15.368
45105,1804.200,241,-0.64657,11.25835,1,37,63,0.585,15.793
45106,1804.240,241,-0.65620,11.21129,1,40,61,0.796,15.548
45107,1804.280,241,-0.65506,11.14870,1,39,59,0.735,15.909
45108,1804.320,241,-0.65412,11.08956,1,37,63,0.762,15.101
45109,1804.360,241,-0.65592,11.03478,1,32,62,0.722,15.403
45110,1804.400,241,-0.65403,10.97856,1,33,59,0.714,16.171
45111,1804.440,241,-0.65318,10.92587,1,40,62,0.741,16.603
45112,1804.480,241,-0.65147,10.87405,1,41,59,0.815,15.658
45113,1804.520,241,-0.65380,10.81953,1,41,64,0.825,15.037
45114,1804.560,241,-0.65133,10.75030,1,38,62,0.785,16.070
45115,1804.600,241,-0.65247,10.70710,1,40,66,0.770,15.686
45116,1804.640,241,-0.65164,10.64979,1,33,61,0.793,15.927
45117,1804.680,241,-0.65006,10.59733,1,40,65,0.834,15.033
45118,1804.720,241,-0.64931,10.54168,1,37,67,0.951,14.725
45119,1804.760,241,-0.64894,10.47557,1,34,65,0.888,15.304
45120,1804.800,241,-0.64765,10.41729,1,36,68,1.056,13.876
45121,1804.840,241,-0.64544,10.37468,1,40,66,0.872,15.291
45122,1804.880,241,-0.64797,10.30797,1,40,67,0.979,14.916
45123,1804.920,241,-0.64971,10.24898,1,41,69,1.163,13.097
45124,1804.960,241,-0.64636,10.19462,1,34,69,1.143,13.022
45125,1805.000,241,-0.64674,10.13520,1,40,69,1.208,12.936
45126,1805.040,241,-0.64550,10.03376,1,33,72,0.798,9.653
45127,1805.080,241,-0.64434,10.02869,1,38,69,1.175,12.969
45128,1805.120,241,-0.64307,9.96675,1,42,72,1.189,12.821
45129,1805.160,241,-0.64257,9.91872,1,41,67,1.178,12.913
45130,1805.200,241,-0.64300,9.84009,1,34,72,1.078,10.789
45131,1805.240,241,-0.63920,9.80407,1,37,70,1.166,12.658
45132,1805.280,241,-0.63956,9.75307,1,39,68,1.216,12.791
45133,1805.320,241,-0.64138,9.69764,1,40,69,1.211,12.639
45134,1805.360,241,-0.64098,9.64510,1,40,70,1.260,12.536
45135,1805.400,241,-0.63603,9.59670,1,44,66,1.319,12.925
45136,1805.440,241,-0.63630,9.51506,1,38,72,1.041,9.739
45137,1805.480,241,-0.63301,9.48738,1,37,72,1.335,11.986
45138,1805.520,241,-0.63439,9.42761,1,40,68,1.223,11.989
45139,1805.560,241,-0.63494,9.37440,1,39,71,1.229,11.359
45140,1805.600,241,-0.63256,9.32559,1,39,69,1.270,11.874
45141,1805.640,241,-0.63036,9.27114,1,40,67,1.265,11.816
45142,1805.680,241,-0.63225,9.21979,1,40,68,1.233,11.219
45143,1805.720,241,-0.62840,9.16937,1,37,69,1.278,11.313
45144,1805.760,241,-0.62689,9.11451,1,41,67,1.312,11.170
45145,1805.800,241,-0.62678,9.06273,1,41,68,1.206,10.817
45146,1805.840,241,-0.62667,8.99689,1,41,72,1.091,10.088
45147,1805.880,241,-0.62512,8.95596,1,37,68,1.225,10.676
45148,1805.920,241,-0.62373,8.89931,1,41,70,1.182,10.083
45149,1805.960,241,-0.62136,8.84236,1,37,72,1.001,9.942
45150,1806.000,241,-0.62054,8.80016,1,38,65,1.189,10.580
45151,1806.040,241,-0.62341,8.73673,1,40,70,1.002,10.107
45152,1806.080,241,-0.62266,8.68382,1,38,66,0.988,10.327
45153,1806.120,241,-0.62056,8.62748,1,39,66,0.817,10.244
45154,1806.160,241,-0.62330,8.57039,0,323,0,64.326,
45155,1806.200,241,-0.61661,8.47390,0,307,0,65.396,
45156,1806.240,241,-0.61708,8.45729,0,303,0,64.735,
45157,1806.280,241,-0.61437,8.41898,0,270,0,56.567,
45158,1806.320,241,-0.61518,8.37410,0,275,0,56.895,
45159,1806.360,241,-0.61774,8.34402,0,265,0,56.730,
45160,1806.400,241,-0.61301,8.27933,1,27,64,1.062,9.701
45161,1806.440,241,-0.61164,8.20779,0,283,0,57.813,
45162,1806.480,241,-0.60945,8.16318,0,322,0,64.459,
45163,1806.520,241,-0.60897,8.16288,1,32,68,2.223,9.550
45164,1806.560,241,-0.60437,8.05837,1,32,66,1.363,9.604
45165,1806.600,241,-0.60585,7.98678,0,291,0,57.510,
47720,1908.800,254,-0.13812,32.93694,1,24,0,0.940,8.793
47721,1908.840,254,-0.14197,32.97998,0,970,0,73.734,
47724,1908.960,254,-0.16932,32.68862,0,1020,0,80.669,
47725,1909.000,254,-0.16140,32.45963,0,988,0,67.892,
47726,1909.040,254,-0.17175,32.28492,0,1030,0,65.823,
47727,1909.080,254,-0.17560,32.34351,0,187,0,32.597,
47728,1909.120,254,-0.17697,32.29646,0,179,0,33.583,
47729,1909.160,254,-0.17048,32.31436,0,228,0,30.331,
47730,1909.200,254,-0.17416,32.08341,0,172,0,33.990,
47731,1909.240,254,-0.17927,32.04565,0,1014,0,74.096,
47732,1909.280,254,-0.18659,32.03755,0,239,0,29.437,
47733,1909.320,254,-0.18811,31.90304,0,183,0,32.951,
47734,1909.360,254,-0.19023,31.85663,0,185,0,33.222,
47735,1909.400,254,-0.19004,31.85718,0,192,0,32.919,
47736,1909.440,254,-0.20081,31.73235,0,226,0,30.763,
47738,1909.520,254,-0.20733,31.53344,0,281,0,29.565,
47739,1909.560,254,-0.21721,31.44480,0,224,0,31.559,
47740,1909.600,254,-0.21469,31.32032,0,217,0,31.978,
47741,1909.640,254,-0.22021,31.27351,0,216,0,31.811,
47742,1909.680,254,-0.22592,31.12951,0,211,0,31.993,
47743,1909.720,254,-0.23838,31.07018,0,204,0,32.274,
47744,1909.760,254,-0.23314,30.88529,0,252,0,29.735,
47745,1909.800,254,-0.23595,30.71108,0,261,0,29.452,
47746,1909.840,254,-0.25740,30.69155,0,265,0,29.107,
47747,1909.880,254,-0.24269,30.69058,0,233,0,30.620,
47748,1909.920,254,-0.24358,30.49362,0,251,0,29.524,
47749,1909.960,254,-0.23921,30.46963,0,255,0,29.313,
47750,1910.000,254,-0.25829,30.54040,0,197,0,33.034,
47751,1910.040,254,-0.25949,30.47524,0,194,0,33.244,
47752,1910.080,254,-0.27156,30.35012,0,218,0,34.866,
47753,1910.120,254,-0.27232,30.30526,0,261,0,29.740,
47754,1910.160,254,-0.29510,30.13758,0,202,0,32.696,
47756,1910.240,254,-0.26331,29.98646,0,216,0,32.871,
47757,1910.280,254,-0.26694,29.95950,0,222,0,32.389,
47758,1910.320,254,-0.26144,29.76894,0,227,0,32.038,
47759,1910.360,254,-0.27270,29.76055,0,222,0,32.138,
47760,1910.400,254,-0.30408,29.61417,0,232,0,31.802,
47761,1910.440,254,-0.28963,29.58092,0,235,0,31.791,
47762,1910.480,254,-0.29374,29.51811,0,254,0,33.498,
47763,1910.520,254,-0.29304,29.42848,0,257,0,30.383,
47764,1910.560,254,-0.30501,29.24109,0,218,0,32.735,
47765,1910.600,254,-0.30650,29.24453,0,204,0,32.890,
47766,1910.640,254,-0.32914,29.19267,0,192,0,33.629,
47767,1910.680,254,-0.30788,29.05156,0,250,0,30.799,
47768,1910.720,254,-0.31612,28.97414,0,203,0,32.854,
47769,1910.760,254,-0.32696,28.88010,0,274,0,29.609,
47770,1910.800,254,-0.33626,28.87224,0,272,0,29.393,
47771,1910.840,254,-0.32838,28.69851,0,258,0,30.056,
47772,1910.880,254,-0.33757,28.70679,0,0,0,,
47773,1910.920,254,-0.34734,28.53334,0,0,0,,
47774,1910.960,254,-0.33824,28.52701,0,0,0,,
47775,1911.000,254,-0.35104,28.40208,1,27,0,0.737,22.803
47776,1911.040,254,-0.34309,28.31103,1,28,0,0.692,8.793
47777,1911.080,254,-0.34744,28.21925,1,29,0,0.646,14.531
47778,1911.120,254,-0.35204,28.16493,1,27,0,0.676,20.244
47779,1911.160,254,-0.36404,28.07140,1,28,15,0.573,10.887
47780,1911.200,254,-0.37008,27.96518,1,28,0,0.714,14.220
47781,1911.240,254,-0.37087,27.90702,1,29,0,0.689,16.079
47782,1911.280,254,-0.37248,27.87653,1,30,0,0.524,8.793
47783,1911.320,254,-0.37786,27.78303,1,30,51,0.582,14.733
47784,1911.360,254,-0.36981,27.71823,1,30,0,0.851,36.066
47785,1911.400,254,-0.38273,27.55615,1,30,37,0.628,15.294
47786,1911.440,254,-0.38530,27.56269,1,31,0,0.807,19.636
47787,1911.480,254,-0.39957,27.37152,1,30,0,0.780,17.919
47788,1911.520,254,-0.39031,27.36670,1,30,18,0.674,12.330
47789,1911.560,254,-0.40021,27.30093,1,31,0,0.789,8.793
47790,1911.600,254,-0.40257,27.21851,0,0,0,,
47791,1911.640,254,-0.40256,27.13654,0,0,0,,
47792,1911.680,254,-0.40352,27.05811,0,0,0,,
47793,1911.720,254,-0.39543,26.97202,0,0,0,,
47794,1911.760,254,-0.41547,26.94696,1,38,0,0.820,8.793
47795,1911.800,254,-0.39961,26.87936,1,38,0,0.846,8.793
47796,1911.840,254,-0.41581,26.78955,1,37,0,0.771,8.793
47797,1911.880,254,-0.42659,26.63297,1,39,0,0.891,8.793
47798,1911.920,254,-0.42014,26.62263,1,40,0,0.726,8.793
47799,1911.960,254,-0.42608,26.62752,1,21,0,0.938,8.793
47800,1912.000,254,-0.43214,26.47124,1,36,0,0.795,8.793
47801,1912.040,254,-0.43400,26.32987,1,38,0,0.903,8.793
47802,1912.080,254,-0.43555,26.31548,1,38,0,0.714,8.793
47803,1912.120,254,-0.43873,26.16065,1,29,0,0.729,8.793
47804,1912.160,254,-0.44114,26.15619,1,39,0,0.795,8.793
47805,1912.200,254,-0.44831,26.00564,1,36,0,0.948,8.793
47806,1912.240,254,-0.44285,25.99696,1,39,0,0.745,8.793
47807,1912.280,254,-0.44234,25.93377,1,37,0,0.891,8.793
47808,1912.320,254,-0.44461,25.90128,1,30,0,0.675,8.793
47809,1912.360,254,-0.46765,25.70392,1,37,0,0.866,8.793
47810,1912.400,254,-0.45851,25.69671,1,36,0,0.841,24.270
47811,1912.440,254,-0.46039,25.60038,1,36,0,0.859,8.793
47812,1912.480,254,-0.46499,25.61027,1,36,0,0.829,8.793
47813,1912.520,254,-0.46432,25.44188,1,34,0,0.818,8.793
47814,1912.560,254,-0.47960,25.46226,1,36,0,0.734,8.793
47815,1912.600,254,-0.48361,25.27552,1,35,40,0.615,13.303
47816,1912.640,254,-0.48250,25.23448,1,34,0,0.843,18.245
47817,1912.680,254,-0.48547,25.13535,1,33,0,0.820,8.793
47818,1912.720,254,-0.48479,25.15958,1,32,0,0.836,23.542
47819,1912.760,254,-0.48870,24.97003,1,32,0,0.824,14.827
47820,1912.800,254,-0.48818,24.91823,1,32,0,0.870,8.793
47821,1912.840,254,-0.48840,24.88809,1,33,13,0.737,14.612
47822,1912.880,254,-0.48939,24.85484,1,32,0,0.885,8.793
47823,1912.920,254,-0.49925,24.76133,1,31,0,0.702,8.793
47824,1912.960,254,-0.49655,24.63322,1,32,0,0.719,8.793
47825,1913.000,254,-0.51707,24.61446,1,31,0,0.724,8.793
47826,1913.040,254,-0.51690,24.48471,1,33,0,0.696,8.793
47827,1913.080,254,-0.51692,24.45635,1,32,0,0.733,8.793
47828,1913.120,254,-0.51654,24.34824,1,32,0,0.727,8.793
47829,1913.160,254,-0.51081,24.24425,1,34,0,0.780,8.793
47830,1913.200,254,-0.52508,24.16721,1,37,0,0.857,8.793
47831,1913.240,254,-0.51835,24.10097,1,36,0,0.868,8.793
47832,1913.280,254,-0.52129,24.03233,1,37,0,0.786,8.793
47833,1913.320,254,-0.52072,23.96662,1,36,0,0.835,13.257
47834,1913.360,254,-0.52763,23.88976,1,38,0,0.909,8.793
47835,1913.400,254,-0.52980,23.80653,1,39,0,0.846,8.793
47836,1913.440,254,-0.52802,23.67992,1,40,0,0.783,8.793
47837,1913.480,254,-0.53164,23.68136,1,39,0,0.815,8.793
47838,1913.520,254,-0.53776,23.53832,1,21,0,0.822,8.793
47839,1913.560,254,-0.53240,23.50207,1,23,0,0.816,8.793
47840,1913.600,254,-0.53399,23.45681,1,40,0,0.828,8.793
47841,1913.640,254,-0.53788,23.32197,1,21,0,0.898,8.793
47842,1913.680,254,-0.54335,23.30153,1,22,0,0.760,8.793
47843,1913.720,254,-0.55101,23.18409,1,23,0,0.749,8.793
47844,1913.760,254,-0.55762,23.09020,1,21,0,0.875,8.793
47845,1913.800,254,-0.55677,23.04208,1,22,0,0.827,8.793
47846,1913.840,254,-0.55900,22.95864,1,33,0,0.768,8.793
47847,1913.880,254,-0.55030,22.95718,1,22,0,0.727,8.793
47848,1913.920,254,-0.56333,22.79429,1,22,0,0.943,8.793
47849,1913.960,254,-0.56130,22.81199,1,23,0,0.815,8.793
47850,1914.000,254,-0.57176,22.69672,1,21,0,0.889,8.793
47851,1914.040,254,-0.56207,22.64751,1,23,0,0.744,8.793
47852,1914.080,254,-0.57020,22.57641,1,22,0,0.719,8.793
47853,1914.120,254,-0.57439,22.45557,1,22,0,0.829,11.068
47854,1914.160,254,-0.56950,22.35525,1,21,41,0.507,18.225
47855,1914.200,254,-0.57230,22.35880,1,22,0,0.807,8.793
47856,1914.240,254,-0.57853,22.22297,1,22,0,0.778,19.567
47857,1914.280,254,-0.57090,22.22183,1,40,0,0.771,18.785
47858,1914.320,254,-0.58056,22.12758,1,40,35,0.737,17.765
47859,1914.360,254,-0.59788,22.01401,1,21,0,0.748,17.610
47860,1914.400,254,-0.58748,21.99850,1,21,0,0.798,21.019
47861,1914.440,254,-0.58640,21.89967,1,37,0,0.770,20.794
47862,1914.480,254,-0.58102,21.85217,1,38,0,0.764,20.607
47863,1914.520,254,-0.58737,21.79528,0,0,0,,
47864,1914.560,254,-0.59312,21.64597,0,0,0,,
47865,1914.600,254,-0.59471,21.65602,0,0,0,,
47866,1914.640,254,-0.58421,21.55198,0,0,0,,
47867,1914.680,254,-0.58054,21.43656,0,0,0,,
47868,1914.720,254,-0.58614,21.37888,0,0,0,,
47869,1914.760,254,-0.59171,21.32875,0,0,0,,
47870,1914.800,254,-0.59442,21.24106,0,101,0,25.091,
47871,1914.840,254,-0.59549,21.21745,0,0,0,,
47872,1914.880,254,-0.59315,21.10480,0,104,0,25.116,
47873,1914.920,254,-0.60315,21.00215,0,105,0,25.240,
47874,1914.960,254,-0.60782,20.99542,0,0,0,,
47875,1915.000,254,-0.60536,20.88668,0,106,0,25.142,
47876,1915.040,254,-0.60626,20.78561,0,107,0,25.249,
47877,1915.080,254,-0.60520,20.82035,0,0,0,,
47878,1915.120,254,-0.60483,20.67012,0,105,0,25.269,
47879,1915.160,254,-0.61306,20.65362,0,102,0,24.575,
47880,1915.200,254,-0.61324,20.59121,0,0,0,,
47881,1915.240,254,-0.60719,20.46416,0,101,0,24.713,
47882,1915.280,254,-0.60755,20.42891,0,106,0,25.619,
47883,1915.320,254,-0.61011,20.30360,0,109,0,25.717,
47884,1915.360,254,-0.61216,20.26916,0,109,0,25.881,
47885,1915.400,254,-0.61187,20.18588,0,111,0,26.144,
47886,1915.440,254,-0.61930,20.17002,0,109,0,25.899,
47887,1915.480,254,-0.62798,20.06330,0,106,0,25.398,
47888,1915.520,254,-0.62513,19.95973,0,105,0,25.059,
47889,1915.560,254,-0.62959,19.92950,0,128,0,23.741,
47890,1915.600,254,-0.63634,19.86250,0,119,0,24.248,
47891,1915.640,254,-0.62539,19.76505,0,104,0,25.226,
47892,1915.680,254,-0.63038,19.75145,0,105,0,25.402,
47893,1915.720,254,-0.63690,19.65199,0,114,0,27.098,
47894,1915.760,254,-0.63795,19.61437,0,0,0,,
47895,1915.800,254,-0.64090,19.51413,0,102,0,25.150,
47896,1915.840,254,-0.65217,19.45406,0,105,0,25.577,
47897,1915.880,254,-0.65473,19.37030,0,103,0,25.450,
47898,1915.920,254,-0.65637,19.31233,0,103,0,25.380,
47899,1915.960,254,-0.65107,19.21989,0,105,0,25.653,
47900,1916.000,254,-0.63823,19.16418,0,106,0,25.842,
47901,1916.040,254,-0.65069,19.11624,0,106,0,25.818,
47902,1916.080,254,-0.65807,19.03241,0,105,0,25.764,
47903,1916.120,254,-0.65304,18.97581,0,105,0,25.748,
47904,1916.160,254,-0.66906,18.93174,0,109,0,26.360,
47905,1916.200,254,-0.64978,18.83694,0,103,0,25.380,
47906,1916.240,254,-0.64836,18.74507,0,105,0,25.632,
47907,1916.280,254,-0.64795,18.65941,0,105,21,24.025,
47908,1916.320,254,-0.65332,18.61033,0,105,0,25.679,
47909,1916.360,254,-0.65177,18.55871,0,108,0,26.031,
47910,1916.400,254,-0.65946,18.47066,0,111,0,26.371,
47911,1916.440,254,-0.66584,18.42456,0,110,0,26.190,
47912,1916.480,254,-0.66231,18.33427,0,105,0,25.492,
47913,1916.520,254,-0.65960,18.29444,0,126,0,24.970,
47914,1916.560,254,-0.66266,18.24461,0,0,0,,
47915,1916.600,254,-0.66343,18.14241,0,0,0,,
47916,1916.640,254,-0.66458,18.11352,0,0,0,,
47917,1916.680,254,-0.66300,18.03445,0,0,0,,
47918,1916.720,254,-0.66541,17.94971,0,0,0,,
47919,1916.760,254,-0.67171,17.90389,0,0,0,,
47920,1916.800,254,-0.66419,17.78826,0,0,0,,
47921,1916.840,254,-0.66531,17.78376,0,0,0,,
47922,1916.880,254,-0.67031,17.70165,0,0,0,,
47923,1916.920,254,-0.67789,17.61325,0,0,0,,
47924,1916.960,254,-0.67361,17.57000,0,0,0,,
47925,1917.000,254,-0.67669,17.52188,0,31,0,4.074,
47926,1917.040,254,-0.68512,17.44106,0,32,0,3.958,
47927,1917.080,254,-0.67865,17.39008,0,32,0,3.845,
47928,1917.120,254,-0.68391,17.31035,0,32,0,4.092,
47929,1917.160,254,-0.68229,17.26255,0,32,0,3.785,
47930,1917.200,254,-0.67068,17.17921,0,33,0,4.154,
47931,1917.240,254,-0.68558,17.11293,0,31,0,3.752,
47932,1917.280,254,-0.68156,17.06623,0,0,0,,
47933,1917.320,254,-0.68472,16.98149,0,33,0,4.063,
47934,1917.360,254,-0.68332,16.90248,0,31,0,3.857,
47935,1917.400,254,-0.68692,16.85943,0,30,0,3.817,
47936,1917.440,254,-0.68242,16.81502,0,0,0,,
47937,1917.480,254,-0.68476,16.74553,0,0,0,,
47938,1917.520,254,-0.68432,16.66698,0,0,0,,
47939,1917.560,254,-0.68722,16.58273,0,0,0,,
47940,1917.600,254,-0.68928,16.54208,0,0,0,,
47941,1917.640,254,-0.68764,16.49451,0,0,0,,
47942,1917.680,254,-0.69003,16.42350,0,0,0,,
47943,1917.720,254,-0.68539,16.35077,0,0,0,,
47944,1917.760,254,-0.68774,16.26127,0,0,0,,
47945,1917.800,254,-0.69429,16.24049,0,0,0,,
47946,1917.840,254,-0.68994,16.13835,0,0,0,,
47947,1917.880,254,-0.69172,16.06868,0,0,0,,
47948,1917.920,254,-0.68697,16.03725,0,0,0,,
47949,1917.960,254,-0.69023,15.96715,0,0,0,,
47950,1918.000,254,-0.69091,15.92726,0,0,0,,
47951,1918.040,254,-0.68949,15.83877,0,0,0,,
47952,1918.080,254,-0.69650,15.78483,0,0,0,,
47953,1918.120,254,-0.69588,15.72342,0,0,0,,
47954,1918.160,254,-0.69137,15.63584,0,0,0,,
47955,1918.200,254,-0.69016,15.57907,0,0,0,,
47956,1918.240,254,-0.69587,15.55953,0,0,0,,
47957,1918.280,254,-0.69128,15.47672,0,0,0,,
47958,1918.320,254,-0.68914,15.41131,0,0,0,,
47959,1918.360,254,-0.69501,15.33868,0,0,0,,
47960,1918.400,254,-0.69475,15.29647,0,0,0,,
47961,1918.440,254,-0.69308,15.22529,0,0,0,,
47962,1918.480,254,-0.69924,15.13484,0,0,0,,
47963,1918.520,254,-0.69888,15.09386,0,0,0,,
47964,1918.560,254,-0.70041,15.03096,0,0,0,,
47965,1918.600,254,-0.69623,14.99894,1,0,72,0.804,13.122
47968,1918.720,254,-0.70023,14.79132,0,0,0,,
47969,1918.760,254,-0.69572,14.74949,0,0,0,,
47970,1918.800,254,-0.69548,14.67921,0,0,0,,
47971,1918.840,254,-0.69456,14.59994,0,0,23,0.531,
47972,1918.880,254,-0.69509,14.54546,0,0,0,,
47973,1918.920,254,-0.69480,14.47055,0,0,0,,
47974,1918.960,254,-0.70912,14.47263,1,0,72,0.790,14.747
47975,1919.000,254,-0.70044,14.38347,0,0,0,,
47976,1919.040,254,-0.69469,14.30734,0,0,0,,
47977,1919.080,254,-0.70143,14.24387,0,0,0,,
47978,1919.120,254,-0.69709,14.17964,0,0,0,,
47979,1919.160,254,-0.69435,14.11141,0,0,0,,
47980,1919.200,254,-0.69511,14.04097,0,0,37,3.201,
47981,1919.240,254,-0.69313,14.01196,0,0,0,,
47982,1919.280,254,-0.75162,14.01179,1,0,72,0.722,17.565
47983,1919.320,254,-0.69784,13.88151,0,0,0,,
47984,1919.360,254,-0.69696,13.80116,0,0,0,,
47986,1919.440,254,-0.70041,13.70886,0,0,0,,
47987,1919.480,254,-0.69651,13.64419,0,0,0,,
47988,1919.520,254,-0.72158,13.65752,1,0,71,0.797,16.007
47989,1919.560,254,-0.70041,13.52921,0,0,0,,
47990,1919.600,254,-0.69656,13.45658,0,0,0,,
47991,1919.640,254,-0.69765,13.42099,0,0,0,,
47992,1919.680,254,-0.69819,13.34069,0,0,0,,
47993,1919.720,254,-0.69704,13.29931,0,0,0,,
47994,1919.760,254,-0.69691,13.24190,0,0,0,,
47995,1919.800,254,-0.69920,13.16512,0,0,0,,
47996,1919.840,254,-0.70037,13.13125,0,0,0,,
47997,1919.880,254,-0.69676,13.04946,0,0,0,,
47998,1919.920,254,-0.70205,12.99259,0,0,0,,
47999,1919.960,254,-0.69633,12.93924,0,0,0,,
48000,1920.000,254,-0.69641,12.89668,0,0,0,,
48001,1920.040,254,-0.69402,12.81291,0,0,37,2.864,
48002,1920.080,254,-0.69443,12.76076,0,0,0,,
48003,1920.120,254,-0.69488,12.70715,0,0,0,,
48004,1920.160,254,-0.69118,12.64666,0,0,0,,
48005,1920.200,254,-0.69708,12.59589,0,0,0,,
48006,1920.240,254,-0.69116,12.54146,0,0,0,,
48007,1920.280,254,-0.69833,12.48898,0,0,0,,
48008,1920.320,254,-0.69734,12.41177,0,0,0,,
48009,1920.360,254,-0.69176,12.35257,0,0,0,,
48010,1920.400,254,-0.69459,12.30167,0,0,0,,
48011,1920.440,254,-0.69445,12.25990,0,0,0,,
48012,1920.480,254,-0.73152,12.19851,1,0,72,0.437,11.792
48013,1920.520,254,-0.68844,12.14686,1,0,60,0.679,11.336
48014,1920.560,254,-0.69382,12.08804,1,0,64,0.581,11.250
48015,1920.600,254,-0.68235,12.03650,1,0,54,0.576,10.500
48016,1920.640,254,-0.69466,11.98843,1,0,72,0.777,10.027
48017,1920.680,254,-0.71285,11.92097,1,0,60,0.609,11.177
48018,1920.720,254,-0.69523,11.86962,1,0,56,0.535,10.225
48019,1920.760,254,-0.68904,11.81770,1,0,53,0.529,9.830
48020,1920.800,254,-0.68253,11.77200,1,0,54,0.550,9.826
48021,1920.840,254,-0.68646,11.71464,1,0,55,0.612,10.037
48022,1920.880,254,-0.68055,11.66760,1,0,59,0.669,10.339
48023,1920.920,254,-0.67676,11.60715,1,0,58,0.424,9.847
48024,1920.960,254,-0.66959,11.55102,1,0,57,0.556,10.192
48025,1921.000,254,-0.68217,11.47755,0,0,15,17.519,
48026,1921.040,254,-0.65711,11.46600,1,0,59,1.011,12.979
48027,1921.080,254,-0.66028,11.40326,1,0,60,0.883,12.054
48028,1921.120,254,-0.65670,11.35292,1,0,64,0.960,12.641
48029,1921.160,254,-0.68338,11.25680,0,0,0,,
48030,1921.200,254,-0.67530,11.21111,0,0,0,,
48031,1921.240,254,-0.68170,11.21700,1,0,66,1.082,13.971
48032,1921.280,254,-0.67768,11.17129,1,0,67,1.127,14.783
48033,1921.320,254,-0.64406,11.11378,1,0,59,0.673,17.673
48034,1921.360,254,-0.67803,10.99551,0,0,0,,
48035,1921.400,254,-0.67584,10.94300,0,0,0,,
48036,1921.440,254,-0.63573,10.93080,1,0,50,1.367,14.604
48037,1921.480,254,-0.67416,10.82946,0,0,0,,
48038,1921.520,254,-0.66934,10.77307,1,0,72,0.588,10.242
48039,1921.560,254,-0.66973,10.77266,1,0,70,1.225,13.801
48040,1921.600,254,-0.66186,10.70750,1,0,72,1.182,12.620
48041,1921.640,254,-0.67081,10.66916,1,0,70,1.177,13.605
48042,1921.680,254,-0.72052,10.62422,1,0,69,0.943,16.295
48043,1921.720,254,-0.66714,10.50164,1,0,72,0.391,9.928
48044,1921.760,254,-0.66694,10.45524,1,0,65,0.406,9.848
48045,1921.800,254,-0.66891,10.39943,1,0,63,0.412,10.256
48046,1921.840,254,-0.66562,10.34729,1,0,64,0.432,10.338
48047,1921.880,254,-0.66524,10.30297,1,0,61,0.834,10.363
48048,1921.920,254,-0.66170,10.23807,1,0,63,0.256,10.022
48049,1921.960,254,-0.66572,10.19115,1,0,65,0.365,10.129
48050,1922.000,254,-0.65657,10.13892,1,0,70,0.274,10.353
48051,1922.040,254,-0.66033,10.09444,1,0,72,0.415,9.609
48052,1922.080,254,-0.66487,10.02988,1,0,72,0.454,9.645
48053,1922.120,254,-0.66171,9.98196,1,0,72,0.424,9.893
48054,1922.160,254,-0.65759,9.94293,1,0,72,0.630,10.554
48055,1922.200,254,-0.65848,9.89442,1,0,72,0.893,10.559
48056,1922.240,254,-0.65743,9.84403,1,0,72,0.901,11.592
48057,1922.280,254,-0.66880,9.83476,1,0,72,0.946,14.909
48058,1922.320,254,-0.68702,9.77616,1,0,72,1.146,13.984
48059,1922.360,254,-0.65903,9.72520,1,0,50,1.014,13.123
48060,1922.400,254,-0.67722,9.67334,1,0,72,1.115,13.983
48062,1922.480,254,-0.65455,9.52759,0,0,31,4.503,
48064,1922.560,254,-0.63288,9.46182,1,0,72,1.110,13.558
48066,1922.640,254,-0.64384,9.35836,1,0,72,1.154,12.694
48067,1922.680,254,-0.60560,9.29299,1,0,52,0.670,13.585
48068,1922.720,254,-0.65317,9.21919,0,0,0,,
48069,1922.760,254,-0.61612,9.18154,1,0,58,0.615,12.326
48070,1922.800,254,-0.61975,9.12981,1,0,57,0.693,11.685
48071,1922.840,254,-0.65043,9.07906,1,0,72,0.864,11.403
48072,1922.880,254,-0.63586,9.02925,1,0,72,0.730,11.412
48073,1922.920,254,-0.63547,8.98084,1,0,72,0.697,11.153
48074,1922.960,254,-0.62463,8.93049,1,0,72,0.574,11.727
48075,1923.000,254,-0.63895,8.88756,1,0,72,0.832,11.122
48076,1923.040,254,-0.61638,8.83738,1,0,72,0.603,11.402
48077,1923.080,254,-0.63938,8.79403,1,35,72,0.979,11.677
48078,1923.120,254,-0.63924,8.75019,1,35,72,1.032,11.832
48079,1923.160,254,-0.63795,8.69707,1,37,72,0.962,12.166
48080,1923.200,254,-0.63675,8.64993,1,35,72,1.055,12.453
48081,1923.240,254,-0.63288,8.60873,1,37,72,1.193,12.362
48082,1923.280,254,-0.63136,8.48285,0,342,0,73.390,
48083,1923.320,254,-0.63081,8.46884,0,334,0,73.187,
48084,1923.360,254,-0.62842,8.43133,0,346,0,73.361,
48085,1923.400,254,-0.62815,8.37782,0,335,0,73.750,
48086,1923.440,254,-0.62571,8.33850,0,331,0,73.982,
48087,1923.480,254,-0.61777,8.32380,1,27,72,1.248,12.762
48088,1923.520,254,-0.62487,8.22685,0,349,0,72.332,
48089,1923.560,254,-0.61776,8.18268,0,349,0,72.216,
48091,1923.640,254,-0.61086,8.13249,1,30,72,2.344,12.203
48092,1923.680,254,-0.62317,7.99725,0,0,29,4.498,
60820,2432.800,289,0.38727,33.02576,1,23,0,1.090,8.793
60821,2432.840,289,0.40284,33.02137,0,195,0,36.288,
60823,2432.920,289,0.39670,32.82065,0,210,0,31.974,
60824,2432.960,289,0.39930,32.86474,0,209,0,32.575,
60826,2433.040,289,0.41606,32.50184,0,235,0,30.531,
60827,2433.080,289,0.41028,32.34682,0,243,0,29.866,
60828,2433.120,289,0.42870,32.33164,0,249,0,29.026,
60829,2433.160,289,0.43028,32.14782,0,259,0,28.745,
60830,2433.200,289,0.45015,32.18387,0,217,0,31.231,
60831,2433.240,289,0.44499,32.15103,0,262,0,27.265,
60832,2433.280,289,0.45796,31.99365,0,282,0,25.963,
60833,2433.320,289,0.43656,31.98407,0,230,0,30.103,
60834,2433.360,289,0.45924,31.95065,0,252,0,28.990,
60835,2433.400,289,0.44762,31.72628,0,288,0,26.356,
60836,2433.440,289,0.45580,31.72678,0,274,0,28.181,
60837,2433.480,289,0.44997,31.75242,0,246,0,29.318,
60838,2433.520,289,0.45834,31.54075,0,309,0,26.488,
60839,2433.560,289,0.46261,31.50879,0,60,0,9.135,
60840,2433.600,289,0.45959,31.31214,0,295,0,28.764,
60841,2433.640,289,0.46300,31.30602,0,56,0,8.672,
60842,2433.680,289,0.45178,31.09904,0,262,0,29.453,
60843,2433.720,289,0.47523,31.07768,0,296,0,27.601,
60844,2433.760,289,0.46677,30.91111,0,240,0,31.144,
60845,2433.800,289,0.48858,30.95379,0,216,0,31.994,
60846,2433.840,289,0.48572,30.73743,0,220,0,31.922,
60847,2433.880,289,0.49132,30.73727,0,229,0,31.094,
60848,2433.920,289,0.49217,30.65912,0,226,0,31.668,
60849,2433.960,289,0.50053,30.50080,0,221,0,31.899,
60850,2434.000,289,0.49612,30.50583,0,234,0,30.841,
60851,2434.040,289,0.51175,30.51511,0,299,0,28.666,
60852,2434.080,289,0.50899,30.34206,0,237,0,31.035,
60853,2434.120,289,0.51379,30.29300,0,287,0,28.553,
60854,2434.160,289,0.53154,30.33543,0,229,0,30.998,
60855,2434.200,289,0.52632,30.30931,0,244,0,31.479,
60856,2434.240,289,0.52107,30.14350,0,48,0,6.385,
60857,2434.280,289,0.52838,30.11651,0,239,0,31.627,
60858,2434.320,289,0.52572,29.95408,0,36,0,2.359,
60859,2434.360,289,0.53407,29.75413,0,35,0,2.441,
60860,2434.400,289,0.53810,29.78760,0,248,0,30.855,
60861,2434.440,289,0.53148,29.70595,0,315,0,26.947,
60862,2434.480,289,0.52897,29.56836,0,239,0,30.839,
60863,2434.520,289,0.54459,29.55800,0,274,0,29.105,
60864,2434.560,289,0.55293,29.37191,0,292,0,28.438,
60865,2434.600,289,0.55135,29.36375,0,222,0,32.718,
60866,2434.640,289,0.55748,29.26377,0,234,0,32.068,
60867,2434.680,289,0.55583,29.18989,0,119,0,13.944,
60868,2434.720,289,0.55210,29.00478,0,243,0,31.526,
60869,2434.760,289,0.55708,28.99675,0,0,0,,
60870,2434.800,289,0.57014,28.98397,0,241,0,31.657,
60871,2434.840,289,0.55719,28.81967,0,0,0,,
60872,2434.880,289,0.56151,28.79547,0,60,0,8.857,
60873,2434.920,289,0.57351,28.67547,0,345,0,28.910,
60874,2434.960,289,0.57659,28.63508,0,0,0,,
60875,2435.000,289,0.57512,28.51256,0,0,0,,
60876,2435.040,289,0.57396,28.51928,0,0,0,,
60877,2435.080,289,0.58232,28.35556,0,136,0,13.983,
60878,2435.120,289,0.58604,28.31478,0,0,0,,
60879,2435.160,289,0.58270,28.16150,0,0,0,,
60880,2435.200,289,0.59710,28.19539,0,0,0,,
60881,2435.240,289,0.59710,28.18146,0,0,0,,
60882,2435.280,289,0.60142,28.01452,0,0,0,,
60883,2435.320,289,0.58807,27.96877,0,0,0,,
60884,2435.360,289,0.59646,27.79554,0,0,0,,
60885,2435.400,289,0.61878,27.80972,0,0,0,,
60886,2435.440,289,0.59286,27.67703,0,0,0,,
60887,2435.480,289,0.61084,27.64139,0,157,0,15.326,
60888,2435.520,289,0.62100,27.51845,0,70,0,10.425,
60889,2435.560,289,0.60900,27.42543,0,74,15,18.779,
60890,2435.600,289,0.60437,27.30422,0,74,0,10.623,
60891,2435.640,289,0.61792,27.33276,0,104,0,14.030,
60892,2435.680,289,0.62192,27.25490,0,0,0,,
60893,2435.720,289,0.62432,27.14045,0,132,0,15.103,
60894,2435.760,289,0.62620,27.13522,0,0,0,,
60895,2435.800,289,0.63611,26.97231,0,103,0,14.184,
60896,2435.840,289,0.64139,26.99774,0,34,0,1.980,
60897,2435.880,289,0.63587,26.82554,0,0,0,,
60898,2435.920,289,0.64147,26.81471,0,0,0,,
60899,2435.960,289,0.63114,26.64297,1,28,0,0.740,15.069
60900,2436.000,289,0.64476,26.64584,1,29,0,0.792,17.543
60901,2436.040,289,0.64849,26.56324,1,30,0,0.854,10.964
60902,2436.080,289,0.63945,26.48843,1,29,0,0.818,13.517
60903,2436.120,289,0.65287,26.33694,1,29,0,0.780,8.793
60904,2436.160,289,0.66148,26.32586,1,29,0,0.781,18.222
60905,2436.200,289,0.64437,26.18944,1,31,0,0.795,13.762
60906,2436.240,289,0.65515,26.22697,1,31,20,0.710,24.633
60907,2436.280,289,0.66745,26.02062,1,29,0,0.791,26.340
60908,2436.320,289,0.65194,26.00316,1,30,0,0.810,52.748
60909,2436.360,289,0.65183,25.89302,1,30,0,0.882,12.208
60910,2436.400,289,0.65629,25.91273,1,31,0,0.841,10.580
60911,2436.440,289,0.65382,25.73582,1,29,0,0.811,65.981
60912,2436.480,289,0.65231,25.70417,1,31,0,0.889,63.731
60913,2436.520,289,0.66218,25.58813,1,33,29,0.770,16.651
60914,2436.560,289,0.66518,25.62215,1,33,0,0.816,8.793
60915,2436.600,289,0.68388,25.49057,1,31,0,0.848,17.029
60916,2436.640,289,0.66520,25.41186,1,34,39,0.648,16.667
60917,2436.680,289,0.67059,25.31428,1,34,0,0.805,8.793
60918,2436.720,289,0.68297,25.25420,1,34,30,0.685,13.793
60919,2436.760,289,0.66525,25.17887,1,33,21,0.694,13.197
60920,2436.800,289,0.67660,25.10954,1,34,0,0.785,13.147
60921,2436.840,289,0.68252,25.03095,1,37,0,0.836,8.793
60922,2436.880,289,0.68734,24.95637,1,37,25,0.748,13.918
60923,2436.920,289,0.67388,24.87485,1,35,0,0.835,8.793
60924,2436.960,289,0.68212,24.83647,1,38,0,0.799,8.793
60925,2437.000,289,0.66788,24.74500,1,36,0,0.790,8.793
60926,2437.040,289,0.67430,24.66875,1,37,0,0.896,8.793
60927,2437.080,289,0.68187,24.59550,1,36,0,0.875,8.793
60928,2437.120,289,0.68826,24.59951,1,39,40,0.726,18.879
60929,2437.160,289,0.68567,24.42654,1,26,0,1.529,31.538
60930,2437.200,289,0.68419,24.40282,1,40,0,0.838,8.793
60931,2437.240,289,0.70027,24.34285,1,37,28,0.637,16.383
60932,2437.280,289,0.69037,24.18949,1,40,19,0.712,26.023
60933,2437.320,289,0.69464,24.17340,1,40,0,0.912,8.793
60934,2437.360,289,0.68698,24.05418,1,39,0,0.889,8.793
60935,2437.400,289,0.69237,24.00390,1,35,19,0.686,14.283
60936,2437.440,289,0.70107,23.96697,1,21,0,0.832,8.793
60937,2437.480,289,0.70335,23.90227,1,39,0,0.850,8.793
60938,2437.520,289,0.69362,23.80160,1,21,14,0.706,11.059
60939,2437.560,289,0.69725,23.78487,1,21,0,0.749,8.793
60940,2437.600,289,0.68775,23.63725,1,21,0,0.880,8.793
60941,2437.640,289,0.69262,23.60613,1,21,0,0.753,8.793
60942,2437.680,289,0.70636,23.55725,1,34,0,0.851,9.795
60943,2437.720,289,0.71007,23.49345,1,21,0,0.680,8.793
60944,2437.760,289,0.70282,23.42700,1,22,0,0.814,8.793
60945,2437.800,289,0.69878,23.28046,1,21,0,0.849,8.793
60946,2437.840,289,0.70271,23.29108,1,21,0,0.892,8.793
60947,2437.880,289,0.70686,23.20562,1,21,0,0.749,8.793
60948,2437.920,289,0.70256,23.12826,1,21,15,0.764,11.802
60949,2437.960,289,0.70592,23.05760,1,39,0,0.886,8.793
60950,2438.000,289,0.70727,23.01200,1,22,0,0.814,8.793
60951,2438.040,289,0.71188,22.93153,1,21,0,0.785,8.793
60952,2438.080,289,0.71129,22.87883,1,21,0,0.936,8.793
60953,2438.120,289,0.70199,22.78152,1,40,0,0.876,8.793
60954,2438.160,289,0.69773,22.69228,1,21,0,0.873,8.793
60955,2438.200,289,0.71131,22.67146,1,21,0,0.720,8.793
60956,2438.240,289,0.71686,22.58432,1,39,0,0.874,8.793
60957,2438.280,289,0.70882,22.50171,1,21,0,0.717,8.793
60958,2438.320,289,0.71310,22.45445,1,21,0,0.843,10.312
60959,2438.360,289,0.71335,22.39392,1,39,0,0.865,8.793
60960,2438.400,289,0.71165,22.27365,1,21,51,0.669,16.281
60961,2438.440,289,0.71835,22.30742,1,21,40,0.707,14.577
60962,2438.480,289,0.72310,22.17756,1,39,0,0.801,8.793
60963,2438.520,289,0.71485,22.14276,1,33,0,0.807,8.793
60964,2438.560,289,0.71401,22.04268,1,34,0,0.828,8.793
60965,2438.600,289,0.70904,22.00579,1,37,39,0.785,13.536
60966,2438.640,289,0.71288,21.92286,1,40,0,0.856,20.889
60967,2438.680,289,0.71060,21.83189,1,40,0,0.823,13.212
60968,2438.720,289,0.71466,21.78471,1,39,30,0.727,13.260
60969,2438.760,289,0.72075,21.70623,1,35,14,0.654,16.612
60970,2438.800,289,0.72424,21.69593,1,38,0,0.840,8.793
60971,2438.840,289,0.71800,21.62016,1,37,0,0.811,8.793
60972,2438.880,289,0.71163,21.49362,1,36,0,0.819,8.793
60973,2438.920,289,0.72012,21.50084,1,35,0,0.795,8.793
60974,2438.960,289,0.71766,21.36284,1,37,0,0.796,8.793
60975,2439.000,289,0.71892,21.36197,1,36,0,0.886,8.793
60976,2439.040,289,0.71082,21.18405,1,36,0,0.796,16.112
60977,2439.080,289,0.71136,21.15283,1,37,0,0.870,8.793
60978,2439.120,289,0.72516,21.16799,1,38,0,0.856,8.793
60979,2439.160,289,0.72274,21.07621,1,38,0,0.821,8.793
60980,2439.200,289,0.71544,20.96552,1,36,0,0.905,8.793
60981,2439.240,289,0.72694,20.94469,1,37,0,0.849,7.263
60982,2439.280,289,0.71010,20.83364,1,37,0,0.720,8.793
60983,2439.320,289,0.72054,20.84834,1,37,0,0.722,8.793
60984,2439.360,289,0.71904,20.72335,1,38,12,0.742,14.782
60985,2439.400,289,0.72141,20.64524,1,36,0,0.853,8.793
60986,2439.440,289,0.72359,20.63271,1,40,16,0.582,6.403
60987,2439.480,289,0.72725,20.54053,1,38,0,0.844,8.793
60988,2439.520,289,0.73051,20.53613,1,40,0,0.908,8.793
60989,2439.560,289,0.71319,20.38732,1,21,0,0.940,8.793
60990,2439.600,289,0.71969,20.33501,1,40,0,0.842,8.793
60991,2439.640,289,0.71950,20.32361,1,21,0,0.838,8.793
60992,2439.680,289,0.72120,20.20618,1,22,38,0.646,11.114
60993,2439.720,289,0.72115,20.12743,1,37,0,0.897,8.793
60994,2439.760,289,0.72123,20.08159,1,22,42,0.693,13.277
60995,2439.800,289,0.72113,20.02530,1,40,0,0.875,8.793
60996,2439.840,289,0.71857,19.98061,1,22,0,0.729,8.793
60997,2439.880,289,0.71820,19.95359,1,22,0,0.930,8.793
60998,2439.920,289,0.72515,19.88077,1,24,0,0.960,8.793
60999,2439.960,289,0.72277,19.82201,1,23,0,0.799,9.478
61000,2440.000,289,0.71487,19.71103,1,23,32,0.639,12.505
61001,2440.040,289,0.71363,19.69412,1,24,0,0.930,8.793
61002,2440.080,289,0.71822,19.64631,1,24,0,0.885,8.793
61003,2440.120,289,0.71804,19.57302,1,25,0,0.876,18.111
61004,2440.160,289,0.72922,19.51651,1,24,0,0.915,8.793
61005,2440.200,289,0.71037,19.45799,1,25,0,0.974,8.793
61006,2440.240,289,0.71540,19.39399,1,24,0,0.862,8.793
61007,2440.280,289,0.71742,19.32691,1,25,0,0.984,8.793
61008,2440.320,289,0.73462,19.27918,1,26,0,0.653,8.793
61009,2440.360,289,0.72477,19.20073,1,25,0,0.947,8.793
61010,2440.400,289,0.72005,19.15525,1,24,0,0.999,8.793
61011,2440.440,289,0.72198,19.08525,1,25,0,0.701,8.793
61012,2440.480,289,0.71796,19.02885,1,26,0,0.713,8.793
61013,2440.520,289,0.71575,18.97830,1,25,0,0.424,8.793
61014,2440.560,289,0.72048,18.90818,1,26,0,0.934,8.793
61015,2440.600,289,0.70964,18.83319,1,26,0,1.018,8.793
61016,2440.640,289,0.71679,18.79036,1,27,0,0.685,8.793
61017,2440.680,289,0.71405,18.72598,1,27,0,0.809,8.793
61018,2440.720,289,0.71075,18.65505,1,26,0,0.967,8.793
61019,2440.760,289,0.70757,18.61220,1,27,0,0.844,8.793
61020,2440.800,289,0.71157,18.55985,1,27,0,0.746,8.793
61021,2440.840,289,0.70561,18.47612,1,28,0,0.954,8.793
61022,2440.880,289,0.70139,18.43116,1,27,0,0.533,12.477
61023,2440.920,289,0.70948,18.36227,1,27,0,0.793,8.793
61024,2440.960,289,0.70338,18.28922,1,27,0,0.863,8.793
61025,2441.000,289,0.71342,18.25236,1,26,0,0.750,8.793
61026,2441.040,289,0.71678,18.19597,1,26,0,0.761,8.793
61027,2441.080,289,0.70419,18.10763,1,27,0,0.901,11.785
61028,2441.120,289,0.70573,18.05717,1,27,0,0.928,8.793
61029,2441.160,289,0.70658,18.00168,1,27,0,0.819,8.793
61030,2441.200,289,0.70201,17.93453,1,26,0,0.817,8.793
61031,2441.240,289,0.70305,17.87859,1,26,0,0.921,8.793
61032,2441.280,289,0.69973,17.82494,1,25,0,0.871,8.793
61033,2441.320,289,0.69625,17.75039,1,25,28,0.666,13.859
61034,2441.360,289,0.70226,17.71507,1,26,0,0.842,16.877
61035,2441.400,289,0.70551,17.63822,1,26,46,0.485,17.841
61036,2441.440,289,0.69802,17.56144,1,25,39,0.719,15.296
61037,2441.480,289,0.69485,17.52360,1,27,0,0.827,8.793
61038,2441.520,289,0.69952,17.46088,1,25,35,0.642,16.910
61039,2441.560,289,0.69629,17.38986,1,26,0,0.818,16.957
61040,2441.600,289,0.69560,17.34922,1,27,0,0.785,17.005
61041,2441.640,289,0.69004,17.26292,1,26,44,0.714,16.253
61042,2441.680,289,0.68567,17.22142,1,25,45,0.754,14.062
61043,2441.720,289,0.69096,17.17834,1,25,0,0.934,15.487
61044,2441.760,289,0.68903,17.09459,1,26,41,0.631,19.449
61045,2441.800,289,0.68851,17.06046,1,25,43,0.729,17.629
61046,2441.840,289,0.68676,16.99354,1,25,49,0.747,15.840
61047,2441.880,289,0.68496,16.93890,1,26,41,0.671,16.586
61048,2441.920,289,0.68384,16.88478,1,27,44,0.757,14.732
61049,2441.960,289,0.68336,16.82257,1,24,42,0.708,14.696
61050,2442.000,289,0.68473,16.75155,1,23,37,0.825,15.187
61051,2442.040,289,0.68163,16.69926,1,24,38,0.716,16.420
61052,2442.080,289,0.67478,16.65180,1,23,50,0.665,16.357
61053,2442.120,289,0.67656,16.60084,1,24,26,0.714,19.603
61054,2442.160,289,0.67594,16.52426,1,24,42,0.783,15.170
61055,2442.200,289,0.67350,16.45375,1,23,55,0.731,14.523
61056,2442.240,289,0.67622,16.42469,1,24,0,0.908,14.120
61057,2442.280,289,0.67657,16.35734,1,23,0,0.858,14.106
61058,2442.320,289,0.66964,16.29675,1,23,0,0.814,15.460
61059,2442.360,289,0.66717,16.21667,1,23,45,0.778,12.872
61060,2442.400,289,0.67307,16.20297,1,23,0,0.804,14.424
61061,2442.440,289,0.66354,16.13586,1,23,23,0.577,15.617
61062,2442.480,289,0.66278,16.06930,1,24,45,0.580,15.240
61063,2442.520,289,0.65672,16.01810,1,23,58,0.743,10.525
61064,2442.560,289,0.65983,15.97343,1,24,58,0.689,11.778
61065,2442.600,289,0.66731,15.92715,1,24,64,0.666,10.278
61066,2442.640,289,0.65916,15.84969,1,23,72,0.783,11.492
61067,2442.680,289,0.65713,15.81976,1,23,63,0.756,12.777
61068,2442.720,289,0.65594,15.75860,1,26,64,0.672,14.810
61069,2442.760,289,0.65117,15.71710,1,24,57,0.802,13.856
61070,2442.800,289,0.65212,15.66939,1,26,58,0.732,15.441
61071,2442.840,289,0.65242,15.59924,1,24,59,0.904,15.051
61072,2442.880,289,0.65312,15.56769,1,25,46,0.710,19.037
61073,2442.920,289,0.64934,15.49639,1,26,59,0.860,15.006
61074,2442.960,289,0.64521,15.44172,1,24,60,0.830,15.089
61075,2443.000,289,0.64599,15.40446,1,27,54,0.674,16.104
61076,2443.040,289,0.63945,15.34754,1,27,55,0.687,17.229
61077,2443.080,289,0.64273,15.29220,1,25,52,0.645,17.321
61078,2443.120,289,0.63902,15.22385,1,26,53,0.699,16.491
61079,2443.160,289,0.63884,15.17719,1,28,53,0.691,15.624
61080,2443.200,289,0.63675,15.12200,1,27,58,0.778,15.955
61081,2443.240,289,0.63561,15.08289,1,28,57,0.596,18.083
61082,2443.280,289,0.63380,15.02028,1,29,51,0.750,15.082
61083,2443.320,289,0.63615,14.96951,1,30,57,0.684,15.959
61084,2443.360,289,0.62959,14.91486,1,28,46,0.684,15.021
61085,2443.400,289,0.62690,14.86099,1,30,51,0.769,13.965
61086,2443.440,289,0.62482,14.80867,1,30,44,0.880,14.113
61087,2443.480,289,0.62405,14.77753,1,30,59,0.763,15.514
61088,2443.520,289,0.62497,14.70690,1,30,46,0.795,13.793
61089,2443.560,289,0.62301,14.66692,1,30,53,0.649,16.463
61090,2443.600,289,0.62347,14.61715,1,30,53,0.764,14.323
61091,2443.640,289,0.61632,14.55997,1,30,41,0.779,13.208
61092,2443.680,289,0.61078,14.49337,1,32,47,0.807,15.422
61093,2443.720,289,0.61074,14.43619,1,29,44,0.883,14.048
61094,2443.760,289,0.60819,14.39654,1,25,49,0.624,17.631
61095,2443.800,289,0.61048,14.35506,1,32,43,0.688,15.864
61096,2443.840,289,0.60636,14.29704,1,32,35,0.857,13.009
61097,2443.880,289,0.60800,14.25099,1,32,38,0.749,14.571
61098,2443.920,289,0.60588,14.20233,1,32,42,0.866,14.369
61099,2443.960,289,0.60027,14.15555,1,31,52,0.534,16.414
61100,2444.000,289,0.59669,14.10752,1,32,48,0.636,16.272
61101,2444.040,289,0.59740,14.05824,1,33,32,0.711,14.382
61102,2444.080,289,0.60254,14.00812,1,26,48,0.713,15.863
61103,2444.120,289,0.59918,13.95502,1,33,39,0.793,14.295
61104,2444.160,289,0.59623,13.89886,1,36,52,0.660,16.461
61105,2444.200,289,0.59235,13.86438,1,34,50,0.750,15.377
61106,2444.240,289,0.58954,13.79722,1,27,34,0.897,11.826
61107,2444.280,289,0.59145,13.75877,1,33,49,0.650,16.416
61108,2444.320,289,0.58618,13.71158,1,34,54,0.702,16.109
61109,2444.360,289,0.58513,13.66681,1,33,47,0.701,15.505
61110,2444.400,289,0.58686,13.61780,1,34,51,0.796,15.051
61111,2444.440,289,0.57867,13.56061,1,28,35,0.914,13.045
61112,2444.480,289,0.58231,13.51115,1,28,44,0.834,14.390
61113,2444.520,289,0.57637,13.46412,1,34,54,0.755,15.547
61114,2444.560,289,0.58280,13.41214,1,34,56,0.679,15.635
61115,2444.600,289,0.57525,13.35885,1,33,50,0.785,14.011
61116,2444.640,289,0.56524,13.31518,1,35,43,0.760,15.547
61117,2444.680,289,0.57219,13.26764,1,34,52,0.734,16.465
61118,2444.720,289,0.56639,13.21735,1,33,52,0.854,14.822
61119,2444.760,289,0.56329,13.17093,1,33,57,0.790,14.600
61120,2444.800,289,0.56507,13.12867,1,36,60,0.870,14.737
61121,2444.840,289,0.55976,13.06990,1,28,54,0.773,14.097
61122,2444.880,289,0.56497,13.03012,1,32,63,0.786,15.514
61123,2444.920,289,0.55848,12.98438,1,32,63,0.890,14.737
61124,2444.960,289,0.55852,12.92891,1,33,61,0.851,14.457
61125,2445.000,289,0.55393,12.88615,1,33,58,0.840,13.818
61126,2445.040,289,0.55274,12.82479,1,28,58,0.977,12.715
61127,2445.080,289,0.55272,12.79475,1,31,63,0.851,15.624
61128,2445.120,289,0.54643,12.72694,1,28,59,0.931,13.498
61129,2445.160,289,0.54513,12.70054,1,33,61,0.965,13.885
61130,2445.200,289,0.54575,12.63873,1,32,55,0.905,12.712
61131,2445.240,289,0.53979,12.58806,1,33,53,0.972,12.563
61132,2445.280,289,0.53773,12.54872,1,29,62,1.007,12.863
61133,2445.320,289,0.53453,12.49851,1,34,61,1.032,13.104
61134,2445.360,289,0.53403,12.45985,1,33,60,0.882,13.919
61135,2445.400,289,0.53652,12.39625,1,35,57,1.000,11.227
61136,2445.440,289,0.53496,12.37484,1,32,56,0.962,11.713
61137,2445.480,289,0.53392,12.32542,1,33,59,1.043,12.511
61138,2445.520,289,0.52624,12.24777,1,33,57,0.947,10.782
61139,2445.560,289,0.52402,12.21441,1,34,59,1.019,11.860
61140,2445.600,289,0.52304,12.17113,1,29,62,1.027,11.239
61141,2445.640,289,0.51953,12.11796,1,32,60,1.028,11.391
61142,2445.680,289,0.51560,12.07707,1,31,57,1.042,10.997
61143,2445.720,289,0.51536,12.04994,1,34,57,1.030,11.506
61144,2445.760,289,0.51109,11.97759,1,33,61,1.040,10.112
61145,2445.800,289,0.51106,11.94476,1,33,57,1.006,10.263
61146,2445.840,289,0.50813,11.87806,1,33,51,0.891,10.295
61147,2445.880,289,0.50640,11.84799,1,31,60,1.021,10.011
61148,2445.920,289,0.50353,11.79261,1,33,49,0.938,9.867
61149,2445.960,289,0.49950,11.74597,1,32,46,1.078,10.237
61150,2446.000,289,0.50363,11.70923,1,31,57,0.952,9.536
61151,2446.040,289,0.49313,11.65933,1,31,57,0.928,9.332
61152,2446.080,289,0.49485,11.61169,1,33,53,0.743,8.890
61153,2446.120,289,0.49117,11.58113,1,32,49,0.823,8.971
61154,2446.160,289,0.48843,11.53096,1,32,55,0.794,8.536
61155,2446.200,289,0.48641,11.49289,1,33,52,0.826,8.095
61156,2446.240,289,0.48560,11.44758,1,31,56,0.874,8.681
61157,2446.280,289,0.48334,11.44218,1,34,46,1.017,10.136
61158,2446.320,289,0.48119,11.35499,1,34,58,0.747,8.525
61159,2446.360,289,0.47312,11.31649,1,31,56,0.759,7.620
61160,2446.400,289,0.47192,11.26646,1,34,57,0.736,8.425
61161,2446.440,289,0.47020,11.22891,1,33,54,0.774,8.506
61162,2446.480,289,0.46791,11.20180,1,34,47,0.987,10.061
61163,2446.520,289,0.46441,11.15001,1,35,55,0.902,9.527
61164,2446.560,289,0.46764,11.14598,1,33,54,0.998,11.244
61165,2446.600,289,0.46803,11.10649,1,33,55,1.001,10.302
61166,2446.640,289,0.46324,11.04802,1,32,62,1.029,9.366
61167,2446.680,289,0.46036,11.01192,1,33,61,1.061,9.820
61168,2446.720,289,0.45616,10.96200,1,33,58,1.097,10.612
61169,2446.760,289,0.45118,10.91634,1,34,62,1.070,9.912
61170,2446.800,289,0.45091,10.88092,1,33,62,1.104,11.033
61171,2446.840,289,0.44711,10.83968,1,35,61,1.162,11.112
61172,2446.880,289,0.44562,10.79800,1,36,59,1.157,11.601
61173,2446.920,289,0.44266,10.75942,1,37,61,1.145,11.323
61174,2446.960,289,0.44524,10.73638,1,39,58,1.151,12.672
61175,2447.000,289,0.43745,10.69085,1,34,64,1.227,11.821
61176,2447.040,289,0.43442,10.64376,1,36,63,1.131,12.167
61177,2447.080,289,0.42878,10.60597,1,37,65,1.165,12.231
61178,2447.120,289,0.42556,10.56226,1,36,65,1.234,11.646
61179,2447.160,289,0.42264,10.52321,1,38,65,1.235,12.337
61180,2447.200,289,0.42033,10.48045,1,37,64,1.245,12.433
61181,2447.240,289,0.42057,10.45466,1,36,63,1.162,12.971
61182,2447.280,289,0.42211,10.41935,1,36,62,1.141,13.689
61183,2447.320,289,0.42012,10.38249,1,34,61,0.905,15.953
61184,2447.360,289,0.41652,10.33992,1,41,63,0.977,14.660
61185,2447.400,289,0.41167,10.29789,1,36,62,0.997,15.327
61186,2447.440,289,0.40837,10.25963,1,38,66,0.966,14.703
61187,2447.480,289,0.40146,10.21641,1,39,66,0.855,16.227
61188,2447.520,289,0.40236,10.17944,1,37,65,0.920,14.209
61189,2447.560,289,0.39771,10.13727,1,39,65,0.949,14.314
61190,2447.600,289,0.39242,10.10173,1,35,67,1.104,14.592
61191,2447.640,289,0.38827,10.06052,1,38,65,0.901,15.200
61192,2447.680,289,0.39097,10.03889,1,38,65,0.970,13.767
61193,2447.720,289,0.38495,9.99399,1,40,64,0.918,14.441
61194,2447.760,289,0.38409,9.95634,1,40,63,1.068,13.639
61195,2447.800,289,0.37888,9.91977,1,40,64,0.932,14.788
61196,2447.840,289,0.37717,9.88329,1,34,68,0.908,14.901
61197,2447.880,289,0.37329,9.84228,1,35,68,1.021,14.285
61198,2447.920,289,0.36863,9.80227,1,37,68,1.034,13.934
61199,2447.960,289,0.36850,9.76716,1,42,64,0.850,14.690
61200,2448.000,289,0.36469,9.73383,1,36,67,0.952,13.686
61201,2448.040,289,0.36286,9.70386,1,34,64,0.867,14.516
61202,2448.080,289,0.35780,9.65526,1,35,60,0.897,14.677
61203,2448.120,289,0.35766,9.63066,1,44,67,0.881,14.466
61204,2448.160,289,0.35675,9.58759,1,43,62,0.768,15.468
61205,2448.200,289,0.34691,9.55104,1,42,62,0.741,15.647
61206,2448.240,289,0.34755,9.52045,1,42,66,0.736,14.314
61207,2448.280,289,0.33977,9.47515,1,41,61,0.780,15.167
61208,2448.320,289,0.33849,9.43832,1,41,64,0.803,15.233
61209,2448.360,289,0.33686,9.40546,1,42,65,0.741,15.843
61210,2448.400,289,0.33032,9.31309,1,36,62,0.846,9.239
61211,2448.440,289,0.32892,9.33517,1,46,64,1.021,15.054
61212,2448.480,289,0.32576,9.29499,1,36,63,0.814,15.534
61213,2448.520,289,0.31515,9.19856,1,35,63,0.821,9.373
61214,2448.560,289,0.31990,9.23262,1,43,64,0.822,15.323
61215,2448.600,289,0.31630,9.19079,1,37,63,0.808,14.981
61216,2448.640,289,0.31339,9.14098,1,34,66,1.270,12.521
61217,2448.680,289,0.30830,9.10070,1,38,65,1.266,12.782
61218,2448.720,289,0.30407,9.03390,1,38,66,1.021,9.706
61219,2448.760,289,0.30114,9.00656,1,38,72,0.993,9.234
61220,2448.800,289,0.29748,8.96967,1,37,72,1.076,9.625
61221,2448.840,289,0.29470,8.93774,1,38,72,1.102,9.183
61222,2448.880,289,0.28999,8.90182,1,44,72,1.029,9.029
61223,2448.920,289,0.28592,8.86400,1,36,72,0.918,9.237
61224,2448.960,289,0.28559,8.87182,1,44,72,1.248,12.851
61225,2449.000,289,0.28017,8.78799,1,37,72,0.860,9.698
61226,2449.040,289,0.27848,8.77541,1,40,72,1.074,9.559
61227,2449.080,289,0.27942,8.74606,1,39,72,1.178,10.565
61228,2449.120,289,0.27693,8.73820,1,39,71,1.008,13.723
61229,2449.160,289,0.27039,8.67782,1,37,72,1.164,10.630
61230,2449.200,289,0.26927,8.66293,1,36,72,1.174,12.562
61231,2449.240,289,0.26789,8.63527,1,36,72,1.055,13.377
61232,2449.280,289,0.26462,8.59699,1,40,72,1.251,12.919
61233,2449.320,289,0.26407,8.52494,0,337,0,71.856,
61234,2449.360,289,0.25663,8.45020,0,318,0,72.905,
61235,2449.400,289,0.25671,8.44135,0,319,0,72.957,
61236,2449.440,289,0.25027,8.42184,0,331,0,72.833,
61237,2449.480,289,0.24852,8.40144,0,316,0,73.337,
61238,2449.520,289,0.24617,8.37097,0,328,0,72.989,
61239,2449.560,289,0.23726,8.34901,0,133,0,23.661,
61240,2449.600,289,0.23714,8.31757,0,375,13,84.101,
61241,2449.640,289,0.23240,8.29631,1,24,72,1.062,11.947
61242,2449.680,289,0.22870,8.27689,1,27,72,1.111,13.143
61243,2449.720,289,0.21935,8.24927,1,29,72,1.297,12.425
61244,2449.760,289,0.22510,8.22265,1,23,72,1.450,12.472
61245,2449.800,289,0.22569,8.19285,1,26,72,1.687,12.732
61246,2449.840,289,0.21673,8.11493,0,119,0,23.329,
61247,2449.880,289,0.22019,8.13937,1,30,72,2.079,12.547
61248,2449.920,289,0.20554,8.03208,0,116,0,23.523,
61249,2449.960,289,0.21339,8.00912,1,33,72,1.920,10.028
61250,2450.000,289,0.20272,7.99378,1,35,72,1.821,9.973
64010,2560.400,298,0.38700,33.55770,0,18,0,1.068,
64011,2560.440,298,0.37143,33.48374,0,216,0,31.149,
64012,2560.480,298,0.34755,33.41021,0,56,0,8.758,
64013,2560.520,298,0.37718,33.45080,0,213,0,31.369,
64015,2560.600,298,0.38563,33.20464,0,188,0,32.579,
64016,2560.640,298,0.38576,33.08770,0,207,0,31.087,
64017,2560.680,298,0.38886,33.08724,0,205,0,31.756,
64018,2560.720,298,0.37834,32.96724,0,206,0,31.758,
64019,2560.760,298,0.38345,32.99754,0,209,0,31.616,
64020,2560.800,298,0.39189,32.76754,0,174,0,34.109,
64021,2560.840,298,0.39189,32.67954,0,203,0,32.007,
64022,2560.880,298,0.39215,32.63250,0,240,0,29.574,
64023,2560.920,298,0.39054,32.57789,0,242,0,30.030,
64024,2560.960,298,0.40997,32.40376,0,60,0,10.624,
64025,2561.000,298,0.41289,32.40337,0,256,0,29.098,
64026,2561.040,298,0.42131,32.17659,0,16,0,1.404,
64027,2561.080,298,0.42110,32.14360,0,268,0,27.910,
64028,2561.120,298,0.42415,32.10364,0,216,0,32.380,
64029,2561.160,298,0.44247,31.97670,0,252,0,29.327,
64030,2561.200,298,0.43140,31.94936,0,243,0,29.334,
64031,2561.240,298,0.43549,31.95072,0,257,0,28.668,
64032,2561.280,298,0.43598,31.76436,0,58,0,10.168,
64033,2561.320,298,0.45158,31.73949,0,57,0,9.992,
64034,2561.360,298,0.45717,31.73449,0,57,0,9.908,
64035,2561.400,298,0.44159,31.53116,0,57,0,10.315,
64036,2561.440,298,0.44579,31.54132,0,55,0,9.757,
64037,2561.480,298,0.44280,31.36177,0,301,0,26.734,
64038,2561.520,298,0.46004,31.30658,0,272,0,29.305,
64039,2561.560,298,0.45711,31.09648,0,263,0,28.980,
64040,2561.600,298,0.46421,31.13569,0,282,0,28.388,
64041,2561.640,298,0.47259,30.97895,0,275,0,28.969,
64042,2561.680,298,0.46970,30.92924,0,257,0,29.752,
64043,2561.720,298,0.47809,30.74455,0,279,0,28.390,
64044,2561.760,298,0.48241,30.74770,0,284,0,28.805,
64045,2561.800,298,0.49079,30.54951,0,286,0,28.331,
64046,2561.840,298,0.47420,30.53204,0,210,0,32.786,
64047,2561.880,298,0.50087,30.52638,0,225,0,31.572,
64048,2561.920,298,0.49904,30.51755,0,276,0,28.693,
64049,2561.960,298,0.51216,30.32581,0,273,0,28.905,
64050,2562.000,298,0.51779,30.35085,0,240,0,31.189,
64051,2562.040,298,0.51139,30.34238,0,278,0,29.348,
64052,2562.080,298,0.50870,30.14898,0,214,0,32.548,
64053,2562.120,298,0.52433,30.14419,0,222,0,32.306,
64054,2562.160,298,0.52633,30.04551,0,280,0,27.165,
64055,2562.200,298,0.51270,29.95509,0,322,0,31.073,
64056,2562.240,298,0.51016,29.74621,0,253,0,29.896,
64057,2562.280,298,0.53794,29.78630,0,314,0,25.218,
64058,2562.320,298,0.52222,29.62272,0,288,0,25.927,
64059,2562.360,298,0.53060,29.55424,0,316,0,25.459,
64060,2562.400,298,0.57382,29.38382,0,0,0,,
64061,2562.440,298,0.56586,29.38341,0,0,0,,
64062,2562.480,298,0.57689,29.20626,0,0,0,,
64063,2562.520,298,0.57597,29.15193,1,29,0,0.912,8.793
64064,2562.560,298,0.58027,29.02511,0,643,0,80.149,
64065,2562.600,298,0.56127,29.00752,0,0,0,,
64066,2562.640,298,0.57218,28.97769,1,39,0,1.038,8.793
64067,2562.680,298,0.57877,28.85227,1,35,0,0.863,8.793
64068,2562.720,298,0.56677,28.75227,0,0,0,,
64069,2562.760,298,0.55878,28.67952,0,0,0,,
64070,2562.800,298,0.58401,28.68506,0,0,0,,
64071,2562.840,298,0.58264,28.52454,0,0,0,,
64072,2562.880,298,0.57730,28.49652,0,0,0,,
64073,2562.920,298,0.58201,28.30808,0,0,0,,
64074,2562.960,298,0.59769,28.34401,0,0,0,,
64075,2563.000,298,0.59185,28.18154,0,0,0,,
64076,2563.040,298,0.59342,28.18045,0,0,0,,
64077,2563.080,298,0.59614,27.98741,0,0,0,,
64078,2563.120,298,0.60868,28.00434,1,35,0,0.739,8.793
64079,2563.160,298,0.59821,27.90168,1,30,0,0.722,8.793
64080,2563.200,298,0.59463,27.78918,1,34,0,0.747,8.793
64081,2563.240,298,0.61331,27.64210,0,794,0,76.184,
64082,2563.280,298,0.60846,27.63132,0,730,0,82.651,
64083,2563.320,298,0.62409,27.65348,0,0,0,,
64084,2563.360,298,0.62273,27.50798,0,0,0,,
64085,2563.400,298,0.63709,27.47023,0,0,0,,
64086,2563.440,298,0.64189,27.34313,0,676,0,84.410,
64087,2563.480,298,0.61914,27.22665,0,0,0,,
64088,2563.520,298,0.62752,27.13275,0,0,0,,
64089,2563.560,298,0.63578,27.13630,0,0,0,,
64090,2563.600,298,0.64183,26.96450,1,32,0,0.756,8.793
64091,2563.640,298,0.65145,26.99180,1,33,0,0.819,8.793
64092,2563.680,298,0.64326,26.81007,1,31,0,0.801,8.793
64093,2563.720,298,0.66261,26.81326,1,30,0,0.767,8.793
64094,2563.760,298,0.64556,26.63908,1,33,0,0.835,8.793
64095,2563.800,298,0.65961,26.66602,1,31,0,0.828,8.793
64096,2563.840,298,0.64991,26.50174,1,31,0,0.800,8.793
64097,2563.880,298,0.66745,26.52168,1,30,0,0.759,8.793
64098,2563.920,298,0.65819,26.35709,1,29,0,0.718,14.330
64099,2563.960,298,0.67116,26.34226,1,32,0,0.824,8.793
64100,2564.000,298,0.66791,26.26090,1,30,0,0.928,8.793
64101,2564.040,298,0.67294,26.22429,1,29,0,0.793,17.528
64102,2564.080,298,0.66749,26.03546,1,28,0,0.746,14.305
64103,2564.120,298,0.67417,26.06273,1,30,0,0.762,8.793
64104,2564.160,298,0.67623,25.88051,1,31,0,0.829,10.859
64105,2564.200,298,0.68822,25.88402,1,29,0,0.814,8.793
64106,2564.240,298,0.68003,25.78954,1,30,0,0.799,8.793
64107,2564.280,298,0.68669,25.74676,1,28,0,0.830,12.348
64108,2564.320,298,0.68797,25.59167,1,31,0,0.369,11.569
64109,2564.360,298,0.68118,25.47656,1,31,0,0.812,13.526
64110,2564.400,298,0.68785,25.42969,1,30,0,0.547,22.661
64111,2564.440,298,0.69554,25.43836,1,30,0,0.829,12.968
64112,2564.480,298,0.69968,25.34201,1,32,0,0.843,8.793
64113,2564.520,298,0.67782,25.17371,1,31,0,0.865,15.748
64114,2564.560,298,0.69121,25.13268,1,32,0,0.798,8.793
64115,2564.600,298,0.69832,25.06878,1,31,0,0.863,8.793
64116,2564.640,298,0.69897,24.97164,1,31,0,0.883,15.456
64117,2564.680,298,0.70572,24.87404,1,33,40,0.575,13.023
64118,2564.720,298,0.71042,24.84008,1,31,0,0.851,8.793
64119,2564.760,298,0.71401,24.72937,1,33,39,0.675,13.821
64120,2564.800,298,0.71923,24.75484,1,32,0,0.819,8.793
64121,2564.840,298,0.71347,24.65664,1,34,0,0.762,8.793
64122,2564.880,298,0.71450,24.54910,1,36,0,0.884,8.793
64123,2564.920,298,0.71810,24.44354,1,34,0,0.803,8.793
64124,2564.960,298,0.72908,24.36187,1,34,0,0.832,8.793
64125,2565.000,298,0.72361,24.36515,1,35,0,0.865,8.793
64126,2565.040,298,0.72691,24.32648,1,37,0,0.821,8.793
64127,2565.080,298,0.73114,24.23376,1,36,0,0.745,8.793
64128,2565.120,298,0.71895,24.01315,1,36,0,0.852,10.059
64129,2565.160,298,0.72989,24.07987,1,38,0,0.783,8.793
64130,2565.200,298,0.73565,23.93256,1,36,0,0.819,8.793
64131,2565.240,298,0.73544,23.95053,1,37,0,0.786,8.793
64132,2565.280,298,0.73838,23.78449,1,38,0,0.814,8.793
64133,2565.320,298,0.73687,23.67751,1,21,0,0.704,8.793
64134,2565.360,298,0.73639,23.66282,1,38,0,0.853,8.793
64135,2565.400,298,0.74188,23.56470,1,39,0,0.865,8.793
64136,2565.440,298,0.74527,23.56056,1,38,0,0.788,8.793
64137,2565.480,298,0.73811,23.42813,1,21,0,0.885,8.793
64138,2565.520,298,0.74745,23.37332,1,40,0,0.833,8.793
64139,2565.560,298,0.74509,23.28998,1,21,0,0.925,8.793
64140,2565.600,298,0.73425,23.15197,1,21,0,0.749,8.793
64141,2565.640,298,0.75575,23.15398,1,21,0,0.811,8.793
64142,2565.680,298,0.75041,23.02206,1,21,0,0.897,8.793
64143,2565.720,298,0.75393,23.00359,1,21,0,0.815,8.793
64144,2565.760,298,0.74652,22.91605,1,21,0,0.834,8.793
64145,2565.800,298,0.75970,22.92723,1,22,0,0.807,8.793
64146,2565.840,298,0.75724,22.77607,1,22,0,0.853,8.793
64147,2565.880,298,0.76283,22.68576,1,21,13,0.820,13.965
64148,2565.920,298,0.76612,22.64857,1,21,0,0.776,8.793
64149,2565.960,298,0.76769,22.56518,1,22,0,0.902,8.793
64150,2566.000,298,0.76710,22.52345,1,23,0,0.914,8.793
64151,2566.040,298,0.76671,22.42879,1,40,0,0.806,8.793
64152,2566.080,298,0.76113,22.30765,1,22,0,0.773,8.793
64153,2566.120,298,0.76571,22.26814,1,21,0,0.864,8.793
64154,2566.160,298,0.77165,22.19390,1,21,0,0.876,8.793
64155,2566.200,298,0.76455,22.08488,1,21,0,0.749,8.793
64156,2566.240,298,0.76700,22.06056,1,21,0,0.755,8.793
64157,2566.280,298,0.77079,21.96364,1,21,0,0.867,8.793
64158,2566.320,298,0.77317,21.91235,1,21,0,0.800,8.793
64159,2566.360,298,0.77388,21.83099,1,39,0,0.946,8.793
64160,2566.400,298,0.77885,21.79424,1,22,0,0.829,8.793
64161,2566.440,298,0.78133,21.70236,1,21,0,0.807,8.793
64162,2566.480,298,0.77114,21.59257,1,21,0,0.788,8.793
64163,2566.520,298,0.78029,21.56333,1,21,0,0.831,15.452
64164,2566.560,298,0.77646,21.47283,1,21,0,0.829,8.793
64165,2566.600,298,0.77872,21.36754,1,40,28,0.747,12.272
64166,2566.640,298,0.78312,21.36895,1,40,0,0.958,8.793
64167,2566.680,298,0.77136,21.25827,1,39,28,0.686,13.196
64168,2566.720,298,0.79079,21.25486,1,38,0,0.881,8.793
64169,2566.760,298,0.78332,21.17201,1,36,0,0.857,8.793
64170,2566.800,298,0.78370,21.05153,1,39,0,0.832,16.372
64171,2566.840,298,0.78650,20.99965,1,36,0,0.810,16.809
64172,2566.880,298,0.78102,20.93793,1,37,22,0.759,10.235
64173,2566.920,298,0.77777,20.84539,1,36,0,0.814,8.793
64174,2566.960,298,0.78848,20.78904,1,39,0,0.872,18.798
64175,2567.000,298,0.78442,20.73249,1,38,0,0.870,8.793
64176,2567.040,298,0.78903,20.63847,1,35,0,0.796,8.793
64177,2567.080,298,0.78671,20.59408,1,38,28,0.637,11.888
64178,2567.120,298,0.79415,20.49283,1,38,0,0.914,8.793
64179,2567.160,298,0.79351,20.41326,1,37,0,0.778,8.793
64180,2567.200,298,0.79166,20.40479,1,37,18,0.571,14.250
64181,2567.240,298,0.79225,20.29156,1,37,0,0.875,8.793
64182,2567.280,298,0.80586,20.22501,1,35,0,0.810,8.793
64183,2567.320,298,0.79554,20.19447,1,36,0,0.737,8.793
64184,2567.360,298,0.78932,20.08699,1,38,0,0.812,8.793
64185,2567.400,298,0.79997,20.07801,1,37,0,0.918,8.793
64186,2567.440,298,0.79695,19.99377,1,37,0,0.798,8.793
64187,2567.480,298,0.79040,19.88056,1,38,55,0.618,8.613
64188,2567.520,298,0.79892,19.86784,1,40,0,0.884,8.793
64189,2567.560,298,0.80495,19.79924,1,37,0,0.832,8.793
64190,2567.600,298,0.81496,19.74183,1,21,0,0.549,8.793
64191,2567.640,298,0.79948,19.68086,1,21,0,0.806,8.793
64192,2567.680,298,0.80195,19.60654,1,39,0,0.721,8.793
64193,2567.720,298,0.80755,19.54281,1,40,0,0.803,8.793
64194,2567.760,298,0.80272,19.47268,1,21,0,0.832,8.793
64195,2567.800,298,0.80547,19.42785,1,22,0,0.707,8.793
64196,2567.840,298,0.79817,19.35915,1,22,0,0.566,9.481
64197,2567.880,298,0.80369,19.27623,1,22,0,0.799,8.793
64198,2567.920,298,0.80709,19.21900,1,22,0,0.890,8.793
64199,2567.960,298,0.80697,19.17071,1,22,0,0.651,8.793
64200,2568.000,298,0.80862,19.07494,1,22,0,0.856,8.793
64201,2568.040,298,0.80671,19.01166,1,24,0,0.962,8.793
64202,2568.080,298,0.81126,18.98032,1,23,0,0.591,8.793
64203,2568.120,298,0.80292,18.88871,1,24,0,0.745,8.793
64204,2568.160,298,0.79809,18.77744,1,25,40,0.761,12.503
64205,2568.200,298,0.80212,18.77440,1,24,0,0.874,8.793
64206,2568.240,298,0.80915,18.69623,1,25,0,0.795,8.793
64207,2568.280,298,0.80165,18.64101,1,25,0,0.954,8.793
64208,2568.320,298,0.80978,18.58565,1,25,0,0.979,8.793
64209,2568.360,298,0.80711,18.49694,1,26,0,0.860,8.793
64210,2568.400,298,0.80779,18.44486,1,26,0,0.867,8.793
64211,2568.440,298,0.80334,18.40662,1,26,0,0.919,8.793
64212,2568.480,298,0.80723,18.34348,1,26,0,0.859,8.793
64213,2568.520,298,0.80578,18.24579,1,27,0,0.877,8.793
64214,2568.560,298,0.80638,18.16396,1,27,14,0.861,9.949
64215,2568.600,298,0.80574,18.12617,1,26,0,0.932,8.793
64216,2568.640,298,0.80920,18.07459,1,26,0,0.731,8.793
64217,2568.680,298,0.80555,18.00166,1,26,0,0.837,8.793
64218,2568.720,298,0.80654,17.93950,1,27,0,0.901,8.793
64219,2568.760,298,0.81188,17.87751,1,27,0,0.830,8.793
64220,2568.800,298,0.81107,17.81510,1,27,0,0.841,8.793
64221,2568.840,298,0.80637,17.74116,1,28,0,0.902,8.793
64222,2568.880,298,0.80166,17.68406,1,27,0,0.882,8.793
64223,2568.920,298,0.80299,17.61111,1,27,0,0.805,8.793
64224,2568.960,298,0.79993,17.56473,1,27,0,1.027,8.793
64225,2569.000,298,0.80817,17.50160,1,27,0,0.737,8.793
64226,2569.040,298,0.80452,17.42328,1,27,0,0.924,8.793
64227,2569.080,298,0.80284,17.38123,1,28,0,0.890,8.793
64228,2569.120,298,0.80432,17.30434,1,28,0,0.839,8.793
64229,2569.160,298,0.80546,17.24645,1,28,0,0.830,8.793
64230,2569.200,298,0.80261,17.17012,1,28,0,0.866,8.793
64231,2569.240,298,0.79791,17.10686,1,27,17,0.838,11.371
64232,2569.280,298,0.80734,17.06046,1,30,0,0.832,19.885
64233,2569.320,298,0.80540,17.00070,1,29,0,0.844,8.793
64234,2569.360,298,0.79924,16.92849,1,29,0,0.923,8.793
64235,2569.400,298,0.81266,16.87699,1,28,0,0.951,8.793
64236,2569.440,298,0.79778,16.80205,1,28,0,0.973,8.793
64237,2569.480,298,0.79989,16.74508,1,28,0,0.862,8.793
64238,2569.520,298,0.80177,16.67959,1,26,36,0.752,15.619
64239,2569.560,298,0.80406,16.62377,1,27,0,0.878,8.793
64240,2569.600,298,0.79671,16.57487,1,27,0,0.885,8.793
64241,2569.640,298,0.79684,16.50767,1,28,0,0.941,8.793
64242,2569.680,298,0.80175,16.42719,1,26,23,0.747,12.706
64243,2569.720,298,0.79697,16.38561,1,26,0,0.901,8.793
64244,2569.760,298,0.79688,16.31172,1,27,0,0.895,8.793
64245,2569.800,298,0.79544,16.25339,1,26,0,0.778,16.081
64246,2569.840,298,0.79975,16.19239,1,27,0,0.755,19.561
64247,2569.880,298,0.79493,16.12724,1,27,0,0.886,16.305
64248,2569.920,298,0.78824,16.05468,1,26,38,0.739,15.772
64249,2569.960,298,0.79538,15.99906,1,26,0,0.848,8.793
64250,2570.000,298,0.79002,15.93756,1,26,0,0.855,14.329
64251,2570.040,298,0.79003,15.88147,1,26,39,0.821,14.244
64252,2570.080,298,0.79963,15.81753,1,26,0,0.814,18.170
64253,2570.120,298,0.79356,15.76763,1,26,40,0.760,17.211
64254,2570.160,298,0.79032,15.71633,1,26,37,0.798,14.006
64255,2570.200,298,0.78304,15.64712,1,25,52,0.749,14.794
64256,2570.240,298,0.78986,15.56706,1,24,0,0.875,15.432
64257,2570.280,298,0.78703,15.51172,1,26,42,0.656,16.249
64258,2570.320,298,0.78469,15.45682,1,26,47,0.712,15.582
64259,2570.360,298,0.78462,15.38341,1,27,47,0.617,15.807
64260,2570.400,298,0.78962,15.33453,1,25,38,0.717,15.425
64261,2570.440,298,0.78316,15.25842,1,25,43,0.684,15.871
64262,2570.480,298,0.77732,15.19409,1,23,54,0.739,12.993
64263,2570.520,298,0.78680,15.14078,1,24,43,0.782,13.475
64264,2570.560,298,0.78371,15.12959,1,24,0,0.917,17.120
64265,2570.600,298,0.78172,15.04819,1,24,43,0.573,14.430
64266,2570.640,298,0.78413,14.98583,1,25,52,0.666,9.192
64267,2570.680,298,0.78020,14.89917,1,23,60,0.735,10.887
64268,2570.720,298,0.77883,14.84464,1,24,54,0.737,11.915
64269,2570.760,298,0.77614,14.80040,1,25,54,0.779,12.523
64270,2570.800,298,0.77409,14.75215,1,24,61,0.789,12.231
64271,2570.840,298,0.77385,14.70494,1,27,60,0.783,12.019
64272,2570.880,298,0.77716,14.63438,1,25,53,0.703,14.761
64273,2570.920,298,0.77163,14.58454,1,26,59,0.800,13.374
64274,2570.960,298,0.77152,14.53236,1,26,58,0.673,14.442
64275,2571.000,298,0.76959,14.47958,1,25,60,0.855,14.196
64276,2571.040,298,0.76778,14.42888,1,26,56,0.796,12.524
64277,2571.080,298,0.77032,14.36532,1,26,60,0.733,14.641
64278,2571.120,298,0.76983,14.32223,1,26,56,0.880,13.758
64279,2571.160,298,0.76499,14.26489,1,27,52,0.722,14.987
64280,2571.200,298,0.76941,14.22837,1,27,46,0.759,14.598
64281,2571.240,298,0.76637,14.14372,1,27,58,0.756,16.745
64282,2571.280,298,0.76341,14.09660,1,28,57,0.734,15.474
64283,2571.320,298,0.75955,14.03131,1,28,64,0.780,14.570
64284,2571.360,298,0.76259,13.97886,1,30,56,0.713,16.578
64285,2571.400,298,0.76740,13.94592,1,32,45,0.863,12.804
64286,2571.440,298,0.76090,13.88588,1,30,49,0.859,13.886
64287,2571.480,298,0.75956,13.81758,1,31,59,0.721,14.838
64288,2571.520,298,0.75936,13.77987,1,30,53,0.584,15.385
64289,2571.560,298,0.74871,13.71912,1,32,48,0.763,14.831
64290,2571.600,298,0.75855,13.68261,1,31,62,0.882,14.475
64291,2571.640,298,0.75326,13.61787,1,31,60,0.644,16.413
64292,2571.680,298,0.75635,13.56458,1,32,50,0.801,13.494
64293,2571.720,298,0.75078,13.50185,1,32,57,0.835,13.856
64294,2571.760,298,0.74745,13.44972,1,31,56,0.813,15.223
64295,2571.800,298,0.74450,13.39953,1,32,59,0.858,15.147
64296,2571.840,298,0.74514,13.33825,1,32,39,0.765,13.721
64297,2571.880,298,0.74379,13.28077,1,32,41,0.773,14.429
64298,2571.920,298,0.74051,13.24104,1,34,42,0.747,15.559
64299,2571.960,298,0.74588,13.19256,1,32,53,0.663,15.733
64300,2572.000,298,0.74744,13.14101,1,35,48,0.705,15.528
64301,2572.040,298,0.73852,13.08773,1,34,47,0.766,15.309
64302,2572.080,298,0.73723,13.04308,1,35,44,0.757,15.269
64303,2572.120,298,0.73150,12.97551,1,33,43,0.895,14.526
64304,2572.160,298,0.73845,12.93812,1,34,51,0.679,16.116
64305,2572.200,298,0.73576,12.87716,1,36,36,0.722,14.741
64306,2572.240,298,0.73225,12.83753,1,35,34,0.840,14.019
64307,2572.280,298,0.73363,12.78138,1,28,40,0.709,15.877
64308,2572.320,298,0.72826,12.72970,1,35,54,0.657,16.118
64309,2572.360,298,0.72637,12.68169,1,34,35,0.919,12.595
64310,2572.400,298,0.72769,12.63076,1,38,32,0.974,12.752
64311,2572.440,298,0.72352,12.57219,1,36,33,0.941,13.528
64312,2572.480,298,0.72653,12.54018,1,37,48,0.677,16.447
64313,2572.520,298,0.71901,12.47289,1,35,32,0.773,13.325
64314,2572.560,298,0.72058,12.43820,1,35,51,0.691,16.118
64315,2572.600,298,0.71327,12.38040,1,38,50,0.698,16.731
64316,2572.640,298,0.71761,12.32830,1,36,53,0.683,15.378
64317,2572.680,298,0.71694,12.28426,1,35,51,0.729,15.403
64318,2572.720,298,0.71062,12.22684,1,36,50,0.767,14.897
64319,2572.760,298,0.70675,12.18681,1,36,51,0.752,14.356
64320,2572.800,298,0.70619,12.12761,1,29,40,0.811,14.153
64321,2572.840,298,0.70852,12.07926,1,36,41,0.754,14.378
64322,2572.880,298,0.69839,12.04047,1,37,54,0.558,16.166
64323,2572.920,298,0.70312,11.99120,1,37,48,0.833,14.078
64324,2572.960,298,0.70010,11.93240,1,30,42,0.966,12.296
64325,2573.000,298,0.70627,11.89236,1,39,52,0.734,14.264
64326,2573.040,298,0.70342,11.84324,1,37,60,0.799,14.445
64327,2573.080,298,0.69720,11.79427,1,37,62,0.858,14.077
64328,2573.120,298,0.69719,11.73004,1,31,51,1.007,12.002
64329,2573.160,298,0.68980,11.69428,1,37,63,0.905,14.418
64330,2573.200,298,0.69425,11.64769,1,36,61,0.911,13.499
64331,2573.240,298,0.68534,11.59206,1,30,58,0.888,13.534
64332,2573.280,298,0.68746,11.56764,1,36,59,1.006,14.116
64333,2573.320,298,0.67922,11.50550,1,35,59,0.939,13.968
64334,2573.360,298,0.67564,11.46283,1,36,61,1.024,14.567
64335,2573.400,298,0.67961,11.41018,1,36,60,1.085,13.485
64336,2573.440,298,0.67716,11.36127,1,39,60,1.015,13.266
64337,2573.480,298,0.67555,11.30707,1,36,60,1.039,13.498
64338,2573.520,298,0.67743,11.26888,1,36,60,0.935,14.993
64339,2573.560,298,0.67036,11.21482,1,39,60,1.073,13.200
64340,2573.600,298,0.67362,11.16734,1,38,58,1.028,12.851
64341,2573.640,298,0.66311,11.11353,1,36,57,1.120,13.097
64342,2573.680,298,0.65832,11.07380,1,35,59,1.033,14.289
64343,2573.720,298,0.66281,11.02194,1,37,58,1.026,11.963
64344,2573.760,298,0.65868,10.97432,1,39,60,1.058,12.928
64345,2573.800,298,0.65570,10.92908,1,38,60,1.091,12.507
64346,2573.840,298,0.65435,10.88048,1,36,59,1.083,12.375
64347,2573.880,298,0.64993,10.82586,1,36,56,1.080,11.275
64348,2573.920,298,0.64418,10.76870,1,34,59,1.140,11.726
64349,2573.960,298,0.64295,10.72337,1,36,56,1.112,11.384
64350,2574.000,298,0.64473,10.68116,1,37,58,1.064,11.160
64351,2574.040,298,0.64051,10.62320,1,34,54,1.067,11.107
64352,2574.080,298,0.63870,10.57479,1,36,55,1.109,10.687
64353,2574.120,298,0.63480,10.51903,1,34,56,1.019,10.404
64354,2574.160,298,0.63359,10.47822,1,35,51,0.934,10.777
64355,2574.200,298,0.62878,10.42775,1,34,59,0.959,10.132
64356,2574.240,298,0.62479,10.39097,1,33,52,1.090,10.260
64357,2574.280,298,0.62263,10.32597,1,34,64,0.787,10.000
64358,2574.320,298,0.62510,10.29567,1,37,64,0.966,9.774
64359,2574.360,298,0.61793,10.24727,1,36,56,0.766,8.789
64360,2574.400,298,0.61890,10.20415,1,34,58,0.894,9.206
64361,2574.440,298,0.61479,10.16076,1,36,58,0.851,9.097
64362,2574.480,298,0.61321,10.11820,1,37,62,0.815,8.964
64363,2574.520,298,0.60976,10.07295,1,37,62,0.767,9.131
64364,2574.560,298,0.60825,10.03901,1,37,58,0.857,8.781
64365,2574.600,298,0.60646,9.98647,1,35,63,0.859,9.667
64366,2574.640,298,0.60331,9.94377,1,33,63,0.895,9.536
64367,2574.680,298,0.59855,9.89220,1,36,61,0.822,9.194
64368,2574.720,298,0.59704,9.84862,1,37,64,0.757,9.735
64369,2574.760,298,0.59815,9.82153,1,38,58,0.942,9.501
64370,2574.800,298,0.59536,9.79394,1,37,62,1.061,9.497
64371,2574.840,298,0.59556,9.74961,1,37,62,1.067,9.472
64372,2574.880,298,0.58817,9.69389,1,38,58,1.031,10.453
64373,2574.920,298,0.58745,9.65776,1,38,63,1.161,10.737
64374,2574.960,298,0.58755,9.62661,1,39,65,1.188,10.423
64375,2575.000,298,0.58506,9.59027,1,38,62,1.140,10.354
64376,2575.040,298,0.58130,9.53826,1,37,64,1.191,10.308
64377,2575.080,298,0.57887,9.50081,1,37,64,1.193,10.696
64378,2575.120,298,0.57713,9.45933,1,34,65,1.230,10.962
64379,2575.160,298,0.56989,9.41711,1,41,66,1.240,11.054
64380,2575.200,298,0.56764,9.37213,1,40,67,1.275,11.479
64381,2575.240,298,0.56484,9.33121,1,36,65,1.283,11.797
64382,2575.280,298,0.56347,9.28874,1,37,67,1.303,11.309
64383,2575.320,298,0.56057,9.25368,1,43,64,1.290,11.703
64384,2575.360,298,0.55971,9.21333,1,41,67,1.282,11.730
64385,2575.400,298,0.55585,9.17456,1,42,65,1.324,11.706
64386,2575.440,298,0.55375,9.12789,1,39,67,1.318,11.617
64387,2575.480,298,0.55115,9.09428,1,41,66,1.406,12.330
64388,2575.520,298,0.55015,9.05362,1,41,66,1.237,12.183
64389,2575.560,298,0.54184,9.00623,1,37,69,1.345,11.843
64390,2575.600,298,0.54176,8.96237,1,43,67,1.303,12.107
64391,2575.640,298,0.53875,8.92534,1,37,69,1.365,12.165
64392,2575.680,298,0.53419,8.88682,1,38,70,1.355,12.072
64393,2575.720,298,0.53349,8.84349,1,38,70,1.365,12.030
64394,2575.760,298,0.53168,8.82221,1,43,65,1.157,14.078
64395,2575.800,298,0.52805,8.77433,1,47,66,0.943,15.078
64396,2575.840,298,0.52248,8.72628,1,42,69,1.301,12.622
64397,2575.880,298,0.52254,8.69436,1,46,68,1.268,13.477
64398,2575.920,298,0.52068,8.65544,1,46,67,1.200,13.643
64399,2575.960,298,0.51416,8.61734,1,43,68,1.004,14.480
64400,2576.000,298,0.51307,8.51958,0,136,0,14.533,
64406,2576.240,298,0.48672,8.28304,1,0,72,0.507,9.362
64407,2576.280,298,0.53298,8.11745,1,135,0,21.907,13.400
64408,2576.320,298,0.48827,8.26900,1,22,66,0.957,14.512
64410,2576.400,298,0.47698,8.13050,1,0,63,0.390,9.653
64411,2576.440,298,0.47147,8.13267,1,0,67,1.354,11.660
64413,2576.520,298,0.46808,7.99705,1,35,60,1.882,9.303
65510,2620.400,307,0.39511,33.50615,1,19,0,1.075,8.793
65511,2620.440,307,0.39728,33.35542,0,1076,0,86.896,
65512,2620.480,307,0.38823,33.33147,0,963,0,73.188,
65513,2620.520,307,0.38371,33.22019,0,1091,0,79.342,
65514,2620.560,307,0.40528,33.30346,0,1024,0,83.298,
65516,2620.640,307,0.42560,33.03064,0,1068,0,71.388,
65517,2620.680,307,0.43056,32.96428,0,956,0,76.771,
65518,2620.720,307,0.42260,32.86193,0,1035,0,73.984,
65519,2620.760,307,0.42593,32.79335,0,1025,0,77.439,
65520,2620.800,307,0.43428,32.56446,0,1024,0,74.588,
65521,2620.840,307,0.44184,32.62820,0,971,0,74.483,
65522,2620.880,307,0.45040,32.39722,0,1010,0,82.140,
65523,2620.920,307,0.43481,32.33437,0,992,0,74.419,
65524,2620.960,307,0.45430,32.31032,0,1046,0,75.100,
65525,2621.000,307,0.45736,32.35763,0,983,0,82.126,
65526,2621.040,307,0.45403,32.16388,0,976,0,71.631,
65527,2621.080,307,0.46603,32.07845,0,1240,0,78.797,
65528,2621.120,307,0.46270,32.00189,0,994,0,73.269,
65529,2621.160,307,0.46103,31.93908,0,967,0,73.386,
65530,2621.200,307,0.46520,31.96751,0,987,0,82.268,
65531,2621.240,307,0.46158,31.73095,0,1173,0,75.899,
65532,2621.280,307,0.47678,31.67817,1,1115,0,92.332,8.793
65533,2621.320,307,0.47348,31.66496,0,770,0,99.267,
65534,2621.360,307,0.49090,31.54355,0,772,0,91.914,
65535,2621.400,307,0.50529,31.42377,0,779,0,88.841,
65536,2621.440,307,0.50700,31.30033,0,949,0,96.581,
65537,2621.480,307,0.50433,31.32886,0,816,0,79.738,
65538,2621.520,307,0.49729,31.13152,0,863,0,88.309,
65539,2621.560,307,0.49705,30.93958,0,866,0,98.500,
65540,2621.600,307,0.49298,30.93438,0,0,0,,
65541,2621.640,307,0.50370,30.89422,0,840,0,97.763,
65542,2621.680,307,0.49928,30.72482,0,867,0,90.189,
65543,2621.720,307,0.47254,30.50962,0,897,0,93.474,
65544,2621.760,307,0.51437,30.50336,0,770,0,91.624,
65545,2621.800,307,0.51473,30.53487,0,819,0,93.950,
65546,2621.840,307,0.51009,30.45822,0,840,0,100.428,
65547,2621.880,307,0.52209,30.44207,0,799,0,86.329,
65548,2621.920,307,0.50823,30.30793,0,781,0,96.489,
65549,2621.960,307,0.51285,30.32649,0,0,0,,
65550,2622.000,307,0.52992,30.33711,0,830,0,79.015,
65551,2622.040,307,0.52989,30.18505,0,820,0,92.182,
65552,2622.080,307,0.53819,30.11191,0,0,0,,
65553,2622.120,307,0.52978,30.11791,0,822,0,88.297,
65554,2622.160,307,0.53810,29.95471,0,0,0,,
65555,2622.200,307,0.56988,29.92124,0,758,0,88.996,
65556,2622.240,307,0.56015,29.74158,0,886,0,82.740,
65557,2622.280,307,0.55535,29.54630,0,0,0,,
65558,2622.320,307,0.55247,29.55840,0,834,0,92.708,
65559,2622.360,307,0.55979,29.60965,0,818,0,91.346,
65560,2622.400,307,0.55795,29.41142,0,0,0,,
65561,2622.440,307,0.57440,29.36493,0,767,0,85.322,
65562,2622.480,307,0.56273,29.19727,0,0,0,,
65563,2622.520,307,0.58376,29.20277,0,0,0,,
65564,2622.560,307,0.56281,28.95164,0,0,0,,
65565,2622.600,307,0.57481,28.92443,0,0,0,,
65566,2622.640,307,0.58065,28.97972,0,0,0,,
65567,2622.680,307,0.57706,28.81432,1,27,0,0.850,8.793
65568,2622.720,307,0.57595,28.77616,1,27,0,0.916,8.793
65569,2622.760,307,0.57689,28.66616,0,0,0,,
65570,2622.800,307,0.59517,28.65013,1,27,0,0.809,8.793
65571,2622.840,307,0.57838,28.50729,0,0,0,,
65572,2622.880,307,0.57654,28.31776,0,0,0,,
65573,2622.920,307,0.58854,28.35249,0,0,0,,
65574,2622.960,307,0.60101,28.30486,0,0,0,,
65575,2623.000,307,0.59490,28.12794,0,0,0,,
65576,2623.040,307,0.60053,28.14427,0,0,0,,
65577,2623.080,307,0.60394,27.96073,0,0,0,,
65578,2623.120,307,0.61406,27.96309,0,0,0,,
65579,2623.160,307,0.60759,27.93811,0,0,0,,
65580,2623.200,307,0.60909,27.80732,0,0,0,,
65581,2623.240,307,0.62566,27.80438,0,0,0,,
65582,2623.280,307,0.60780,27.68887,0,0,0,,
65583,2623.320,307,0.61896,27.63523,0,0,0,,
65584,2623.360,307,0.61733,27.47656,0,0,0,,
65585,2623.400,307,0.63954,27.43418,0,0,0,,
65586,2623.440,307,0.61351,27.29439,0,759,0,90.002,
65587,2623.480,307,0.62189,27.30245,0,0,0,,
65588,2623.520,307,0.61325,27.16945,0,0,0,,
65589,2623.560,307,0.61511,27.17722,0,0,0,,
65590,2623.600,307,0.62446,27.05222,0,0,0,,
65591,2623.640,307,0.63096,27.02427,0,0,0,,
65592,2623.680,307,0.63603,26.96574,0,0,0,,
65593,2623.720,307,0.63069,26.80830,0,0,0,,
65594,2623.760,307,0.62912,26.68816,0,0,0,,
65595,2623.800,307,0.64464,26.66631,0,0,0,,
65596,2623.840,307,0.63045,26.53093,0,0,0,,
65597,2623.880,307,0.63252,26.48562,0,0,0,,
65598,2623.920,307,0.65800,26.50951,0,0,0,,
65599,2623.960,307,0.65241,26.35185,0,0,0,,
65600,2624.000,307,0.63698,26.20062,0,0,0,,
65601,2624.040,307,0.65252,26.23991,0,0,0,,
65602,2624.080,307,0.65975,26.19301,0,0,0,,
65603,2624.120,307,0.66416,26.09651,0,0,0,,
65604,2624.160,307,0.64120,25.89691,0,0,0,,
65605,2624.200,307,0.65673,25.94193,0,0,0,,
65606,2624.240,307,0.65889,25.74358,0,0,0,,
65607,2624.280,307,0.65847,25.74191,0,0,0,,
65608,2624.320,307,0.65386,25.62669,0,0,0,,
65609,2624.360,307,0.67042,25.58708,0,0,0,,
65610,2624.400,307,0.68454,25.49237,0,0,0,,
65611,2624.440,307,0.68265,25.45222,0,0,0,,
65612,2624.480,307,0.67675,25.34178,0,670,0,97.525,
65613,2624.520,307,0.66359,25.31007,0,0,0,,
65614,2624.560,307,0.64813,25.16687,0,547,16,97.682,
65615,2624.600,307,0.66013,25.13854,0,0,0,,
65616,2624.640,307,0.65867,25.01738,0,0,0,,
65617,2624.680,307,0.65168,24.98860,0,0,0,,
65618,2624.720,307,0.65508,24.92420,0,0,0,,
65619,2624.760,307,0.65414,24.87247,0,0,0,,
65620,2624.800,307,0.66269,24.77078,0,0,0,,
65621,2624.840,307,0.65932,24.77224,0,0,0,,
65622,2624.880,307,0.65187,24.61304,0,0,0,,
65623,2624.920,307,0.67550,24.62104,0,0,0,,
65624,2624.960,307,0.66532,24.46896,0,0,0,,
65625,2625.000,307,0.67389,24.40688,0,0,0,,
65626,2625.040,307,0.68245,24.30224,0,0,0,,
65627,2625.080,307,0.69017,24.33223,0,0,0,,
65628,2625.120,307,0.71383,24.16167,0,0,0,,
65629,2625.160,307,0.69059,24.04608,0,0,0,,
65630,2625.200,307,0.71103,24.04269,0,0,0,,
65631,2625.240,307,0.70113,23.94349,0,0,0,,
65632,2625.280,307,0.69421,23.91144,0,0,0,,
65633,2625.320,307,0.69878,23.83992,0,0,0,,
65634,2625.360,307,0.67487,23.64993,0,0,0,,
65635,2625.400,307,0.69261,23.55875,0,0,0,,
65636,2625.440,307,0.68136,23.50026,0,0,0,,
65637,2625.480,307,0.70243,23.52170,0,0,0,,
65638,2625.520,307,0.69387,23.42596,0,0,0,,
65639,2625.560,307,0.70023,23.41660,0,0,0,,
65640,2625.600,307,0.69644,23.23011,0,0,0,,
65641,2625.640,307,0.70692,23.17438,0,0,0,,
65642,2625.680,307,0.68365,23.04849,0,0,0,,
65643,2625.720,307,0.68005,23.00292,0,0,0,,
65644,2625.760,307,0.67983,22.94359,0,0,0,,
65645,2625.800,307,0.69660,23.01296,0,0,0,,
65646,2625.840,307,0.70527,22.92803,0,0,0,,
65647,2625.880,307,0.70507,22.82272,0,0,0,,
65648,2625.920,307,0.72260,22.77119,0,0,0,,
65649,2625.960,307,0.72907,22.69620,0,0,0,,
65650,2626.000,307,0.73431,22.66039,0,0,0,,
65651,2626.040,307,0.73413,22.56500,0,0,0,,
65652,2626.080,307,0.72515,22.55769,0,0,0,,
65653,2626.120,307,0.74258,22.41839,0,0,0,,
65654,2626.160,307,0.72791,22.35875,0,0,0,,
65655,2626.200,307,0.73559,22.30786,0,0,0,,
65656,2626.240,307,0.72248,22.21507,0,0,0,,
65657,2626.280,307,0.73186,22.16537,0,0,0,,
65658,2626.320,307,0.70794,22.06187,0,0,0,,
65659,2626.360,307,0.72533,22.04926,0,0,0,,
65660,2626.400,307,0.72168,21.95173,0,0,0,,
65661,2626.440,307,0.72963,21.94755,0,0,0,,
65662,2626.480,307,0.71762,21.82650,0,0,0,,
65663,2626.520,307,0.72606,21.76778,0,0,0,,
65664,2626.560,307,0.73479,21.70924,0,0,0,,
65665,2626.600,307,0.72970,21.59748,0,0,0,,
65666,2626.640,307,0.73450,21.55934,0,0,0,,
65667,2626.680,307,0.74026,21.47907,0,0,0,,
65668,2626.720,307,0.70823,21.38246,0,0,0,,
65669,2626.760,307,0.72868,21.38911,0,0,0,,
65670,2626.800,307,0.71991,21.28996,0,0,0,,
65671,2626.840,307,0.72902,21.15559,0,0,0,,
65672,2626.880,307,0.74777,21.15973,0,0,0,,
65673,2626.920,307,0.75143,21.05300,0,0,0,,
65674,2626.960,307,0.75044,20.99367,0,0,0,,
65675,2627.000,307,0.74675,20.93931,0,0,0,,
65676,2627.040,307,0.74807,20.83135,0,0,0,,
65677,2627.080,307,0.75179,20.82822,0,0,0,,
65678,2627.120,307,0.74073,20.72148,0,0,0,,
65679,2627.160,307,0.73304,20.68869,0,0,0,,
65680,2627.200,307,0.73682,20.64923,0,0,0,,
65681,2627.240,307,0.72608,20.50489,0,0,0,,
65682,2627.280,307,0.71859,20.45294,0,0,0,,
65683,2627.320,307,0.73059,20.41196,0,0,0,,
65684,2627.360,307,0.72239,20.30362,0,0,0,,
65685,2627.400,307,0.73439,20.29873,0,0,0,,
65686,2627.440,307,0.72020,20.19868,0,0,0,,
65687,2627.480,307,0.72413,20.09855,0,0,0,,
65688,2627.520,307,0.72799,20.03860,0,0,0,,
65689,2627.560,307,0.73999,19.98040,0,0,0,,
65690,2627.600,307,0.74599,19.88374,0,0,0,,
65691,2627.640,307,0.74200,19.87583,0,0,0,,
65692,2627.680,307,0.74431,19.78438,0,0,0,,
65693,2627.720,307,0.73529,19.72439,0,0,0,,
65694,2627.760,307,0.74220,19.62337,0,0,0,,
65695,2627.800,307,0.74513,19.61986,0,0,0,,
65696,2627.840,307,0.73632,19.52149,0,0,0,,
65697,2627.880,307,0.74432,19.47904,0,0,0,,
65698,2627.920,307,0.73860,19.38756,0,0,0,,
65699,2627.960,307,0.73973,19.32784,0,0,0,,
65700,2628.000,307,0.74909,19.23726,0,0,0,,
65701,2628.040,307,0.73811,19.22925,0,0,0,,
65702,2628.080,307,0.74711,19.13607,0,0,0,,
65703,2628.120,307,0.73227,19.08346,0,0,0,,
65704,2628.160,307,0.73613,18.98474,0,0,0,,
65705,2628.200,307,0.74848,18.93675,0,0,0,,
65706,2628.240,307,0.73209,18.84975,0,0,0,,
65707,2628.280,307,0.74885,18.84410,0,0,0,,
65708,2628.320,307,0.74789,18.74707,0,0,0,,
65709,2628.360,307,0.75693,18.65469,0,0,0,,
65710,2628.400,307,0.74964,18.56275,0,0,0,,
65711,2628.440,307,0.74343,18.56178,0,0,0,,
65712,2628.480,307,0.73730,18.46960,0,0,0,,
65713,2628.520,307,0.73742,18.37711,0,0,0,,
65714,2628.560,307,0.73136,18.37834,0,0,0,,
65715,2628.600,307,0.73292,18.28806,0,0,0,,
65716,2628.640,307,0.73125,18.19984,0,0,0,,
65717,2628.680,307,0.73325,18.15217,0,0,0,,
65718,2628.720,307,0.73824,18.10626,0,0,0,,
65719,2628.760,307,0.73491,18.01868,0,0,0,,
65720,2628.800,307,0.73272,17.96461,0,0,0,,
65721,2628.840,307,0.72704,17.85821,0,0,0,,
65722,2628.880,307,0.74107,17.85293,0,0,0,,
65723,2628.920,307,0.72803,17.76858,0,0,0,,
65724,2628.960,307,0.72701,17.67862,0,23,0,1.274,
65725,2629.000,307,0.74357,17.68156,0,26,0,0.733,
65726,2629.040,307,0.72071,17.59924,0,0,0,,
65727,2629.080,307,0.74458,17.52130,0,0,0,,
65728,2629.120,307,0.72179,17.43321,0,0,0,,
65729,2629.160,307,0.73830,17.35283,0,0,0,,
65730,2629.200,307,0.73743,17.31124,0,0,0,,
65731,2629.240,307,0.75505,17.25874,0,0,0,,
65732,2629.280,307,0.73315,17.21155,0,0,0,,
65733,2629.320,307,0.72794,17.17169,0,107,22,27.074,
65734,2629.360,307,0.72999,17.08527,0,113,0,26.244,
65735,2629.400,307,0.73481,17.06839,0,105,25,27.718,
65736,2629.440,307,0.73982,17.00148,0,105,0,24.957,
65737,2629.480,307,0.74033,16.95102,0,102,23,27.201,
65738,2629.520,307,0.73532,16.86472,0,106,27,28.359,
65739,2629.560,307,0.73036,16.80442,0,133,13,26.968,
65740,2629.600,307,0.73693,16.71380,0,142,15,28.387,
65741,2629.640,307,0.72795,16.67388,0,134,22,25.946,
65742,2629.680,307,0.73018,16.64401,0,144,22,25.372,
65743,2629.720,307,0.72069,16.55489,0,162,17,23.542,
65744,2629.760,307,0.72300,16.47971,0,0,0,,
65745,2629.800,307,0.72255,16.44049,0,0,0,,
65746,2629.840,307,0.71739,16.35112,0,0,0,,
65747,2629.880,307,0.72373,16.31583,0,0,0,,
65748,2629.920,307,0.72068,16.24171,0,0,0,,
65749,2629.960,307,0.71617,16.17633,0,0,0,,
65750,2630.000,307,0.72029,16.11110,0,0,0,,
65751,2630.040,307,0.71297,16.18399,1,0,36,0.772,10.870
65752,2630.080,307,0.71286,16.01033,0,159,23,27.341,
65753,2630.120,307,0.73162,16.06714,1,0,42,0.743,10.467
65754,2630.160,307,0.70760,15.87434,0,158,22,24.466,
65755,2630.200,307,0.70762,15.80658,0,106,22,27.162,
65756,2630.240,307,0.71025,15.73647,0,106,26,28.543,
65757,2630.280,307,0.70970,15.68253,0,107,0,24.725,
65758,2630.320,307,0.69817,15.65931,0,108,25,28.927,
65759,2630.360,307,0.69832,15.58602,0,109,20,27.559,
65760,2630.400,307,0.69781,15.54017,0,107,24,29.014,
65761,2630.440,307,0.69385,15.46596,0,107,24,28.628,
65762,2630.480,307,0.69496,15.44439,0,0,0,,
65763,2630.520,307,0.69524,15.36343,0,108,25,29.679,
65764,2630.560,307,0.68726,15.29210,0,0,0,,
65765,2630.600,307,0.66956,15.39256,1,0,40,0.913,17.123
65766,2630.640,307,0.69498,15.18522,0,0,0,,
65767,2630.680,307,0.69127,15.11195,0,0,0,,
65768,2630.720,307,0.68761,15.04619,0,0,0,,
65769,2630.760,307,0.69958,15.02845,0,0,0,,
65770,2630.800,307,0.69209,14.97936,0,0,0,,
65771,2630.840,307,0.69052,14.91646,0,0,0,,
65772,2630.880,307,0.68175,14.83692,0,0,0,,
65773,2630.920,307,0.69469,14.78737,0,0,0,,
65774,2630.960,307,0.69420,14.72687,0,0,0,,
65775,2631.000,307,0.69727,14.69421,0,0,0,,
65776,2631.040,307,0.69286,14.62171,0,0,0,,
65777,2631.080,307,0.69599,14.58505,0,0,0,,
65778,2631.120,307,0.69281,14.50605,0,0,0,,
65779,2631.160,307,0.69212,14.45955,0,0,0,,
65780,2631.200,307,0.68294,14.39260,0,0,21,24.560,
65781,2631.240,307,0.68943,14.37479,0,0,0,,
65782,2631.280,307,0.68362,14.29052,0,0,0,,
65783,2631.320,307,0.68464,14.25975,0,0,0,,
65784,2631.360,307,0.68184,14.16981,0,0,0,,
65785,2631.400,307,0.68000,14.12322,0,0,0,,
65786,2631.440,307,0.67702,14.08390,0,0,34,30.236,
65787,2631.480,307,0.67671,14.02526,0,0,0,,
65788,2631.520,307,0.67464,13.95109,0,0,34,29.764,
65789,2631.560,307,0.67911,13.92322,0,0,0,,
65790,2631.600,307,0.68254,13.86523,0,0,24,14.692,
65791,2631.640,307,0.68270,13.83294,1,0,24,0.650,10.075
65792,2631.680,307,0.67775,13.73508,0,0,22,26.136,
65793,2631.720,307,0.67495,13.68302,0,0,0,,
65794,2631.760,307,0.67408,13.69323,1,36,40,0.917,13.167
65795,2631.800,307,0.66964,13.63893,1,32,43,0.877,13.656
65796,2631.840,307,0.66973,13.58587,1,34,50,0.845,13.774
65797,2631.880,307,0.66941,13.52706,1,34,46,0.814,13.339
65798,2631.920,307,0.67418,13.49262,1,33,59,0.902,14.456
65799,2631.960,307,0.67134,13.43078,1,33,49,0.832,14.411
65800,2632.000,307,0.66459,13.37221,1,33,53,0.815,15.573
65801,2632.040,307,0.66740,13.32036,1,32,52,0.811,13.232
65802,2632.080,307,0.66339,13.25599,1,33,50,0.901,13.427
65803,2632.120,307,0.65631,13.21763,1,33,57,0.845,14.858
65804,2632.160,307,0.65797,13.06832,0,0,0,,
65805,2632.200,307,0.65178,13.03403,0,0,0,,
65806,2632.240,307,0.65559,13.00930,0,0,0,,
65807,2632.280,307,0.65125,12.91910,0,0,0,,
65808,2632.320,307,0.65757,12.89848,0,0,27,29.348,
65809,2632.360,307,0.65550,12.83584,0,0,28,23.770,
65810,2632.400,307,0.65939,12.78923,0,0,36,22.194,
65811,2632.440,307,0.68252,12.82747,1,0,62,0.842,14.457
65812,2632.480,307,0.65785,12.66293,0,0,0,,
65813,2632.520,307,0.65383,12.62139,0,0,0,,
65814,2632.560,307,0.61735,12.60862,1,0,55,0.770,12.878
65815,2632.600,307,0.64975,12.51325,1,0,57,0.590,8.725
65816,2632.640,307,0.64129,12.46839,1,32,58,0.782,9.613
65817,2632.680,307,0.63913,12.43094,1,32,48,0.788,10.132
65818,2632.720,307,0.64237,12.40063,1,32,39,0.892,9.632
65819,2632.760,307,0.63720,12.32720,1,32,57,0.732,9.167
65820,2632.800,307,0.63683,12.26759,1,33,52,0.730,8.928
65821,2632.840,307,0.63350,12.22424,1,31,57,0.734,9.305
65822,2632.880,307,0.63248,12.17399,1,31,55,0.694,8.860
65823,2632.920,307,0.63231,12.12577,1,32,48,0.819,9.471
65824,2632.960,307,0.62834,12.06657,1,31,49,0.810,9.394
65825,2633.000,307,0.62779,12.02328,1,32,53,0.910,10.061
65826,2633.040,307,0.62708,11.96791,1,31,52,0.898,10.526
65827,2633.080,307,0.62881,11.95036,1,32,51,0.906,10.227
65828,2633.120,307,0.62217,11.87622,1,34,51,0.961,11.383
65829,2633.160,307,0.62253,11.83870,1,33,52,1.012,10.780
65830,2633.200,307,0.61866,11.78532,1,32,54,1.004,11.394
65831,2633.240,307,0.62188,11.73042,1,33,56,1.047,10.898
65832,2633.280,307,0.61985,11.69259,1,33,55,1.028,10.820
65833,2633.320,307,0.61970,11.67307,1,37,57,1.038,12.066
65834,2633.360,307,0.61543,11.62158,1,36,56,0.961,14.219
65835,2633.400,307,0.61667,11.56392,1,35,56,0.895,14.586
65836,2633.440,307,0.62124,11.50340,1,35,52,1.065,12.815
65837,2633.480,307,0.61887,11.49409,1,34,35,1.400,20.237
65838,2633.520,307,0.62034,11.42053,1,36,59,0.986,13.597
65839,2633.560,307,0.61817,11.37060,1,36,59,1.005,14.222
65840,2633.600,307,0.61515,11.31957,1,37,59,1.061,14.227
65841,2633.640,307,0.61729,11.42030,1,38,33,3.217,36.506
65842,2633.680,307,0.60247,11.22515,1,40,64,1.121,14.355
65843,2633.720,307,0.59399,11.08931,0,0,0,,
65844,2633.760,307,0.59674,11.05391,0,0,0,,
65845,2633.800,307,0.59685,11.00380,0,0,0,,
65846,2633.840,307,0.59471,10.96183,0,0,19,17.403,
65847,2633.880,307,0.59109,10.91621,0,0,0,,
65848,2633.920,307,0.59099,10.85871,0,0,38,22.290,
65849,2633.960,307,0.58434,10.81098,0,0,0,,
65850,2634.000,307,0.58291,10.84475,1,0,67,0.381,17.397
65851,2634.040,307,0.58271,10.80110,1,0,72,0.983,14.551
65852,2634.080,307,0.60340,10.75432,1,0,67,0.598,16.598
65853,2634.120,307,0.58013,10.63378,0,0,0,,
65854,2634.160,307,0.57926,10.59136,0,0,0,,
65855,2634.200,307,0.57174,10.52379,0,0,19,8.148,
65856,2634.240,307,0.56513,10.48053,0,0,0,,
65857,2634.280,307,0.56744,10.43357,0,0,0,,
65858,2634.320,307,0.56717,10.38494,0,0,0,,
65859,2634.360,307,0.57399,10.42972,1,39,62,0.906,16.510
65860,2634.400,307,0.56764,10.37135,1,41,64,0.860,16.856
65861,2634.440,307,0.56461,10.32824,1,40,64,0.844,16.939
65862,2634.480,307,0.55846,10.27456,1,42,65,0.820,16.664
65863,2634.520,307,0.55836,10.22929,1,41,65,0.764,16.548
65864,2634.560,307,0.59912,10.18307,1,0,62,0.778,15.909
65865,2634.600,307,0.58804,10.14093,1,0,63,0.784,14.895
65866,2634.640,307,0.54506,10.02328,1,0,65,0.488,10.418
65867,2634.680,307,0.56916,10.01736,1,0,70,1.184,12.302
65868,2634.720,307,0.56539,9.97280,1,0,72,1.030,11.873
65869,2634.760,307,0.55712,9.92746,1,0,72,1.167,12.643
65870,2634.800,307,0.57404,9.90890,1,0,72,0.857,14.985
65871,2634.840,307,0.58753,9.86066,1,0,64,0.605,15.886
65872,2634.880,307,0.53565,9.74920,0,0,0,,
65873,2634.920,307,0.53429,9.70244,0,0,0,,
65874,2634.960,307,0.59478,9.72169,1,0,61,0.797,16.007
65876,2635.040,307,0.58716,9.63293,1,0,60,0.873,15.756
65877,2635.080,307,0.61980,9.59134,1,0,44,1.029,18.438
65881,2635.240,307,0.58846,9.42272,1,0,65,1.330,16.218
65884,2635.360,307,0.50529,9.23044,0,0,0,,
65885,2635.400,307,0.50430,9.17569,0,0,0,,
65886,2635.440,307,0.50334,9.13156,0,92,21,23.273,
65887,2635.480,307,0.49705,9.08621,0,94,22,19.072,
65888,2635.520,307,0.49370,9.03960,0,0,41,3.266,
65889,2635.560,307,0.49414,9.00166,0,0,0,,
65890,2635.600,307,0.54767,9.03780,1,0,54,1.106,16.124
65891,2635.640,307,0.49495,8.93336,0,96,0,15.167,
65892,2635.680,307,0.48985,8.87248,0,0,0,,
65893,2635.720,307,0.48916,8.83653,0,0,0,,
65894,2635.760,307,0.48689,8.78950,0,94,0,15.318,
65896,2635.840,307,0.48123,8.71802,0,94,24,23.678,
65897,2635.880,307,0.44247,8.73345,1,0,67,0.840,16.805
65898,2635.920,307,0.47191,8.60728,0,0,37,3.820,
65899,2635.960,307,0.47017,8.57324,0,0,0,,
65900,2636.000,307,0.46976,8.53059,0,0,0,,
65901,2636.040,307,0.46566,8.55655,1,0,72,1.808,14.308
65902,2636.080,307,0.46065,8.43894,0,0,0,,
65903,2636.120,307,0.45822,8.39870,0,0,0,,
65904,2636.160,307,0.45432,8.36227,0,0,28,23.782,
65905,2636.200,307,0.45367,8.34168,0,0,35,3.582,
65906,2636.240,307,0.45120,8.32168,0,0,0,,
65907,2636.280,307,0.46216,8.30159,1,38,72,1.632,14.071
65908,2636.320,307,0.46418,8.27095,1,22,72,1.745,14.419
65909,2636.360,307,0.45518,8.22433,1,25,72,1.690,13.672
65910,2636.400,307,0.45359,8.19379,1,26,72,2.003,14.244
65911,2636.440,307,0.44740,8.16086,1,32,72,2.226,14.228
65912,2636.480,307,0.44480,8.13076,1,30,72,2.506,14.501
65913,2636.520,307,0.43981,8.02366,1,37,72,2.328,13.062
65914,2636.560,307,0.43884,7.99118,1,35,72,1.936,11.731
68350,2734.000,320,0.37351,32.81732,1,26,0,0.610,8.793
68351,2734.040,320,0.38173,32.80834,0,1200,0,77.928,
68352,2734.080,320,0.39655,32.77518,0,1272,0,83.062,
68353,2734.120,320,0.39320,32.62477,0,829,0,95.302,
68354,2734.160,320,0.41620,32.53977,0,1387,0,76.900,
68355,2734.200,320,0.41289,32.40540,0,1162,0,73.583,
68356,2734.240,320,0.41323,32.36759,0,1403,0,77.827,
68357,2734.280,320,0.43121,32.30560,0,983,0,97.792,
68358,2734.320,320,0.43958,32.14387,0,1149,0,72.709,
68359,2734.360,320,0.42052,32.17104,0,33,0,5.710,
68360,2734.400,320,0.41783,32.18527,0,887,0,79.081,
68362,2734.480,320,0.44481,31.97634,0,0,0,,
68363,2734.520,320,0.43803,31.96375,0,38,0,5.088,
68364,2734.560,320,0.45425,31.74965,0,1268,0,82.248,
68365,2734.600,320,0.44857,31.71904,0,863,0,86.991,
68366,2734.640,320,0.47391,31.76652,0,744,0,92.832,
68367,2734.680,320,0.47077,31.54601,0,742,0,94.090,
68368,2734.720,320,0.44987,31.51918,0,806,0,89.096,
68369,2734.760,320,0.45827,31.32427,0,63,0,9.494,
68370,2734.800,320,0.47138,31.33334,0,780,0,89.112,
68371,2734.840,320,0.46839,31.16393,0,825,0,97.047,
68372,2734.880,320,0.47528,31.09465,0,1258,0,72.099,
68373,2734.920,320,0.47232,31.09459,0,1171,0,70.711,
68374,2734.960,320,0.49195,30.91769,0,1219,0,71.807,
68375,2735.000,320,0.48226,30.96467,0,1288,0,69.957,
68377,2735.080,320,0.49557,30.72190,0,1340,0,82.345,
68378,2735.120,320,0.48810,30.50395,0,1180,0,76.630,
68379,2735.160,320,0.49768,30.51922,0,59,0,10.341,
68380,2735.200,320,0.51437,30.50344,0,0,0,,
68381,2735.240,320,0.49786,30.50584,0,978,0,78.592,
68382,2735.280,320,0.49515,30.31163,0,0,0,,
68384,2735.360,320,0.53929,30.24500,0,0,0,,
68385,2735.400,320,0.54229,30.31115,0,0,0,,
68386,2735.440,320,0.52849,30.14051,0,0,0,,
68387,2735.480,320,0.52223,30.13988,0,1064,0,72.333,
68388,2735.520,320,0.51791,29.95094,0,0,0,,
68389,2735.560,320,0.51339,29.74447,0,1080,0,76.519,
68390,2735.600,320,0.53511,29.80900,0,0,0,,
68391,2735.640,320,0.53252,29.73708,0,1110,0,77.277,
68392,2735.680,320,0.53724,29.55550,0,1119,0,72.776,
68393,2735.720,320,0.53841,29.57015,0,0,0,,
68394,2735.760,320,0.53586,29.43787,0,0,0,,
68395,2735.800,320,0.56583,29.36381,0,0,0,,
68396,2735.840,320,0.56062,29.38243,0,0,0,,
68397,2735.880,320,0.57615,29.20564,0,1012,0,76.748,
68398,2735.920,320,0.55849,29.21565,0,1013,0,78.009,
68399,2735.960,320,0.54920,29.00530,0,0,0,,
68400,2736.000,320,0.58615,29.04512,0,1027,0,75.784,
68401,2736.040,320,0.57415,28.95366,0,1110,0,68.475,
68402,2736.080,320,0.57770,28.82387,0,0,0,,
68403,2736.120,320,0.57909,28.77158,0,0,0,,
68404,2736.160,320,0.57663,28.65424,0,0,0,,
68405,2736.200,320,0.57963,28.70615,0,0,0,,
68406,2736.240,320,0.58794,28.50673,0,1016,0,72.681,
68407,2736.280,320,0.58698,28.48640,0,0,0,,
68408,2736.320,320,0.59372,28.30304,0,0,0,,
68409,2736.360,320,0.60697,28.30205,0,1092,0,70.542,
68410,2736.400,320,0.59086,28.17781,0,0,0,,
68411,2736.440,320,0.61329,28.17508,0,0,0,,
68412,2736.480,320,0.62375,28.13598,0,0,0,,
68413,2736.520,320,0.62799,28.05844,0,1099,0,69.941,
68414,2736.560,320,0.59739,27.90306,0,0,0,,
68415,2736.600,320,0.61541,27.79517,0,0,0,,
68416,2736.640,320,0.59281,27.69986,0,0,0,,
68417,2736.680,320,0.59348,27.76678,0,0,0,,
68418,2736.720,320,0.60672,27.61693,0,0,0,,
68419,2736.760,320,0.60817,27.59462,0,0,0,,
68420,2736.800,320,0.60011,27.52450,0,0,0,,
68421,2736.840,320,0.59187,27.41598,0,0,0,,
68422,2736.880,320,0.58806,27.36041,0,0,0,,
68423,2736.920,320,0.61316,27.32361,0,0,0,,
68424,2736.960,320,0.62869,27.20297,0,0,0,,
68425,2737.000,320,0.62510,27.14281,0,0,0,,
68426,2737.040,320,0.62337,27.02014,0,0,0,,
68427,2737.080,320,0.66915,26.99427,0,0,0,,
68428,2737.120,320,0.66715,26.91268,0,0,0,,
68429,2737.160,320,0.66318,26.82020,0,653,0,109.752,
68430,2737.200,320,0.64766,26.68090,0,0,0,,
68431,2737.240,320,0.66794,26.66351,0,1020,0,71.983,
68432,2737.280,320,0.65588,26.68057,0,135,0,17.375,
68433,2737.320,320,0.66424,26.55725,0,1094,0,78.509,
68434,2737.360,320,0.66554,26.49638,0,0,0,,
68435,2737.400,320,0.67389,26.41316,0,0,0,,
68436,2737.440,320,0.68223,26.39926,0,0,0,,
68437,2737.480,320,0.66336,26.19441,0,0,0,,
68438,2737.520,320,0.68380,26.23804,0,0,0,,
68439,2737.560,320,0.67764,26.10245,0,0,0,,
68440,2737.600,320,0.67617,26.06431,0,0,0,,
68441,2737.640,320,0.67839,25.96867,0,0,0,,
68442,2737.680,320,0.68660,25.89048,0,0,0,,
68443,2737.720,320,0.68673,25.81312,0,118,0,16.956,
68444,2737.760,320,0.68537,25.75470,0,0,0,,
68445,2737.800,320,0.68726,25.61186,0,894,0,77.860,
68446,2737.840,320,0.68596,25.58790,0,173,12,20.297,
68447,2737.880,320,0.68470,25.48778,0,157,15,20.919,
68448,2737.920,320,0.69293,25.44240,0,0,0,,
68449,2737.960,320,0.69169,25.42466,0,0,0,,
68450,2738.000,320,0.68016,25.31828,0,0,0,,
68451,2738.040,320,0.69216,25.24435,0,0,0,,
68452,2738.080,320,0.70058,25.19753,0,75,0,14.631,
68453,2738.120,320,0.68952,25.15756,0,71,12,19.190,
68454,2738.160,320,0.68484,25.06257,0,75,13,20.112,
68455,2738.200,320,0.69330,25.01488,0,70,12,20.046,
68456,2738.240,320,0.70530,24.91944,0,74,14,19.129,
68457,2738.280,320,0.68890,24.89445,0,76,14,19.943,
68458,2738.320,320,0.70833,24.73561,0,74,0,15.139,
68459,2738.360,320,0.72919,24.76735,0,78,12,19.596,
68460,2738.400,320,0.72273,24.60557,0,86,0,15.121,
68461,2738.440,320,0.74293,24.56903,0,77,0,15.798,
68462,2738.480,320,0.73162,24.45207,0,90,33,16.781,
68463,2738.520,320,0.74006,24.31764,0,75,20,22.717,
68464,2738.560,320,0.72160,24.36495,0,82,0,16.358,
68465,2738.600,320,0.73594,24.35890,0,75,0,16.263,
68466,2738.640,320,0.73947,24.22950,0,76,14,20.743,
68467,2738.680,320,0.73097,24.19209,0,75,0,16.426,
68468,2738.720,320,0.72096,24.04874,0,78,14,22.723,
68470,2738.800,320,0.71227,23.94635,0,77,18,23.887,
68471,2738.840,320,0.71046,23.92906,0,75,0,16.534,
68472,2738.880,320,0.72422,23.89945,0,86,17,23.034,
68473,2738.920,320,0.73273,23.80131,0,89,16,21.713,
68474,2738.960,320,0.73561,23.71910,0,98,17,22.095,
68475,2739.000,320,0.73384,23.67205,0,97,14,20.127,
68476,2739.040,320,0.72975,23.52764,0,102,15,21.566,
68477,2739.080,320,0.74175,23.53963,0,97,0,17.188,
68478,2739.120,320,0.75026,23.43556,0,96,30,16.048,
68479,2739.160,320,0.75798,23.39645,0,92,0,17.970,
68480,2739.200,320,0.74490,23.27069,0,91,14,22.962,
68481,2739.240,320,0.73894,23.22933,0,89,12,22.770,
68482,2739.280,320,0.75990,23.16967,0,0,0,,
68483,2739.320,320,0.73896,23.09495,0,0,0,,
68484,2739.360,320,0.76542,23.05992,0,109,17,22.893,
68485,2739.400,320,0.76395,23.02997,0,107,0,18.900,
68486,2739.440,320,0.75230,22.89843,0,108,13,22.339,
68487,2739.480,320,0.75206,22.83454,0,107,16,23.377,
68488,2739.520,320,0.74879,22.77760,0,111,16,24.327,
68489,2739.560,320,0.76421,22.77310,0,112,17,23.125,
68490,2739.600,320,0.76278,22.67145,0,113,0,18.917,
68491,2739.640,320,0.76510,22.64279,0,116,14,23.662,
68492,2739.680,320,0.76487,22.54098,0,113,16,24.078,
68493,2739.720,320,0.76925,22.43148,0,117,16,24.341,
68494,2739.760,320,0.77215,22.38761,0,117,16,24.254,
68495,2739.800,320,0.79471,22.33303,0,116,0,19.732,
68496,2739.840,320,0.77522,22.28082,0,115,0,20.099,
68497,2739.880,320,0.78322,22.20794,0,120,18,24.485,
68498,2739.920,320,0.78311,22.14766,0,119,0,19.855,
68499,2739.960,320,0.78817,22.05887,0,124,15,23.749,
68500,2740.000,320,0.79675,22.01624,0,124,0,19.790,
68501,2740.040,320,0.78808,21.94404,0,126,0,19.943,
68502,2740.080,320,0.78271,21.84276,0,131,16,23.537,
68503,2740.120,320,0.79132,21.79963,0,135,15,23.732,
68504,2740.160,320,0.78673,21.72723,0,144,16,25.210,
68505,2740.200,320,0.79116,21.69225,0,137,0,21.559,
68506,2740.240,320,0.78561,21.58501,0,139,0,22.911,
68507,2740.280,320,0.79079,21.57557,0,0,0,,
68508,2740.320,320,0.78246,21.47257,0,0,0,,
68509,2740.360,320,0.78935,21.43249,0,0,0,,
68510,2740.400,320,0.79264,21.38453,0,153,0,22.450,
68511,2740.440,320,0.80464,21.28722,0,0,0,,
68512,2740.480,320,0.78715,21.25292,0,0,0,,
68513,2740.520,320,0.78413,21.13938,0,0,0,,
68514,2740.560,320,0.78105,21.14279,0,0,0,,
68515,2740.600,320,0.78195,21.04556,0,0,0,,
68516,2740.640,320,0.78234,20.93073,0,0,0,,
68517,2740.680,320,0.79016,20.92872,0,0,0,,
68518,2740.720,320,0.78229,20.81440,0,0,0,,
68519,2740.760,320,0.78600,20.80735,0,0,0,,
68520,2740.800,320,0.78557,20.70450,0,0,0,,
68521,2740.840,320,0.79259,20.70715,0,0,0,,
68522,2740.880,320,0.78238,20.60177,0,0,0,,
68523,2740.920,320,0.78074,20.54099,0,0,0,,
68524,2740.960,320,0.78274,20.49923,0,0,0,,
68525,2741.000,320,0.77696,20.39279,0,0,0,,
68526,2741.040,320,0.76464,20.23292,0,0,0,,
68527,2741.080,320,0.76571,20.18305,0,0,0,,
68528,2741.120,320,0.76962,20.17821,0,0,0,,
68529,2741.160,320,0.78162,20.17496,0,0,0,,
68530,2741.200,320,0.77566,20.08184,0,0,0,,
68531,2741.240,320,0.78197,20.02369,0,0,0,,
68532,2741.280,320,0.78397,19.96778,0,0,0,,
68533,2741.320,320,0.78313,19.91840,0,0,0,,
68534,2741.360,320,0.77972,19.86992,0,0,0,,
68535,2741.400,320,0.76468,19.68051,0,0,0,,
68536,2741.440,320,0.78294,19.73111,0,0,0,,
68537,2741.480,320,0.77649,19.57095,0,0,0,,
68538,2741.520,320,0.76956,19.51511,0,0,0,,
68539,2741.560,320,0.76695,19.41695,0,0,0,,
68540,2741.600,320,0.77417,19.41424,0,0,0,,
68541,2741.640,320,0.77214,19.28592,0,0,0,,
68542,2741.680,320,0.77881,19.22043,0,0,0,,
68543,2741.720,320,0.78298,19.28199,0,0,0,,
68544,2741.760,320,0.77413,19.12108,0,0,0,,
68545,2741.800,320,0.78566,19.07450,0,0,0,,
68546,2741.840,320,0.78990,19.08082,0,0,0,,
68547,2741.880,320,0.80151,19.12388,0,0,0,,
68548,2741.920,320,0.79724,18.98496,0,0,0,,
68549,2741.960,320,0.79618,18.93094,0,0,0,,
68550,2742.000,320,0.79463,18.93479,0,0,0,,
68551,2742.040,320,0.79438,18.83057,0,0,0,,
68552,2742.080,320,0.79349,18.74244,0,0,0,,
68553,2742.120,320,0.79142,18.69597,0,0,0,,
68554,2742.160,320,0.79856,18.64627,0,0,0,,
68555,2742.200,320,0.80175,18.64279,1,26,0,0.916,8.793
68556,2742.240,320,0.79774,18.58979,1,27,0,0.735,8.793
68557,2742.280,320,0.80055,18.51785,1,25,0,0.920,8.793
68558,2742.320,320,0.80349,18.47902,1,26,0,0.893,8.793
68559,2742.360,320,0.80422,18.42496,1,27,0,0.867,8.793
68560,2742.400,320,0.79767,18.36185,1,27,0,0.857,8.793
68561,2742.440,320,0.81230,18.31517,1,26,0,0.828,8.793
68562,2742.480,320,0.80627,18.25033,1,26,0,0.897,8.793
68563,2742.520,320,0.80848,18.18643,1,27,0,0.933,8.793
68564,2742.560,320,0.80955,18.14182,1,26,0,0.802,8.793
68565,2742.600,320,0.80563,18.08874,1,27,0,0.933,8.793
68566,2742.640,320,0.80628,18.01854,1,28,0,0.890,8.793
68567,2742.680,320,0.80723,17.97691,1,28,0,0.814,8.793
68568,2742.720,320,0.81000,17.91321,1,27,0,0.830,8.793
68569,2742.760,320,0.80728,17.84110,1,29,0,0.911,8.793
68570,2742.800,320,0.80465,17.79815,1,28,0,0.857,8.793
68571,2742.840,320,0.80710,17.74854,1,27,0,0.891,8.793
68572,2742.880,320,0.80472,17.67392,1,28,0,0.874,8.793
68573,2742.920,320,0.80393,17.61979,1,26,0,0.760,8.793
68574,2742.960,320,0.81588,17.57460,1,27,0,0.574,8.793
68575,2743.000,320,0.80576,17.51161,1,28,0,0.856,8.793
68576,2743.040,320,0.80479,17.45499,1,26,0,0.758,8.793
68577,2743.080,320,0.79891,17.40250,1,27,0,0.820,8.793
68578,2743.120,320,0.79929,17.32066,1,27,0,0.948,8.793
68579,2743.160,320,0.80675,17.28361,1,26,0,0.894,8.793
68580,2743.200,320,0.80374,17.22373,1,26,0,0.781,8.793
68581,2743.240,320,0.80043,17.15465,1,27,0,0.834,8.793
68582,2743.280,320,0.80664,17.10600,1,27,30,0.690,15.304
68583,2743.320,320,0.80830,17.05247,1,26,0,0.744,8.793
68584,2743.360,320,0.80097,16.98604,1,26,0,0.803,8.793
68585,2743.400,320,0.80414,16.92337,1,27,0,0.947,8.793
68586,2743.440,320,0.80623,16.89669,1,26,0,0.852,8.793
68587,2743.480,320,0.80294,16.82638,1,27,0,0.790,8.793
68588,2743.520,320,0.80027,16.75693,1,26,0,0.858,8.793
68589,2743.560,320,0.79628,16.71246,1,26,0,0.862,8.793
68590,2743.600,320,0.80196,16.66051,1,26,0,0.852,8.793
68591,2743.640,320,0.79695,16.59753,1,26,45,0.611,17.734
68592,2743.680,320,0.80218,16.54081,1,22,0,0.982,8.793
68593,2743.720,320,0.80187,16.48605,1,26,39,0.720,15.926
68594,2743.760,320,0.79996,16.43734,1,25,38,0.694,16.131
68595,2743.800,320,0.80325,16.39076,1,25,36,0.780,14.461
68596,2743.840,320,0.79859,16.32682,1,24,37,0.787,15.335
68597,2743.880,320,0.80101,16.27538,1,25,39,0.534,16.792
68598,2743.920,320,0.79734,16.20775,1,24,41,0.713,15.793
68599,2743.960,320,0.79149,16.14994,1,24,50,0.713,15.627
68600,2744.000,320,0.79636,16.09229,1,24,42,0.698,15.462
68601,2744.040,320,0.79521,16.05528,1,24,34,0.654,17.096
68602,2744.080,320,0.79497,15.99005,1,25,42,0.760,14.198
68603,2744.120,320,0.79104,15.94226,1,24,42,0.732,11.642
68604,2744.160,320,0.79816,15.88011,1,25,0,0.782,15.278
68605,2744.200,320,0.79452,15.80505,1,24,38,0.720,12.943
68606,2744.240,320,0.79076,15.74477,1,24,45,0.745,12.823
68607,2744.280,320,0.78922,15.71932,1,24,0,0.763,16.745
68608,2744.320,320,0.78525,15.65322,1,25,55,0.765,10.958
68609,2744.360,320,0.78370,15.62106,1,24,55,0.672,9.812
68610,2744.400,320,0.79026,15.55684,1,25,22,0.687,16.849
68611,2744.440,320,0.78553,15.50789,1,24,50,0.681,12.422
68612,2744.480,320,0.78252,15.46972,1,25,40,0.787,11.716
68613,2744.520,320,0.78477,15.40707,1,27,59,0.738,12.164
68614,2744.560,320,0.78451,15.37054,1,24,45,0.777,11.742
68615,2744.600,320,0.78496,15.31237,1,25,57,0.716,14.255
68616,2744.640,320,0.78141,15.24749,1,25,52,0.738,14.898
68617,2744.680,320,0.78002,15.20744,1,25,56,0.666,14.296
68618,2744.720,320,0.78515,15.16498,1,26,49,0.792,13.050
68619,2744.760,320,0.78176,15.10615,1,25,53,0.826,13.735
68620,2744.800,320,0.77198,15.05068,1,27,44,0.860,14.310
68621,2744.840,320,0.78550,15.01805,1,26,54,0.763,13.206
68622,2744.880,320,0.77939,14.95144,1,26,45,0.761,13.626
68623,2744.920,320,0.77629,14.89886,1,28,53,0.710,15.164
68624,2744.960,320,0.77385,14.84718,1,28,48,0.791,14.299
68625,2745.000,320,0.77322,14.80034,1,29,58,0.745,17.141
68626,2745.040,320,0.77373,14.75669,1,28,37,0.824,13.413
68627,2745.080,320,0.77225,14.70417,1,29,58,0.642,15.675
68628,2745.120,320,0.76965,14.64497,1,28,0,0.906,8.793
68629,2745.160,320,0.76812,14.59383,1,29,49,0.750,15.324
68630,2745.200,320,0.77127,14.55189,1,29,41,0.733,14.282
68631,2745.240,320,0.76793,14.49163,1,29,45,0.825,13.509
68632,2745.280,320,0.76338,14.43749,1,30,36,0.757,13.956
68633,2745.320,320,0.76517,14.39647,1,30,60,0.675,16.542
68634,2745.360,320,0.75687,14.34646,1,30,32,0.841,12.669
68635,2745.400,320,0.75277,14.29105,1,31,43,0.702,15.796
68636,2745.440,320,0.76137,14.25704,1,31,29,0.835,11.214
68637,2745.480,320,0.75732,14.19463,1,31,37,0.871,12.813
68638,2745.520,320,0.75947,14.15546,1,31,39,0.699,14.278
68639,2745.560,320,0.75554,14.10588,1,31,57,0.757,16.100
68640,2745.600,320,0.75898,14.04326,1,32,30,0.804,12.623
68641,2745.640,320,0.75295,13.99581,1,31,30,0.783,13.445
68642,2745.680,320,0.74904,13.93889,1,32,33,0.861,13.796
68643,2745.720,320,0.74841,13.91281,1,33,36,0.676,16.168
68644,2745.760,320,0.75241,13.86301,1,33,35,0.839,14.310
68645,2745.800,320,0.74269,13.81373,1,33,46,0.816,14.888
68646,2745.840,320,0.74424,13.75015,1,33,30,0.872,13.452
68647,2745.880,320,0.73257,13.72486,1,32,38,0.688,15.220
68648,2745.920,320,0.73962,13.66362,1,34,33,0.829,13.507
68649,2745.960,320,0.73601,13.62033,1,33,37,0.752,15.711
68650,2746.000,320,0.74405,13.58109,1,34,40,0.886,14.617
68651,2746.040,320,0.73794,13.52884,1,33,37,0.754,14.320
68652,2746.080,320,0.73834,13.48654,1,34,42,0.665,16.583
68653,2746.120,320,0.73345,13.43921,1,35,52,0.685,16.135
68654,2746.160,320,0.72928,13.38404,1,34,34,0.871,14.521
68655,2746.200,320,0.72476,13.34871,1,35,48,0.710,16.646
68656,2746.240,320,0.73041,13.29786,1,32,41,0.743,15.287
68657,2746.280,320,0.73075,13.25840,1,33,52,0.748,16.668
68658,2746.320,320,0.72287,13.20466,1,33,35,0.785,15.294
68659,2746.360,320,0.72136,13.15883,1,34,32,0.770,14.691
68660,2746.400,320,0.71732,13.11260,1,34,37,0.771,14.453
68661,2746.440,320,0.71693,13.06656,1,34,47,0.806,14.719
68662,2746.480,320,0.72114,13.02602,1,33,50,0.735,15.587
68663,2746.520,320,0.71792,12.97716,1,34,47,0.896,14.617
68664,2746.560,320,0.71352,12.93196,1,34,35,0.837,14.450
68665,2746.600,320,0.71298,12.89415,1,33,50,0.736,15.072
68666,2746.640,320,0.71000,12.83083,1,33,39,0.924,12.458
68667,2746.680,320,0.71270,12.80324,1,34,56,0.842,15.672
68668,2746.720,320,0.71178,12.73813,1,33,51,0.922,13.627
68669,2746.760,320,0.70082,12.69937,1,34,53,0.869,14.105
68670,2746.800,320,0.69782,12.65565,1,34,39,0.835,15.161
68671,2746.840,320,0.70775,12.62433,1,34,58,0.803,15.306
68672,2746.880,320,0.70092,12.56540,1,36,57,0.846,14.035
68673,2746.920,320,0.70003,12.52645,1,35,54,0.909,14.570
68674,2746.960,320,0.69653,12.46852,1,35,52,0.838,13.420
68675,2747.000,320,0.69288,12.43015,1,34,55,0.985,13.647
68676,2747.040,320,0.69157,12.37826,1,35,52,0.982,12.169
68677,2747.080,320,0.68869,12.34583,1,35,61,1.083,14.643
68678,2747.120,320,0.68670,12.30444,1,34,60,0.893,14.727
68679,2747.160,320,0.68915,12.25175,1,35,54,0.922,13.537
68680,2747.200,320,0.68524,12.21478,1,35,59,0.953,14.255
68681,2747.240,320,0.67278,12.15948,1,34,51,0.967,13.508
68682,2747.280,320,0.67930,12.11917,1,33,56,1.046,13.454
68683,2747.320,320,0.67828,12.07682,1,35,51,1.002,12.826
68684,2747.360,320,0.67758,12.04476,1,34,59,0.973,14.811
68685,2747.400,320,0.67400,11.99053,1,34,58,0.795,15.788
68686,2747.440,320,0.66791,11.94009,1,33,57,0.994,14.597
68687,2747.480,320,0.67081,11.90107,1,33,57,0.932,14.112
68688,2747.520,320,0.66211,11.86986,1,33,57,1.014,13.696
68689,2747.560,320,0.66227,11.81613,1,33,52,1.036,12.518
68690,2747.600,320,0.66589,11.76733,1,34,57,0.954,12.408
68691,2747.640,320,0.66351,11.72016,1,33,52,0.950,11.938
68692,2747.680,320,0.66031,11.67762,1,33,58,1.007,11.604
68693,2747.720,320,0.65732,11.63328,1,34,56,0.990,10.948
68694,2747.760,320,0.65293,11.58665,1,33,58,1.029,11.004
68695,2747.800,320,0.65154,11.54417,1,32,57,1.070,11.190
68696,2747.840,320,0.65072,11.47840,1,34,53,0.822,10.686
68697,2747.880,320,0.65252,11.45933,1,34,53,1.042,11.634
68698,2747.920,320,0.64594,11.41238,1,31,57,0.989,10.637
68699,2747.960,320,0.64371,11.36495,1,31,49,0.990,11.018
68700,2748.000,320,0.64353,11.31722,1,34,50,0.940,10.014
68701,2748.040,320,0.63981,11.26254,1,31,55,0.814,9.399
68702,2748.080,320,0.63757,11.22881,1,32,48,0.727,9.641
68703,2748.120,320,0.63336,11.18321,1,32,55,0.832,9.548
68704,2748.160,320,0.63504,11.14160,1,32,55,0.709,9.392
68705,2748.200,320,0.63117,11.11657,1,36,53,0.886,9.508
68706,2748.240,320,0.62543,11.08645,1,34,52,1.006,9.802
68707,2748.280,320,0.62441,11.03436,1,32,58,0.760,8.718
68708,2748.320,320,0.62092,10.99791,1,32,55,0.799,7.962
68709,2748.360,320,0.61640,10.95700,1,35,57,0.930,8.638
68710,2748.400,320,0.61548,10.91959,1,33,60,0.836,8.874
68711,2748.440,320,0.61818,10.88182,1,33,61,0.919,9.709
68712,2748.480,320,0.61448,10.84235,1,33,55,0.906,10.104
68713,2748.520,320,0.61097,10.79892,1,34,60,0.919,10.122
68714,2748.560,320,0.60961,10.75339,1,36,55,0.878,9.623
68715,2748.600,320,0.60763,10.72252,1,34,62,1.029,9.996
68716,2748.640,320,0.60855,10.68458,1,35,59,0.811,10.859
68717,2748.680,320,0.60341,10.65677,1,34,55,1.143,10.936
68718,2748.720,320,0.60326,10.61995,1,36,61,0.985,10.688
68719,2748.760,320,0.59902,10.58429,1,36,58,0.989,9.410
68720,2748.800,320,0.61874,10.55217,1,0,58,1.081,11.659
68721,2748.840,320,0.61308,10.51684,1,0,57,1.164,12.214
68722,2748.880,320,0.58904,10.41360,0,0,0,,
68723,2748.920,320,0.58916,10.39688,0,0,0,,
68724,2748.960,320,0.61258,10.42654,1,0,42,1.123,14.059
68725,2749.000,320,0.58371,10.31216,0,0,0,,
68726,2749.040,320,0.57991,10.27114,0,0,0,,
68727,2749.080,320,0.57094,10.22932,0,0,0,,
68728,2749.120,320,0.57374,10.19185,0,0,0,,
68729,2749.160,320,0.56643,10.14633,0,0,0,,
68730,2749.200,320,0.56635,10.11734,0,0,14,12.162,
68731,2749.240,320,0.56115,10.07813,0,0,0,,
68732,2749.280,320,0.56289,10.05136,0,0,0,,
68733,2749.320,320,0.55777,9.99830,0,0,0,,
68734,2749.360,320,0.60412,10.04881,1,0,45,0.845,15.912
68735,2749.400,320,0.60947,10.00192,1,0,40,0.719,16.294
68736,2749.440,320,0.60742,9.97084,1,0,47,0.782,15.864
68737,2749.480,320,0.58516,9.93027,1,0,51,0.851,15.286
68738,2749.520,320,0.61144,9.89722,1,0,43,0.647,16.337
68740,2749.600,320,0.56941,9.82067,1,0,55,0.572,16.322
68741,2749.640,320,0.59669,9.79045,1,0,53,0.792,16.340
68743,2749.720,320,0.57426,9.72000,1,0,43,0.666,15.072
68744,2749.760,320,0.57399,9.68048,1,0,50,0.695,15.438
68745,2749.800,320,0.55470,9.64339,1,0,65,0.875,14.438
68746,2749.840,320,0.51825,9.50365,0,95,17,22.477,
68747,2749.880,320,0.56034,9.56536,1,0,46,0.635,15.313
68748,2749.920,320,0.49765,9.41072,0,100,13,22.290,
68749,2749.960,320,0.55712,9.49752,1,0,46,0.484,15.673
68750,2750.000,320,0.49726,9.36750,0,83,16,24.322,
68751,2750.040,320,0.49453,9.33607,0,78,12,18.871,
68752,2750.080,320,0.50000,9.30729,0,79,12,21.469,
68753,2750.120,320,0.49732,9.27030,0,151,14,32.186,
68754,2750.160,320,0.50120,9.23731,0,79,14,22.449,
68755,2750.200,320,0.53588,9.28957,1,0,62,0.619,14.881
68756,2750.240,320,0.49257,9.15890,0,0,0,,
68757,2750.280,320,0.48679,9.11761,0,52,18,24.192,
68758,2750.320,320,0.48907,9.12316,0,77,0,10.892,
68759,2750.360,320,0.48495,9.07372,0,78,0,10.383,
68760,2750.400,320,0.48086,9.03789,0,78,13,20.282,
68761,2750.440,320,0.48164,9.00266,0,79,12,21.526,
68762,2750.480,320,0.47571,8.97353,0,79,15,22.759,
68763,2750.520,320,0.47496,8.94301,0,176,20,34.075,
68764,2750.560,320,0.47425,8.90337,0,77,15,22.105,
68765,2750.600,320,0.46878,8.86844,0,78,17,22.662,
68766,2750.640,320,0.47788,8.92972,1,0,65,0.653,15.693
68767,2750.680,320,0.46327,8.79894,0,98,13,21.600,
68768,2750.720,320,0.46422,8.78467,0,150,15,32.684,
68769,2750.760,320,0.45300,8.83454,1,0,70,0.901,16.044
68770,2750.800,320,0.45875,8.71888,0,78,14,22.195,
68771,2750.840,320,0.44921,8.77178,1,0,72,1.400,14.623
68773,2750.920,320,0.42491,8.69741,1,0,72,0.933,16.217
68774,2750.960,320,0.45209,8.60060,0,0,26,28.518,
68775,2751.000,320,0.48533,8.66492,1,0,71,1.717,15.646
68776,2751.040,320,0.44727,8.53577,0,0,0,,
68777,2751.080,320,0.44008,8.45548,0,0,46,3.431,
68778,2751.120,320,0.43980,8.44427,0,0,0,,
68779,2751.160,320,0.44110,8.51198,1,0,67,1.460,14.466
68780,2751.200,320,0.43344,8.47569,1,0,72,1.320,13.831
68781,2751.240,320,0.42799,8.44203,1,0,72,0.997,14.670
68782,2751.280,320,0.40988,8.40754,1,0,72,0.770,15.053
68783,2751.320,320,0.42454,8.37346,1,0,72,0.726,14.713
68784,2751.360,320,0.45073,8.33464,1,0,72,0.851,14.241
68785,2751.400,320,0.43369,8.29525,1,40,72,1.035,13.073
68786,2751.440,320,0.42719,8.26322,1,22,72,1.131,12.418
68787,2751.480,320,0.42626,8.19044,0,432,0,74.509,
68788,2751.520,320,0.41813,8.22211,1,25,72,1.404,13.165
68789,2751.560,320,0.42608,8.19249,1,31,72,1.684,12.992
68790,2751.600,320,0.41129,8.09605,0,388,18,71.142,
68792,2751.680,320,0.41140,8.06159,1,29,72,2.330,12.095
68793,2751.720,320,0.40219,8.03036,1,30,72,2.163,12.423
68794,2751.760,320,0.40264,8.00333,1,35,72,1.970,11.729
68795,2751.800,320,0.40743,8.01258,1,0,72,0.844,12.170
68796,2751.840,320,0.40170,7.99135,1,0,72,1.025,10.780
70630,2825.200,326,0.36553,33.33511,1,22,0,0.897,8.793
70631,2825.240,326,0.36559,33.32634,0,844,0,91.915,
70632,2825.280,326,0.37153,33.28712,0,808,0,90.788,
70633,2825.320,326,0.38622,33.25663,0,763,0,90.065,
70634,2825.360,326,0.37922,33.09663,0,771,0,90.551,
70635,2825.400,326,0.38525,32.97663,0,822,0,89.127,
70636,2825.440,326,0.38407,32.98770,0,46,0,4.639,
70637,2825.480,326,0.39250,32.77962,0,51,0,5.926,
70638,2825.520,326,0.39273,32.75590,0,209,0,31.070,
70639,2825.560,326,0.40473,32.64040,0,831,0,91.940,
70640,2825.600,326,0.39859,32.63686,0,860,0,91.982,
70641,2825.640,326,0.41416,32.62490,0,781,0,93.244,
70643,2825.720,326,0.43452,32.34021,0,822,0,91.036,
70644,2825.760,326,0.42325,32.29715,0,850,0,95.801,
70645,2825.800,326,0.42001,32.17014,0,796,0,91.782,
70646,2825.840,326,0.42733,32.16889,0,801,0,91.906,
70647,2825.880,326,0.43817,32.13462,0,778,0,90.418,
70648,2825.920,326,0.43497,31.95199,0,782,0,94.968,
70649,2825.960,326,0.43907,31.95558,0,810,0,87.718,
70650,2826.000,326,0.46619,31.93707,0,316,0,29.731,
70651,2826.040,326,0.45149,31.75837,0,806,0,89.700,
70652,2826.080,326,0.45203,31.67287,0,291,0,27.505,
70653,2826.120,326,0.44796,31.56729,0,786,0,90.236,
70654,2826.160,326,0.45319,31.51282,0,827,0,91.130,
70655,2826.200,326,0.46641,31.36589,0,50,0,7.683,
70656,2826.240,326,0.46699,31.29407,0,307,0,30.842,
70657,2826.280,326,0.45273,31.10432,0,290,0,29.714,
70658,2826.320,326,0.48165,31.14779,0,778,0,97.269,
70659,2826.360,326,0.48222,31.15336,0,784,0,89.017,
70660,2826.400,326,0.46868,30.96959,0,864,0,84.840,
70661,2826.440,326,0.48318,30.81274,0,314,0,29.435,
70662,2826.480,326,0.46915,30.70361,0,34,0,2.212,
70663,2826.520,326,0.48473,30.70537,0,753,0,89.224,
70664,2826.560,326,0.48195,30.54353,0,305,0,29.435,
70665,2826.600,326,0.50864,30.53060,0,331,0,30.207,
70666,2826.640,326,0.49527,30.50827,0,376,0,28.806,
70667,2826.680,326,0.51313,30.49311,0,784,0,91.441,
70668,2826.720,326,0.48932,30.31164,0,34,0,2.099,
70669,2826.760,326,0.50825,30.30823,0,321,0,31.715,
70670,2826.800,326,0.51287,30.32553,0,835,0,93.591,
70671,2826.840,326,0.51750,30.32427,0,834,0,83.520,
70672,2826.880,326,0.52627,30.10968,0,349,0,27.704,
70673,2826.920,326,0.53192,30.15104,0,790,0,91.481,
70676,2827.040,326,0.51725,29.78924,0,33,0,2.188,
70677,2827.080,326,0.53063,29.56400,0,49,0,7.858,
70678,2827.120,326,0.55338,29.60974,0,804,0,93.658,
70679,2827.160,326,0.53504,29.42943,0,315,0,30.155,
70680,2827.200,326,0.53085,29.37376,0,353,0,28.285,
70681,2827.240,326,0.57603,29.36294,1,28,0,0.778,8.793
70682,2827.280,326,0.58550,29.17112,1,28,0,0.754,8.793
70683,2827.320,326,0.58219,28.96295,1,34,0,1.156,8.793
70684,2827.360,326,0.56123,28.97569,1,33,0,0.996,8.793
70685,2827.400,326,0.54139,29.00751,1,25,0,1.382,8.793
70686,2827.440,326,0.56087,28.76574,0,0,0,,
70687,2827.480,326,0.58048,28.80956,0,25,0,1.427,
70688,2827.520,326,0.56485,28.69431,0,349,0,28.199,
70689,2827.560,326,0.56455,28.69822,0,0,0,,
70690,2827.600,326,0.57293,28.53020,0,529,0,73.001,
70691,2827.640,326,0.58856,28.52756,0,767,0,92.758,
70692,2827.680,326,0.57868,28.36163,0,0,0,,
70693,2827.720,326,0.59513,28.34434,0,0,0,,
70694,2827.760,326,0.60635,28.30226,0,787,0,92.299,
70695,2827.800,326,0.60024,28.13416,0,0,0,,
70696,2827.840,326,0.59824,28.09387,0,0,0,,
70697,2827.880,326,0.59858,28.10500,0,733,0,96.463,
70698,2827.920,326,0.60421,27.98255,0,0,0,,
70699,2827.960,326,0.58986,27.83675,1,27,0,0.888,8.793
70700,2828.000,326,0.60382,27.77936,1,29,0,0.627,8.793
70701,2828.040,326,0.61981,27.82546,1,30,0,0.864,8.793
70702,2828.080,326,0.59407,27.59756,1,30,0,0.684,8.793
70703,2828.120,326,0.61796,27.54418,1,30,0,0.878,8.793
70704,2828.160,326,0.61873,27.48690,1,30,0,0.781,69.573
70705,2828.200,326,0.63018,27.46047,1,30,0,0.741,8.793
70706,2828.240,326,0.61851,27.30772,1,30,0,0.881,8.793
70707,2828.280,326,0.62338,27.31083,1,27,0,0.727,8.793
70708,2828.320,326,0.61868,27.13108,1,29,0,0.726,8.793
70709,2828.360,326,0.63486,27.15134,1,28,0,0.704,8.793
70710,2828.400,326,0.63276,27.02340,1,28,0,0.713,12.061
70711,2828.440,326,0.65098,27.02291,1,29,0,0.793,19.114
70712,2828.480,326,0.63399,26.85519,1,30,0,0.725,8.793
70713,2828.520,326,0.63659,26.78470,1,29,0,0.704,20.229
70714,2828.560,326,0.64856,26.72395,1,30,25,0.589,19.177
70715,2828.600,326,0.64727,26.69599,1,31,0,0.791,8.793
70716,2828.640,326,0.63381,26.51863,1,30,0,0.787,8.793
70717,2828.680,326,0.65668,26.54447,1,28,0,0.743,8.793
70718,2828.720,326,0.65315,26.39794,1,28,0,0.794,13.261
70719,2828.760,326,0.66010,26.38868,1,29,0,0.760,8.793
70720,2828.800,326,0.65892,26.33721,1,28,0,0.844,8.793
70721,2828.840,326,0.65142,26.23737,1,30,0,0.860,8.793
70722,2828.880,326,0.65760,26.13745,1,29,0,0.810,13.069
70723,2828.920,326,0.66645,26.09815,1,30,0,0.865,8.793
70724,2828.960,326,0.66322,26.07465,1,28,35,0.645,15.956
70725,2829.000,326,0.66550,25.87956,1,30,0,0.820,13.259
70726,2829.040,326,0.66330,25.91057,1,31,36,0.614,16.295
70727,2829.080,326,0.67430,25.77729,1,29,23,0.672,11.857
70728,2829.120,326,0.67537,25.78688,1,31,0,0.850,16.535
70729,2829.160,326,0.67147,25.58244,1,30,0,0.788,8.793
70730,2829.200,326,0.67296,25.63488,1,31,0,0.823,8.793
70731,2829.240,326,0.66329,25.45455,1,31,0,0.657,8.793
70732,2829.280,326,0.68429,25.47922,1,32,0,0.810,8.793
70733,2829.320,326,0.68843,25.35889,1,32,0,0.833,8.793
70734,2829.360,326,0.68180,25.33246,1,34,0,0.747,8.793
70735,2829.400,326,0.68789,25.16527,1,34,0,0.754,8.793
70736,2829.440,326,0.68965,25.13250,1,35,0,0.767,8.793
70737,2829.480,326,0.69209,25.05400,1,35,0,0.824,8.793
70738,2829.520,326,0.69117,25.05749,1,35,0,0.718,8.793
70739,2829.560,326,0.69676,24.90373,1,35,0,0.774,8.793
70740,2829.600,326,0.69141,24.84501,1,38,0,0.830,8.793
70741,2829.640,326,0.70240,24.78398,1,37,0,0.932,8.793
70742,2829.680,326,0.69416,24.78130,1,35,0,0.731,8.793
70743,2829.720,326,0.70962,24.64148,1,32,0,0.874,8.793
70744,2829.760,326,0.69624,24.56780,1,36,0,0.838,8.793
70745,2829.800,326,0.70990,24.50010,1,31,0,0.805,8.793
70746,2829.840,326,0.70468,24.41594,1,37,0,0.762,8.793
70747,2829.880,326,0.70345,24.30308,1,35,0,0.854,8.793
70748,2829.920,326,0.70419,24.28807,1,38,0,0.807,8.793
70749,2829.960,326,0.70095,24.21721,1,40,0,0.855,8.793
70750,2830.000,326,0.71012,24.13378,1,37,0,0.840,8.793
70751,2830.040,326,0.71341,24.06187,1,21,0,0.849,8.793
70752,2830.080,326,0.71408,24.02179,1,21,0,0.905,8.793
70753,2830.120,326,0.72498,23.94447,1,21,0,0.951,8.793
70754,2830.160,326,0.72419,23.95494,1,39,0,0.756,8.793
70755,2830.200,326,0.71762,23.75512,1,31,0,0.619,8.793
70756,2830.240,326,0.72262,23.68902,1,21,0,0.812,8.793
70757,2830.280,326,0.72996,23.68668,1,38,0,0.905,8.793
70758,2830.320,326,0.71965,23.50975,1,33,0,0.810,8.793
70759,2830.360,326,0.73149,23.55231,1,32,0,0.737,8.793
70760,2830.400,326,0.72663,23.45059,1,35,0,0.823,8.793
70761,2830.440,326,0.73100,23.39555,1,31,0,0.817,8.793
70762,2830.480,326,0.72627,23.30610,1,32,0,0.745,8.793
70763,2830.520,326,0.73848,23.29000,1,40,0,0.924,8.793
70764,2830.560,326,0.73182,23.13396,1,21,0,0.824,8.793
70765,2830.600,326,0.73968,23.16145,1,39,0,0.873,8.793
70766,2830.640,326,0.74339,23.01490,1,38,0,0.916,8.793
70767,2830.680,326,0.73175,22.91887,1,39,0,0.870,8.793
70768,2830.720,326,0.74452,22.93623,1,40,0,0.903,8.793
70769,2830.760,326,0.74201,22.78894,1,37,0,0.873,8.793
70770,2830.800,326,0.74250,22.74214,1,40,0,0.892,8.793
70771,2830.840,326,0.74084,22.68684,1,36,0,0.760,8.793
70772,2830.880,326,0.73829,22.55785,1,33,0,0.721,8.793
70773,2830.920,326,0.74407,22.50075,1,40,0,0.849,8.302
70774,2830.960,326,0.74975,22.42639,1,36,0,0.930,8.793
70775,2831.000,326,0.74652,22.39396,1,34,23,0.639,9.817
70776,2831.040,326,0.75408,22.30085,1,33,0,0.934,8.793
70777,2831.080,326,0.74062,22.24412,1,21,38,0.687,12.668
70778,2831.120,326,0.75698,22.17672,1,37,43,0.628,15.297
70779,2831.160,326,0.75547,22.08077,1,38,0,0.840,8.793
70780,2831.200,326,0.75168,22.05574,1,36,29,0.738,10.773
70781,2831.240,326,0.74440,21.93664,1,33,0,0.790,8.793
70782,2831.280,326,0.75639,21.94462,1,35,0,0.816,8.793
70783,2831.320,326,0.74628,21.81934,1,34,0,0.810,8.793
70784,2831.360,326,0.75592,21.79166,1,36,33,0.738,10.023
70785,2831.400,326,0.76699,21.71886,1,34,0,0.892,8.793
70786,2831.440,326,0.75795,21.60140,1,36,15,0.700,12.032
70787,2831.480,326,0.76937,21.61967,1,33,0,0.826,8.793
70788,2831.520,326,0.75321,21.51974,1,34,0,0.826,8.793
70789,2831.560,326,0.76845,21.48547,1,34,0,0.841,8.793
70790,2831.600,326,0.76417,21.40412,1,37,0,0.791,8.793
70791,2831.640,326,0.75871,21.27546,1,35,0,0.881,8.793
70792,2831.680,326,0.75251,21.16835,1,34,0,0.860,8.793
70793,2831.720,326,0.76037,21.18948,1,35,0,0.871,8.793
70794,2831.760,326,0.76878,21.13941,1,35,0,0.759,8.793
70795,2831.800,326,0.76715,21.06048,1,36,0,0.760,8.793
70796,2831.840,326,0.75552,20.84454,1,38,0,0.812,8.793
70797,2831.880,326,0.74971,20.72236,1,37,0,0.908,8.793
70798,2831.920,326,0.76866,20.74544,1,37,0,0.473,8.793
70799,2831.960,326,0.77149,20.78932,1,38,0,0.779,8.793
70800,2832.000,326,0.76679,20.73465,1,35,0,0.763,8.793
70801,2832.040,326,0.77358,20.63587,1,36,0,0.746,8.793
70802,2832.080,326,0.77078,20.59471,1,38,0,0.827,8.793
70803,2832.120,326,0.76912,20.52507,1,39,0,0.880,8.793
70804,2832.160,326,0.76923,20.41547,1,40,0,0.919,8.793
70805,2832.200,326,0.78021,20.40129,1,37,0,0.772,8.793
70806,2832.240,326,0.76166,20.18306,1,21,0,0.703,8.793
70807,2832.280,326,0.77248,20.19122,1,22,0,0.979,8.793
70808,2832.320,326,0.77931,20.21653,1,22,0,0.810,8.793
70809,2832.360,326,0.76406,20.07922,1,22,0,0.721,8.793
70810,2832.400,326,0.77772,20.05522,1,23,0,0.824,8.793
70811,2832.440,326,0.78786,19.99643,1,23,0,0.959,8.793
70812,2832.480,326,0.78981,19.95722,1,24,0,1.029,8.793
70813,2832.520,326,0.76881,19.75769,1,23,0,0.957,8.793
70814,2832.560,326,0.76390,19.65383,1,23,39,0.707,13.683
70815,2832.600,326,0.76358,19.65039,1,22,0,0.801,12.781
70816,2832.640,326,0.76802,19.57328,1,23,0,1.005,8.793
70817,2832.680,326,0.77133,19.52305,1,22,0,0.742,8.793
70818,2832.720,326,0.77099,19.46745,1,25,0,0.894,8.793
70819,2832.760,326,0.77185,19.39258,1,25,0,0.806,8.793
70820,2832.800,326,0.78611,19.43895,1,24,0,0.942,8.793
70821,2832.840,326,0.78139,19.38146,1,24,0,0.949,8.793
70822,2832.880,326,0.78215,19.32025,1,25,0,0.810,8.793
70823,2832.920,326,0.77103,19.27604,1,25,0,0.552,8.793
70824,2832.960,326,0.78709,19.21099,1,25,0,0.859,8.793
70825,2833.000,326,0.79036,19.13962,1,24,0,0.760,8.793
70826,2833.040,326,0.77898,19.06778,1,24,0,0.788,8.793
70827,2833.080,326,0.78802,18.99765,1,25,0,0.883,8.793
70828,2833.120,326,0.77776,18.84812,1,27,0,0.982,8.793
70829,2833.160,326,0.77522,18.76954,1,26,0,0.867,8.793
70830,2833.200,326,0.78434,18.80494,1,26,0,0.743,8.793
70831,2833.240,326,0.79062,18.75509,1,27,0,0.928,8.793
70832,2833.280,326,0.79219,18.68963,1,27,0,0.786,8.793
70833,2833.320,326,0.78860,18.62888,1,26,0,0.813,8.793
70834,2833.360,326,0.77280,18.45619,1,25,0,0.853,8.793
70835,2833.400,326,0.77613,18.40030,1,26,0,0.973,8.793
70836,2833.440,326,0.78996,18.44931,1,26,0,0.833,8.793
70837,2833.480,326,0.78100,18.27032,1,25,0,0.818,8.793
70838,2833.520,326,0.78248,18.31411,1,27,0,0.868,8.793
70839,2833.560,326,0.78587,18.26710,1,25,0,0.957,8.793
70840,2833.600,326,0.78006,18.08339,1,26,0,0.814,8.793
70841,2833.640,326,0.78751,18.13967,1,27,0,0.847,8.793
70842,2833.680,326,0.78555,18.08271,1,27,0,0.956,8.793
70843,2833.720,326,0.79057,18.00123,1,26,0,0.885,8.793
70844,2833.760,326,0.78835,17.93001,1,27,0,0.919,8.793
70845,2833.800,326,0.78322,17.90062,1,25,0,0.831,8.793
70846,2833.840,326,0.78471,17.82245,1,26,0,0.843,8.793
70847,2833.880,326,0.78353,17.74120,1,26,0,0.871,8.793
70848,2833.920,326,0.78839,17.71038,1,26,0,0.869,8.793
70849,2833.960,326,0.78976,17.63693,1,25,0,0.746,8.793
70850,2834.000,326,0.79055,17.57380,1,25,0,0.844,18.100
70851,2834.040,326,0.79052,17.50535,1,25,0,0.935,8.793
70852,2834.080,326,0.78787,17.46170,1,25,31,0.739,14.555
70853,2834.120,326,0.78710,17.38080,1,24,31,0.698,13.494
70854,2834.160,326,0.78650,17.33443,1,26,0,0.915,16.202
70855,2834.200,326,0.78968,17.24728,1,24,0,0.840,8.793
70856,2834.240,326,0.78947,17.20797,1,24,39,0.613,16.019
70857,2834.280,326,0.78526,17.13432,1,23,0,0.769,8.793
70858,2834.320,326,0.78439,17.07433,1,24,48,0.707,17.206
70859,2834.360,326,0.78661,17.00088,1,23,0,0.815,15.208
70860,2834.400,326,0.78789,16.96870,1,24,36,0.682,15.295
70861,2834.440,326,0.78511,16.91707,1,23,42,0.718,14.487
70862,2834.480,326,0.78171,16.82235,1,23,48,0.630,15.773
70863,2834.520,326,0.78585,16.78437,1,23,40,0.734,13.670
70864,2834.560,326,0.78345,16.72943,1,24,44,0.741,12.497
70865,2834.600,326,0.79651,16.65752,1,23,0,0.603,13.007
70866,2834.640,326,0.78323,16.58799,1,24,46,0.622,12.335
70867,2834.680,326,0.78678,16.54355,1,24,0,0.840,12.312
70868,2834.720,326,0.77850,16.49081,1,23,0,0.811,18.272
70869,2834.760,326,0.78227,16.40032,1,25,72,0.765,10.209
70870,2834.800,326,0.78306,16.37872,1,25,22,0.643,14.014
70871,2834.840,326,0.78396,16.30158,1,24,0,0.893,16.371
70872,2834.880,326,0.77750,16.24487,1,23,57,0.729,11.999
70873,2834.920,326,0.77976,16.18521,1,24,55,0.695,12.465
70874,2834.960,326,0.77991,16.12490,1,24,39,0.617,17.170
70875,2835.000,326,0.78216,16.08108,1,24,56,0.702,11.669
70876,2835.040,326,0.78229,16.01124,1,25,48,0.779,13.258
70877,2835.080,326,0.77987,15.97363,1,24,44,0.764,12.152
70878,2835.120,326,0.77508,15.91602,1,24,47,0.812,13.609
70879,2835.160,326,0.77732,15.85944,1,24,47,0.787,14.225
70880,2835.200,326,0.77755,15.81345,1,26,45,0.779,12.680
70881,2835.240,326,0.77884,15.76828,1,27,37,0.809,12.436
70882,2835.280,326,0.77915,15.68740,1,26,52,0.686,14.217
70883,2835.320,326,0.78150,15.64747,1,26,50,0.782,14.075
70884,2835.360,326,0.77602,15.56596,1,25,50,0.803,14.121
70885,2835.400,326,0.77426,15.52815,1,28,27,0.821,11.909
70886,2835.440,326,0.77162,15.45344,1,26,41,0.787,13.247
70887,2835.480,326,0.75742,15.41048,1,27,31,0.721,14.362
70888,2835.520,326,0.77286,15.34403,1,27,42,0.752,14.580
70889,2835.560,326,0.77167,15.27546,1,28,40,0.779,15.261
70890,2835.600,326,0.77566,15.21499,1,29,51,0.809,14.921
70891,2835.640,326,0.77492,15.18643,1,28,32,0.845,12.632
70892,2835.680,326,0.76952,15.06523,0,0,0,,
70893,2835.720,326,0.76572,15.02995,0,0,0,,
70894,2835.760,326,0.76858,14.95594,0,0,0,,
70895,2835.800,326,0.75835,14.89495,0,0,0,,
70896,2835.840,326,0.76035,14.85219,0,0,0,,
70897,2835.880,326,0.76315,14.77986,0,0,19,2.886,
70898,2835.920,326,0.76515,14.71439,0,0,0,,
70899,2835.960,326,0.76208,14.71174,1,0,18,0.489,9.573
70900,2836.000,326,0.77029,14.64021,1,0,39,0.252,13.373
70901,2836.040,326,0.75494,14.55977,0,0,0,,
70902,2836.080,326,0.75080,14.47922,0,0,0,,
70903,2836.120,326,0.74438,14.49274,1,0,28,0.654,11.303
70904,2836.160,326,0.75391,14.39847,0,0,0,,
70905,2836.200,326,0.75897,14.36926,1,0,36,0.656,12.782
70906,2836.240,326,0.75962,14.34180,1,0,30,0.621,11.160
70907,2836.280,326,0.74869,14.23492,0,0,0,,
70908,2836.320,326,0.74123,14.13465,0,0,0,,
70909,2836.360,326,0.73572,14.06138,0,0,0,,
70910,2836.400,326,0.74288,14.00966,0,0,0,,
70911,2836.440,326,0.74373,13.98022,0,0,0,,
70912,2836.480,326,0.73210,13.88572,0,0,0,,
70913,2836.520,326,0.76421,13.98023,1,0,38,0.742,12.623
70914,2836.560,326,0.73981,13.80973,0,0,0,,
70916,2836.640,326,0.72796,13.69000,0,0,13,23.751,
70917,2836.680,326,0.73996,13.65774,0,0,0,,
70918,2836.720,326,0.73482,13.60583,0,0,0,,
70919,2836.760,326,0.73212,13.54790,0,0,0,,
70920,2836.800,326,0.73562,13.51831,0,0,0,,
70921,2836.840,326,0.73913,13.44889,0,0,0,,
70922,2836.880,326,0.74642,13.39621,0,0,0,,
70923,2836.920,326,0.72083,13.29893,0,0,0,,
70924,2836.960,326,0.72822,13.22812,0,0,0,,
70925,2837.000,326,0.71414,13.11491,0,0,0,,
70926,2837.040,326,0.72991,13.19493,0,0,0,,
70927,2837.080,326,0.72785,13.14891,0,0,17,9.678,
70928,2837.120,326,0.73151,13.10937,0,0,0,,
70929,2837.160,326,0.72316,13.05365,0,0,0,,
70930,2837.200,326,0.71858,12.99260,0,0,0,,
70931,2837.240,326,0.72009,12.96696,0,0,19,0.768,
70932,2837.280,326,0.72245,12.88758,0,0,0,,
70933,2837.320,326,0.71863,12.82957,0,0,0,,
70934,2837.360,326,0.71220,12.77515,0,0,0,,
70935,2837.400,326,0.70299,12.65811,0,0,0,,
70936,2837.440,326,0.71277,12.67562,0,0,0,,
70937,2837.480,326,0.71218,12.60428,0,0,0,,
70938,2837.520,326,0.70795,12.58730,0,0,0,,
70939,2837.560,326,0.71552,12.53230,0,0,0,,
70940,2837.600,326,0.70777,12.47839,0,0,0,,
70941,2837.640,326,0.70952,12.42546,0,0,0,,
70942,2837.680,326,0.70548,12.36511,0,0,0,,
70943,2837.720,326,0.73081,12.37631,1,0,53,0.811,9.501
70944,2837.760,326,0.70064,12.27859,0,0,0,,
70945,2837.800,326,0.67692,12.30366,1,0,44,0.957,12.086
70946,2837.840,326,0.70633,12.23370,1,0,54,0.828,10.812
70947,2837.880,326,0.70402,12.13746,0,0,0,,
70948,2837.920,326,0.69627,12.16714,1,0,60,0.941,11.323
70949,2837.960,326,0.68111,12.12085,1,0,61,0.950,12.245
70950,2838.000,326,0.66625,12.07073,1,0,69,0.849,11.769
70951,2838.040,326,0.69907,11.97439,0,0,32,22.839,
70952,2838.080,326,0.69682,11.92643,0,0,18,8.608,
70953,2838.120,326,0.69322,11.87089,0,0,0,,
70954,2838.160,326,0.69745,11.82273,0,0,0,,
70955,2838.200,326,0.69524,11.77161,0,0,0,,
70956,2838.240,326,0.68952,11.74179,0,0,0,,
70957,2838.280,326,0.69381,11.68994,0,0,0,,
70958,2838.320,326,0.69298,11.64173,0,0,0,,
70959,2838.360,326,0.64758,11.68008,1,0,72,1.018,11.968
70960,2838.400,326,0.70910,11.62492,1,0,53,0.757,13.275
70961,2838.440,326,0.71683,11.57009,1,0,51,0.740,12.562
70962,2838.480,326,0.71186,11.51556,1,0,49,0.820,11.482
70963,2838.520,326,0.68944,11.41662,0,0,0,,
70964,2838.560,326,0.68193,11.36831,0,0,0,,
70965,2838.600,326,0.67536,11.32047,0,0,0,,
70966,2838.640,326,0.67639,11.26691,0,0,0,,
70967,2838.680,326,0.67744,11.22537,0,0,0,,
70968,2838.720,326,0.70734,11.20118,1,0,59,1.041,11.837
70969,2838.760,326,0.67900,11.13027,0,0,0,,
70970,2838.800,326,0.67014,11.08657,0,0,0,,
70971,2838.840,326,0.66930,11.01624,0,0,0,,
70972,2838.880,326,0.66509,10.98986,0,0,0,,
70973,2838.920,326,0.66631,10.94337,0,0,0,,
70974,2838.960,326,0.66558,10.87240,0,0,20,3.351,
70975,2839.000,326,0.66026,10.82828,0,0,0,,
70976,2839.040,326,0.65899,10.78253,0,0,0,,
70977,2839.080,326,0.65837,10.73679,0,0,0,,
70978,2839.120,326,0.66310,10.68794,0,0,0,,
70979,2839.160,326,0.71461,10.71335,1,0,36,0.638,16.377
70981,2839.240,326,0.65053,10.55885,0,0,0,,
70982,2839.280,326,0.69182,10.58197,1,0,44,0.785,15.699
70983,2839.320,326,0.64971,10.46161,0,0,0,,
70984,2839.360,326,0.64323,10.41593,0,0,0,,
70985,2839.400,326,0.64523,10.37705,0,0,0,,
70986,2839.440,326,0.68413,10.39533,1,0,44,0.460,16.508
70987,2839.480,326,0.67046,10.35304,1,0,49,0.540,15.973
70988,2839.520,326,0.64245,10.23364,0,0,0,,
70989,2839.560,326,0.62999,10.17525,0,0,0,,
70990,2839.600,326,0.64981,10.21161,1,0,57,0.430,15.852
70991,2839.640,326,0.61643,10.01352,0,0,0,,
70992,2839.680,326,0.64872,10.13071,1,0,56,0.821,14.319
70994,2839.760,326,0.64972,10.04599,1,0,57,0.440,15.240
70996,2839.840,326,0.63191,9.95052,1,0,50,0.831,13.145
70997,2839.880,326,0.66452,9.91679,1,0,57,0.385,14.961
70998,2839.920,326,0.64812,9.87416,1,0,60,0.462,14.757
71000,2840.000,326,0.62963,9.78232,1,0,61,0.591,14.481
71001,2840.040,326,0.61252,9.74784,1,0,67,0.626,14.291
71002,2840.080,326,0.58695,9.68650,1,0,63,0.876,14.710
71004,2840.160,326,0.59400,9.45327,0,78,13,23.231,
71005,2840.200,326,0.63149,9.55590,1,0,72,0.603,14.712
71006,2840.240,326,0.59755,9.43055,0,151,21,28.079,
71007,2840.280,326,0.59207,9.37888,0,153,15,28.800,
71008,2840.320,326,0.58234,9.31915,0,0,21,26.473,
71009,2840.360,326,0.60884,9.38945,1,0,65,0.360,14.972
71010,2840.400,326,0.60730,9.34818,1,0,72,0.829,13.830
71011,2840.440,326,0.63486,9.30129,1,0,60,0.787,14.252
71013,2840.520,326,0.62419,9.21812,1,0,63,0.536,14.859
71014,2840.560,326,0.57746,9.10983,0,154,19,32.544,
71015,2840.600,326,0.57639,9.07599,0,151,24,29.894,
71016,2840.640,326,0.57054,8.99742,0,79,14,23.823,
71017,2840.680,326,0.59835,9.05432,1,0,72,1.020,13.781
71018,2840.720,326,0.54374,9.01439,1,0,72,0.881,15.041
71019,2840.760,326,0.57258,8.95221,0,79,14,23.493,
71020,2840.800,326,0.56650,8.85753,0,207,22,40.114,
71021,2840.840,326,0.56300,8.82290,0,210,23,41.857,
71022,2840.880,326,0.56219,8.77505,0,175,19,36.219,
71023,2840.920,326,0.55978,8.72777,0,72,19,19.257,
71024,2840.960,326,0.56067,8.70125,0,146,20,32.292,
71025,2841.000,326,0.55997,8.64779,0,0,25,11.506,
71026,2841.040,326,0.54997,8.59519,0,0,0,,
71027,2841.080,326,0.60417,8.64954,1,0,45,0.815,15.249
71028,2841.120,326,0.54418,8.47451,0,81,26,26.108,
71029,2841.160,326,0.58547,8.56239,1,0,72,1.363,13.016
71031,2841.240,326,0.54782,8.38816,0,0,0,,
71033,2841.320,326,0.49623,8.30566,1,33,55,1.974,10.024
71034,2841.360,326,0.49659,8.26963,1,28,48,2.277,11.730
71035,2841.400,326,0.54354,8.29343,1,0,72,1.186,11.176
71036,2841.440,326,0.51794,8.21464,1,45,72,2.561,9.985
71037,2841.480,326,0.52849,8.21188,1,0,72,1.169,10.782
71038,2841.520,326,0.53028,8.16802,1,0,72,1.109,11.150
71039,2841.560,326,0.51159,8.11374,1,0,53,0.704,10.596
71040,2841.600,326,0.51907,8.01972,0,56,33,12.813,
71042,2841.680,326,0.49674,7.80556,0,0,0,,
73850,2954.000,339,0.36305,33.24794,1,24,0,1.063,8.793
73852,2954.080,339,0.38349,33.00941,0,180,0,31.330,
73854,2954.160,339,0.39392,32.79113,0,844,0,83.940,
73855,2954.200,339,0.39592,32.72930,0,828,0,93.362,
73856,2954.240,339,0.41741,32.60649,0,849,0,92.287,
73857,2954.280,339,0.41404,32.52453,0,906,0,83.415,
73858,2954.320,339,0.41731,32.34448,0,836,0,89.299,
73859,2954.360,339,0.43291,32.35236,0,820,0,89.191,
73860,2954.400,339,0.42288,32.39577,0,832,0,86.930,
73861,2954.440,339,0.41964,32.17198,0,810,0,97.763,
73862,2954.480,339,0.44332,32.16559,0,276,0,28.552,
73863,2954.520,339,0.44375,32.08163,0,795,0,94.047,
73864,2954.560,339,0.44420,31.97650,0,318,0,28.636,
73865,2954.600,339,0.43432,31.94233,0,45,0,6.119,
73866,2954.640,339,0.44930,31.76145,0,47,0,6.202,
73867,2954.680,339,0.45130,31.71094,0,801,0,90.986,
73868,2954.720,339,0.44823,31.52460,0,285,0,29.027,
73869,2954.760,339,0.45245,31.53704,0,860,0,83.578,
73870,2954.800,339,0.43947,31.33264,0,767,0,86.409,
73871,2954.840,339,0.46650,31.36503,0,328,0,27.026,
73872,2954.880,339,0.45946,31.30301,0,789,0,87.691,
73873,2954.920,339,0.47850,31.12964,0,760,0,91.424,
73874,2954.960,339,0.48288,31.15776,0,858,0,97.176,
73875,2955.000,339,0.46998,30.94037,0,820,0,93.311,
73876,2955.040,339,0.47961,30.73668,0,792,0,97.505,
73877,2955.080,339,0.48407,30.73149,0,32,0,1.934,
73878,2955.120,339,0.48945,30.70948,0,32,0,1.971,
73879,2955.160,339,0.47884,30.50877,0,31,0,1.991,
73880,2955.200,339,0.49443,30.50865,0,31,0,1.928,
73881,2955.240,339,0.50242,30.51083,0,30,0,2.024,
73882,2955.280,339,0.51077,30.33376,0,30,0,2.127,
73883,2955.320,339,0.51086,30.32982,0,313,0,28.400,
73884,2955.360,339,0.52651,30.33183,0,765,0,95.800,
73885,2955.400,339,0.52485,30.11588,0,837,0,84.310,
73886,2955.440,339,0.52472,30.12342,0,825,0,89.832,
73887,2955.480,339,0.52575,30.04708,0,32,0,2.042,
73888,2955.520,339,0.52312,29.90205,0,31,0,2.018,
73889,2955.560,339,0.53147,29.75594,0,806,0,90.437,
73890,2955.600,339,0.55798,29.74202,0,28,0,1.826,
73891,2955.640,339,0.57890,29.55689,0,809,0,92.015,
73892,2955.680,339,0.57906,29.54489,0,792,0,93.699,
73893,2955.720,339,0.58498,29.36129,0,767,0,91.998,
73894,2955.760,339,0.56265,29.39185,0,1118,0,71.146,
73895,2955.800,339,0.58250,29.17542,0,855,0,89.398,
73896,2955.840,339,0.58486,29.17903,0,26,0,1.625,
73897,2955.880,339,0.58242,29.05104,0,0,0,,
73898,2955.920,339,0.60507,28.92847,0,23,0,1.237,
73899,2955.960,339,0.57761,28.75707,0,25,0,1.739,
73900,2956.000,339,0.56252,28.77382,1,21,0,1.055,59.176
73901,2956.040,339,0.57413,28.72777,1,28,0,0.814,8.793
73902,2956.080,339,0.58196,28.69222,1,27,0,0.322,8.793
73903,2956.120,339,0.57574,28.50075,1,26,0,0.799,8.793
73904,2956.160,339,0.59142,28.51387,1,29,0,0.656,8.793
73905,2956.200,339,0.59720,28.33525,1,29,0,0.680,8.793
73906,2956.240,339,0.60094,28.35737,1,32,0,0.701,8.793
73907,2956.280,339,0.58739,28.19636,1,32,0,0.761,8.793
73908,2956.320,339,0.59561,28.18718,1,33,0,0.728,8.793
73909,2956.360,339,0.61769,28.14470,1,32,0,0.813,8.793
73910,2956.400,339,0.60586,27.96805,1,29,0,0.578,8.793
73911,2956.440,339,0.61740,27.85667,1,31,0,0.641,8.793
73912,2956.480,339,0.61401,27.82685,1,29,0,0.671,8.793
73913,2956.520,339,0.62378,27.69758,1,31,0,0.832,8.793
73914,2956.560,339,0.62870,27.63420,1,29,0,0.759,8.793
73915,2956.600,339,0.64761,27.54876,1,29,0,0.745,8.793
73916,2956.640,339,0.63179,27.47551,0,0,0,,
73917,2956.680,339,0.63769,27.36197,1,30,0,0.798,8.793
73918,2956.720,339,0.63348,27.32196,1,30,0,0.712,8.793
73919,2956.760,339,0.64087,27.17114,1,28,0,0.898,8.793
73920,2956.800,339,0.63955,27.14192,1,29,0,0.777,8.793
73921,2956.840,339,0.64206,27.01948,1,29,0,0.846,8.793
73922,2956.880,339,0.64390,26.94971,1,28,0,0.791,8.793
73923,2956.920,339,0.64711,26.82707,1,29,0,0.867,8.793
73924,2956.960,339,0.65392,26.81310,1,31,0,0.794,10.698
73925,2957.000,339,0.64949,26.67641,1,29,0,0.961,16.394
73926,2957.040,339,0.65361,26.65862,1,30,0,0.804,8.793
73927,2957.080,339,0.66364,26.56156,1,29,0,0.784,8.793
73928,2957.120,339,0.66067,26.52523,1,29,0,0.866,14.166
73929,2957.160,339,0.66197,26.35752,1,28,0,0.802,8.793
73930,2957.200,339,0.66795,26.36379,1,29,0,0.823,13.557
73931,2957.240,339,0.66717,26.19370,1,29,0,0.930,8.793
73932,2957.280,339,0.67500,26.22264,1,28,0,0.851,12.841
73933,2957.320,339,0.68574,26.09856,1,28,0,0.814,8.793
73934,2957.360,339,0.68000,26.05068,1,30,0,0.798,13.653
73935,2957.400,339,0.67975,25.94881,1,31,0,0.854,8.793
73936,2957.440,339,0.68377,25.90144,1,29,0,0.863,8.793
73937,2957.480,339,0.68024,25.78278,1,30,0,0.819,8.793
73938,2957.520,339,0.67163,25.62001,1,31,42,0.571,16.452
73939,2957.560,339,0.68213,25.55277,1,30,0,0.867,23.355
73940,2957.600,339,0.68221,25.45808,1,33,30,0.665,13.416
73941,2957.640,339,0.68922,25.41747,1,31,0,0.620,8.793
73942,2957.680,339,0.69322,25.29075,1,34,0,0.792,8.793
73943,2957.720,339,0.69297,25.26444,1,32,0,0.808,8.793
73944,2957.760,339,0.68788,25.17520,1,33,0,0.830,8.793
73945,2957.800,339,0.69602,25.11089,1,35,0,0.897,24.811
73946,2957.840,339,0.69939,25.00808,1,33,0,0.811,11.591
73947,2957.880,339,0.69948,24.98569,1,35,0,0.803,8.793
73948,2957.920,339,0.71177,24.85791,1,35,0,0.787,8.793
73949,2957.960,339,0.71207,24.87688,1,37,0,0.889,8.793
73950,2958.000,339,0.71184,24.71439,1,36,0,0.825,8.793
73951,2958.040,339,0.70945,24.63468,1,39,0,0.847,8.793
73952,2958.080,339,0.71346,24.56986,1,40,0,0.725,8.793
73953,2958.120,339,0.70876,24.48294,1,36,0,0.913,8.793
73954,2958.160,339,0.71027,24.42470,1,40,0,0.765,8.793
73955,2958.200,339,0.71859,24.30017,1,38,0,0.864,8.793
73956,2958.240,339,0.70479,24.17814,1,40,0,0.933,8.793
73957,2958.280,339,0.71979,24.17002,1,39,0,0.734,8.793
73958,2958.320,339,0.72222,24.07494,1,21,0,0.875,8.793
73959,2958.360,339,0.72919,24.00973,1,40,0,0.816,8.793
73960,2958.400,339,0.73337,23.92481,1,39,0,0.850,8.793
73961,2958.440,339,0.72839,23.91983,1,21,0,0.819,8.793
73962,2958.480,339,0.73533,23.81722,1,21,0,0.961,8.793
73963,2958.520,339,0.73257,23.68099,1,40,0,0.874,8.793
73964,2958.560,339,0.73732,23.61597,1,37,0,0.832,8.793
73965,2958.600,339,0.73398,23.55179,1,32,0,0.664,8.793
73966,2958.640,339,0.73493,23.45534,1,21,0,0.811,8.793
73967,2958.680,339,0.74215,23.40491,1,39,0,0.869,8.793
73968,2958.720,339,0.74305,23.31785,1,39,0,0.773,8.793
73969,2958.760,339,0.74783,23.24411,1,21,0,0.936,8.793
73970,2958.800,339,0.74318,23.15236,1,21,0,0.815,8.793
73971,2958.840,339,0.74517,23.04306,1,33,0,0.691,8.793
73972,2958.880,339,0.75077,22.99631,1,21,0,0.776,8.793
73973,2958.920,339,0.74701,22.89827,1,21,0,0.842,8.793
73974,2958.960,339,0.75151,22.85239,1,38,0,0.859,8.793
73975,2959.000,339,0.75379,22.78832,1,33,0,0.861,8.793
73976,2959.040,339,0.75905,22.67684,1,40,0,0.903,8.793
73977,2959.080,339,0.74710,22.62626,1,21,0,0.855,8.793
73978,2959.120,339,0.76051,22.52703,1,37,0,0.671,8.793
73979,2959.160,339,0.75968,22.39028,1,38,0,0.875,8.793
73980,2959.200,339,0.76761,22.41864,1,33,0,0.648,8.793
73981,2959.240,339,0.76373,22.29517,1,38,0,0.769,8.793
73982,2959.280,339,0.75913,22.17982,1,33,0,0.872,8.793
73983,2959.320,339,0.77297,22.17731,1,34,0,0.755,8.793
73984,2959.360,339,0.76410,22.06458,1,38,0,0.771,8.793
73985,2959.400,339,0.77023,22.05218,1,39,0,0.944,8.793
73986,2959.440,339,0.77589,21.94346,1,35,37,0.685,13.744
73987,2959.480,339,0.76448,21.81450,1,34,0,0.783,8.793
73988,2959.520,339,0.77584,21.82882,1,38,39,0.738,10.285
73989,2959.560,339,0.77563,21.71976,1,34,0,0.826,8.793
73990,2959.600,339,0.76873,21.58782,1,34,0,0.802,8.793
73991,2959.640,339,0.78086,21.57800,1,36,0,0.771,8.793
73992,2959.680,339,0.78022,21.50435,1,36,0,0.746,8.793
73993,2959.720,339,0.77559,21.41243,1,36,0,0.783,8.793
73994,2959.760,339,0.78390,21.30064,1,36,0,0.918,14.614
73995,2959.800,339,0.78164,21.28076,1,36,0,0.795,8.793
73996,2959.840,339,0.77929,21.18210,1,35,0,0.832,8.793
73997,2959.880,339,0.78733,21.14510,1,36,0,0.866,8.793
73998,2959.920,339,0.78773,21.05457,1,35,0,0.852,8.336
73999,2959.960,339,0.78911,20.95402,1,36,0,0.850,8.793
74000,2960.000,339,0.79105,20.92239,1,34,0,0.809,8.793
74001,2960.040,339,0.79005,20.83459,1,37,0,0.855,8.793
74002,2960.080,339,0.79067,20.71067,1,35,0,0.885,8.793
74003,2960.120,339,0.78594,20.68028,1,36,38,0.648,9.131
74004,2960.160,339,0.79514,20.62303,1,40,0,0.650,8.793
74005,2960.200,339,0.79409,20.51658,1,39,0,0.891,8.793
74006,2960.240,339,0.78781,20.41639,1,39,0,0.852,8.793
74007,2960.280,339,0.79147,20.41154,1,38,0,0.852,8.793
74008,2960.320,339,0.79477,20.29903,1,21,0,0.958,8.793
74009,2960.360,339,0.78892,20.19637,1,21,0,0.866,8.793
74010,2960.400,339,0.79355,20.11673,1,22,49,0.671,12.706
74011,2960.440,339,0.79407,20.11142,1,24,0,0.756,12.348
74012,2960.480,339,0.79888,20.01569,1,23,0,0.892,13.604
74013,2960.520,339,0.80298,19.95624,1,22,0,0.918,8.793
74014,2960.560,339,0.80389,19.88568,1,23,0,0.784,8.793
74015,2960.600,339,0.81022,19.83967,1,23,0,0.931,8.793
74016,2960.640,339,0.80529,19.75393,1,24,0,0.871,8.793
74017,2960.680,339,0.80108,19.64287,1,39,0,0.703,8.793
74018,2960.720,339,0.81201,19.62428,1,24,0,0.802,8.793
74019,2960.760,339,0.80534,19.54522,1,24,0,0.867,8.793
74020,2960.800,339,0.80397,19.46302,1,25,0,0.861,8.793
74021,2960.840,339,0.81376,19.39057,1,25,0,0.825,8.793
74022,2960.880,339,0.81032,19.34442,1,25,0,0.973,8.793
74023,2960.920,339,0.80598,19.27546,1,25,0,0.822,8.793
74024,2960.960,339,0.81446,19.18200,1,25,0,0.879,8.793
74025,2961.000,339,0.81107,19.11930,1,26,0,0.998,8.793
74026,2961.040,339,0.81623,19.05390,1,25,0,0.896,8.793
74027,2961.080,339,0.81286,18.98714,1,26,0,0.909,8.793
74028,2961.120,339,0.81580,18.89613,1,26,0,0.808,8.793
74029,2961.160,339,0.81636,18.83019,1,26,0,0.907,8.793
74030,2961.200,339,0.81254,18.75408,1,26,0,0.909,8.793
74031,2961.240,339,0.81824,18.69530,1,26,0,0.884,8.793
74032,2961.280,339,0.81557,18.63006,1,25,0,0.806,8.793
74033,2961.320,339,0.81082,18.54432,1,26,0,0.909,8.793
74034,2961.360,339,0.81799,18.47370,1,27,18,0.823,13.330
74035,2961.400,339,0.81741,18.41704,1,27,0,0.866,8.793
74036,2961.440,339,0.81473,18.35285,1,28,0,0.953,8.793
74037,2961.480,339,0.81824,18.27706,1,27,0,0.969,8.793
74038,2961.520,339,0.81921,18.18221,1,27,0,0.918,8.793
74039,2961.560,339,0.81683,18.14376,1,27,0,0.844,8.793
74040,2961.600,339,0.81998,18.05500,1,28,0,0.808,8.793
74041,2961.640,339,0.81415,17.99256,1,27,0,0.977,8.793
74042,2961.680,339,0.81521,17.90987,1,26,0,0.924,8.793
74043,2961.720,339,0.81718,17.85822,1,26,0,0.861,8.793
74044,2961.760,339,0.81772,17.78198,1,27,0,0.945,8.793
74045,2961.800,339,0.81861,17.69467,1,26,29,0.759,13.892
74046,2961.840,339,0.82328,17.64567,1,26,0,0.803,8.793
74047,2961.880,339,0.82149,17.58361,1,27,0,0.970,8.793
74048,2961.920,339,0.82173,17.49893,1,26,0,0.840,8.793
74049,2961.960,339,0.82024,17.42652,1,26,0,0.896,8.793
74050,2962.000,339,0.82341,17.36690,1,26,0,0.984,8.793
74051,2962.040,339,0.82486,17.28699,1,26,0,0.788,8.793
74052,2962.080,339,0.82365,17.22826,1,25,0,0.818,8.793
74053,2962.120,339,0.82468,17.13610,1,26,0,0.866,8.793
74054,2962.160,339,0.82562,17.08588,1,25,0,0.858,8.793
74055,2962.200,339,0.81881,16.99714,1,26,0,0.934,8.793
74056,2962.240,339,0.82263,16.95497,1,25,0,0.789,8.793
74057,2962.280,339,0.82375,16.87077,1,24,0,0.797,15.104
74058,2962.320,339,0.81634,16.79859,1,24,0,0.776,8.793
74059,2962.360,339,0.82556,16.73389,1,24,39,0.684,16.079
74060,2962.400,339,0.82425,16.67361,1,24,39,0.709,14.677
74061,2962.440,339,0.83087,16.58051,1,23,0,0.659,8.793
74062,2962.480,339,0.81823,16.50057,1,23,50,0.751,15.140
74063,2962.520,339,0.82261,16.44001,1,24,44,0.714,15.649
74064,2962.560,339,0.82240,16.38884,1,23,50,0.729,13.118
74065,2962.600,339,0.82235,16.31553,1,23,34,0.765,12.199
74066,2962.640,339,0.81859,16.23491,1,22,41,0.666,14.107
74067,2962.680,339,0.82062,16.16375,1,24,46,0.708,10.054
74068,2962.720,339,0.81642,16.11446,1,24,0,0.818,17.276
74069,2962.760,339,0.82369,16.06556,1,23,34,0.738,12.081
74070,2962.800,339,0.81685,15.96448,1,23,58,0.724,12.093
74071,2962.840,339,0.81628,15.91453,1,24,49,0.617,14.864
74072,2962.880,339,0.82141,15.83541,1,24,63,0.843,13.114
74073,2962.920,339,0.82535,15.78707,1,23,37,0.577,15.686
74074,2962.960,339,0.81837,15.72990,1,24,57,0.796,13.367
74075,2963.000,339,0.81976,15.66011,1,24,55,0.770,13.724
74076,2963.040,339,0.81763,15.60737,1,25,59,0.755,14.673
74077,2963.080,339,0.81630,15.53967,1,25,47,0.826,14.021
74078,2963.120,339,0.82122,15.47806,1,25,61,0.726,15.182
74079,2963.160,339,0.81820,15.40932,1,26,54,0.683,16.679
74080,2963.200,339,0.81271,15.34254,1,27,56,0.656,17.893
74081,2963.240,339,0.81707,15.26269,1,26,44,0.776,15.291
74082,2963.280,339,0.81719,15.22328,1,28,48,0.737,14.921
74083,2963.320,339,0.81042,15.14205,1,27,33,0.798,12.779
74084,2963.360,339,0.81683,15.09378,1,29,31,0.834,13.079
74085,2963.400,339,0.81639,15.01564,1,28,35,0.775,13.088
74086,2963.440,339,0.81858,14.95775,1,30,36,0.866,13.451
74087,2963.480,339,0.81406,14.88867,1,29,30,0.852,12.399
74088,2963.520,339,0.81267,14.80394,1,29,42,0.920,14.257
74089,2963.560,339,0.81508,14.76870,1,30,30,0.865,13.208
74090,2963.600,339,0.81663,14.69502,1,30,44,0.697,16.762
74091,2963.640,339,0.81528,14.62859,1,31,36,0.861,12.974
74092,2963.680,339,0.81179,14.55796,1,31,36,0.823,13.515
74093,2963.720,339,0.80936,14.49311,1,31,32,0.714,14.670
74094,2963.760,339,0.81399,14.42849,1,31,41,0.744,16.208
74095,2963.800,339,0.81334,14.38255,1,31,42,0.698,16.031
74096,2963.840,339,0.81631,14.31543,1,33,42,0.759,15.657
74097,2963.880,339,0.81847,14.26137,1,33,31,0.837,14.757
74098,2963.920,339,0.81197,14.18690,1,32,36,0.768,15.400
74099,2963.960,339,0.81405,14.12754,1,32,39,0.790,14.601
74100,2964.000,339,0.81170,14.06007,1,33,31,0.864,13.754
74101,2964.040,339,0.80330,13.99321,1,32,29,0.933,13.070
74102,2964.080,339,0.80433,13.92230,1,32,24,0.894,12.232
74103,2964.120,339,0.81144,13.86423,1,33,30,0.924,13.508
74104,2964.160,339,0.80685,13.80403,1,33,37,0.698,15.071
74105,2964.200,339,0.79993,13.72731,1,33,29,0.901,12.349
74106,2964.240,339,0.80112,13.66973,1,32,23,0.939,11.939
74107,2964.280,339,0.80453,13.62999,1,33,35,0.881,13.361
74108,2964.320,339,0.80855,13.55049,1,32,28,0.882,10.888
74109,2964.360,339,0.80248,13.49533,1,33,23,0.963,11.822
74110,2964.400,339,0.79848,13.42938,1,33,25,0.944,11.465
74111,2964.440,339,0.80185,13.38016,1,32,40,0.780,14.696
74112,2964.480,339,0.80627,13.31023,1,33,37,0.857,13.545
74113,2964.520,339,0.80405,13.24927,1,33,44,0.742,14.718
74114,2964.560,339,0.80170,13.18754,1,33,27,0.830,12.970
74115,2964.600,339,0.79956,13.11231,1,32,42,0.843,13.237
74116,2964.640,339,0.80022,13.06092,1,33,43,0.825,13.531
74117,2964.680,339,0.80275,12.99678,1,36,44,0.895,13.792
74118,2964.720,339,0.79084,12.92221,1,32,40,0.907,12.795
74119,2964.760,339,0.79650,12.89032,1,33,40,0.793,13.504
74120,2964.800,339,0.78576,12.77410,1,31,44,0.840,13.275
74121,2964.840,339,0.78178,12.71510,1,32,41,0.926,13.826
74122,2964.880,339,0.78447,12.66454,1,34,56,0.881,14.027
74123,2964.920,339,0.78233,12.57972,1,28,45,0.930,11.797
74124,2964.960,339,0.79005,12.55236,1,31,48,0.861,12.167
74125,2965.000,339,0.78643,12.49621,1,32,43,0.882,12.249
74126,2965.040,339,0.78817,12.45490,1,32,52,0.764,14.248
74127,2965.080,339,0.78221,12.36278,1,31,56,0.948,12.883
74128,2965.120,339,0.77800,12.30748,1,32,55,0.988,12.840
74129,2965.160,339,0.78399,12.25983,1,33,51,0.944,12.038
74130,2965.200,339,0.78113,12.21140,1,33,48,0.953,12.448
74131,2965.240,339,0.77365,12.10938,1,33,49,1.030,11.575
74132,2965.280,339,0.77756,12.05024,1,30,54,0.992,11.135
74133,2965.320,339,0.77292,11.99152,1,30,46,0.958,11.522
74134,2965.360,339,0.77564,11.95747,1,31,52,1.052,11.374
74135,2965.400,339,0.77198,11.86481,1,30,53,0.946,10.527
74136,2965.440,339,0.77107,11.81012,1,31,46,1.031,11.144
74137,2965.480,339,0.77496,11.77626,1,30,52,0.925,10.068
74138,2965.520,339,0.77318,11.70144,1,31,44,0.926,10.702
74139,2965.560,339,0.77384,11.63792,1,33,43,0.932,10.541
74140,2965.600,339,0.77308,11.60164,1,31,35,0.917,12.199
74141,2965.640,339,0.77142,11.53617,1,30,41,0.952,9.844
74142,2965.680,339,0.76737,11.45880,1,30,52,0.865,9.512
74143,2965.720,339,0.77308,11.41131,1,32,57,0.749,9.120
74144,2965.760,339,0.76622,11.34942,1,32,54,0.889,9.000
74145,2965.800,339,0.76422,11.30335,1,32,53,0.948,8.944
74146,2965.840,339,0.76286,11.24479,1,33,60,0.829,8.499
74147,2965.880,339,0.76331,11.19588,1,32,59,0.872,8.109
74148,2965.920,339,0.75973,11.12440,1,33,61,0.876,8.631
74149,2965.960,339,0.75621,11.06848,1,32,63,0.995,9.155
74150,2966.000,339,0.76025,11.02629,1,32,59,0.884,9.032
74151,2966.040,339,0.75991,10.96775,1,35,62,1.000,9.054
74152,2966.080,339,0.75863,10.92430,1,32,58,1.066,9.979
74153,2966.120,339,0.76084,10.87743,1,36,60,1.030,10.211
74154,2966.160,339,0.75980,10.81865,1,34,62,1.105,10.572
74155,2966.200,339,0.75938,10.76871,1,36,60,1.142,10.773
74156,2966.240,339,0.75508,10.69505,1,35,60,1.048,10.090
74157,2966.280,339,0.75175,10.63886,1,35,62,1.109,10.623
74158,2966.320,339,0.75330,10.59622,1,31,60,1.150,11.189
74159,2966.360,339,0.75466,10.54210,1,37,62,1.132,11.525
74160,2966.400,339,0.75198,10.49902,1,41,61,1.137,12.417
74161,2966.440,339,0.74265,10.42685,1,37,63,1.183,11.968
74162,2966.480,339,0.74788,10.37430,1,37,65,1.212,12.303
74163,2966.520,339,0.74530,10.31913,1,38,65,1.255,12.124
74164,2966.560,339,0.74262,10.26717,1,41,62,1.049,13.911
74165,2966.600,339,0.74283,10.20466,1,38,62,1.076,13.247
74166,2966.640,339,0.74319,10.16058,1,37,65,1.099,13.367
74167,2966.680,339,0.74517,10.11625,1,40,62,0.994,13.698
74168,2966.720,339,0.74084,10.05790,1,40,62,1.164,12.983
74169,2966.760,339,0.73414,9.99677,1,41,65,1.044,13.673
74170,2966.800,339,0.73439,9.94309,1,39,62,0.810,15.407
74171,2966.840,339,0.73203,9.88966,1,35,66,1.213,12.697
74172,2966.880,339,0.73169,9.83942,1,41,61,0.956,14.645
74173,2966.920,339,0.72985,9.77874,1,43,60,0.833,15.409
74174,2966.960,339,0.72745,9.72456,1,40,61,0.881,15.834
74175,2967.000,339,0.72535,9.66806,1,36,59,0.876,14.700
74176,2967.040,339,0.72239,9.61147,1,39,61,0.814,15.318
74177,2967.080,339,0.72136,9.55194,1,41,57,1.000,14.168
74178,2967.120,339,0.71991,9.50950,1,39,60,0.873,15.178
74179,2967.160,339,0.71694,9.45189,1,39,56,0.853,14.885
74180,2967.200,339,0.71764,9.40750,1,40,54,0.877,15.315
74181,2967.240,339,0.71175,9.35409,1,39,59,0.984,14.307
74182,2967.280,339,0.71121,9.30081,1,37,60,0.879,14.911
74183,2967.320,339,0.71079,9.25234,1,44,59,0.818,15.120
74184,2967.360,339,0.71151,9.19629,1,36,62,0.944,14.645
74185,2967.400,339,0.70583,9.14217,1,41,65,0.825,14.950
74186,2967.440,339,0.70470,9.08629,1,38,64,0.811,14.440
74187,2967.480,339,0.70200,9.03898,1,46,62,0.930,14.761
74188,2967.520,339,0.70167,8.98431,1,46,62,0.884,15.177
74189,2967.560,339,0.69663,8.92682,1,38,65,0.925,13.992
74190,2967.600,339,0.69459,8.87081,1,37,67,1.086,13.113
74191,2967.640,339,0.69442,8.81076,1,40,69,1.249,12.365
74192,2967.680,339,0.69172,8.77112,1,37,68,0.913,14.292
74193,2967.720,339,0.68779,8.71158,1,37,72,1.064,12.966
74194,2967.760,339,0.69088,8.66561,1,38,72,1.109,13.397
74195,2967.800,339,0.68952,8.61718,1,38,72,1.132,13.503
74196,2967.840,339,0.68328,8.55677,1,0,62,1.037,12.537
74197,2967.880,339,0.70494,8.50507,1,0,72,0.886,13.918
74198,2967.920,339,0.69022,8.43525,1,0,72,1.114,11.410
74199,2967.960,339,0.67150,8.39464,1,0,72,1.108,12.305
74200,2968.000,339,0.67181,8.33485,1,0,72,1.139,11.700
74201,2968.040,339,0.70596,8.29432,1,0,72,1.096,13.400
74202,2968.080,339,0.69053,8.23832,1,32,72,1.386,11.485
74203,2968.120,339,0.67105,8.19421,1,0,72,1.040,12.790
74204,2968.160,339,0.66718,8.13602,1,0,72,1.145,11.663
74205,2968.200,339,0.65462,8.08565,1,0,72,1.185,11.785
74206,2968.240,339,0.63813,8.03566,1,0,72,1.088,12.231
74207,2968.280,339,0.67791,8.00512,1,0,72,0.916,11.943
74208,2968.320,339,0.66413,7.97612,1,0,67,1.011,10.032
76900,3076.000,358,0.38700,33.55770,0,18,0,1.069,
76901,3076.040,358,0.39548,33.51362,0,275,0,28.712,
76902,3076.080,358,0.37553,33.39672,0,816,0,93.462,
76903,3076.120,358,0.36722,33.45088,0,779,0,92.737,
76904,3076.160,358,0.39022,33.33588,0,184,0,32.001,
76905,3076.200,358,0.38519,33.24400,0,776,0,91.699,
76906,3076.240,358,0.39089,33.20155,0,786,0,88.579,
76907,3076.280,358,0.39900,33.07360,0,196,0,31.531,
76908,3076.320,358,0.40510,32.98823,0,209,0,33.702,
76909,3076.360,358,0.40393,32.99710,0,778,0,91.300,
76910,3076.400,358,0.39285,32.81675,0,196,0,31.971,
76911,3076.440,358,0.39786,32.77263,0,818,0,89.287,
76912,3076.480,358,0.41013,32.55926,0,818,0,92.859,
76913,3076.520,358,0.42179,32.62627,0,761,0,94.223,
76914,3076.560,358,0.43363,32.39129,0,734,0,93.423,
76915,3076.600,358,0.43396,32.40733,0,760,0,86.158,
76916,3076.640,358,0.43064,32.29862,0,807,0,89.327,
76917,3076.680,358,0.43901,32.12205,0,814,0,94.090,
76918,3076.720,358,0.44462,32.13756,0,865,0,90.357,
76919,3076.760,358,0.45819,32.08068,0,799,0,90.054,
76920,3076.800,358,0.44082,31.92071,0,767,0,86.860,
76921,3076.840,358,0.45932,31.98563,0,832,0,92.170,
76922,3076.880,358,0.40804,31.95690,0,741,0,96.306,
76925,3077.000,358,0.46471,31.49868,0,789,0,99.464,
76926,3077.040,358,0.47144,31.56566,0,779,0,90.388,
76928,3077.120,358,0.47164,31.30577,0,787,0,98.788,
76929,3077.160,358,0.48729,31.35801,0,810,0,89.879,
76931,3077.240,358,0.47364,31.09404,0,831,0,95.322,
76932,3077.280,358,0.49217,30.90947,0,794,0,88.229,
76933,3077.320,358,0.48669,30.76469,0,770,0,88.597,
76934,3077.360,358,0.48754,30.64745,0,856,0,92.220,
76935,3077.400,358,0.50317,30.70298,0,779,0,90.544,
76936,3077.440,358,0.50036,30.50778,0,30,0,2.088,
76937,3077.480,358,0.50492,30.50461,0,30,0,2.109,
76938,3077.520,358,0.51961,30.50008,0,770,0,86.633,
76939,3077.560,358,0.51285,30.30589,0,825,0,90.479,
76940,3077.600,358,0.50620,30.31638,0,825,0,92.010,
76941,3077.640,358,0.53861,30.30031,0,827,0,89.173,
76942,3077.680,358,0.52295,30.12656,0,841,0,89.233,
76943,3077.720,358,0.52406,30.14373,0,820,0,87.963,
76944,3077.760,358,0.52876,30.12142,0,814,0,93.001,
76945,3077.800,358,0.53708,29.94633,0,797,0,92.326,
76946,3077.840,358,0.53458,29.83759,0,821,0,88.581,
76947,3077.880,358,0.52737,29.75737,0,783,0,92.618,
76948,3077.920,358,0.55699,29.56179,0,807,0,95.963,
76949,3077.960,358,0.54805,29.57635,0,841,0,95.565,
76950,3078.000,358,0.59834,29.59847,0,30,0,1.882,
76951,3078.040,358,0.59659,29.40153,1,28,0,0.448,8.793
76952,3078.080,358,0.59020,29.36431,1,30,0,0.657,8.793
76953,3078.120,358,0.58682,29.23746,1,28,0,0.842,8.793
76954,3078.160,358,0.59961,29.20124,1,32,0,0.998,8.793
76955,3078.200,358,0.60313,29.05216,1,31,0,0.978,8.793
76956,3078.240,358,0.58921,28.98050,1,26,0,0.862,8.793
76957,3078.280,358,0.59380,28.80548,1,26,0,1.318,8.793
76958,3078.320,358,0.61022,28.79553,1,33,0,0.910,8.793
76959,3078.360,358,0.58975,28.79037,1,30,0,0.812,8.793
76960,3078.400,358,0.58342,28.69283,1,27,0,0.549,8.793
76961,3078.440,358,0.59293,28.60011,0,746,0,95.891,
76962,3078.480,358,0.59455,28.53460,1,36,0,0.762,8.793
76963,3078.520,358,0.60539,28.51417,1,27,0,0.530,8.793
76964,3078.560,358,0.61149,28.35510,1,28,0,0.754,8.793
76965,3078.600,358,0.58978,28.13293,1,31,0,0.703,8.793
76966,3078.640,358,0.62504,28.13920,1,29,0,0.802,8.793
76967,3078.680,358,0.62151,28.09154,1,32,0,0.775,8.793
76968,3078.720,358,0.60025,28.00593,1,33,0,0.795,8.793
76969,3078.760,358,0.60944,27.90826,1,33,0,0.649,8.793
76970,3078.800,358,0.63122,27.84912,1,31,0,0.793,8.793
76971,3078.840,358,0.62993,27.75488,1,32,0,0.707,8.793
76972,3078.880,358,0.63083,27.70024,1,31,0,0.771,8.793
76973,3078.920,358,0.62474,27.58341,1,32,0,0.671,8.793
76974,3078.960,358,0.64751,27.50907,1,32,0,0.877,8.793
76975,3079.000,358,0.61871,27.40510,1,28,0,0.725,8.793
76976,3079.040,358,0.63860,27.35728,1,30,0,0.711,8.793
76977,3079.080,358,0.63772,27.27184,1,29,0,0.861,8.793
76978,3079.120,358,0.63991,27.21854,1,30,0,0.694,8.793
76979,3079.160,358,0.64439,27.11703,1,28,0,0.783,8.793
76980,3079.200,358,0.64014,27.04922,1,29,0,0.797,8.793
76981,3079.240,358,0.65232,27.02527,1,30,0,0.778,8.793
76982,3079.280,358,0.66126,26.97464,1,29,44,0.546,15.356
76983,3079.320,358,0.64352,26.79483,1,28,0,0.792,16.624
76984,3079.360,358,0.65734,26.77641,1,30,0,0.670,8.793
76985,3079.400,358,0.66729,26.71079,1,29,0,0.783,14.208
76986,3079.440,358,0.66624,26.64718,1,30,0,0.739,8.793
76987,3079.480,358,0.65855,26.48643,1,29,0,0.831,18.068
76988,3079.520,358,0.66760,26.51458,1,29,0,0.768,8.793
76989,3079.560,358,0.67657,26.40192,1,28,0,0.773,8.793
76990,3079.600,358,0.68074,26.36630,1,28,0,0.833,8.793
76991,3079.640,358,0.67523,26.25273,1,29,0,0.863,8.793
76992,3079.680,358,0.67961,26.17874,1,30,0,0.819,14.118
76993,3079.720,358,0.67853,26.03176,1,29,44,0.609,12.309
76994,3079.760,358,0.67699,25.97977,1,30,0,0.808,8.793
76995,3079.800,358,0.68569,25.87884,1,31,0,0.790,12.247
76996,3079.840,358,0.68310,25.86385,1,30,44,0.627,13.648
76997,3079.880,358,0.68215,25.73037,1,31,0,0.867,8.793
76998,3079.920,358,0.69025,25.70967,1,31,0,0.837,18.128
76999,3079.960,358,0.68885,25.55836,1,31,31,0.673,13.595
77000,3080.000,358,0.68505,25.55786,1,31,0,0.817,8.793
77001,3080.040,358,0.69456,25.44948,1,31,19,0.699,15.866
77002,3080.080,358,0.70212,25.35215,1,34,0,0.859,8.793
77003,3080.120,358,0.70441,25.27215,1,29,30,0.722,14.205
77004,3080.160,358,0.70145,25.29806,1,31,0,0.915,8.793
77005,3080.200,358,0.70933,25.18719,1,33,0,0.869,8.793
77006,3080.240,358,0.72882,25.14044,1,32,45,0.664,16.383
77007,3080.280,358,0.72092,25.05066,1,33,0,0.877,25.128
77008,3080.320,358,0.71876,25.00742,1,34,0,0.912,8.793
77009,3080.360,358,0.71479,24.90169,1,29,0,0.896,8.793
77010,3080.400,358,0.72562,24.78321,1,32,0,0.856,8.793
77011,3080.440,358,0.72021,24.75346,1,33,0,0.823,8.793
77012,3080.480,358,0.70975,24.58383,1,33,0,0.865,8.793
77013,3080.520,358,0.71927,24.55556,1,37,0,0.785,8.793
77014,3080.560,358,0.72284,24.44744,1,36,0,0.832,8.793
77015,3080.600,358,0.72806,24.44460,1,31,0,0.940,8.793
77016,3080.640,358,0.72768,24.31852,1,38,0,0.746,8.793
77017,3080.680,358,0.72439,24.22926,1,36,0,0.867,8.793
77018,3080.720,358,0.74050,24.19794,1,39,0,0.902,8.793
77019,3080.760,358,0.73131,24.10451,1,40,0,0.890,8.793
77020,3080.800,358,0.73093,24.03006,1,38,0,0.751,8.793
77021,3080.840,358,0.73580,23.94644,1,30,0,0.806,8.793
77022,3080.880,358,0.73649,23.88481,1,40,0,0.850,8.793
77023,3080.920,358,0.73566,23.80705,1,38,0,0.916,8.793
77024,3080.960,358,0.73632,23.77925,1,36,0,0.790,8.793
77025,3081.000,358,0.74032,23.66873,1,39,0,0.880,8.793
77026,3081.040,358,0.73810,23.58023,1,38,0,0.765,8.793
77027,3081.080,358,0.74560,23.54124,1,31,0,0.788,8.793
77028,3081.120,358,0.75528,23.42615,1,21,0,0.808,8.793
77029,3081.160,358,0.74872,23.33225,1,40,0,0.878,8.793
77030,3081.200,358,0.75706,23.29658,1,38,0,0.848,8.793
77031,3081.240,358,0.74546,23.18730,1,40,0,0.891,8.793
77032,3081.280,358,0.73840,23.14468,1,40,0,0.805,8.793
77033,3081.320,358,0.75037,23.06499,1,37,0,0.784,8.793
77034,3081.360,358,0.74800,22.99730,1,39,0,0.869,8.793
77035,3081.400,358,0.75269,22.93604,1,32,0,0.905,8.793
77036,3081.440,358,0.75398,22.85451,1,39,0,0.918,8.793
77037,3081.480,358,0.75287,22.75005,1,38,0,0.942,8.793
77038,3081.520,358,0.75404,22.65234,1,32,0,0.874,8.793
77039,3081.560,358,0.77175,22.64048,1,40,0,0.800,11.040
77040,3081.600,358,0.76031,22.53015,1,33,0,0.785,8.793
77041,3081.640,358,0.77564,22.56256,1,38,0,0.851,8.793
77042,3081.680,358,0.77125,22.42324,1,40,0,0.854,8.793
77043,3081.720,358,0.76549,22.30016,1,33,0,0.897,8.793
77044,3081.760,358,0.77066,22.31477,1,39,0,0.850,10.513
77045,3081.800,358,0.76423,22.17414,1,33,0,0.665,8.793
77046,3081.840,358,0.76971,22.17951,1,40,0,0.805,8.793
77047,3081.880,358,0.77103,22.02654,1,34,0,0.927,8.793
77048,3081.920,358,0.75931,21.93356,1,34,0,0.848,8.793
77049,3081.960,358,0.77928,21.93798,1,37,0,0.923,8.793
77050,3082.000,358,0.77024,21.81135,1,34,0,0.535,11.097
77051,3082.040,358,0.77326,21.77518,1,37,37,0.760,10.502
77052,3082.080,358,0.78074,21.72888,1,34,0,0.819,8.793
77053,3082.120,358,0.76008,21.58766,1,33,0,0.811,8.793
77054,3082.160,358,0.78063,21.60952,1,35,0,0.970,8.793
77055,3082.200,358,0.76810,21.46578,1,36,0,0.790,8.793
77056,3082.240,358,0.78526,21.46352,1,37,0,0.856,8.793
77057,3082.280,358,0.78968,21.34003,1,34,0,0.438,8.793
77058,3082.320,358,0.78031,21.24438,1,37,0,0.822,8.793
77059,3082.360,358,0.78270,21.25608,1,38,0,0.871,8.793
77060,3082.400,358,0.77733,21.12791,1,37,0,0.369,8.793
77061,3082.440,358,0.77350,21.05639,1,36,0,0.775,8.793
77062,3082.480,358,0.78678,20.98990,1,36,0,0.814,8.793
77063,3082.520,358,0.78429,20.95415,1,36,0,0.831,12.803
77064,3082.560,358,0.79399,20.84558,1,36,0,0.796,8.793
77065,3082.600,358,0.79206,20.83395,1,36,0,0.857,8.793
77066,3082.640,358,0.78800,20.72866,1,36,0,0.868,8.793
77067,3082.680,358,0.78992,20.69359,1,37,0,0.793,7.257
77068,3082.720,358,0.78775,20.61511,1,38,0,0.670,8.793
77069,3082.760,358,0.78748,20.54123,1,36,0,0.867,8.793
77070,3082.800,358,0.79873,20.49505,1,37,0,0.717,8.793
77071,3082.840,358,0.79459,20.41479,1,38,0,0.725,8.793
77072,3082.880,358,0.79897,20.30862,1,40,0,0.919,8.793
77073,3082.920,358,0.79049,20.23903,1,39,0,0.815,8.793
77074,3082.960,358,0.79721,20.22071,1,39,0,0.766,14.312
77075,3083.000,358,0.79930,20.11634,1,21,0,0.735,15.235
77076,3083.040,358,0.79783,20.04962,1,22,0,0.792,8.793
77077,3083.080,358,0.80053,19.97084,1,21,41,0.597,12.378
77078,3083.120,358,0.80416,19.96167,1,22,0,0.891,8.793
77079,3083.160,358,0.81142,19.88976,1,22,0,0.789,8.793
77080,3083.200,358,0.80747,19.84037,1,23,0,0.815,13.517
77081,3083.240,358,0.80554,19.75259,1,23,0,0.867,8.793
77082,3083.280,358,0.80318,19.65735,1,24,39,0.664,12.765
77083,3083.320,358,0.80588,19.62829,1,22,0,0.843,8.793
77084,3083.360,358,0.81009,19.54590,1,23,0,0.939,8.793
77085,3083.400,358,0.80445,19.48540,1,23,0,0.955,8.793
77086,3083.440,358,0.80838,19.42780,1,24,0,0.811,8.793
77087,3083.480,358,0.81213,19.36007,1,24,0,0.892,8.793
77088,3083.520,358,0.80818,19.29289,1,25,0,0.909,8.793
77089,3083.560,358,0.81191,19.23318,1,24,0,0.881,8.793
77090,3083.600,358,0.80327,19.14658,1,24,0,0.870,8.793
77091,3083.640,358,0.81156,19.07992,1,25,0,0.942,8.793
77092,3083.680,358,0.80707,19.03972,1,25,0,0.831,8.793
77093,3083.720,358,0.80714,18.96293,1,25,0,0.809,8.793
77094,3083.760,358,0.81779,18.88893,1,26,0,0.812,8.793
77095,3083.800,358,0.81161,18.83961,1,27,0,0.860,8.793
77096,3083.840,358,0.80947,18.74858,1,27,0,0.873,8.793
77097,3083.880,358,0.81751,18.70119,1,26,0,0.893,8.793
77098,3083.920,358,0.81390,18.63304,1,26,0,0.893,8.793
77099,3083.960,358,0.80936,18.55756,1,26,0,0.859,8.793
77100,3084.000,358,0.80658,18.50923,1,26,0,0.825,8.793
77101,3084.040,358,0.82016,18.45420,1,28,0,0.850,8.793
77102,3084.080,358,0.80738,18.36467,1,27,0,0.989,8.793
77103,3084.120,358,0.81152,18.32977,1,27,0,0.796,8.793
77104,3084.160,358,0.82351,18.27476,1,28,0,0.833,8.793
77105,3084.200,358,0.81675,18.17800,1,27,0,0.861,8.793
77106,3084.240,358,0.81216,18.10519,1,28,0,0.857,8.793
77107,3084.280,358,0.81509,18.04267,1,27,0,0.919,8.793
77108,3084.320,358,0.82338,17.99630,1,28,0,0.845,8.793
77109,3084.360,358,0.81707,17.90738,1,28,0,0.910,8.793
77110,3084.400,358,0.81491,17.83831,1,28,0,0.801,8.793
77111,3084.440,358,0.81553,17.80010,1,28,0,0.953,8.793
77112,3084.480,358,0.82207,17.72178,1,27,0,0.928,8.793
77113,3084.520,358,0.81515,17.64565,1,28,0,0.856,8.793
77114,3084.560,358,0.81476,17.58023,1,27,0,0.817,8.793
77115,3084.600,358,0.81387,17.50942,1,27,0,0.978,8.793
77116,3084.640,358,0.82379,17.46409,1,27,0,0.800,8.793
77117,3084.680,358,0.81770,17.39069,1,28,0,0.873,8.793
77118,3084.720,358,0.81283,17.31481,1,27,41,0.730,16.255
77119,3084.760,358,0.81867,17.25039,1,26,0,0.931,8.793
77120,3084.800,358,0.81834,17.19256,1,27,0,0.842,8.793
77121,3084.840,358,0.81396,17.13149,1,26,0,0.845,8.793
77122,3084.880,358,0.82053,17.06041,1,23,0,0.810,8.793
77123,3084.920,358,0.81707,16.99067,1,26,37,0.621,17.382
77124,3084.960,358,0.81317,16.93700,1,24,0,0.925,8.793
77125,3085.000,358,0.81631,16.85897,1,23,0,0.869,8.793
77126,3085.040,358,0.81713,16.81231,1,26,0,0.769,8.793
77127,3085.080,358,0.81259,16.74349,1,25,0,0.880,8.793
77128,3085.120,358,0.81848,16.66260,1,24,0,0.808,8.793
77129,3085.160,358,0.82283,16.63897,1,26,44,0.710,15.197
77130,3085.200,358,0.82009,16.54901,1,25,32,0.719,13.790
77131,3085.240,358,0.81540,16.48017,1,25,43,0.677,16.142
77132,3085.280,358,0.81097,16.43492,1,25,33,0.664,18.832
77133,3085.320,358,0.81204,16.34587,1,23,41,0.750,13.731
77134,3085.360,358,0.81964,16.29562,1,25,38,0.707,15.326
77135,3085.400,358,0.81299,16.22973,1,23,37,0.608,16.881
77136,3085.440,358,0.81521,16.15034,1,24,53,0.769,14.869
77137,3085.480,358,0.81521,16.08495,1,24,42,0.695,15.446
77138,3085.520,358,0.81509,16.05122,1,24,35,0.584,17.108
77139,3085.560,358,0.81986,15.99333,1,25,0,0.781,12.340
77140,3085.600,358,0.81568,15.89106,1,25,43,0.572,14.821
77141,3085.640,358,0.81388,15.83643,1,24,59,0.693,11.330
77142,3085.680,358,0.81767,15.77197,1,24,42,0.664,12.154
77143,3085.720,358,0.81528,15.72688,1,23,37,0.538,13.646
77144,3085.760,358,0.81133,15.64196,1,24,57,0.788,12.348
77145,3085.800,358,0.81310,15.59688,1,25,63,0.711,11.964
77146,3085.840,358,0.81543,15.54213,1,24,72,0.723,11.250
77147,3085.880,358,0.81262,15.48724,1,25,62,0.796,12.369
77148,3085.920,358,0.81611,15.42079,1,26,69,0.883,13.142
77149,3085.960,358,0.81429,15.35197,1,26,72,0.867,12.966
77150,3086.000,358,0.80909,15.29610,1,25,72,0.855,12.752
77151,3086.040,358,0.81136,15.24490,1,25,65,0.852,13.890
77152,3086.080,358,0.81140,15.12633,0,0,0,,
77153,3086.120,358,0.80487,15.06301,0,0,0,,
77154,3086.160,358,0.81423,15.02053,0,0,0,,
77155,3086.200,358,0.81044,14.95900,0,0,0,,
77156,3086.240,358,0.80747,14.88755,0,0,0,,
77157,3086.280,358,0.80736,14.83712,0,0,0,,
77158,3086.320,358,0.80025,14.75895,0,0,0,,
77159,3086.360,358,0.80706,14.70906,0,0,0,,
77160,3086.400,358,0.80516,14.65237,0,0,0,,
77161,3086.440,358,0.80551,14.59258,0,0,0,,
77162,3086.480,358,0.81006,14.53047,0,0,0,,
77163,3086.520,358,0.81237,14.46270,0,22,0,1.463,
77164,3086.560,358,0.81037,14.43530,0,0,0,,
77165,3086.600,358,0.80700,14.36888,0,22,0,1.958,
77166,3086.640,358,0.80541,14.30367,0,0,0,,
77167,3086.680,358,0.81042,14.23716,0,0,0,,
77168,3086.720,358,0.80460,14.18674,0,0,0,,
77169,3086.760,358,0.79886,14.12357,0,0,0,,
77170,3086.800,358,0.79950,14.06557,0,0,0,,
77171,3086.840,358,0.79901,13.99193,0,0,0,,
77172,3086.880,358,0.80149,13.94012,0,0,0,,
77173,3086.920,358,0.79287,13.87262,0,0,0,,
77174,3086.960,358,0.79650,13.84431,0,0,0,,
77175,3087.000,358,0.79187,13.78283,0,0,0,,
77176,3087.040,358,0.79146,13.73622,0,0,0,,
77177,3087.080,358,0.79234,13.65515,0,0,0,,
77178,3087.120,358,0.79324,13.61207,0,0,0,,
77179,3087.160,358,0.78793,13.52610,0,0,0,,
77180,3087.200,358,0.79135,13.50261,0,0,0,,
77181,3087.240,358,0.78400,13.41876,0,0,0,,
77182,3087.280,358,0.76666,13.43563,1,0,46,0.812,14.112
77183,3087.320,358,0.78450,13.38992,1,0,67,0.569,16.060
77185,3087.400,358,0.72877,13.29135,1,0,54,0.663,16.237
77186,3087.440,358,0.78768,13.13398,0,0,0,,
77187,3087.480,358,0.78208,13.09446,0,0,0,,
77188,3087.520,358,0.77970,13.02436,0,0,0,,
77189,3087.560,358,0.77821,12.96477,0,0,0,,
77190,3087.600,358,0.72446,13.01320,1,0,40,0.623,15.612
77191,3087.640,358,0.75116,12.93281,1,0,33,0.394,14.891
77192,3087.680,358,0.77793,12.81324,0,0,0,,
77193,3087.720,358,0.77761,12.73147,0,0,0,,
77194,3087.760,358,0.78552,12.69926,0,0,0,,
77195,3087.800,358,0.78183,12.64850,0,0,0,,
77196,3087.840,358,0.77154,12.57677,0,0,0,,
77197,3087.880,358,0.78113,12.52473,0,0,0,,
77198,3087.920,358,0.78854,12.47935,0,0,0,,
77199,3087.960,358,0.78084,12.41176,0,0,0,,
77200,3088.000,358,0.78180,12.42678,1,34,54,0.882,14.911
77201,3088.040,358,0.77910,12.36828,1,34,57,0.996,13.982
77202,3088.080,358,0.77790,12.29952,1,35,52,0.959,13.861
77203,3088.120,358,0.77400,12.26232,1,34,54,0.978,14.291
77204,3088.160,358,0.77504,12.20907,1,34,56,0.927,14.881
77205,3088.200,358,0.77690,12.14524,1,33,58,0.984,13.651
77206,3088.240,358,0.77086,12.09852,1,34,55,0.857,15.638
77207,3088.280,358,0.77096,12.04140,1,34,55,0.942,14.060
77208,3088.320,358,0.76221,11.97271,1,34,53,0.910,13.540
77209,3088.360,358,0.77078,11.92027,1,33,53,0.931,14.042
77210,3088.400,358,0.76679,11.86420,1,33,54,0.903,14.244
77211,3088.440,358,0.76614,11.81561,1,35,54,0.965,12.986
77212,3088.480,358,0.76538,11.75408,1,32,56,1.022,12.184
77213,3088.520,358,0.76287,11.70721,1,33,54,1.031,12.389
77214,3088.560,358,0.76300,11.65452,1,33,55,0.990,12.355
77215,3088.600,358,0.76289,11.59514,1,34,55,1.012,12.390
77216,3088.640,358,0.76078,11.54012,1,34,51,1.048,11.901
77217,3088.680,358,0.75762,11.46256,1,33,51,0.996,11.578
77218,3088.720,358,0.75723,11.42480,1,33,51,0.922,10.000
77219,3088.760,358,0.75551,11.34828,1,35,48,0.877,10.414
77220,3088.800,358,0.75620,11.29752,1,33,49,0.859,10.831
77221,3088.840,358,0.75249,11.23637,1,33,60,0.785,9.873
77222,3088.880,358,0.75179,11.19994,1,34,59,0.856,9.383
77223,3088.920,358,0.75442,11.14471,1,34,58,0.902,9.881
77224,3088.960,358,0.74947,11.08837,1,34,52,0.863,9.743
77225,3089.000,358,0.74647,11.03829,1,33,58,0.817,9.054
77226,3089.040,358,0.74540,10.98957,1,33,56,0.787,9.254
77227,3089.080,358,0.74431,10.93604,1,34,56,0.808,8.399
77228,3089.120,358,0.74224,10.88659,1,33,66,0.852,9.270
77229,3089.160,358,0.74237,10.83844,1,33,67,0.821,9.262
77230,3089.200,358,0.74276,10.79332,1,33,70,0.967,9.852
77231,3089.240,358,0.74013,10.74132,1,38,58,0.867,9.726
77232,3089.280,358,0.73882,10.68800,1,34,72,0.733,8.594
77233,3089.320,358,0.74125,10.64573,1,36,64,0.974,9.653
77234,3089.360,358,0.74062,10.59901,1,35,66,1.076,10.409
77235,3089.400,358,0.73953,10.55768,1,35,61,1.150,10.940
77236,3089.440,358,0.73593,10.50439,1,35,63,1.078,10.521
77237,3089.480,358,0.73583,10.45480,1,35,63,1.160,10.710
77238,3089.520,358,0.73252,10.41337,1,36,65,1.305,11.894
77239,3089.560,358,0.73097,10.35617,1,37,64,1.093,11.787
77240,3089.600,358,0.72920,10.30309,1,35,68,1.215,11.610
77241,3089.640,358,0.72754,10.25998,1,38,63,1.235,12.430
77242,3089.680,358,0.72926,10.20968,1,39,64,1.313,12.648
77243,3089.720,358,0.72597,10.16093,1,39,65,1.210,12.450
77244,3089.760,358,0.72108,10.10449,1,38,66,1.230,12.321
77245,3089.800,358,0.72320,10.07007,1,36,64,1.043,13.842
77246,3089.840,358,0.72248,10.02293,1,40,65,0.947,15.203
77247,3089.880,358,0.72149,9.97690,1,40,63,1.272,13.497
77248,3089.920,358,0.71707,9.91712,1,41,64,1.163,13.402
77249,3089.960,358,0.71252,9.86580,1,38,67,1.220,12.765
77250,3090.000,358,0.71250,9.82376,1,40,68,1.281,12.707
77251,3090.040,358,0.71241,9.78502,1,42,67,1.053,14.297
77252,3090.080,358,0.70596,9.69066,1,40,72,1.064,9.924
77253,3090.120,358,0.70111,9.62091,0,0,0,,
77254,3090.160,358,0.70124,9.56225,0,0,0,,
77255,3090.200,358,0.70015,9.51411,0,0,0,,
77256,3090.240,358,0.71616,9.53244,1,0,60,0.377,16.016
77257,3090.280,358,0.72449,9.49154,1,0,51,0.852,14.357
77258,3090.320,358,0.70645,9.43021,1,0,58,0.534,15.617
77259,3090.360,358,0.69957,9.38425,1,0,59,0.404,15.428
77260,3090.400,358,0.68002,9.34270,1,0,53,0.471,15.466
77261,3090.440,358,0.71676,9.28348,1,0,32,1.174,12.470
77262,3090.480,358,0.70129,9.24325,1,0,57,0.528,15.097
77263,3090.520,358,0.70337,9.20010,1,0,62,0.445,15.294
77264,3090.560,358,0.68366,9.15382,1,0,61,0.421,15.226
77265,3090.600,358,0.68261,9.10740,1,0,64,0.534,14.692
77266,3090.640,358,0.69188,9.06006,1,0,62,0.522,14.698
77267,3090.680,358,0.68026,9.00948,1,0,63,0.624,15.124
77268,3090.720,358,0.69394,8.96460,1,0,63,0.638,15.142
77269,3090.760,358,0.67508,8.91576,1,0,64,0.366,15.453
77270,3090.800,358,0.67577,8.86558,1,0,66,0.487,14.935
77271,3090.840,358,0.70060,8.82248,1,0,64,0.718,14.311
77272,3090.880,358,0.67641,8.77526,1,0,64,0.644,14.628
77273,3090.920,358,0.67041,8.71210,1,0,69,1.270,12.614
77274,3090.960,358,0.71991,8.68190,1,0,50,0.767,13.838
77275,3091.000,358,0.68923,8.63388,1,0,65,0.562,14.097
77276,3091.040,358,0.67034,8.58693,1,0,66,0.832,13.904
77277,3091.080,358,0.67649,8.53941,1,0,67,0.790,13.694
77279,3091.160,358,0.65357,8.34223,1,21,72,1.838,8.957
77280,3091.200,358,0.61399,8.29252,1,40,46,2.340,11.032
77281,3091.240,358,0.65860,8.20221,1,24,0,2.251,8.793
77282,3091.280,358,0.67206,8.30020,1,0,72,1.086,13.199
77283,3091.320,358,0.65574,8.25125,1,0,72,1.239,12.284
77284,3091.360,358,0.65200,8.20904,1,0,72,1.025,12.909
77286,3091.440,358,0.62600,8.04776,0,24,23,17.035,
77287,3091.480,358,0.65710,8.03586,1,46,72,2.689,11.711
77288,3091.520,358,0.62530,7.96983,1,35,72,1.608,9.590
86860,3474.400,420,0.37486,33.24487,1,24,0,1.063,8.793
86861,3474.440,420,0.37096,33.18467,0,984,0,77.699,
86862,3474.480,420,0.35564,33.04476,0,894,0,73.029,
86863,3474.520,420,0.37203,33.01036,0,939,0,73.942,
86864,3474.560,420,0.35597,32.84910,0,950,0,78.488,
86865,3474.600,420,0.36797,32.74914,0,903,0,73.953,
86866,3474.640,420,0.38105,32.76603,0,965,0,79.767,
86867,3474.680,420,0.37776,32.58523,0,919,0,74.531,
86868,3474.720,420,0.38976,32.53889,0,771,0,89.601,
86869,3474.760,420,0.38440,32.35590,0,797,0,91.275,
86870,3474.800,420,0.38474,32.37398,0,755,0,92.846,
86871,3474.840,420,0.40025,32.36060,0,742,0,91.966,
86872,3474.880,420,0.39870,32.18931,0,767,0,83.750,
86873,3474.920,420,0.39553,32.14234,0,765,0,90.105,
86874,3474.960,420,0.39900,32.10617,0,762,0,90.749,
86875,3475.000,420,0.39592,31.90090,0,724,0,92.235,
86876,3475.040,420,0.39954,31.97718,0,779,0,96.239,
86877,3475.080,420,0.40803,31.77198,0,793,0,94.428,
86878,3475.120,420,0.40499,31.74040,0,796,0,87.694,
86879,3475.160,420,0.42246,31.73917,0,766,0,92.579,
86880,3475.200,420,0.40803,31.52168,0,757,0,86.291,
86881,3475.240,420,0.44035,31.57616,0,776,0,92.314,
86882,3475.280,420,0.43623,31.37024,0,776,0,89.923,
86883,3475.320,420,0.42097,31.36658,0,787,0,86.186,
86884,3475.360,420,0.43477,31.12629,0,770,0,93.750,
86885,3475.400,420,0.43483,31.15922,0,834,0,93.961,
86886,3475.440,420,0.44459,30.93622,0,729,0,98.258,
86887,3475.480,420,0.44183,30.77727,0,815,0,88.661,
86888,3475.520,420,0.45719,30.73631,0,339,0,29.970,
86889,3475.560,420,0.43978,30.71842,0,820,0,87.504,
86890,3475.600,420,0.45883,30.53826,0,770,0,91.369,
86891,3475.640,420,0.45902,30.52683,0,744,0,89.177,
86892,3475.680,420,0.46347,30.55319,0,808,0,87.480,
86893,3475.720,420,0.47388,30.37566,0,786,0,88.237,
86894,3475.760,420,0.46125,30.31521,0,808,0,90.012,
86895,3475.800,420,0.47659,30.35053,0,805,0,86.970,
86896,3475.840,420,0.47009,30.33255,0,320,0,28.198,
86897,3475.880,420,0.46329,30.13550,0,355,0,29.857,
86899,3475.960,420,0.49752,30.04340,0,311,0,32.077,
86900,3476.000,420,0.49506,29.93745,0,778,0,87.689,
86901,3476.040,420,0.48164,29.75700,0,771,0,90.942,
86902,3476.080,420,0.51028,29.78932,0,718,0,94.070,
86903,3476.120,420,0.51123,29.63380,0,763,13,91.953,
86904,3476.160,420,0.50914,29.60937,0,743,0,90.230,
86905,3476.200,420,0.50955,29.41232,0,335,0,29.826,
86906,3476.240,420,0.52194,29.41024,0,814,12,92.471,
86907,3476.280,420,0.52758,29.22404,0,262,0,29.888,
86908,3476.320,420,0.55154,29.21567,0,268,0,29.973,
86909,3476.360,420,0.53840,29.16499,0,835,0,87.191,
86910,3476.400,420,0.53191,29.01177,0,291,0,30.471,
86911,3476.440,420,0.53391,28.95780,0,297,0,30.014,
86912,3476.480,420,0.56715,28.83270,0,793,0,92.935,
86913,3476.520,420,0.54794,28.78847,0,776,13,90.778,
86914,3476.560,420,0.54699,28.67799,0,788,14,89.183,
86915,3476.600,420,0.55899,28.66955,0,820,0,88.115,
86916,3476.640,420,0.54796,28.50630,0,775,0,86.659,
86917,3476.680,420,0.55637,28.49449,0,798,0,90.257,
86918,3476.720,420,0.55982,28.31653,0,954,0,72.066,
86919,3476.760,420,0.57075,28.35903,0,825,0,88.926,
86920,3476.800,420,0.54788,28.15052,0,1021,0,76.246,
86921,3476.840,420,0.57032,28.18603,0,0,0,,
86922,3476.880,420,0.57894,28.11039,0,1010,0,77.019,
86923,3476.920,420,0.59325,27.96813,0,0,0,,
86924,3476.960,420,0.59516,27.97586,0,0,0,,
86925,3477.000,420,0.58956,27.84120,0,0,0,,
86926,3477.040,420,0.59814,27.80246,0,0,0,,
86927,3477.080,420,0.59223,27.67105,0,0,0,,
86928,3477.120,420,0.60279,27.66754,0,0,0,,
86929,3477.160,420,0.60669,27.50190,0,0,0,,
86930,3477.200,420,0.61005,27.50861,0,0,0,,
86931,3477.240,420,0.60653,27.30649,0,0,0,,
86932,3477.280,420,0.60405,27.29059,1,34,0,0.816,8.793
86933,3477.320,420,0.61519,27.19176,1,35,0,0.821,8.793
86934,3477.360,420,0.61814,27.15325,1,29,0,0.748,8.793
86935,3477.400,420,0.62395,27.03628,1,34,0,0.776,8.793
86936,3477.440,420,0.62441,26.98958,1,33,0,0.867,8.793
86937,3477.480,420,0.62484,26.86322,1,34,0,0.694,8.793
86938,3477.520,420,0.63322,26.82081,1,34,0,0.814,8.793
86939,3477.560,420,0.63386,26.71738,1,39,0,0.866,8.793
86940,3477.600,420,0.64002,26.66388,1,39,0,0.771,8.793
86941,3477.640,420,0.64133,26.55884,1,37,0,0.832,8.793
86942,3477.680,420,0.64026,26.50790,1,35,0,0.886,8.793
86943,3477.720,420,0.66380,26.40209,1,36,0,0.893,8.793
86944,3477.760,420,0.65954,26.34166,1,38,0,0.840,8.793
86945,3477.800,420,0.65690,26.24308,1,36,0,0.899,8.793
86946,3477.840,420,0.65381,26.21582,1,28,0,0.802,8.793
86947,3477.880,420,0.65894,26.09405,1,35,0,0.860,8.793
86948,3477.920,420,0.66583,26.06295,1,28,0,0.852,8.793
86949,3477.960,420,0.66071,25.88515,1,28,0,0.203,8.793
86950,3478.000,420,0.66802,25.87507,1,35,0,0.725,8.793
86951,3478.040,420,0.66263,25.75280,1,33,0,0.861,8.793
86952,3478.080,420,0.67083,25.71254,1,30,0,0.855,8.793
86953,3478.120,420,0.67408,25.59798,1,30,0,0.350,8.793
86954,3478.160,420,0.67499,25.52434,1,29,0,0.858,8.793
86955,3478.200,420,0.67749,25.50040,1,30,0,0.248,8.793
86956,3478.240,420,0.68395,25.46490,1,31,0,0.812,8.793
86957,3478.280,420,0.67314,25.28506,1,30,0,0.774,8.793
86958,3478.320,420,0.70123,25.21979,1,30,0,0.762,8.793
86959,3478.360,420,0.68512,25.21982,1,30,0,0.719,8.793
86960,3478.400,420,0.69105,25.01551,1,32,0,0.820,8.793
86961,3478.440,420,0.69283,25.00192,1,29,0,0.341,8.793
86962,3478.480,420,0.69645,24.93971,1,30,0,0.853,8.793
86963,3478.520,420,0.69812,24.90371,1,30,0,0.752,8.793
86964,3478.560,420,0.70752,24.79773,1,29,0,0.881,8.793
86965,3478.600,420,0.69865,24.77841,1,29,0,0.230,8.793
86966,3478.640,420,0.70750,24.63365,1,30,0,0.742,8.793
86967,3478.680,420,0.71586,24.61886,1,32,0,0.799,8.793
86968,3478.720,420,0.71974,24.49787,1,30,0,0.839,8.793
86969,3478.760,420,0.71481,24.45663,1,31,0,0.818,8.793
86970,3478.800,420,0.71914,24.31185,1,35,0,0.851,8.793
86971,3478.840,420,0.71837,24.25251,1,34,0,0.907,8.793
86972,3478.880,420,0.72005,24.22218,1,34,0,0.743,8.793
86973,3478.920,420,0.72341,24.07676,1,35,0,0.814,8.793
86974,3478.960,420,0.72399,24.03543,1,38,0,0.922,8.793
86975,3479.000,420,0.72750,23.94839,1,37,0,0.837,8.793
86976,3479.040,420,0.73623,23.93146,1,31,0,0.803,8.793
86977,3479.080,420,0.74052,23.82316,1,39,0,0.936,8.793
86978,3479.120,420,0.73197,23.74367,1,39,0,0.937,8.793
86979,3479.160,420,0.73930,23.65954,1,36,0,0.868,8.793
86980,3479.200,420,0.73051,23.53334,1,30,0,0.863,8.793
86981,3479.240,420,0.74411,23.53293,1,33,0,0.803,8.793
86982,3479.280,420,0.74074,23.39913,1,21,0,0.902,8.793
86983,3479.320,420,0.74918,23.40827,1,22,0,0.908,8.793
86984,3479.360,420,0.76037,23.30321,1,40,0,0.897,8.793
86985,3479.400,420,0.74558,23.22795,1,21,0,0.907,8.793
86986,3479.440,420,0.75466,23.17040,1,40,0,0.865,8.793
86987,3479.480,420,0.74013,23.02576,1,21,0,0.864,8.793
86988,3479.520,420,0.75798,23.03018,1,21,0,0.833,8.793
86989,3479.560,420,0.76192,22.93963,1,22,0,0.789,8.793
86990,3479.600,420,0.76248,22.90046,1,21,0,0.896,8.793
86991,3479.640,420,0.76083,22.78738,1,38,0,0.920,8.793
86992,3479.680,420,0.76128,22.64606,1,40,0,0.855,8.793
86993,3479.720,420,0.76175,22.66522,1,40,34,0.716,14.395
86994,3479.760,420,0.76540,22.56679,1,38,0,0.928,14.981
86995,3479.800,420,0.75773,22.42983,1,38,0,0.873,8.793
86996,3479.840,420,0.77320,22.42358,1,38,0,0.855,8.793
86997,3479.880,420,0.77068,22.33250,1,38,0,0.909,8.793
86998,3479.920,420,0.77791,22.29408,1,38,0,0.609,8.793
86999,3479.960,420,0.77840,22.18557,1,36,31,0.716,14.454
87000,3480.000,420,0.77684,22.12864,1,38,0,0.870,18.321
87001,3480.040,420,0.77612,22.04192,1,36,0,0.797,15.298
87002,3480.080,420,0.78275,21.95220,1,36,0,0.815,14.682
87003,3480.120,420,0.78507,21.91055,1,35,0,0.674,8.793
87004,3480.160,420,0.78018,21.80628,1,34,0,0.734,13.863
87005,3480.200,420,0.78040,21.69942,1,36,0,0.829,13.805
87006,3480.240,420,0.78074,21.68297,1,36,0,0.850,14.168
87007,3480.280,420,0.77681,21.58105,1,36,45,0.558,14.989
87008,3480.320,420,0.78789,21.50634,1,35,53,0.691,12.619
87009,3480.360,420,0.79694,21.51125,1,37,0,0.877,14.232
87010,3480.400,420,0.79896,21.38787,1,38,0,0.842,18.094
87011,3480.440,420,0.79949,21.34236,1,37,0,0.389,21.924
87012,3480.480,420,0.79621,21.24072,1,37,0,0.828,13.579
87013,3480.520,420,0.79232,21.15764,1,37,17,1.197,32.306
87014,3480.560,420,0.80641,21.14302,1,38,53,1.233,20.724
87015,3480.600,420,0.81346,21.04982,1,37,38,0.733,12.787
87016,3480.640,420,0.79794,20.99330,1,21,40,0.695,15.231
87017,3480.680,420,0.80565,20.89912,1,21,48,0.575,16.808
87018,3480.720,420,0.80279,20.81964,1,40,39,0.968,17.151
87019,3480.760,420,0.80130,20.73120,1,22,0,0.922,50.782
87020,3480.800,420,0.80908,20.70268,1,22,31,0.681,11.395
87021,3480.840,420,0.81050,20.59082,1,22,0,0.892,72.871
87022,3480.880,420,0.80691,20.59151,0,0,0,,
87023,3480.920,420,0.81891,20.53097,0,0,0,,
87024,3480.960,420,0.82128,20.41971,1,23,15,0.805,13.184
87025,3481.000,420,0.81698,20.37974,0,0,0,,
87026,3481.040,420,0.81710,20.27705,0,0,0,,
87027,3481.080,420,0.81164,20.18482,1,24,0,0.908,78.557
87028,3481.120,420,0.82202,20.14067,1,24,19,0.823,11.358
87029,3481.160,420,0.82869,20.04300,1,24,18,0.705,12.535
87030,3481.200,420,0.82455,20.00429,1,24,0,0.969,8.793
87031,3481.240,420,0.82000,19.92133,1,25,0,0.963,10.610
87032,3481.280,420,0.82345,19.96565,1,25,0,0.787,8.793
87033,3481.320,420,0.83062,19.88489,1,24,0,0.899,8.793
87034,3481.360,420,0.83157,19.78363,1,24,0,0.917,8.793
87035,3481.400,420,0.83545,19.66043,0,24,27,25.764,
87036,3481.440,420,0.83414,19.68106,1,25,0,0.906,26.562
87037,3481.480,420,0.83982,19.60979,1,24,0,0.992,568.212
87038,3481.520,420,0.83245,19.49663,1,25,47,0.781,15.332
87039,3481.560,420,0.82787,19.42073,1,24,39,0.794,15.136
87040,3481.600,420,0.83282,19.34938,1,24,39,0.710,14.682
87041,3481.640,420,0.83231,19.29883,1,24,39,0.786,14.764
87042,3481.680,420,0.83923,19.20039,1,24,44,0.716,12.460
87043,3481.720,420,0.84370,19.15045,1,23,36,0.714,11.397
87044,3481.760,420,0.83655,19.02512,1,23,28,0.670,10.200
87045,3481.800,420,0.84253,19.02956,1,22,32,0.631,10.960
87046,3481.840,420,0.84064,18.93027,0,0,0,,
87047,3481.880,420,0.83951,18.82560,0,0,0,,
87048,3481.920,420,0.84287,18.78234,0,0,0,,
87049,3481.960,420,0.84405,18.73919,0,0,0,,
87050,3482.000,420,0.84294,18.64376,0,0,0,,
87051,3482.040,420,0.83582,18.54170,0,0,0,,
87052,3482.080,420,0.84782,18.50050,0,0,0,,
87053,3482.120,420,0.84653,18.44885,0,0,0,,
87054,3482.160,420,0.84303,18.36260,0,0,0,,
87055,3482.200,420,0.84441,18.27095,0,0,0,,
87056,3482.240,420,0.84499,18.24539,0,0,0,,
87057,3482.280,420,0.84390,18.17549,0,0,0,,
87058,3482.320,420,0.84285,18.08698,0,0,0,,
87059,3482.360,420,0.84336,18.01066,0,0,0,,
87060,3482.400,420,0.84352,18.01858,0,0,0,,
87061,3482.440,420,0.85247,17.92274,0,0,0,,
87062,3482.480,420,0.83917,17.84011,0,0,0,,
87063,3482.520,420,0.84467,17.74608,0,0,0,,
87064,3482.560,420,0.84962,17.66252,0,0,0,,
87065,3482.600,420,0.84995,17.65647,0,0,0,,
87066,3482.640,420,0.84426,17.57182,0,0,0,,
87067,3482.680,420,0.84596,17.48588,0,0,0,,
87068,3482.720,420,0.85067,17.44341,0,0,0,,
87069,3482.760,420,0.85113,17.39314,0,0,0,,
87070,3482.800,420,0.84562,17.31710,0,0,0,,
87071,3482.840,420,0.85375,17.26731,0,0,0,,
87072,3482.880,420,0.84826,17.18678,0,0,0,,
87073,3482.920,420,0.84149,17.10262,0,0,0,,
87074,3482.960,420,0.85642,17.08812,0,0,0,,
87075,3483.000,420,0.86126,17.01489,0,0,0,,
87076,3483.040,420,0.85901,16.93261,0,0,0,,
87077,3483.080,420,0.86095,16.84139,0,0,0,,
87078,3483.120,420,0.85581,16.76650,0,0,0,,
87079,3483.160,420,0.86045,16.71995,0,0,0,,
87080,3483.200,420,0.85537,16.67261,0,0,0,,
87081,3483.240,420,0.86447,16.60329,0,0,0,,
87082,3483.280,420,0.85950,16.51920,0,0,0,,
87083,3483.320,420,0.85749,16.48186,0,0,0,,
87084,3483.360,420,0.85670,16.40049,0,0,0,,
87085,3483.400,420,0.85623,16.36446,0,0,0,,
87086,3483.440,420,0.85840,16.28589,0,0,0,,
87087,3483.480,420,0.85771,16.21600,0,0,0,,
87088,3483.520,420,0.86280,16.16342,0,0,0,,
87089,3483.560,420,0.86121,16.10540,0,0,0,,
87090,3483.600,420,0.85755,15.99828,0,0,0,,
87091,3483.640,420,0.86370,15.96301,0,0,0,,
87092,3483.680,420,0.86289,15.88633,0,0,0,,
87093,3483.720,420,0.86584,15.82158,0,0,0,,
87094,3483.760,420,0.86878,15.76970,0,0,0,,
87095,3483.800,420,0.87477,15.72486,0,0,0,,
87096,3483.840,420,0.87397,15.65549,0,0,0,,
87097,3483.880,420,0.86641,15.58711,0,0,0,,
87098,3483.920,420,0.86719,15.51445,0,0,0,,
87099,3483.960,420,0.86934,15.47691,0,0,0,,
87100,3484.000,420,0.86785,15.43581,0,0,0,,
87101,3484.040,420,0.86760,15.34860,0,0,0,,
87102,3484.080,420,0.87016,15.29997,0,0,0,,
87103,3484.120,420,0.86941,15.22308,0,0,0,,
87104,3484.160,420,0.87034,15.15673,0,0,0,,
87105,3484.200,420,0.86413,15.07280,0,0,0,,
87106,3484.240,420,0.86239,15.01638,0,0,0,,
87107,3484.280,420,0.86766,14.94768,0,0,0,,
87108,3484.320,420,0.87350,14.92994,0,0,0,,
87109,3484.360,420,0.87099,14.84526,0,0,0,,
87110,3484.400,420,0.87013,14.81530,0,0,0,,
87111,3484.440,420,0.87292,14.74325,0,0,0,,
87112,3484.480,420,0.86652,14.66598,0,0,0,,
87113,3484.520,420,0.86582,14.61280,0,0,0,,
87114,3484.560,420,0.86869,14.55465,0,0,0,,
87115,3484.600,420,0.86515,14.49203,0,0,0,,
87116,3484.640,420,0.87449,14.42674,0,0,0,,
87117,3484.680,420,0.86195,14.34533,0,0,0,,
87118,3484.720,420,0.86478,14.31691,0,0,0,,
87119,3484.760,420,0.86514,14.22572,0,0,0,,
87120,3484.800,420,0.86078,14.16919,0,0,0,,
87121,3484.840,420,0.86269,14.10732,0,0,0,,
87122,3484.880,420,0.86315,14.04891,0,0,0,,
87123,3484.920,420,0.86087,13.98389,0,0,0,,
87124,3484.960,420,0.86400,13.94812,0,0,0,,
87125,3485.000,420,0.86715,13.88923,0,0,0,,
87126,3485.040,420,0.87033,13.82127,0,0,0,,
87127,3485.080,420,0.86353,13.76251,0,0,0,,
87128,3485.120,420,0.87553,13.73020,0,0,0,,
87129,3485.160,420,0.86997,13.66099,0,0,0,,
87130,3485.200,420,0.86096,13.58331,0,0,0,,
87131,3485.240,420,0.87404,13.53975,0,0,0,,
87132,3485.280,420,0.87198,13.47897,0,0,0,,
87133,3485.320,420,0.86895,13.41751,0,0,35,25.272,
87134,3485.360,420,0.87454,13.38566,0,0,0,,
87135,3485.400,420,0.87150,13.29781,0,0,0,,
87136,3485.440,420,0.87490,13.26382,0,0,0,,
87137,3485.480,420,0.87794,13.17947,0,0,0,,
87138,3485.520,420,0.87808,13.14837,0,0,0,,
87139,3485.560,420,0.87362,13.08536,0,0,0,,
87140,3485.600,420,0.87313,13.02810,0,0,0,,
87141,3485.640,420,0.87865,12.96594,0,0,0,,
87142,3485.680,420,0.87621,12.91405,0,0,0,,
87143,3485.720,420,0.87250,12.86922,0,0,0,,
87144,3485.760,420,0.86767,12.78316,0,0,0,,
87145,3485.800,420,0.86884,12.70212,0,0,0,,
87146,3485.840,420,0.86798,12.66852,0,0,0,,
87147,3485.880,420,0.87344,12.61111,0,0,40,0.726,
87148,3485.920,420,0.84772,12.60351,1,0,54,0.783,10.339
87149,3485.960,420,0.86166,12.53858,1,0,58,0.776,10.432
87150,3486.000,420,0.86025,12.47615,1,0,63,0.767,10.376
87151,3486.040,420,0.86643,12.42560,1,0,63,0.812,10.272
87152,3486.080,420,0.85679,12.34658,1,0,72,0.462,9.002
87153,3486.120,420,0.89982,12.35070,1,0,50,0.821,12.640
87154,3486.160,420,0.85655,12.22739,0,0,0,,
87155,3486.200,420,0.85804,12.15618,0,0,0,,
87156,3486.240,420,0.88901,12.19240,1,0,52,1.040,14.920
87157,3486.280,420,0.86412,12.04931,0,0,0,,
87158,3486.320,420,0.86235,11.99973,0,0,0,,
87159,3486.360,420,0.85866,11.94773,0,0,0,,
87160,3486.400,420,0.85132,11.87116,0,0,0,,
87161,3486.440,420,0.86665,11.83055,0,0,0,,
87163,3486.520,420,0.86411,11.73346,0,0,0,,
87164,3486.560,420,0.86144,11.65284,0,0,30,15.531,
87165,3486.600,420,0.87089,11.68609,1,34,67,0.789,15.809
87166,3486.640,420,0.86714,11.63149,1,34,63,0.874,14.684
87167,3486.680,420,0.86540,11.57422,1,34,60,0.878,15.272
87168,3486.720,420,0.86202,11.52188,1,0,58,0.567,14.492
87169,3486.760,420,0.86556,11.46914,1,0,61,0.421,16.196
87170,3486.800,420,0.86069,11.42530,1,0,58,0.452,15.645
87171,3486.840,420,0.90075,11.37331,1,0,58,0.575,15.815
87172,3486.880,420,0.89655,11.31403,1,0,59,0.883,15.451
87173,3486.920,420,0.85455,11.18442,0,0,0,,
87174,3486.960,420,0.84830,11.12692,1,0,66,0.356,9.407
87175,3487.000,420,0.84683,11.07590,1,0,65,0.447,10.308
87176,3487.040,420,0.85406,11.00138,0,37,34,29.374,
87177,3487.080,420,0.84527,10.97852,1,0,72,0.580,10.262
87178,3487.120,420,0.85172,10.93458,1,33,72,0.985,10.831
87179,3487.160,420,0.85610,10.90846,1,32,72,1.050,13.979
87180,3487.200,420,0.85355,10.85919,1,32,72,0.981,14.386
87181,3487.240,420,0.85229,10.80596,1,31,72,1.068,13.672
87182,3487.280,420,0.84857,10.75177,1,32,72,1.119,13.533
87183,3487.320,420,0.84792,10.68984,1,32,72,1.041,13.601
87184,3487.360,420,0.84815,10.59699,0,42,29,24.590,
87185,3487.400,420,0.84585,10.53388,0,39,31,22.349,
87186,3487.440,420,0.84405,10.47711,0,46,33,24.322,
87187,3487.480,420,0.84392,10.43797,0,49,23,19.704,
87188,3487.520,420,0.84166,10.37951,0,43,32,23.993,
87189,3487.560,420,0.84507,10.32209,0,44,28,19.983,
87190,3487.600,420,0.83376,10.26141,0,48,27,21.892,
87191,3487.640,420,0.83635,10.21026,0,47,31,23.382,
87192,3487.680,420,0.83341,10.16491,0,44,28,23.561,
87193,3487.720,420,0.83500,10.10721,0,50,29,22.763,
87194,3487.760,420,0.83245,10.06274,0,51,30,20.004,
87195,3487.800,420,0.83724,10.02341,0,48,26,22.670,
87196,3487.840,420,0.82998,9.96164,0,46,29,20.076,
87197,3487.880,420,0.83274,9.89996,0,51,27,21.546,
87198,3487.920,420,0.83251,9.86490,0,51,30,19.602,
87199,3487.960,420,0.83247,9.81731,0,54,31,19.359,
87200,3488.000,420,0.83048,9.75177,0,54,33,20.522,
87201,3488.040,420,0.82831,9.70380,0,52,31,21.975,
87202,3488.080,420,0.82851,9.65952,0,54,30,21.456,
87203,3488.120,420,0.82647,9.60276,0,54,31,21.634,
87204,3488.160,420,0.82443,9.55275,0,52,0,6.099,
87205,3488.200,420,0.82042,9.49018,0,48,29,23.089,
87206,3488.240,420,0.82036,9.45953,0,39,27,21.540,
87207,3488.280,420,0.81989,9.40478,0,171,23,38.424,
87208,3488.320,420,0.82434,9.35233,0,144,25,36.051,
87209,3488.360,420,0.82451,9.31368,0,200,0,39.856,
87210,3488.400,420,0.81802,9.23726,0,232,22,44.298,
87211,3488.440,420,0.82274,9.20571,0,168,25,37.760,
87212,3488.480,420,0.81964,9.16429,0,146,19,34.989,
87213,3488.520,420,0.81511,9.10413,0,144,24,35.879,
87214,3488.560,420,0.81754,9.05484,0,233,27,44.903,
87215,3488.600,420,0.81557,9.04860,1,36,72,1.184,11.828
87216,3488.640,420,0.81726,9.00619,1,36,70,1.229,12.311
87217,3488.680,420,0.81412,8.94169,1,39,72,1.175,11.022
87218,3488.720,420,0.81317,8.88157,1,37,67,0.945,10.378
87219,3488.760,420,0.81137,8.85517,1,38,72,1.287,12.302
87220,3488.800,420,0.81060,8.80541,1,38,65,1.246,11.871
87221,3488.840,420,0.80760,8.74434,1,38,69,1.123,11.213
87222,3488.880,420,0.81048,8.71104,1,39,72,1.267,12.356
87223,3488.920,420,0.80867,8.65508,1,40,72,1.303,11.881
87224,3488.960,420,0.80388,8.60070,1,39,72,1.221,11.587
87225,3489.000,420,0.80087,8.49647,0,321,0,65.842,
87226,3489.040,420,0.79450,8.43241,0,301,0,65.433,
87227,3489.080,420,0.79348,8.40945,0,191,25,29.973,
87228,3489.120,420,0.79084,8.37111,0,246,0,41.201,
87234,3489.360,420,0.78863,8.14145,1,30,69,1.961,11.699
87235,3489.400,420,0.79162,8.09873,1,29,70,2.336,11.312
87236,3489.440,420,0.78656,7.97387,1,34,72,1.847,10.398
94290,3771.600,437,-0.01517,32.93403,0,23,0,0.919,
94291,3771.640,437,-0.00964,32.89344,0,191,0,30.308,
94292,3771.680,437,-0.01198,32.89346,0,164,0,33.725,
94293,3771.720,437,-0.01510,32.72984,0,182,0,31.857,
94295,3771.800,437,-0.01528,32.47435,0,268,0,27.378,
94296,3771.840,437,-0.03399,32.41038,0,188,0,31.324,
94297,3771.880,437,-0.03604,32.25048,0,208,0,32.974,
94298,3771.920,437,-0.02404,32.19671,0,194,0,31.108,
94299,3771.960,437,-0.02441,32.05906,0,228,0,29.905,
94300,3772.000,437,-0.02558,32.04769,0,269,0,27.598,
94301,3772.040,437,-0.03832,32.03283,0,0,0,,
94302,3772.080,437,-0.04632,31.87380,0,305,0,27.269,
94303,3772.120,437,-0.05084,31.87290,0,183,0,24.665,
94304,3772.160,437,-0.05034,31.77580,0,266,0,28.111,
94305,3772.200,437,-0.05214,31.67709,0,255,0,28.445,
94306,3772.240,437,-0.06152,31.44250,0,206,0,21.622,
94307,3772.280,437,-0.06547,31.36438,0,179,0,32.670,
94308,3772.320,437,-0.06569,31.23045,0,258,0,28.225,
94309,3772.360,437,-0.05369,31.19020,0,238,0,29.107,
94310,3772.400,437,-0.05792,31.05501,0,174,0,32.770,
94311,3772.440,437,-0.06105,30.88724,0,210,0,29.243,
94312,3772.480,437,-0.07247,30.75185,0,260,0,27.707,
94313,3772.520,437,-0.06144,30.63730,0,236,0,28.181,
94314,3772.560,437,-0.06950,30.64806,0,33,0,1.952,
94315,3772.600,437,-0.06155,30.46684,0,197,0,31.521,
94316,3772.640,437,-0.06347,30.45713,0,201,0,31.363,
94317,3772.680,437,-0.06364,30.41354,0,32,0,1.908,
94318,3772.720,437,-0.07709,30.27179,0,31,0,1.987,
94319,3772.760,437,-0.07015,30.28247,0,30,0,1.827,
94320,3772.800,437,-0.09071,30.12813,0,32,0,1.878,
94321,3772.840,437,-0.08082,30.09132,0,36,0,2.156,
94322,3772.880,437,-0.08092,29.92157,0,34,0,2.300,
94323,3772.920,437,-0.08312,29.76695,0,33,0,2.256,
94324,3772.960,437,-0.09123,29.74486,0,211,0,30.855,
94325,3773.000,437,-0.11310,29.67193,0,36,0,2.935,
94326,3773.040,437,-0.11398,29.52922,0,29,0,2.526,
94327,3773.080,437,-0.11481,29.35642,0,233,0,29.658,
94328,3773.120,437,-0.10950,29.35741,0,260,0,28.763,
94329,3773.160,437,-0.10223,29.19804,0,246,0,29.798,
94330,3773.200,437,-0.10275,29.10213,0,215,16,33.450,
94331,3773.240,437,-0.10201,28.98918,0,212,0,31.391,
94332,3773.280,437,-0.10140,28.99093,0,210,0,31.402,
94333,3773.320,437,-0.10470,28.80879,0,67,0,9.976,
94334,3773.360,437,-0.10610,28.73654,0,69,0,9.876,
94335,3773.400,437,-0.11276,28.63702,0,358,0,25.589,
94336,3773.440,437,-0.12172,28.56131,0,63,0,9.884,
94337,3773.480,437,-0.11071,28.47462,0,225,0,30.473,
94338,3773.520,437,-0.11715,28.29657,0,63,19,22.162,
94339,3773.560,437,-0.11984,28.31270,0,63,17,18.866,
94340,3773.600,437,-0.12108,28.13749,0,63,35,8.718,
94341,3773.640,437,-0.11479,28.13607,0,62,0,10.216,
94342,3773.680,437,-0.12554,27.98388,0,63,0,10.312,
94343,3773.720,437,-0.13006,27.97494,0,62,0,10.050,
94344,3773.760,437,-0.12185,27.79646,0,66,21,15.780,
94345,3773.800,437,-0.14080,27.76463,0,61,12,19.313,
94346,3773.840,437,-0.13066,27.68147,0,60,0,10.321,
94347,3773.880,437,-0.14298,27.49233,0,61,0,10.433,
94348,3773.920,437,-0.13098,27.48839,0,63,31,9.494,
94349,3773.960,437,-0.14290,27.31011,0,62,0,10.557,
94350,3774.000,437,-0.14471,27.32375,0,63,0,10.495,
94351,3774.040,437,-0.14869,27.18600,0,65,0,10.501,
94352,3774.080,437,-0.13792,27.14979,0,68,0,10.466,
94353,3774.120,437,-0.14157,26.99141,0,69,27,15.900,
94354,3774.160,437,-0.14658,26.88651,0,74,0,10.722,
94355,3774.200,437,-0.14682,26.84557,0,76,0,11.207,
94356,3774.240,437,-0.15656,26.69977,0,0,0,,
94357,3774.280,437,-0.15476,26.70010,0,289,0,31.417,
94358,3774.320,437,-0.15681,26.54172,0,0,0,,
94359,3774.360,437,-0.15650,26.37378,0,0,0,,
94360,3774.400,437,-0.16254,26.39045,0,0,0,,
94361,3774.440,437,-0.17613,26.23575,0,362,0,27.898,
94362,3774.480,437,-0.15618,26.23134,0,0,0,,
94363,3774.520,437,-0.16044,26.08055,0,0,0,,
94364,3774.560,437,-0.17410,25.93069,0,0,0,,
94365,3774.600,437,-0.17999,25.88731,0,0,0,,
94366,3774.640,437,-0.16692,25.74452,0,0,0,,
94367,3774.680,437,-0.16519,25.75947,0,26,0,1.551,
94368,3774.720,437,-0.18080,25.60951,0,0,0,,
94369,3774.760,437,-0.17152,25.50889,0,0,0,,
94370,3774.800,437,-0.17228,25.49349,0,0,0,,
94371,3774.840,437,-0.17557,25.36266,0,0,0,,
94372,3774.880,437,-0.17416,25.27707,0,0,0,,
94373,3774.920,437,-0.17816,25.20852,0,0,0,,
94374,3774.960,437,-0.17901,25.06664,0,0,0,,
94375,3775.000,437,-0.18263,25.06240,0,0,0,,
94376,3775.040,437,-0.18247,24.93521,0,0,0,,
94377,3775.080,437,-0.18656,24.79298,0,0,0,,
94378,3775.120,437,-0.18954,24.75708,0,0,0,,
94379,3775.160,437,-0.18922,24.65526,0,0,0,,
94380,3775.200,437,-0.18280,24.56945,1,32,0,0.870,8.793
94381,3775.240,437,-0.19947,24.49681,1,33,0,0.842,8.793
94382,3775.280,437,-0.18928,24.41754,1,31,0,0.766,13.836
94383,3775.320,437,-0.18248,24.29253,1,33,0,0.832,8.793
94384,3775.360,437,-0.19501,24.19741,1,36,29,0.745,16.031
94385,3775.400,437,-0.19578,24.11590,0,0,0,,
94386,3775.440,437,-0.18856,24.06136,1,34,0,0.831,8.793
94387,3775.480,437,-0.20244,23.95763,1,32,0,0.701,8.793
94388,3775.520,437,-0.19359,23.89514,1,35,0,0.870,8.793
94389,3775.560,437,-0.19743,23.73644,1,40,0,0.831,8.793
94390,3775.600,437,-0.19706,23.71750,1,36,24,0.732,15.936
94391,3775.640,437,-0.20485,23.57545,1,21,0,0.850,67.178
94392,3775.680,437,-0.20142,23.52367,1,21,22,0.801,17.092
94393,3775.720,437,-0.20615,23.40373,1,36,0,0.930,26.090
94394,3775.760,437,-0.20610,23.32419,1,22,0,0.849,8.793
94395,3775.800,437,-0.21022,23.23943,1,21,0,0.939,8.793
94396,3775.840,437,-0.20873,23.16179,1,36,0,0.817,8.793
94397,3775.880,437,-0.20967,23.07669,1,21,0,0.955,8.793
94398,3775.920,437,-0.21072,22.97262,1,23,0,0.818,69.142
94399,3775.960,437,-0.21084,22.90461,1,36,0,0.843,28.028
94400,3776.000,437,-0.21019,22.83921,1,23,0,0.890,8.793
94401,3776.040,437,-0.22299,22.73179,1,23,0,0.721,8.793
94402,3776.080,437,-0.21486,22.67164,1,36,0,0.897,8.793
94403,3776.120,437,-0.21882,22.56679,1,22,0,0.824,8.793
94404,3776.160,437,-0.21478,22.46991,1,22,0,0.789,8.793
94405,3776.200,437,-0.21765,22.39813,1,23,0,0.961,8.793
94406,3776.240,437,-0.21713,22.38551,1,22,0,0.893,8.793
94407,3776.280,437,-0.22287,22.19515,1,35,0,0.350,8.793
94408,3776.320,437,-0.20936,22.17299,1,22,0,0.932,8.793
94409,3776.360,437,-0.21999,22.14447,0,0,0,,
94410,3776.400,437,-0.22122,22.02560,0,0,0,,
94411,3776.440,437,-0.21923,21.90902,0,0,0,,
94412,3776.480,437,-0.21899,21.82603,1,22,0,0.879,18.691
94413,3776.520,437,-0.22346,21.76806,1,21,0,0.769,23.536
94414,3776.560,437,-0.21673,21.69414,1,21,18,0.765,11.972
94415,3776.600,437,-0.22143,21.57805,1,22,0,0.931,8.793
94416,3776.640,437,-0.22657,21.45705,1,21,0,0.816,21.081
94417,3776.680,437,-0.21647,21.43253,1,21,28,0.786,12.089
94418,3776.720,437,-0.23397,21.34470,1,40,0,0.885,8.793
94419,3776.760,437,-0.22625,21.26894,1,36,0,0.765,8.793
94420,3776.800,437,-0.23042,21.12567,1,21,42,0.656,16.089
94421,3776.840,437,-0.22220,21.13782,1,21,47,0.720,12.824
94422,3776.880,437,-0.22258,20.99038,1,21,0,0.520,32.118
94423,3776.920,437,-0.22898,20.92609,1,40,0,0.842,8.793
94424,3776.960,437,-0.21910,20.83424,1,39,16,0.799,16.552
94425,3777.000,437,-0.23061,20.80289,1,38,17,0.722,16.479
94426,3777.040,437,-0.23312,20.65441,1,37,0,0.885,14.728
94427,3777.080,437,-0.23315,20.61318,1,37,0,0.914,8.793
94428,3777.120,437,-0.24002,20.48228,1,37,46,0.768,11.157
94429,3777.160,437,-0.23058,20.42317,1,35,0,0.809,8.793
94430,3777.200,437,-0.22954,20.38855,1,36,0,0.818,10.785
94431,3777.240,437,-0.22833,20.30692,1,37,0,0.683,14.282
94432,3777.280,437,-0.23272,20.15183,1,36,0,0.807,10.123
94433,3777.320,437,-0.23529,20.09769,1,37,0,0.804,8.793
94434,3777.360,437,-0.23221,20.02363,1,38,34,0.652,12.263
94435,3777.400,437,-0.23947,19.99048,1,37,0,0.885,8.793
94436,3777.440,437,-0.23430,19.88297,1,37,35,0.695,7.778
94437,3777.480,437,-0.23068,19.82783,1,36,0,0.880,8.793
94438,3777.520,437,-0.23405,19.70392,1,38,44,0.667,10.007
94439,3777.560,437,-0.23353,19.63720,1,38,23,0.731,12.573
94440,3777.600,437,-0.23569,19.54510,1,39,34,0.683,13.645
94441,3777.640,437,-0.23795,19.51839,1,39,0,0.876,5.425
94442,3777.680,437,-0.23913,19.36096,1,39,48,0.790,11.824
94443,3777.720,437,-0.23996,19.34042,1,22,35,0.692,11.425
94444,3777.760,437,-0.24138,19.23163,1,22,44,0.690,11.900
94445,3777.800,437,-0.23469,19.15751,1,21,48,0.600,12.046
94446,3777.840,437,-0.23673,19.06721,1,23,44,0.738,13.738
94447,3777.880,437,-0.23668,18.97363,1,22,46,0.682,15.327
94448,3777.920,437,-0.23695,18.89567,1,23,50,0.698,11.731
94449,3777.960,437,-0.23131,18.85023,1,23,33,0.801,12.119
94450,3778.000,437,-0.23602,18.81835,1,24,0,0.919,16.844
94451,3778.040,437,-0.23278,18.69249,1,25,37,0.605,11.637
94452,3778.080,437,-0.23160,18.63070,1,24,35,0.711,12.885
94453,3778.120,437,-0.23121,18.58317,1,24,0,0.956,14.640
94454,3778.160,437,-0.23785,18.46524,1,24,39,0.717,14.278
94455,3778.200,437,-0.24592,18.42548,1,25,0,0.916,8.793
94456,3778.240,437,-0.23341,18.36519,1,26,0,0.817,12.821
94457,3778.280,437,-0.23534,18.27403,1,26,0,0.781,14.313
94458,3778.320,437,-0.23743,18.20571,1,25,0,0.713,8.793
94459,3778.360,437,-0.23401,18.11790,1,25,0,0.990,15.225
94460,3778.400,437,-0.23763,18.04107,1,27,0,0.877,17.749
94461,3778.440,437,-0.23378,17.98672,1,26,0,0.928,8.793
94462,3778.480,437,-0.23745,17.85295,1,27,31,0.877,13.597
94463,3778.520,437,-0.23131,17.81391,1,27,0,0.878,8.793
94464,3778.560,437,-0.23451,17.70379,1,27,21,0.817,12.143
94465,3778.600,437,-0.23154,17.65616,1,28,24,0.743,12.983
94466,3778.640,437,-0.23439,17.56726,1,28,29,0.796,13.992
94467,3778.680,437,-0.23521,17.48726,1,27,28,0.780,13.300
94468,3778.720,437,-0.23491,17.41334,1,28,32,0.824,13.641
94469,3778.760,437,-0.22920,17.33633,1,27,32,0.744,13.003
94470,3778.800,437,-0.23929,17.26281,1,27,29,0.769,13.342
94471,3778.840,437,-0.23378,17.18195,1,27,49,0.744,15.899
94472,3778.880,437,-0.23720,17.09373,1,27,32,0.822,14.304
94473,3778.920,437,-0.23534,17.02602,1,28,38,0.797,15.168
94474,3778.960,437,-0.23049,16.94200,1,28,34,0.829,14.106
94475,3779.000,437,-0.23011,16.87301,1,27,45,0.683,14.772
94476,3779.040,437,-0.23773,16.79002,1,27,42,0.761,13.786
94477,3779.080,437,-0.23065,16.73113,1,27,46,0.707,15.737
94478,3779.120,437,-0.23363,16.64768,1,27,39,0.750,13.682
94479,3779.160,437,-0.22912,16.57696,1,27,47,0.697,15.482
94480,3779.200,437,-0.23210,16.49624,1,27,44,0.724,14.144
94481,3779.240,437,-0.22974,16.38629,1,26,53,0.871,13.959
94482,3779.280,437,-0.23123,16.35175,1,26,47,0.778,16.418
94483,3779.320,437,-0.23312,16.29082,1,26,43,0.705,16.835
94484,3779.360,437,-0.22621,16.19043,1,25,57,0.897,16.374
94485,3779.400,437,-0.22675,16.12217,1,25,52,0.712,16.433
94486,3779.440,437,-0.23066,16.04964,1,26,54,0.605,17.408
94487,3779.480,437,-0.22751,15.97565,1,25,51,0.653,15.765
94488,3779.520,437,-0.22398,15.89295,1,24,63,0.848,14.930
94489,3779.560,437,-0.22319,15.82467,1,25,61,0.715,17.553
94490,3779.600,437,-0.22473,15.75204,1,26,56,0.615,17.529
94491,3779.640,437,-0.22681,15.67489,1,26,56,0.658,16.911
94492,3779.680,437,-0.21622,15.59900,1,24,63,0.780,15.309
94493,3779.720,437,-0.21503,15.54580,1,25,35,0.653,20.183
94494,3779.760,437,-0.22160,15.43337,1,23,61,0.830,14.026
94495,3779.800,437,-0.21951,15.39051,1,25,43,0.634,18.973
94496,3779.840,437,-0.22421,15.29451,1,24,57,0.808,13.716
94497,3779.880,437,-0.21741,15.18558,1,24,65,0.808,12.952
94498,3779.920,437,-0.21536,15.17153,1,25,0,0.842,17.249
94499,3779.960,437,-0.21677,15.04526,1,25,72,0.737,11.529
94500,3780.000,437,-0.21551,14.98514,1,24,66,0.786,11.738
94501,3780.040,437,-0.21583,14.96368,1,24,0,0.865,19.141
94502,3780.080,437,-0.21374,14.84581,1,24,62,0.869,13.846
94503,3780.120,437,-0.20561,14.82697,1,28,38,0.722,19.161
94504,3780.160,437,-0.21048,14.74224,1,25,57,0.603,17.029
94505,3780.200,437,-0.21121,14.65918,1,26,60,0.749,16.342
94506,3780.240,437,-0.21569,14.56856,1,25,72,0.816,14.008
94507,3780.280,437,-0.21083,14.50228,1,25,72,0.853,14.500
94508,3780.320,437,-0.20519,14.43282,1,27,67,0.943,14.752
94509,3780.360,437,-0.20883,14.36240,1,28,67,0.971,15.134
94510,3780.400,437,-0.20922,14.30726,1,27,72,0.961,14.331
94511,3780.440,437,-0.19978,14.25018,1,25,63,0.803,16.063
94512,3780.480,437,-0.19948,14.17260,1,26,66,0.878,16.044
94513,3780.520,437,-0.20432,14.08891,1,26,61,0.747,16.967
94514,3780.560,437,-0.19959,14.03551,1,29,62,0.762,17.032
94515,3780.600,437,-0.19636,13.95684,1,31,64,0.778,17.537
94516,3780.640,437,-0.19790,13.88867,1,30,65,0.830,17.750
94517,3780.680,437,-0.19480,13.82788,1,31,58,0.751,15.938
94518,3780.720,437,-0.19507,13.76337,1,30,65,0.815,15.821
94519,3780.760,437,-0.19371,13.67515,1,31,65,0.960,14.778
94520,3780.800,437,-0.18910,13.60508,1,32,50,0.816,15.118
94521,3780.840,437,-0.18950,13.54574,1,32,64,0.866,15.937
94522,3780.880,437,-0.19087,13.47993,1,31,49,0.902,15.305
94523,3780.920,437,-0.18350,13.41191,1,32,66,0.868,15.458
94524,3780.960,437,-0.18666,13.34057,1,32,59,0.805,16.627
94525,3781.000,437,-0.18545,13.27396,1,33,53,0.830,14.930
94526,3781.040,437,-0.17789,13.20951,1,31,61,0.766,16.425
94527,3781.080,437,-0.16907,13.14550,1,34,63,0.552,17.247
94528,3781.120,437,-0.17146,13.07798,1,34,55,0.624,15.953
94529,3781.160,437,-0.17835,13.00297,1,34,52,0.728,16.000
94530,3781.200,437,-0.17227,12.94452,1,34,55,0.634,16.806
94531,3781.240,437,-0.17247,12.87816,1,34,53,0.780,15.480
94532,3781.280,437,-0.17750,12.80547,1,35,61,0.720,16.834
94533,3781.320,437,-0.16911,12.73167,1,34,53,0.779,15.985
94534,3781.360,437,-0.16734,12.67677,1,36,57,0.697,16.251
94535,3781.400,437,-0.16994,12.60641,1,34,50,0.721,15.510
94536,3781.440,437,-0.16868,12.53757,1,35,58,0.731,16.281
94537,3781.480,437,-0.16288,12.46019,1,29,58,0.716,16.573
94538,3781.520,437,-0.16645,12.35627,1,35,52,0.999,11.931
94539,3781.560,437,-0.16594,12.32210,1,35,54,1.019,13.842
94540,3781.600,437,-0.16124,12.26633,1,36,65,1.024,15.153
94541,3781.640,437,-0.16177,12.17654,1,34,65,0.995,13.437
94542,3781.680,437,-0.15962,12.11655,1,35,67,1.058,13.649
94543,3781.720,437,-0.15472,12.05883,1,35,63,0.996,14.710
94544,3781.760,437,-0.15481,11.97000,1,34,57,1.045,12.685
94545,3781.800,437,-0.15105,11.92680,1,29,64,0.967,15.334
94546,3781.840,437,-0.15058,11.85880,1,35,66,1.065,13.921
94547,3781.880,437,-0.14495,11.80320,1,36,62,1.019,14.070
94548,3781.920,437,-0.14563,11.73644,1,36,62,0.954,14.341
94549,3781.960,437,-0.14426,11.65676,1,33,64,1.118,13.356
94550,3782.000,437,-0.14434,11.60196,1,36,66,1.152,13.307
94551,3782.040,437,-0.13970,11.52466,1,31,65,1.218,12.976
94552,3782.080,437,-0.13964,11.45376,1,34,63,1.172,12.059
94553,3782.120,437,-0.13203,11.39966,1,35,65,1.170,12.571
94554,3782.160,437,-0.13225,11.34657,1,35,59,1.126,13.718
94555,3782.200,437,-0.13445,11.25376,1,35,64,1.111,11.341
94556,3782.240,437,-0.12999,11.18449,1,31,65,1.083,11.049
94557,3782.280,437,-0.13031,11.12202,1,33,65,1.024,10.810
94558,3782.320,437,-0.12582,11.05979,1,34,60,1.121,10.333
94559,3782.360,437,-0.12540,10.99456,1,32,66,1.118,10.343
94560,3782.400,437,-0.12566,10.91735,1,34,64,0.843,9.892
94561,3782.440,437,-0.12167,10.85819,1,33,64,0.986,10.200
94562,3782.480,437,-0.12205,10.79325,1,34,61,0.726,8.980
94563,3782.520,437,-0.11771,10.73336,1,35,62,0.855,10.022
94564,3782.560,437,-0.11634,10.66784,1,35,66,0.949,10.314
94565,3782.600,437,-0.11375,10.61204,1,33,59,0.751,9.167
94566,3782.640,437,-0.10851,10.55030,1,35,60,0.752,9.488
94567,3782.680,437,-0.10949,10.48718,1,34,61,0.907,9.609
94568,3782.720,437,-0.10620,10.42504,1,33,63,0.832,9.746
94569,3782.760,437,-0.10402,10.36593,1,37,59,0.861,9.399
94570,3782.800,437,-0.10283,10.29988,1,37,65,0.874,9.772
94571,3782.840,437,-0.10107,10.23601,1,34,65,0.838,9.717
94572,3782.880,437,-0.09897,10.17906,1,36,58,1.061,10.561
94573,3782.920,437,-0.09735,10.12838,1,39,65,1.037,9.595
94574,3782.960,437,-0.09081,10.05963,1,36,66,0.999,9.665
94575,3783.000,437,-0.09097,10.01182,1,38,65,1.164,10.504
94576,3783.040,437,-0.08923,9.93950,1,38,65,1.079,9.742
94577,3783.080,437,-0.08619,9.88729,1,39,64,1.126,11.034
94578,3783.120,437,-0.08256,9.82933,1,37,68,1.266,11.123
94579,3783.160,437,-0.08101,9.77573,1,40,65,1.175,11.216
94580,3783.200,437,-0.07921,9.71086,1,37,69,1.307,11.226
94581,3783.240,437,-0.07765,9.66018,1,43,65,1.197,12.320
94582,3783.280,437,-0.07415,9.59933,1,35,68,1.372,12.051
94583,3783.320,437,-0.07204,9.54022,1,42,66,1.277,11.933
94584,3783.360,437,-0.06654,9.46112,1,41,72,1.173,10.343
94585,3783.400,437,-0.06578,9.41632,1,39,68,1.321,11.786
94586,3783.440,437,-0.06202,9.35745,1,45,72,1.371,11.414
94587,3783.480,437,-0.06047,9.30013,1,39,68,1.282,11.599
94588,3783.520,437,-0.05617,9.21402,1,44,72,1.181,9.730
94589,3783.560,437,-0.05495,9.18426,1,36,67,1.289,12.376
94590,3783.600,437,-0.05774,9.08542,1,42,72,1.119,8.607
94591,3783.640,437,-0.05084,9.05997,1,39,72,1.257,11.524
94592,3783.680,437,-0.04570,8.99474,1,42,72,1.177,10.911
94593,3783.720,437,-0.04541,8.95189,1,46,69,1.193,12.116
94594,3783.760,437,-0.04297,8.88064,1,47,72,1.216,10.962
94595,3783.800,437,-0.03887,8.83302,1,43,71,1.253,12.238
94596,3783.840,437,-0.03576,8.78166,1,38,69,1.285,12.446
94597,3783.880,437,-0.03254,8.70738,1,39,72,1.125,10.899
94598,3783.920,437,-0.03184,8.66766,1,45,69,1.254,12.396
94599,3783.960,437,-0.03285,8.55092,0,304,0,57.714,
94600,3784.000,437,-0.02835,8.46926,0,289,0,54.554,
94601,3784.040,437,-0.02390,8.43066,0,277,0,53.461,
94602,3784.080,437,-0.02190,8.38228,0,301,0,53.658,
94603,3784.120,437,-0.02533,8.34744,0,281,0,52.962,
94605,3784.200,437,-0.01665,8.27440,1,28,68,0.889,14.245
94606,3784.240,437,-0.01088,8.16741,0,296,0,55.406,
94607,3784.280,437,-0.00003,8.16267,1,62,64,4.051,14.161
94608,3784.320,437,-0.03891,8.05014,1,43,69,2.708,11.281
94609,3784.360,437,-0.06221,8.01683,1,121,55,5.742,7.762
94612,3784.480,437,0.00241,7.82529,0,337,0,63.444,
95210,3808.400,442,0.25644,32.85118,1,25,0,0.780,8.793
95211,3808.440,442,0.27418,32.83632,0,811,0,55.961,
95212,3808.480,442,0.27366,32.71234,0,825,0,55.636,
95213,3808.520,442,0.26987,32.60432,0,815,0,57.244,
95214,3808.560,442,0.28951,32.45465,0,843,0,53.075,
95215,3808.600,442,0.26415,32.37867,0,840,0,53.904,
95216,3808.640,442,0.28869,32.33917,0,867,0,53.447,
95217,3808.680,442,0.28581,32.17166,0,773,0,55.082,
95218,3808.720,442,0.28198,32.15495,0,226,0,30.969,
95219,3808.760,442,0.28051,32.05200,0,231,0,28.455,
95220,3808.800,442,0.28640,31.95844,0,213,0,31.169,
95221,3808.840,442,0.29740,31.90917,0,247,0,27.265,
95222,3808.880,442,0.29627,31.90941,0,246,0,28.039,
95223,3808.920,442,0.29015,31.79234,0,245,0,27.391,
95224,3808.960,442,0.26874,31.76027,0,225,0,29.802,
95226,3809.040,442,0.31247,31.55931,0,205,0,32.108,
95227,3809.080,442,0.30236,31.40084,0,214,0,31.590,
95228,3809.120,442,0.29957,31.34304,0,212,0,31.802,
95229,3809.160,442,0.31971,31.16092,0,230,0,28.547,
95230,3809.200,442,0.32366,31.18412,0,228,0,31.236,
95231,3809.240,442,0.32244,30.98282,0,243,0,27.377,
95232,3809.280,442,0.32798,30.75287,0,233,0,30.351,
95233,3809.320,442,0.33081,30.76374,0,201,0,31.739,
95234,3809.360,442,0.32003,30.64650,0,201,0,31.814,
95235,3809.400,442,0.32673,30.61527,0,207,0,31.735,
95236,3809.440,442,0.33873,30.55475,0,204,0,31.864,
95237,3809.480,442,0.33641,30.34780,0,18,0,1.283,
95238,3809.520,442,0.33874,30.36155,0,202,0,30.912,
95239,3809.560,442,0.33968,30.33623,0,194,0,32.116,
95240,3809.600,442,0.34350,30.36862,0,229,0,30.295,
95241,3809.640,442,0.34331,30.17583,0,257,0,30.622,
95242,3809.680,442,0.29808,30.13766,0,219,0,32.138,
95245,3809.800,442,0.33340,29.77593,0,238,0,31.339,
95246,3809.840,442,0.32503,29.64971,0,235,0,29.452,
95247,3809.880,442,0.32937,29.61459,0,234,0,30.230,
95248,3809.920,442,0.34583,29.42463,0,221,0,30.308,
95249,3809.960,442,0.34588,29.40761,0,1162,0,69.007,
95250,3810.000,442,0.34481,29.23466,0,1089,0,71.851,
95251,3810.040,442,0.37144,29.23507,0,1073,0,69.216,
95252,3810.080,442,0.36702,29.04998,0,1022,0,68.552,
95253,3810.120,442,0.37717,29.07264,0,380,0,31.062,
95254,3810.160,442,0.37365,28.92025,0,1019,0,72.222,
95255,3810.200,442,0.36797,28.87551,0,357,0,30.386,
95256,3810.240,442,0.37100,28.77582,0,863,0,88.617,
95257,3810.280,442,0.36341,28.66971,0,377,15,32.261,
95258,3810.320,442,0.36434,28.59814,0,0,0,,
95259,3810.360,442,0.37265,28.53787,0,352,0,28.584,
95260,3810.400,442,0.36782,28.35478,0,301,0,29.776,
95261,3810.440,442,0.36895,28.34569,0,318,0,30.034,
95262,3810.480,442,0.37783,28.20364,0,317,0,29.375,
95263,3810.520,442,0.38224,28.19753,0,0,0,,
95264,3810.560,442,0.38585,28.02495,0,350,0,28.738,
95265,3810.600,442,0.38740,28.02684,0,553,0,68.047,
95266,3810.640,442,0.39626,27.90873,0,294,0,30.237,
95267,3810.680,442,0.38439,27.84198,0,0,0,,
95268,3810.720,442,0.39327,27.76261,0,137,0,17.031,
95269,3810.760,442,0.40932,27.63677,0,313,0,29.884,
95270,3810.800,442,0.41356,27.55868,0,382,0,28.621,
95271,3810.840,442,0.41742,27.50920,0,693,14,60.221,
95272,3810.880,442,0.39919,27.34393,0,253,0,32.965,
95273,3810.920,442,0.39977,27.31023,0,585,0,73.609,
95274,3810.960,442,0.40666,27.18750,0,0,0,,
95275,3811.000,442,0.41866,27.18079,0,0,0,,
95276,3811.040,442,0.41371,27.06460,0,0,0,,
95277,3811.080,442,0.41886,27.05525,0,0,0,,
95278,3811.120,442,0.41568,26.89511,0,0,0,,
95279,3811.160,442,0.42156,26.81670,0,0,0,,
95280,3811.200,442,0.43045,26.73273,0,0,0,,
95281,3811.240,442,0.41937,26.56762,0,0,0,,
95282,3811.280,442,0.42588,26.56312,0,0,0,,
95283,3811.320,442,0.42653,26.40694,0,0,0,,
95284,3811.360,442,0.42862,26.39393,0,656,0,68.102,
95285,3811.400,442,0.42726,26.25320,1,30,0,0.792,15.974
95286,3811.440,442,0.42077,26.25186,0,0,0,,
95287,3811.480,442,0.43125,26.08555,1,28,20,0.631,13.585
95288,3811.520,442,0.42947,26.03901,1,31,0,0.885,8.793
95289,3811.560,442,0.43898,25.94611,1,31,0,0.487,8.793
95290,3811.600,442,0.43724,25.96777,1,30,0,0.838,8.793
95291,3811.640,442,0.43358,25.84248,0,666,0,69.263,
95292,3811.680,442,0.43404,25.64725,1,31,0,0.826,8.793
95293,3811.720,442,0.44289,25.62606,1,31,0,0.744,22.372
95294,3811.760,442,0.42878,25.49521,1,31,0,0.736,16.899
95295,3811.800,442,0.44406,25.53516,1,29,0,0.785,8.793
95296,3811.840,442,0.44834,25.40158,1,30,0,0.856,12.935
95297,3811.880,442,0.44131,25.37866,1,32,0,0.945,8.793
95298,3811.920,442,0.44209,25.18324,1,31,0,0.680,12.043
95299,3811.960,442,0.44340,25.07423,1,31,0,0.721,19.210
95300,3812.000,442,0.45125,25.03480,1,30,0,0.838,57.970
95301,3812.040,442,0.44631,24.92897,1,35,0,0.856,8.793
95302,3812.080,442,0.46085,24.95288,1,33,0,0.817,8.793
95303,3812.120,442,0.45027,24.77977,1,31,0,0.734,8.793
95304,3812.160,442,0.44448,24.65634,1,34,0,0.891,8.793
95305,3812.200,442,0.45154,24.62027,1,33,0,0.850,8.793
95306,3812.240,442,0.45628,24.54177,1,34,0,0.910,8.793
95307,3812.280,442,0.45985,24.47224,1,35,0,0.712,8.793
95308,3812.320,442,0.45612,24.36344,1,34,0,0.836,8.793
95309,3812.360,442,0.45778,24.30210,1,37,0,0.917,8.793
95310,3812.400,442,0.45656,24.20724,1,32,0,0.784,8.793
95311,3812.440,442,0.46095,24.15220,1,38,0,0.884,8.793
95312,3812.480,442,0.46608,24.14120,1,37,0,0.744,8.793
95313,3812.520,442,0.45698,23.99489,1,38,0,0.897,8.793
95314,3812.560,442,0.46226,23.92537,1,39,0,0.823,8.793
95315,3812.600,442,0.45926,23.80362,1,31,0,0.783,8.793
95316,3812.640,442,0.46651,23.75228,1,39,0,0.834,8.793
95317,3812.680,442,0.47220,23.66971,1,36,0,0.846,8.793
95318,3812.720,442,0.45797,23.57549,1,37,0,0.916,8.793
95319,3812.760,442,0.47494,23.49798,1,40,0,0.793,8.793
95320,3812.800,442,0.47129,23.47675,1,31,0,0.763,8.793
95321,3812.840,442,0.46701,23.34373,1,40,0,0.866,8.793
95322,3812.880,442,0.47386,23.24937,1,37,0,0.776,8.793
95323,3812.920,442,0.47643,23.22657,1,32,0,0.623,8.793
95324,3812.960,442,0.46608,23.08467,1,39,0,0.889,8.793
95325,3813.000,442,0.46964,23.01682,1,39,0,0.876,8.793
95326,3813.040,442,0.47291,22.97678,1,32,0,0.671,8.793
95327,3813.080,442,0.48129,22.86377,1,39,0,0.884,8.793
95328,3813.120,442,0.47903,22.82141,1,36,0,0.716,8.793
95329,3813.160,442,0.46400,22.69967,1,39,0,0.902,8.793
95330,3813.200,442,0.47409,22.59013,1,34,0,0.875,8.793
95331,3813.240,442,0.47942,22.57466,1,34,0,0.775,8.793
95332,3813.280,442,0.47446,22.43041,1,40,0,0.899,8.793
95333,3813.320,442,0.47326,22.34948,1,34,0,0.888,12.283
95334,3813.360,442,0.47804,22.32035,1,36,0,0.778,8.793
95335,3813.400,442,0.48068,22.20930,1,35,0,0.868,8.793
95336,3813.440,442,0.46948,22.12585,1,34,0,0.901,8.793
95337,3813.480,442,0.47826,22.07667,1,32,0,0.880,8.793
95338,3813.520,442,0.48506,22.02583,1,32,0,0.851,8.793
95339,3813.560,442,0.48205,21.88381,1,33,0,0.895,8.793
95340,3813.600,442,0.48384,21.87763,1,36,0,0.985,8.793
95341,3813.640,442,0.49386,21.77411,1,34,0,0.903,8.793
95342,3813.680,442,0.47291,21.69872,1,33,0,0.795,8.793
95343,3813.720,442,0.48635,21.65319,1,34,0,0.950,8.793
95344,3813.760,442,0.48217,21.50466,1,36,0,0.960,8.793
95345,3813.800,442,0.48703,21.46005,1,33,0,0.841,8.793
95346,3813.840,442,0.47997,21.34842,1,34,0,0.888,8.793
95347,3813.880,442,0.48743,21.32635,1,34,0,0.918,8.793
95348,3813.920,442,0.48346,21.23324,1,36,0,0.892,8.793
95349,3813.960,442,0.48912,21.13692,1,35,0,0.886,8.793
95350,3814.000,442,0.49498,21.09936,1,35,0,0.917,8.793
95351,3814.040,442,0.49354,21.01875,1,35,0,0.460,8.793
95352,3814.080,442,0.48000,20.92088,1,35,0,0.820,8.793
95353,3814.120,442,0.49006,20.85627,1,34,0,0.898,8.793
95354,3814.160,442,0.48589,20.79234,1,35,0,0.760,8.793
95355,3814.200,442,0.49324,20.68196,1,35,0,0.906,8.793
95356,3814.240,442,0.48684,20.59205,1,38,0,0.840,8.793
95357,3814.280,442,0.49204,20.56354,1,35,0,0.901,8.793
95358,3814.320,442,0.48910,20.48811,1,40,0,0.918,8.793
95359,3814.360,442,0.48019,20.34216,1,36,0,0.958,8.793
95360,3814.400,442,0.48757,20.27732,1,38,0,0.856,8.793
95361,3814.440,442,0.49114,20.24932,1,36,0,0.877,9.084
95362,3814.480,442,0.49498,20.13935,1,22,0,0.981,8.793
95363,3814.520,442,0.48546,20.04034,1,21,0,0.947,8.793
95364,3814.560,442,0.49155,20.00905,1,22,0,0.879,8.793
95365,3814.600,442,0.49062,19.98908,1,23,0,0.876,10.780
95366,3814.640,442,0.48699,19.90819,1,22,0,0.955,8.793
95367,3814.680,442,0.49759,19.83714,1,24,0,0.969,8.793
95368,3814.720,442,0.49071,19.71567,1,39,0,0.840,8.793
95369,3814.760,442,0.48782,19.64630,1,36,0,0.851,8.793
95370,3814.800,442,0.48234,19.54376,1,38,0,0.883,8.793
95371,3814.840,442,0.49408,19.53591,1,24,0,0.875,8.793
95372,3814.880,442,0.49114,19.42094,1,37,0,0.852,8.793
95373,3814.920,442,0.49729,19.37680,1,24,0,1.007,8.793
95374,3814.960,442,0.48066,19.32298,1,23,0,0.583,8.793
95375,3815.000,442,0.49459,19.24690,1,25,0,0.791,8.793
95376,3815.040,442,0.49991,19.16275,1,26,0,0.873,8.793
95377,3815.080,442,0.50653,19.09702,1,24,0,0.729,8.793
95378,3815.120,442,0.49616,19.04065,1,24,0,0.737,8.793
95379,3815.160,442,0.49520,18.95503,1,25,0,0.915,8.793
95380,3815.200,442,0.49437,18.87628,1,25,0,0.798,8.793
95381,3815.240,442,0.48950,18.79824,1,27,0,0.950,8.793
95382,3815.280,442,0.49390,18.69930,1,25,23,0.773,12.386
95383,3815.320,442,0.49317,18.65510,1,25,0,0.823,8.793
95384,3815.360,442,0.48879,18.57669,1,24,0,0.764,8.793
95385,3815.400,442,0.48988,18.45484,1,25,40,0.720,13.857
95386,3815.440,442,0.49517,18.41895,1,24,0,0.951,12.906
95387,3815.480,442,0.49340,18.33741,1,24,28,0.726,14.193
95388,3815.520,442,0.48598,18.26135,1,24,33,0.636,13.892
95389,3815.560,442,0.48608,18.17777,1,25,32,0.752,14.166
95390,3815.600,442,0.48587,18.12280,1,23,41,0.681,14.052
95391,3815.640,442,0.49814,18.07079,1,24,0,0.640,16.278
95393,3815.720,442,0.48436,17.69947,1,23,56,0.675,15.181
95394,3815.760,442,0.48597,17.61401,1,22,41,0.696,16.726
95395,3815.800,442,0.49040,17.55422,1,21,49,0.679,14.065
95396,3815.840,442,0.48362,17.46901,1,22,55,0.596,14.455
95397,3815.880,442,0.48649,17.41486,1,21,41,0.625,17.332
95398,3815.920,442,0.48793,17.33370,1,22,56,0.654,14.040
95399,3815.960,442,0.48160,17.27079,1,21,17,0.614,13.615
95400,3816.000,442,0.47990,17.19109,1,22,0,0.748,14.760
95401,3816.040,442,0.48352,17.09193,1,22,57,0.745,12.497
95402,3816.080,442,0.47901,17.00937,1,21,63,0.602,9.685
95403,3816.120,442,0.47798,16.93085,1,21,66,0.680,12.945
95404,3816.160,442,0.47856,16.87376,1,22,62,0.653,13.246
95405,3816.200,442,0.47776,16.80263,1,22,65,0.753,11.923
95406,3816.240,442,0.48166,16.78131,1,22,35,0.578,16.760
95407,3816.280,442,0.48291,16.68678,1,22,69,0.723,11.924
95408,3816.320,442,0.47657,16.62142,1,23,60,0.817,14.786
95409,3816.360,442,0.47088,16.55763,1,23,54,0.753,14.809
95410,3816.400,442,0.47803,16.48734,1,23,58,0.704,15.884
95411,3816.440,442,0.47411,16.44354,1,22,43,0.746,13.647
95412,3816.480,442,0.47647,16.35463,1,24,54,0.766,15.215
95413,3816.520,442,0.47673,16.27986,1,25,54,0.748,15.989
95414,3816.560,442,0.47344,16.20637,1,26,51,0.761,15.947
95415,3816.600,442,0.47238,16.14506,1,25,53,0.683,16.999
95416,3816.640,442,0.47540,16.06484,1,26,49,0.829,14.276
95417,3816.680,442,0.46648,16.00466,1,27,47,0.785,15.549
95418,3816.720,442,0.46974,15.93847,1,28,47,0.655,14.911
95419,3816.760,442,0.46681,15.85634,1,28,44,0.784,13.453
95420,3816.800,442,0.46072,15.80334,1,27,43,0.685,13.458
95421,3816.840,442,0.46962,15.73818,1,28,48,0.752,14.153
95422,3816.880,442,0.46543,15.64811,1,28,47,0.817,11.718
95423,3816.920,442,0.46335,15.59061,1,29,32,0.729,14.156
95424,3816.960,442,0.46105,15.50233,1,29,46,0.815,12.013
95425,3817.000,442,0.46017,15.43774,1,30,46,0.778,11.988
95426,3817.040,442,0.46465,15.40095,1,29,38,0.859,14.390
95427,3817.080,442,0.45969,15.33166,1,30,37,0.812,13.272
95428,3817.120,442,0.45737,15.26572,1,31,46,0.833,14.557
95429,3817.160,442,0.45100,15.21538,1,30,34,0.790,14.117
95430,3817.200,442,0.45848,15.14033,1,31,26,0.778,11.881
95431,3817.240,442,0.45475,15.05467,1,29,34,0.872,13.209
95432,3817.280,442,0.45703,14.99454,1,30,34,0.751,14.479
95433,3817.320,442,0.43945,14.94696,1,31,42,0.619,15.352
95434,3817.360,442,0.45251,14.88156,1,31,32,0.681,13.303
95435,3817.400,442,0.44989,14.78652,1,30,28,0.886,12.130
95436,3817.440,442,0.44781,14.73177,1,30,28,0.837,11.819
95437,3817.480,442,0.45179,14.65499,1,30,45,0.801,12.983
95438,3817.520,442,0.45021,14.59143,1,32,27,0.812,12.172
95439,3817.560,442,0.44404,14.53417,1,32,33,0.775,13.737
95440,3817.600,442,0.44169,14.46594,1,32,42,0.753,14.786
95441,3817.640,442,0.44722,14.38998,1,31,48,0.783,13.484
95442,3817.680,442,0.44643,14.32569,1,29,52,0.705,13.547
95443,3817.720,442,0.44073,14.23629,1,31,50,0.903,11.367
95444,3817.760,442,0.43902,14.20294,1,30,44,0.678,13.373
95445,3817.800,442,0.44341,14.13430,1,31,54,0.727,14.402
95446,3817.840,442,0.43687,14.06184,1,29,47,0.818,13.126
95447,3817.880,442,0.43830,13.99281,1,30,52,0.779,13.409
95448,3817.920,442,0.43314,13.93179,1,29,52,0.778,12.750
95449,3817.960,442,0.43519,13.84971,1,27,51,0.751,13.185
95450,3818.000,442,0.43169,13.78976,1,29,53,0.870,11.466
95451,3818.040,442,0.43338,13.72683,1,30,50,0.923,11.633
95452,3818.080,442,0.42753,13.66269,1,29,52,0.914,11.501
95453,3818.120,442,0.42716,13.60600,1,30,52,0.923,11.592
95454,3818.160,442,0.42636,13.51238,1,28,55,0.861,9.848
95455,3818.200,442,0.42458,13.47017,1,27,54,0.918,11.222
95456,3818.240,442,0.42193,13.40763,1,27,54,0.880,10.120
95457,3818.280,442,0.42704,13.30114,1,28,49,0.858,10.237
95458,3818.320,442,0.42239,13.24914,1,29,50,0.822,9.751
95459,3818.360,442,0.42060,13.20092,1,27,38,0.786,10.808
95460,3818.400,442,0.41460,13.12710,1,29,53,0.797,8.990
95461,3818.440,442,0.41168,13.06808,1,27,61,0.685,8.062
95462,3818.480,442,0.41373,13.00664,1,26,53,0.791,8.796
95463,3818.520,442,0.41378,12.95611,1,30,54,0.761,7.338
95464,3818.560,442,0.41209,12.89313,1,28,58,0.715,7.280
95465,3818.600,442,0.40458,12.81478,1,29,56,0.733,8.222
95466,3818.640,442,0.40566,12.75604,1,30,58,0.815,8.600
95467,3818.680,442,0.41029,12.71628,1,29,40,0.791,8.874
95468,3818.720,442,0.40927,12.66039,1,29,52,0.838,9.750
95469,3818.760,442,0.40041,12.57418,1,32,54,0.876,9.858
95470,3818.800,442,0.40390,12.53626,1,30,56,0.922,11.498
95471,3818.840,442,0.40136,12.47381,1,31,57,0.905,11.055
95472,3818.880,442,0.39824,12.40714,1,31,54,0.959,12.212
95473,3818.920,442,0.40015,12.34991,1,32,50,0.940,11.632
95474,3818.960,442,0.39796,12.29682,1,32,53,0.940,11.902
95475,3819.000,442,0.39539,12.22898,1,36,53,0.870,12.073
95476,3819.040,442,0.39509,12.17842,1,32,53,0.982,12.785
95477,3819.080,442,0.39177,12.12940,1,32,60,0.941,13.666
95478,3819.120,442,0.38934,12.05503,1,34,56,0.994,13.646
95479,3819.160,442,0.38991,12.00463,1,34,60,0.774,14.447
95480,3819.200,442,0.38833,11.94287,1,35,59,0.811,14.831
95481,3819.240,442,0.38621,11.88603,1,35,56,0.856,13.967
95482,3819.280,442,0.37998,11.81818,1,34,50,0.877,13.357
95483,3819.320,442,0.38126,11.76334,1,35,51,0.979,12.567
95484,3819.360,442,0.38227,11.70303,1,36,56,0.911,13.622
95485,3819.400,442,0.37408,11.63803,1,39,61,0.825,14.925
95486,3819.440,442,0.37522,11.57115,1,36,48,0.986,12.233
95487,3819.480,442,0.37328,11.52156,1,39,42,0.987,12.732
95488,3819.520,442,0.37682,11.47109,1,38,54,0.843,14.205
95489,3819.560,442,0.37349,11.40949,1,37,56,0.778,14.862
95490,3819.600,442,0.36801,11.33889,1,36,59,0.734,15.762
95491,3819.640,442,0.36650,11.28943,1,40,58,0.722,15.120
95492,3819.680,442,0.36772,11.23199,1,37,52,0.726,14.655
95493,3819.720,442,0.35999,11.17423,1,37,58,0.754,15.488
95494,3819.760,442,0.36274,11.11281,1,37,58,0.833,14.877
95495,3819.800,442,0.35581,11.05006,1,38,55,0.729,15.649
95496,3819.840,442,0.36057,10.99370,1,39,60,0.791,15.405
95497,3819.880,442,0.35683,10.93685,1,40,57,0.812,14.890
95498,3819.920,442,0.35377,10.87183,1,40,62,0.728,14.733
95499,3819.960,442,0.34721,10.81423,1,39,64,0.720,14.897
95500,3820.000,442,0.34716,10.75757,1,38,60,0.806,14.673
95501,3820.040,442,0.34669,10.69527,1,39,64,0.806,14.095
95502,3820.080,442,0.34274,10.63351,1,37,67,0.775,14.564
95503,3820.120,442,0.33986,10.57664,1,34,68,0.779,15.487
95504,3820.160,442,0.33732,10.51785,1,33,68,0.873,14.327
95505,3820.200,442,0.33406,10.45576,1,35,71,0.943,14.425
95506,3820.240,442,0.33404,10.39938,1,31,72,0.845,14.317
95507,3820.280,442,0.33068,10.33754,1,32,72,0.978,14.059
95508,3820.320,442,0.32968,10.27967,1,35,72,0.986,14.261
95509,3820.360,442,0.32198,10.22252,1,32,72,0.954,14.070
95510,3820.400,442,0.32295,10.16282,1,33,72,0.986,13.217
95511,3820.440,442,0.32309,10.10453,1,33,72,1.020,13.786
95512,3820.480,442,0.31750,10.05125,1,34,72,0.943,13.911
95513,3820.520,442,0.31485,9.98234,1,33,72,0.972,13.323
95514,3820.560,442,0.31200,9.92526,1,34,72,1.093,12.628
95515,3820.600,442,0.30970,9.87810,1,36,72,1.066,12.866
95516,3820.640,442,0.30794,9.81043,1,34,72,1.010,12.789
95517,3820.680,442,0.30271,9.75145,1,36,72,1.113,12.617
95518,3820.720,442,0.30119,9.69962,1,36,72,1.105,11.923
95519,3820.760,442,0.30245,9.63379,1,41,72,1.158,11.822
95520,3820.800,442,0.29682,9.57432,1,35,72,1.035,11.573
95521,3820.840,442,0.29699,9.51969,1,36,72,1.014,11.384
95522,3820.880,442,0.29107,9.45768,1,34,72,0.959,11.307
95523,3820.920,442,0.29072,9.40427,1,39,72,0.918,11.202
95524,3820.960,442,0.28628,9.34915,1,39,72,0.969,11.108
95525,3821.000,442,0.28409,9.29322,1,37,72,0.976,10.739
95526,3821.040,442,0.28506,9.23587,1,40,72,0.932,10.899
95527,3821.080,442,0.28260,9.17860,1,38,72,0.892,10.774
95528,3821.120,442,0.27857,9.12874,1,38,72,0.970,10.975
95529,3821.160,442,0.27795,9.07218,1,35,72,0.972,11.180
95530,3821.200,442,0.27465,9.02445,1,36,72,1.021,11.308
95531,3821.240,442,0.27359,8.97002,1,37,72,1.023,11.316
95532,3821.280,442,0.26993,8.91577,1,38,72,1.053,11.525
95533,3821.320,442,0.26884,8.86518,1,37,72,1.135,11.798
95534,3821.360,442,0.26558,8.81296,1,36,72,1.029,12.148
95535,3821.400,442,0.26246,8.76164,1,37,72,1.097,12.179
95536,3821.440,442,0.26254,8.70913,1,38,72,1.109,12.485
95537,3821.480,442,0.26088,8.65456,1,36,72,1.056,12.768
95538,3821.520,442,0.25560,8.60001,1,38,72,1.214,12.463
95541,3821.640,442,0.33762,8.31279,1,95,0,10.575,17.324
95542,3821.680,442,0.33607,8.29004,1,92,0,10.705,16.466
95543,3821.720,442,0.33918,8.28230,1,90,0,10.568,16.090
95544,3821.760,442,0.33772,8.27126,1,90,0,10.621,15.300
95551,3822.040,442,0.29356,7.97629,1,144,0,8.601,12.110
100420,4016.800,488,0.25394,33.53524,1,18,0,1.077,8.793
100421,4016.840,488,0.25176,33.40147,1,26,0,0.751,8.793
100422,4016.880,488,0.25720,33.50349,0,1092,0,74.839,
100424,4016.960,488,0.26926,33.31368,0,1220,0,72.122,
100425,4017.000,488,0.26608,33.09500,0,1086,0,76.509,
100426,4017.040,488,0.26295,33.00918,0,1080,0,72.957,
100427,4017.080,488,0.26312,32.93918,0,512,0,73.074,
100428,4017.120,488,0.25540,32.82711,0,0,0,,
100429,4017.160,488,0.27597,32.65313,0,990,0,79.513,
100430,4017.200,488,0.27623,32.66681,0,1156,0,72.438,
100431,4017.240,488,0.27327,32.44163,0,1202,0,70.903,
100432,4017.280,488,0.26965,32.44897,0,811,0,92.313,
100433,4017.320,488,0.26910,32.38347,0,836,0,90.938,
100434,4017.360,488,0.27830,32.21766,0,824,0,90.938,
100435,4017.400,488,0.28219,32.25765,0,825,0,88.433,
100436,4017.440,488,0.28019,32.17791,0,892,0,88.993,
100437,4017.480,488,0.27901,31.99955,0,886,0,89.351,
100438,4017.520,488,0.27217,31.96091,0,863,0,89.403,
100439,4017.560,488,0.27615,32.00748,0,676,0,100.101,
100441,4017.640,488,0.29693,31.77192,0,853,0,93.789,
100442,4017.680,488,0.30710,31.58489,0,605,0,101.748,
100443,4017.720,488,0.30349,31.59744,0,567,0,106.519,
100444,4017.760,488,0.30087,31.37784,0,212,0,30.202,
100445,4017.800,488,0.32568,31.36748,0,293,0,28.711,
100446,4017.840,488,0.29291,31.15189,0,690,0,100.755,
100447,4017.880,488,0.31584,31.17155,0,234,0,28.321,
100448,4017.920,488,0.31259,30.93772,0,676,0,98.964,
100449,4017.960,488,0.31140,30.93756,0,678,0,102.544,
100450,4018.000,488,0.31604,30.74122,0,197,0,32.146,
100451,4018.040,488,0.32804,30.76487,0,189,0,31.503,
100452,4018.080,488,0.32565,30.58930,0,196,0,32.084,
100453,4018.120,488,0.32328,30.53475,0,227,0,31.031,
100454,4018.160,488,0.32878,30.55691,0,226,0,31.652,
100455,4018.200,488,0.33757,30.43241,0,231,0,28.926,
100456,4018.240,488,0.33636,30.37178,0,234,0,31.426,
100457,4018.280,488,0.33731,30.29117,0,233,0,30.978,
100458,4018.320,488,0.33833,30.18563,0,238,0,28.927,
100459,4018.360,488,0.33412,30.15760,0,236,0,28.664,
100460,4018.400,488,0.32414,30.09802,0,236,0,28.642,
100461,4018.440,488,0.32198,29.98886,0,247,0,27.990,
100462,4018.480,488,0.33084,29.80932,0,210,0,31.590,
100463,4018.520,488,0.33134,29.85874,0,208,0,32.116,
100464,4018.560,488,0.35098,29.64257,0,242,0,30.947,
100465,4018.600,488,0.32562,29.60693,0,228,0,31.820,
100466,4018.640,488,0.34518,29.42317,0,225,0,32.464,
100467,4018.680,488,0.35402,29.41364,0,248,0,28.472,
100468,4018.720,488,0.35627,29.28720,0,278,0,27.372,
100469,4018.760,488,0.35367,29.23562,0,268,0,29.626,
100470,4018.800,488,0.35180,29.05995,0,269,0,30.192,
100471,4018.840,488,0.36969,29.05000,0,317,0,28.410,
100472,4018.880,488,0.36476,28.88697,0,326,0,28.166,
100473,4018.920,488,0.36918,28.91834,0,204,0,30.181,
100474,4018.960,488,0.35926,28.70467,0,305,0,27.027,
100475,4019.000,488,0.36095,28.70483,0,224,0,29.201,
100476,4019.040,488,0.36239,28.63542,0,231,0,28.505,
100477,4019.080,488,0.37125,28.54247,0,328,0,29.141,
100478,4019.120,488,0.37270,28.57937,0,218,0,31.364,
100479,4019.160,488,0.36784,28.41790,0,343,0,31.085,
100480,4019.200,488,0.36357,28.41753,0,379,0,29.965,
100481,4019.240,488,0.38239,28.19415,0,264,0,29.699,
100482,4019.280,488,0.37765,28.06680,0,212,0,29.673,
100483,4019.320,488,0.38652,28.04336,0,264,0,31.379,
100484,4019.360,488,0.38436,27.97115,0,335,0,27.670,
100485,4019.400,488,0.37556,27.84449,0,299,0,27.586,
100486,4019.440,488,0.39065,27.82073,0,373,0,29.888,
100487,4019.480,488,0.39822,27.69642,0,314,0,27.446,
100488,4019.520,488,0.39448,27.65106,0,307,0,27.722,
100489,4019.560,488,0.41393,27.55151,0,342,0,29.293,
100490,4019.600,488,0.40756,27.40054,0,373,0,28.935,
100491,4019.640,488,0.41603,27.35077,0,307,0,28.493,
100492,4019.680,488,0.39572,27.25695,0,338,0,30.186,
100493,4019.720,488,0.40462,27.19138,0,306,0,28.137,
100494,4019.760,488,0.40498,27.04414,0,0,0,,
100495,4019.800,488,0.41402,27.02903,0,0,0,,
100496,4019.840,488,0.41304,26.90033,0,368,0,29.750,
100497,4019.880,488,0.41186,26.87226,0,312,0,29.003,
100498,4019.920,488,0.41813,26.72646,0,363,0,29.539,
100499,4019.960,488,0.42598,26.73967,0,312,0,28.598,
100500,4020.000,488,0.40777,26.55262,0,321,0,29.046,
100501,4020.040,488,0.41288,26.57008,0,310,0,29.710,
100502,4020.080,488,0.41831,26.41666,0,393,0,31.534,
100503,4020.120,488,0.43337,26.40429,0,317,0,29.718,
100504,4020.160,488,0.42830,26.25698,0,345,0,28.530,
100505,4020.200,488,0.42258,26.09919,0,333,0,29.554,
100506,4020.240,488,0.42715,26.08943,0,0,0,,
100507,4020.280,488,0.43193,25.94433,0,339,0,31.651,
100508,4020.320,488,0.43270,25.98254,0,0,0,,
100509,4020.360,488,0.43297,25.86254,0,355,0,31.908,
100510,4020.400,488,0.43503,25.84629,1,31,0,0.650,8.793
100511,4020.440,488,0.43904,25.63535,1,29,0,0.802,8.793
100512,4020.480,488,0.44051,25.69170,1,31,0,0.805,8.793
100513,4020.520,488,0.42968,25.48976,1,30,0,0.806,8.793
100514,4020.560,488,0.45475,25.51533,1,30,0,0.848,8.793
100515,4020.600,488,0.44191,25.42165,1,29,0,0.715,8.793
100516,4020.640,488,0.44610,25.35931,1,31,0,0.841,8.793
100517,4020.680,488,0.44499,25.24519,1,30,0,0.760,8.793
100518,4020.720,488,0.43041,25.08113,1,32,0,0.747,8.793
100519,4020.760,488,0.45112,25.11863,1,31,0,0.617,8.793
100520,4020.800,488,0.44793,24.95000,1,33,0,0.915,8.793
100521,4020.840,488,0.45090,24.95866,1,32,0,0.766,8.793
100522,4020.880,488,0.45094,24.85137,1,31,0,0.757,8.793
100523,4020.920,488,0.45564,24.72928,1,31,0,0.857,8.793
100524,4020.960,488,0.45276,24.62797,1,34,0,0.931,8.793
100525,4021.000,488,0.45576,24.56108,1,33,0,0.820,8.793
100526,4021.040,488,0.46383,24.55049,1,32,0,0.774,8.793
100527,4021.080,488,0.45574,24.39880,1,32,0,0.784,8.793
100528,4021.120,488,0.44213,24.23900,1,32,0,0.855,8.793
100529,4021.160,488,0.46135,24.22841,1,36,0,0.821,8.793
100530,4021.200,488,0.46698,24.14941,1,34,0,0.830,8.793
100531,4021.240,488,0.46360,24.14323,1,37,0,0.828,8.793
100532,4021.280,488,0.46995,24.00898,1,36,0,0.867,8.793
100533,4021.320,488,0.46590,23.89625,1,36,0,0.870,8.793
100534,4021.360,488,0.47002,23.84330,1,35,0,0.844,8.793
100535,4021.400,488,0.46024,23.74830,1,33,0,0.774,8.793
100536,4021.440,488,0.46454,23.72214,1,40,0,0.856,8.793
100537,4021.480,488,0.46759,23.62549,1,37,0,0.742,8.793
100538,4021.520,488,0.47154,23.46308,1,37,0,0.884,8.793
100539,4021.560,488,0.47288,23.48023,1,39,0,0.819,8.793
100540,4021.600,488,0.49022,23.37060,1,38,0,0.803,8.793
100541,4021.640,488,0.48231,23.31233,1,40,0,0.906,8.793
100542,4021.680,488,0.47584,23.22218,1,38,0,0.811,8.793
100543,4021.720,488,0.47251,23.10094,1,21,0,0.878,8.793
100544,4021.760,488,0.47762,23.09206,1,40,0,0.780,8.793
100545,4021.800,488,0.47772,22.95484,1,35,0,0.843,8.793
100546,4021.840,488,0.48217,22.91550,1,40,0,0.925,8.793
100547,4021.880,488,0.48833,22.83646,1,21,0,0.824,8.793
100548,4021.920,488,0.48157,22.73610,1,21,0,0.832,8.793
100549,4021.960,488,0.47655,22.60511,1,21,0,0.926,8.793
100550,4022.000,488,0.47874,22.60342,1,39,0,0.834,8.793
100551,4022.040,488,0.47788,22.47449,1,36,0,0.866,8.793
100552,4022.080,488,0.48161,22.45231,1,40,0,0.808,8.793
100553,4022.120,488,0.48857,22.31656,1,40,0,0.908,8.793
100554,4022.160,488,0.48405,22.21824,1,21,0,0.949,8.793
100555,4022.200,488,0.48124,22.20360,1,21,0,0.702,8.793
100556,4022.240,488,0.48624,22.11836,1,40,0,0.837,8.793
100557,4022.280,488,0.48974,22.02221,1,40,0,0.875,8.793
100558,4022.320,488,0.48823,21.97032,1,38,0,0.920,8.793
100559,4022.360,488,0.49513,21.87914,1,39,0,0.915,8.793
100560,4022.400,488,0.50203,21.81012,1,40,0,0.869,8.793
100561,4022.440,488,0.48997,21.77408,1,36,0,0.838,8.793
100562,4022.480,488,0.49306,21.68188,1,40,0,0.949,8.793
100563,4022.520,488,0.48205,21.53516,1,38,0,0.827,8.793
100564,4022.560,488,0.49044,21.53763,1,37,0,0.857,8.793
100565,4022.600,488,0.48493,21.41347,1,38,0,0.835,8.793
100566,4022.640,488,0.48474,21.36101,1,35,0,0.924,8.793
100567,4022.680,488,0.50053,21.23918,1,35,0,0.869,8.793
100568,4022.720,488,0.49235,21.22664,1,35,0,0.804,8.793
100569,4022.760,488,0.48782,21.13228,1,37,0,0.810,8.793
100570,4022.800,488,0.50204,21.01865,1,35,0,0.821,8.793
100571,4022.840,488,0.48983,20.99904,1,37,0,0.823,8.793
100572,4022.880,488,0.49197,20.89509,1,35,0,0.854,8.793
100573,4022.920,488,0.49642,20.79403,1,37,0,0.857,8.793
100574,4022.960,488,0.49644,20.76011,1,37,0,0.820,8.793
100575,4023.000,488,0.50291,20.67499,1,36,0,0.758,8.793
100576,4023.040,488,0.49647,20.55186,1,36,0,0.888,8.793
100577,4023.080,488,0.50555,20.53739,1,36,0,0.858,8.793
100578,4023.120,488,0.49821,20.45874,1,36,0,0.752,8.793
100579,4023.160,488,0.49972,20.36379,1,38,0,0.828,8.793
100580,4023.200,488,0.49704,20.26097,1,37,0,0.913,8.793
100581,4023.240,488,0.50812,20.24142,1,37,0,0.814,8.793
100582,4023.280,488,0.50076,20.17686,1,36,0,0.797,8.793
100583,4023.320,488,0.50239,20.04870,1,37,0,0.951,8.793
100584,4023.360,488,0.50903,19.96552,1,38,0,0.876,8.793
100585,4023.400,488,0.50163,19.94145,1,38,0,0.800,8.793
100586,4023.440,488,0.49543,19.84396,1,40,0,0.849,8.793
100587,4023.480,488,0.50871,19.80728,1,39,0,0.831,8.793
100588,4023.520,488,0.50626,19.71906,1,40,0,0.853,8.793
100589,4023.560,488,0.50890,19.68052,1,22,0,0.920,8.793
100590,4023.600,488,0.50961,19.59400,1,22,0,0.920,8.793
100591,4023.640,488,0.50139,19.50486,1,21,0,0.926,8.793
100592,4023.680,488,0.51045,19.43961,1,22,0,0.949,8.793
100593,4023.720,488,0.51134,19.37438,1,23,0,0.919,8.793
100594,4023.760,488,0.51277,19.31345,1,24,0,0.817,8.793
100595,4023.800,488,0.50225,19.22853,1,23,0,0.830,8.793
100596,4023.840,488,0.50941,19.14276,1,24,0,0.949,8.793
100597,4023.880,488,0.50487,19.08847,1,23,0,0.978,8.793
100598,4023.920,488,0.50632,19.02879,1,24,0,0.884,8.793
100599,4023.960,488,0.50733,18.94401,1,25,0,0.739,8.793
100600,4024.000,488,0.50862,18.87828,1,24,0,0.986,8.793
100601,4024.040,488,0.50648,18.81560,1,25,0,0.957,8.793
100602,4024.080,488,0.50685,18.73729,1,25,0,1.023,8.793
100603,4024.120,488,0.50806,18.65648,1,26,0,0.818,8.793
100604,4024.160,488,0.50248,18.59943,1,26,0,0.987,8.793
100605,4024.200,488,0.50312,18.53019,1,26,0,0.914,8.793
100606,4024.240,488,0.50924,18.45531,1,26,0,1.035,8.793
100607,4024.280,488,0.51146,18.37064,1,27,0,0.892,8.793
100608,4024.320,488,0.50760,18.30866,1,26,0,0.910,8.793
100609,4024.360,488,0.50049,18.24161,1,27,0,0.827,8.793
100610,4024.400,488,0.51178,18.15690,1,26,0,0.952,8.793
100611,4024.440,488,0.50956,18.07944,1,27,0,0.937,8.793
100612,4024.480,488,0.50777,18.01416,1,28,0,0.889,8.793
100613,4024.520,488,0.52055,17.97539,1,27,0,0.727,8.793
100614,4024.560,488,0.51171,17.88323,1,27,0,0.880,8.793
100615,4024.600,488,0.51622,17.81729,1,27,0,0.631,8.793
100616,4024.640,488,0.50557,17.73858,1,27,0,0.985,8.793
100617,4024.680,488,0.50808,17.66086,1,27,0,0.824,8.793
100618,4024.720,488,0.50558,17.57850,1,26,0,0.987,8.793
100619,4024.760,488,0.50996,17.51884,1,26,0,0.971,8.793
100620,4024.800,488,0.51594,17.47007,1,26,0,0.780,8.793
100621,4024.840,488,0.51460,17.38060,1,27,0,0.901,8.793
100622,4024.880,488,0.51242,17.30441,1,27,0,0.919,8.793
100623,4024.920,488,0.51201,17.22242,1,26,0,0.823,8.793
100624,4024.960,488,0.50805,17.17475,1,26,0,0.821,8.793
100625,4025.000,488,0.50570,17.09111,1,26,0,0.934,8.793
100626,4025.040,488,0.51157,17.01864,1,26,0,1.000,8.793
100627,4025.080,488,0.51296,16.94978,1,26,0,0.883,8.793
100628,4025.120,488,0.50694,16.87444,1,26,0,0.909,8.793
100629,4025.160,488,0.50185,16.79980,1,26,0,0.888,8.793
100630,4025.200,488,0.50872,16.72525,1,26,0,0.904,8.793
100631,4025.240,488,0.50566,16.65295,1,25,0,0.904,8.793
100632,4025.280,488,0.50822,16.57324,1,23,0,0.994,8.793
100633,4025.320,488,0.50550,16.49120,1,24,0,0.892,8.793
100634,4025.360,488,0.50472,16.43638,1,23,0,1.002,8.793
100635,4025.400,488,0.50470,16.37635,1,24,0,0.955,8.793
100636,4025.440,488,0.50404,16.29382,1,23,0,1.001,8.793
100637,4025.480,488,0.50582,16.23175,1,22,0,0.873,8.793
100638,4025.520,488,0.50573,16.16953,1,23,0,1.001,8.793
100639,4025.560,488,0.51689,16.09221,1,23,0,0.657,8.793
100640,4025.600,488,0.50214,16.01358,1,23,0,0.923,8.793
100641,4025.640,488,0.49988,15.93165,1,24,0,0.932,8.793
100642,4025.680,488,0.50722,15.89414,1,24,0,1.011,8.793
100643,4025.720,488,0.50405,15.82949,1,23,0,0.908,8.793
100644,4025.760,488,0.49868,15.74362,1,22,0,0.860,8.793
100645,4025.800,488,0.50058,15.67663,1,24,0,0.920,8.793
100646,4025.840,488,0.51229,15.60683,1,24,38,0.542,9.873
100647,4025.880,488,0.50245,15.53787,1,23,0,0.837,8.793
100648,4025.920,488,0.49844,15.45178,1,24,0,0.926,8.793
100649,4025.960,488,0.49424,15.39132,1,24,0,0.878,8.793
100650,4026.000,488,0.50180,15.33242,1,23,0,0.865,8.793
100651,4026.040,488,0.49785,15.27121,1,24,0,0.901,8.793
100652,4026.080,488,0.49590,15.19422,1,24,0,0.920,8.793
100653,4026.120,488,0.49499,15.14070,1,24,72,0.623,7.598
100654,4026.160,488,0.49509,15.07023,1,25,0,0.925,8.793
100655,4026.200,488,0.49358,14.99767,1,24,0,1.015,8.793
100656,4026.240,488,0.49125,14.95120,1,25,43,0.699,9.660
100657,4026.280,488,0.49448,14.87547,1,25,0,0.914,8.793
100658,4026.320,488,0.49293,14.83260,1,27,52,0.803,11.060
100659,4026.360,488,0.49074,14.74821,1,24,42,0.799,10.483
100660,4026.400,488,0.49420,14.68614,1,28,49,0.701,11.867
100661,4026.440,488,0.49328,14.61749,1,25,0,0.973,8.166
100662,4026.480,488,0.48773,14.50514,1,30,50,0.866,8.388
100663,4026.520,488,0.49327,14.48804,1,25,28,0.852,8.324
100664,4026.560,488,0.48936,14.41930,1,30,44,0.737,11.163
100665,4026.600,488,0.48616,14.36283,1,31,40,0.736,9.350
100666,4026.640,488,0.48585,14.29358,1,30,41,0.880,9.985
100667,4026.680,488,0.47857,14.22248,1,30,42,0.843,10.436
100668,4026.720,488,0.48589,14.16248,1,31,44,0.805,11.588
100669,4026.760,488,0.48459,14.11941,1,31,0,0.964,8.793
100670,4026.800,488,0.49480,14.05505,1,31,0,0.867,8.793
100671,4026.840,488,0.48136,13.99006,1,31,35,0.632,8.884
100672,4026.880,488,0.48888,13.92575,1,31,0,0.894,8.793
100673,4026.920,488,0.48687,13.85555,1,33,0,0.940,8.793
100674,4026.960,488,0.48710,13.78226,1,32,0,1.098,8.721
100675,4027.000,488,0.48447,13.71877,1,32,0,1.162,7.939
100676,4027.040,488,0.48184,13.65706,1,33,21,0.852,10.466
100677,4027.080,488,0.48047,13.59277,1,33,15,0.855,7.864
100678,4027.120,488,0.47546,13.53461,1,34,22,0.779,9.046
100679,4027.160,488,0.48063,13.43563,1,33,26,0.899,8.264
100680,4027.200,488,0.47861,13.37696,1,34,0,1.032,8.793
100681,4027.240,488,0.47542,13.31717,1,33,32,0.932,10.005
100682,4027.280,488,0.47629,13.28534,1,34,0,1.023,9.289
100683,4027.320,488,0.47729,13.19633,1,34,16,0.918,8.159
100684,4027.360,488,0.47630,13.13692,1,33,21,0.946,8.755
100685,4027.400,488,0.47126,13.07377,1,33,23,0.896,9.179
100686,4027.440,488,0.48029,13.01974,1,34,0,1.012,8.793
100687,4027.480,488,0.47695,12.96906,1,35,0,1.044,8.793
100688,4027.520,488,0.47227,12.89022,1,33,33,0.788,9.160
100689,4027.560,488,0.47273,12.84233,1,34,0,1.044,8.793
100690,4027.600,488,0.47551,12.78674,1,34,0,0.837,7.954
100691,4027.640,488,0.47156,12.71559,1,34,0,1.135,8.793
100692,4027.680,488,0.46676,12.59633,1,33,49,0.837,7.771
100693,4027.720,488,0.46687,12.54071,1,33,47,0.874,9.213
100694,4027.760,488,0.46593,12.47877,1,34,51,0.853,7.426
100695,4027.800,488,0.46956,12.43786,1,34,43,0.834,8.487
100696,4027.840,488,0.46189,12.34908,1,33,49,0.923,8.744
100697,4027.880,488,0.46135,12.30014,1,34,0,1.194,8.793
100698,4027.920,488,0.45972,12.21962,1,34,47,0.892,7.506
100699,4027.960,488,0.46188,12.17661,1,33,26,0.914,5.883
100700,4028.000,488,0.45972,12.10235,1,33,48,0.838,7.243
100701,4028.040,488,0.45762,12.06491,1,33,47,0.929,9.225
100702,4028.080,488,0.45892,11.98209,1,33,50,0.917,7.863
100703,4028.120,488,0.45768,11.92532,1,32,50,0.838,7.830
100704,4028.160,488,0.45627,11.86691,1,32,50,0.864,8.144
100705,4028.200,488,0.45248,11.79298,1,33,52,0.788,6.671
100706,4028.240,488,0.45216,11.71865,1,32,57,0.821,8.110
100707,4028.280,488,0.45215,11.66368,1,32,60,0.818,7.123
100708,4028.320,488,0.44788,11.59682,1,31,61,0.723,6.466
100709,4028.360,488,0.44614,11.52507,1,31,32,0.675,7.219
100710,4028.400,488,0.44591,11.46883,1,31,63,0.737,8.166
100711,4028.440,488,0.44435,11.41634,1,31,51,0.740,7.938
100712,4028.480,488,0.44923,11.39377,1,32,0,1.021,8.793
100713,4028.520,488,0.44457,11.30843,1,31,52,0.721,7.372
100714,4028.560,488,0.43708,11.23690,1,31,47,0.774,7.888
100715,4028.600,488,0.44174,11.18563,1,32,54,0.823,7.705
100716,4028.640,488,0.43763,11.10518,1,31,50,0.776,9.331
100717,4028.680,488,0.43939,11.06908,1,31,0,0.924,8.793
100718,4028.720,488,0.43937,11.01567,1,31,45,0.761,6.592
100719,4028.760,488,0.43557,10.95549,1,32,48,0.789,5.909
100720,4028.800,488,0.43565,10.91585,1,31,53,0.745,5.589
100721,4028.840,488,0.43223,10.83241,1,32,42,0.749,6.607
100722,4028.880,488,0.43217,10.77934,1,33,50,0.737,5.881
100723,4028.920,488,0.42409,10.69917,1,32,58,0.853,7.498
100724,4028.960,488,0.43048,10.65296,1,33,53,0.866,7.208
100725,4029.000,488,0.42477,10.58987,1,33,61,0.906,6.973
100726,4029.040,488,0.42443,10.54716,1,33,59,0.941,7.260
100727,4029.080,488,0.42282,10.48757,1,34,56,0.835,6.937
100728,4029.120,488,0.42647,10.43119,1,35,54,1.001,7.592
100729,4029.160,488,0.41877,10.35377,1,35,67,0.953,7.581
100730,4029.200,488,0.41802,10.31676,1,35,62,1.037,7.991
100731,4029.240,488,0.41689,10.24656,1,35,59,0.994,8.447
100732,4029.280,488,0.41417,10.18731,1,36,55,1.011,8.324
100733,4029.320,488,0.40770,10.11847,1,35,62,0.902,7.741
100734,4029.360,488,0.41243,10.06273,1,36,55,1.006,8.020
100735,4029.400,488,0.40847,10.01664,1,37,56,0.981,7.280
100736,4029.440,488,0.40553,9.95387,1,38,70,0.843,7.703
100737,4029.480,488,0.40317,9.89552,1,38,54,1.047,7.557
100738,4029.520,488,0.40452,9.83832,1,38,72,0.894,7.049
100739,4029.560,488,0.40299,9.79458,1,39,56,1.059,8.156
100740,4029.600,488,0.40141,9.74557,1,39,54,1.203,9.738
100741,4029.640,488,0.40042,9.69316,1,39,59,1.093,9.430
100742,4029.680,488,0.39851,9.62366,1,41,57,1.168,8.840
100743,4029.720,488,0.39430,9.55989,1,40,62,1.055,8.361
100744,4029.760,488,0.39594,9.54841,1,40,54,1.144,10.487
100745,4029.800,488,0.39183,9.47359,1,40,54,1.162,9.391
100746,4029.840,488,0.38811,9.40225,1,41,56,1.132,8.984
100747,4029.880,488,0.38644,9.35745,1,41,52,1.222,8.636
100748,4029.920,488,0.38583,9.29437,1,42,52,1.161,8.150
100749,4029.960,488,0.38465,9.23796,1,41,48,1.125,8.350
100750,4030.000,488,0.37893,9.17750,1,42,53,1.002,8.205
100751,4030.040,488,0.37569,9.12579,1,43,38,1.156,8.857
100752,4030.080,488,0.37610,9.07133,1,43,47,1.024,8.142
100753,4030.120,488,0.37400,9.01215,1,43,48,1.047,8.031
100754,4030.160,488,0.37181,8.96333,1,42,47,1.159,8.693
100755,4030.200,488,0.37103,8.92008,1,42,54,1.186,9.980
100756,4030.240,488,0.37139,8.85468,1,44,47,1.181,10.202
100757,4030.280,488,0.36724,8.80102,1,41,49,1.157,9.881
100758,4030.320,488,0.36126,8.74345,1,44,47,1.100,8.723
100759,4030.360,488,0.35874,8.68836,1,43,47,1.091,9.114
100760,4030.400,488,0.35683,8.63640,1,38,49,1.164,9.518
100761,4030.440,488,0.35768,8.58264,1,38,64,0.973,8.424
100763,4030.520,488,0.34945,8.30811,1,97,0,10.188,15.659
100764,4030.560,488,0.35529,8.28633,1,92,0,9.685,17.639
100765,4030.600,488,0.35208,8.38322,0,163,0,29.580,
100766,4030.640,488,0.35431,8.28112,1,98,72,7.637,9.625
100767,4030.680,488,0.34888,8.24910,1,83,72,7.355,9.345
100769,4030.760,488,0.34400,8.12677,1,85,67,7.468,9.801
100770,4030.800,488,0.35604,8.14013,1,36,65,2.170,11.223
100771,4030.840,488,0.34649,8.02882,1,35,72,2.054,10.546
100772,4030.880,488,0.33856,7.98100,1,31,72,1.711,8.858
124720,4988.800,598,-0.06433,32.93405,1,28,0,0.448,8.793
124721,4988.840,598,-0.07860,32.92486,0,972,0,71.123,
124722,4988.880,598,-0.08703,32.75708,0,933,0,75.107,
124723,4988.920,598,-0.08129,32.72742,0,206,0,30.560,
124725,4989.000,598,-0.10018,32.46839,0,1194,0,69.482,
124726,4989.040,598,-0.09765,32.53587,0,1009,0,72.561,
124728,4989.120,598,-0.09666,32.28388,0,0,0,,
124729,4989.160,598,-0.09629,32.23450,0,1084,0,78.306,
124730,4989.200,598,-0.11198,32.03380,0,231,0,30.506,
124731,4989.240,598,-0.10661,32.12904,0,1064,0,72.612,
124732,4989.280,598,-0.10841,32.08670,0,1120,0,73.567,
124733,4989.320,598,-0.11014,31.89818,0,194,0,28.080,
124734,4989.360,598,-0.11186,31.90117,0,184,0,27.370,
124735,4989.400,598,-0.12315,31.76187,0,180,0,28.763,
124736,4989.440,598,-0.12478,31.66406,0,188,0,27.263,
124737,4989.480,598,-0.12881,31.51678,0,196,0,25.339,
124738,4989.520,598,-0.13297,31.49891,0,190,0,28.763,
124739,4989.560,598,-0.13065,31.30343,0,195,0,28.714,
124740,4989.600,598,-0.12938,31.30646,0,195,0,27.109,
124741,4989.640,598,-0.14423,31.09356,0,278,0,27.364,
124742,4989.680,598,-0.14875,30.92372,0,202,0,28.049,
124743,4989.720,598,-0.13876,30.90393,0,179,0,29.153,
124744,4989.760,598,-0.15246,30.69281,0,252,0,25.609,
124745,4989.800,598,-0.15853,30.68898,0,264,0,26.319,
124746,4989.840,598,-0.15552,30.69541,0,266,0,26.959,
124747,4989.880,598,-0.16486,30.48629,0,242,0,26.398,
124748,4989.920,598,-0.16968,30.47860,0,264,0,25.770,
124749,4989.960,598,-0.17458,30.48362,0,292,0,27.323,
124750,4990.000,598,-0.17037,30.44632,0,214,0,27.583,
124751,4990.040,598,-0.18247,30.29552,0,222,0,27.376,
124752,4990.080,598,-0.19036,30.31634,0,226,0,26.872,
124753,4990.120,598,-0.19624,30.09954,0,190,0,29.734,
124754,4990.160,598,-0.18424,30.16202,0,252,0,30.532,
124755,4990.200,598,-0.18526,29.94772,0,329,0,29.293,
124756,4990.240,598,-0.19300,29.72884,0,262,0,29.235,
124757,4990.280,598,-0.17546,29.72680,0,31,0,1.942,
124758,4990.320,598,-0.19701,29.70272,0,241,0,27.745,
124759,4990.360,598,-0.19770,29.56915,0,210,0,28.196,
124760,4990.400,598,-0.19834,29.41090,0,221,0,27.320,
124761,4990.440,598,-0.20750,29.40838,0,184,0,29.571,
124762,4990.480,598,-0.20814,29.21836,0,174,0,21.008,
124763,4990.520,598,-0.20248,29.24544,0,224,0,26.058,
124764,4990.560,598,-0.20811,29.18461,0,232,0,23.724,
124765,4990.600,598,-0.21931,29.03202,0,276,0,29.395,
124766,4990.640,598,-0.21191,28.84248,0,195,0,29.123,
124767,4990.680,598,-0.22761,28.85710,0,195,0,29.352,
124768,4990.720,598,-0.22817,28.66269,0,258,0,31.119,
124769,4990.760,598,-0.22617,28.67128,0,223,0,28.331,
124770,4990.800,598,-0.23925,28.49794,0,212,0,28.429,
124771,4990.840,598,-0.23947,28.49263,0,174,0,23.729,
124772,4990.880,598,-0.23078,28.33063,0,210,0,28.634,
124773,4990.920,598,-0.23990,28.34265,0,213,0,28.265,
124774,4990.960,598,-0.22961,28.15938,0,265,0,30.407,
124775,4991.000,598,-0.22805,28.16972,0,0,0,,
124776,4991.040,598,-0.25053,27.98871,0,235,0,27.808,
124777,4991.080,598,-0.23113,28.00646,0,229,0,27.652,
124778,4991.120,598,-0.23283,27.83732,0,221,0,28.374,
124779,4991.160,598,-0.24599,27.84447,0,0,0,,
124780,4991.200,598,-0.24257,27.70186,0,0,0,,
124781,4991.240,598,-0.25116,27.66163,0,0,0,,
124782,4991.280,598,-0.24867,27.53054,0,267,0,29.678,
124783,4991.320,598,-0.25555,27.54478,0,0,0,,
124784,4991.360,598,-0.25609,27.34383,0,0,0,,
124785,4991.400,598,-0.26803,27.34062,0,0,0,,
124786,4991.440,598,-0.26930,27.18430,0,0,0,,
124787,4991.480,598,-0.26906,27.18913,1,29,0,0.778,8.793
124788,4991.520,598,-0.28341,27.02991,1,29,0,0.764,8.793
124789,4991.560,598,-0.28002,27.05749,0,0,0,,
124790,4991.600,598,-0.29346,26.90743,0,0,0,,
124791,4991.640,598,-0.30897,26.73228,0,0,0,,
124792,4991.680,598,-0.29697,26.70683,0,0,0,,
124793,4991.720,598,-0.30278,26.57013,0,0,0,,
124794,4991.760,598,-0.29830,26.61579,0,0,0,,
124795,4991.800,598,-0.28565,26.42125,0,0,0,,
124796,4991.840,598,-0.28633,26.46334,0,0,0,,
124797,4991.880,598,-0.29961,26.31061,0,0,0,,
124798,4991.920,598,-0.28902,26.26578,0,0,0,,
124799,4991.960,598,-0.32586,26.12096,1,35,0,0.774,8.793
124800,4992.000,598,-0.31310,25.97274,1,31,0,0.897,8.793
124801,4992.040,598,-0.31672,25.99648,1,31,0,0.800,8.793
124802,4992.080,598,-0.30871,25.86989,1,37,0,0.862,8.793
124803,4992.120,598,-0.31514,25.80429,1,37,0,0.790,8.793
124804,4992.160,598,-0.32235,25.68621,1,38,0,0.872,8.793
124805,4992.200,598,-0.32096,25.70455,1,34,0,0.840,8.793
124806,4992.240,598,-0.32914,25.53696,1,36,0,0.845,8.793
124807,4992.280,598,-0.33440,25.56188,1,33,0,0.842,8.793
124808,4992.320,598,-0.34786,25.37647,1,34,0,0.818,8.793
124809,4992.360,598,-0.33698,25.41438,1,33,0,0.870,8.793
124810,4992.400,598,-0.34991,25.22060,1,34,0,0.845,8.793
124811,4992.440,598,-0.35670,25.12059,1,32,0,0.967,8.793
124812,4992.480,598,-0.35032,25.13744,1,34,0,0.841,8.793
124813,4992.520,598,-0.35399,25.01027,1,31,0,0.886,8.793
124814,4992.560,598,-0.35399,24.98731,1,32,0,0.883,8.793
124815,4992.600,598,-0.32922,24.86470,1,32,0,0.812,8.793
124816,4992.640,598,-0.35372,24.84733,0,0,0,,
124817,4992.680,598,-0.34747,24.70515,0,0,0,,
124818,4992.720,598,-0.33991,24.58347,0,0,0,,
124819,4992.760,598,-0.34215,24.56145,0,0,0,,
124820,4992.800,598,-0.35074,24.42467,0,0,0,,
124821,4992.840,598,-0.35208,24.35972,0,0,0,,
124822,4992.880,598,-0.34623,24.31395,0,0,0,,
124823,4992.920,598,-0.34862,24.17546,0,0,0,,
124824,4992.960,598,-0.35896,24.14457,0,0,0,,
124825,4993.000,598,-0.35218,24.02522,0,0,0,,
124826,4993.040,598,-0.35136,23.90270,0,0,0,,
124827,4993.080,598,-0.36287,23.91997,0,0,0,,
124828,4993.120,598,-0.35454,23.78622,0,0,0,,
124829,4993.160,598,-0.35676,23.71371,0,0,0,,
124830,4993.200,598,-0.35840,23.65873,0,0,0,,
124831,4993.240,598,-0.37064,23.50904,0,0,0,,
124832,4993.280,598,-0.36929,23.52832,0,0,0,,
124833,4993.320,598,-0.38129,23.40832,0,0,0,,
124834,4993.360,598,-0.38846,23.27771,0,0,0,,
124835,4993.400,598,-0.37470,23.29699,0,0,0,,
124836,4993.440,598,-0.37282,23.14552,0,0,0,,
124837,4993.480,598,-0.38879,23.01810,0,0,0,,
124838,4993.520,598,-0.37570,23.01199,0,0,0,,
124839,4993.560,598,-0.38152,22.94218,0,0,0,,
124840,4993.600,598,-0.39485,22.83216,0,0,0,,
124841,4993.640,598,-0.39612,22.80751,0,0,0,,
124842,4993.680,598,-0.40509,22.68589,0,0,0,,
124843,4993.720,598,-0.40177,22.64565,0,0,0,,
124844,4993.760,598,-0.40843,22.53303,0,0,0,,
124845,4993.800,598,-0.39166,22.44974,0,0,0,,
124846,4993.840,598,-0.40255,22.39787,0,0,0,,
124847,4993.880,598,-0.40801,22.33176,0,0,0,,
124848,4993.920,598,-0.42412,22.23053,0,0,0,,
124849,4993.960,598,-0.40562,22.16148,0,0,0,,
124850,4994.000,598,-0.41094,22.09966,0,0,0,,
124851,4994.040,598,-0.43449,21.94843,0,0,0,,
124852,4994.080,598,-0.41433,21.95714,0,0,0,,
124853,4994.120,598,-0.41952,21.86074,0,0,0,,
124854,4994.160,598,-0.42338,21.75161,0,0,0,,
124855,4994.200,598,-0.42697,21.74292,0,0,0,,
124856,4994.240,598,-0.42878,21.58762,0,0,0,,
124857,4994.280,598,-0.43049,21.55031,0,0,0,,
124858,4994.320,598,-0.43253,21.49223,0,0,0,,
124859,4994.360,598,-0.43150,21.40527,0,0,0,,
124860,4994.400,598,-0.41759,21.29700,0,0,0,,
124861,4994.440,598,-0.41913,21.18519,0,0,0,,
124862,4994.480,598,-0.43705,21.18727,0,0,0,,
124863,4994.520,598,-0.42070,21.06700,0,0,0,,
124864,4994.560,598,-0.42103,20.95781,0,0,0,,
124865,4994.600,598,-0.42815,20.96325,0,0,0,,
124866,4994.640,598,-0.42940,20.85201,0,0,0,,
124867,4994.680,598,-0.42313,20.74379,0,0,0,,
124868,4994.720,598,-0.42962,20.74708,0,0,0,,
124869,4994.760,598,-0.42902,20.63708,0,0,0,,
124870,4994.800,598,-0.43922,20.53115,0,0,0,,
124871,4994.840,598,-0.44539,20.43298,0,0,0,,
124872,4994.880,598,-0.44156,20.42470,0,0,0,,
124873,4994.920,598,-0.44170,20.32111,0,0,0,,
124874,4994.960,598,-0.45085,20.21837,0,0,0,,
124875,4995.000,598,-0.44784,20.17780,0,0,0,,
124876,4995.040,598,-0.45200,20.11642,0,0,0,,
124877,4995.080,598,-0.45523,20.06927,0,0,0,,
124878,4995.120,598,-0.44602,19.96920,0,0,0,,
124879,4995.160,598,-0.45083,19.86083,0,0,0,,
124880,4995.200,598,-0.45481,19.81489,0,0,0,,
124881,4995.240,598,-0.46842,19.76580,0,0,0,,
124882,4995.280,598,-0.46832,19.71458,1,22,0,0.826,8.793
124883,4995.320,598,-0.47450,19.62497,1,21,0,0.927,8.793
124884,4995.360,598,-0.46795,19.58085,1,22,0,0.835,8.793
124885,4995.400,598,-0.47844,19.52139,1,23,0,0.674,8.793
124886,4995.440,598,-0.47073,19.41878,1,40,0,0.924,8.793
124887,4995.480,598,-0.47036,19.33511,1,40,0,0.937,8.793
124888,4995.520,598,-0.48798,19.30759,1,25,0,0.626,8.793
124889,4995.560,598,-0.48389,19.22404,1,21,0,0.705,8.793
124890,4995.600,598,-0.47999,19.14718,1,25,0,0.727,8.793
124891,4995.640,598,-0.47730,19.04250,1,25,0,0.829,8.793
124892,4995.680,598,-0.48541,18.99459,1,25,0,0.818,8.793
124893,4995.720,598,-0.47900,18.93961,1,26,0,0.564,8.793
124894,4995.760,598,-0.48784,18.86069,1,25,0,0.855,8.793
124895,4995.800,598,-0.48715,18.77098,1,26,0,0.724,8.793
124896,4995.840,598,-0.48881,18.72325,1,26,0,0.910,8.793
124897,4995.880,598,-0.49570,18.64077,1,26,0,0.784,8.793
124898,4995.920,598,-0.48984,18.57601,1,25,0,0.833,8.793
124899,4995.960,598,-0.49500,18.48466,1,25,0,0.810,8.793
124900,4996.000,598,-0.49702,18.42437,1,26,0,0.860,8.793
124901,4996.040,598,-0.48808,18.34995,1,26,0,0.695,8.793
124902,4996.080,598,-0.49538,18.26788,1,26,0,0.806,8.793
124903,4996.120,598,-0.49012,18.18532,1,26,0,0.883,8.793
124904,4996.160,598,-0.49672,18.16478,1,26,0,0.885,8.793
124905,4996.200,598,-0.49265,18.07731,1,26,0,0.784,8.793
124906,4996.240,598,-0.49647,17.99100,1,25,0,0.895,8.793
124907,4996.280,598,-0.49490,17.89876,1,25,0,0.729,8.793
124908,4996.320,598,-0.49725,17.83617,1,26,0,0.945,8.793
124909,4996.360,598,-0.49959,17.75094,1,26,0,0.889,8.793
124910,4996.400,598,-0.50060,17.67476,1,24,0,0.803,8.793
124911,4996.440,598,-0.50474,17.62356,1,24,0,0.840,8.793
124912,4996.480,598,-0.50476,17.55362,1,24,0,0.848,8.793
124913,4996.520,598,-0.50790,17.47668,1,23,0,0.860,8.793
124914,4996.560,598,-0.50283,17.39415,1,24,0,0.804,8.793
124915,4996.600,598,-0.50581,17.31366,1,24,0,0.876,8.793
124916,4996.640,598,-0.50634,17.23378,1,23,0,0.829,8.793
124917,4996.680,598,-0.51057,17.15998,1,22,0,0.849,8.793
124918,4996.720,598,-0.51074,17.12607,1,23,0,0.839,8.793
124919,4996.760,598,-0.50894,17.04765,1,23,0,0.858,8.793
124920,4996.800,598,-0.51141,16.97313,1,22,0,0.798,8.793
124921,4996.840,598,-0.51448,16.89219,1,24,0,0.796,8.793
124922,4996.880,598,-0.51707,16.82216,1,23,0,0.771,8.793
124923,4996.920,598,-0.51872,16.74091,1,23,0,0.821,8.793
124924,4996.960,598,-0.51836,16.66129,1,22,0,0.815,8.793
124925,4997.000,598,-0.52133,16.58827,1,25,0,0.795,8.793
124926,4997.040,598,-0.51754,16.56899,1,24,0,0.892,8.793
124927,4997.080,598,-0.52030,16.49605,1,24,0,0.846,8.793
124928,4997.120,598,-0.52596,16.43990,1,26,0,0.881,8.793
124929,4997.160,598,-0.52579,16.36548,1,25,0,0.770,8.793
124930,4997.200,598,-0.52002,16.28077,1,25,44,0.690,8.559
124931,4997.240,598,-0.52116,16.21322,1,25,0,1.103,8.793
124932,4997.280,598,-0.52201,16.17431,1,26,0,1.046,9.357
124933,4997.320,598,-0.53004,16.11483,1,27,0,0.947,8.793
124934,4997.360,598,-0.52558,16.03552,1,27,0,0.878,8.793
124935,4997.400,598,-0.52391,15.97332,1,27,0,0.830,9.758
124936,4997.440,598,-0.52830,15.89308,1,28,0,0.881,8.793
124937,4997.480,598,-0.52863,15.82848,1,29,0,1.004,8.938
124938,4997.520,598,-0.52766,15.77150,1,30,0,0.911,8.793
124939,4997.560,598,-0.53011,15.71529,1,29,0,0.974,8.793
124940,4997.600,598,-0.52612,15.65114,1,29,0,0.922,8.793
124941,4997.640,598,-0.53217,15.58745,1,30,0,0.915,8.793
124942,4997.680,598,-0.52718,15.51506,1,30,0,0.911,9.726
124943,4997.720,598,-0.53164,15.46144,1,30,0,0.830,8.793
124944,4997.760,598,-0.53398,15.38831,1,30,0,0.747,8.793
124945,4997.800,598,-0.53423,15.31992,1,30,0,0.835,8.793
124946,4997.840,598,-0.53590,15.25640,1,31,0,0.924,8.793
124947,4997.880,598,-0.53339,15.17997,1,31,0,0.837,8.793
124948,4997.920,598,-0.53071,15.12866,1,31,0,0.771,9.376
124949,4997.960,598,-0.53483,15.05371,1,31,0,0.844,8.793
124950,4998.000,598,-0.53145,15.00116,1,31,0,0.763,8.793
124951,4998.040,598,-0.53262,14.93031,1,31,0,0.777,6.709
124952,4998.080,598,-0.53344,14.86669,1,31,0,0.758,8.138
124953,4998.120,598,-0.53524,14.75916,1,31,38,0.803,11.160
124954,4998.160,598,-0.53498,14.71747,1,25,0,1.052,8.793
124955,4998.200,598,-0.53698,14.65454,1,27,0,0.916,8.793
124956,4998.240,598,-0.53652,14.58333,1,26,0,0.919,8.793
124957,4998.280,598,-0.54161,14.51363,1,26,0,0.960,8.793
124958,4998.320,598,-0.53950,14.45678,1,26,30,0.789,10.638
124959,4998.360,598,-0.53693,14.38780,1,25,0,0.890,9.267
124960,4998.400,598,-0.53629,14.31941,1,25,0,0.886,11.120
124961,4998.440,598,-0.53391,14.25700,1,26,37,0.707,9.662
124962,4998.480,598,-0.53884,14.17075,1,27,0,0.886,10.307
124963,4998.520,598,-0.53773,14.11517,1,27,36,0.789,9.364
124964,4998.560,598,-0.53692,14.04261,1,26,39,0.709,9.132
124965,4998.600,598,-0.53837,13.97637,1,27,41,0.709,11.588
124966,4998.640,598,-0.53885,13.90953,1,27,35,0.716,8.628
124967,4998.680,598,-0.53906,13.83415,1,26,55,0.698,10.680
124968,4998.720,598,-0.54244,13.77261,1,28,64,0.675,8.431
124969,4998.760,598,-0.53378,13.70556,1,27,72,0.624,8.667
124970,4998.800,598,-0.53591,13.63737,1,27,42,0.482,7.827
124971,4998.840,598,-0.53666,13.56393,1,27,72,0.613,8.350
124972,4998.880,598,-0.53604,13.50760,1,27,55,0.676,8.198
124973,4998.920,598,-0.53830,13.42830,1,28,59,0.722,8.416
124974,4998.960,598,-0.53967,13.37779,1,28,72,0.684,8.202
124975,4999.000,598,-0.53186,13.31339,1,28,70,0.720,8.871
124976,4999.040,598,-0.53711,13.27242,1,27,72,0.807,9.607
124977,4999.080,598,-0.53348,13.21383,1,28,60,0.795,11.249
124978,4999.120,598,-0.53746,13.13724,1,29,72,0.752,10.331
124979,4999.160,598,-0.53641,13.07038,1,27,66,0.759,9.829
124980,4999.200,598,-0.53968,13.03232,1,28,72,0.767,10.113
124981,4999.240,598,-0.53248,12.94482,1,29,68,0.804,10.037
124982,4999.280,598,-0.53913,12.87359,1,29,62,0.752,9.080
124983,4999.320,598,-0.53786,12.82135,1,28,59,0.763,8.710
124984,4999.360,598,-0.53267,12.78614,1,29,65,0.836,10.303
124985,4999.400,598,-0.52990,12.70412,1,29,57,0.864,9.477
124986,4999.440,598,-0.53359,12.64766,1,29,53,0.910,9.820
124987,4999.480,598,-0.53299,12.60182,1,29,48,0.852,11.587
124988,4999.520,598,-0.53334,12.51488,1,31,55,0.909,9.770
124989,4999.560,598,-0.53733,12.43061,1,30,58,0.877,9.809
124990,4999.600,598,-0.53929,12.38231,1,31,51,0.844,8.984
124991,4999.640,598,-0.53134,12.32857,1,31,42,0.901,8.253
124992,4999.680,598,-0.53624,12.26508,1,37,40,0.912,9.373
124993,4999.720,598,-0.53338,12.21347,1,31,51,0.905,8.338
124994,4999.760,598,-0.53359,12.16295,1,32,34,0.935,8.317
124995,4999.800,598,-0.53446,12.08932,1,32,32,0.967,8.621
124996,4999.840,598,-0.53443,12.01439,1,38,38,0.999,8.366
124997,4999.880,598,-0.53616,11.97164,1,37,34,0.983,8.865
124998,4999.920,598,-0.53195,11.93067,1,37,22,0.871,8.680
124999,4999.960,598,-0.53003,11.86364,1,37,33,0.974,9.115
125000,5000.000,598,-0.53285,11.79917,1,37,33,0.893,8.118
125001,5000.040,598,-0.53399,11.74097,1,38,36,0.952,8.430
125002,5000.080,598,-0.53540,11.66656,1,37,51,0.890,7.436
125003,5000.120,598,-0.53787,11.62580,1,37,51,0.904,9.172
125004,5000.160,598,-0.52862,11.60053,1,35,50,0.810,12.050
125005,5000.200,598,-0.53455,11.49965,1,35,59,0.845,8.010
125006,5000.240,598,-0.53361,11.42194,1,36,57,0.912,8.660
125007,5000.280,598,-0.52970,11.37313,1,33,49,0.892,7.926
125008,5000.320,598,-0.53041,11.30793,1,36,58,0.964,9.936
125009,5000.360,598,-0.52713,11.24726,1,37,59,0.953,8.300
125010,5000.400,598,-0.52919,11.19031,1,35,64,0.797,8.585
125011,5000.440,598,-0.52762,11.12799,1,36,66,0.991,9.429
125012,5000.480,598,-0.52850,11.05761,1,36,61,0.909,8.012
125013,5000.520,598,-0.52869,11.00492,1,37,66,0.937,8.119
125014,5000.560,598,-0.52835,10.94415,1,35,72,0.838,8.756
125015,5000.600,598,-0.52343,10.87913,1,35,72,0.749,8.311
125016,5000.640,598,-0.52323,10.83147,1,36,69,0.898,8.306
125017,5000.680,598,-0.52247,10.76912,1,35,68,0.795,7.927
125018,5000.720,598,-0.52189,10.70326,1,37,72,0.903,8.764
125019,5000.760,598,-0.51976,10.65850,1,34,72,0.728,7.210
125020,5000.800,598,-0.52283,10.59999,1,35,72,0.882,8.145
125021,5000.840,598,-0.52285,10.53719,1,34,58,0.701,8.063
125022,5000.880,598,-0.52070,10.48361,1,34,54,0.700,6.913
125023,5000.920,598,-0.51894,10.42883,1,35,54,0.715,7.772
125024,5000.960,598,-0.51666,10.36844,1,35,54,0.702,7.734
125025,5001.000,598,-0.51697,10.31772,1,35,55,0.733,7.537
125026,5001.040,598,-0.51622,10.26403,1,34,57,0.742,7.279
125027,5001.080,598,-0.51754,10.20682,1,36,72,0.677,7.453
125028,5001.120,598,-0.51297,10.14231,1,36,57,0.816,7.979
125029,5001.160,598,-0.51250,10.09455,1,37,58,0.758,7.845
125030,5001.200,598,-0.51398,10.04411,1,36,61,0.906,7.439
125031,5001.240,598,-0.51242,9.97093,1,37,63,0.852,7.919
125032,5001.280,598,-0.51541,9.92778,1,37,72,0.902,7.516
125033,5001.320,598,-0.51146,9.86168,1,37,72,1.015,8.785
125034,5001.360,598,-0.51214,9.81005,1,37,70,0.922,8.846
125035,5001.400,598,-0.50936,9.75825,1,38,72,1.012,8.233
125036,5001.440,598,-0.50710,9.69065,1,38,72,0.849,8.601
125037,5001.480,598,-0.50495,9.64018,1,39,72,1.005,9.648
125038,5001.520,598,-0.50695,9.57648,1,39,72,0.982,8.658
125039,5001.560,598,-0.50757,9.52283,1,39,72,0.910,8.652
125040,5001.600,598,-0.50897,9.47374,1,40,64,1.103,8.852
125041,5001.640,598,-0.50631,9.42451,1,39,67,1.137,9.664
125042,5001.680,598,-0.50525,9.37208,1,39,72,1.093,10.093
125043,5001.720,598,-0.50307,9.31755,1,39,72,1.100,9.586
125044,5001.760,598,-0.50514,9.25784,1,40,62,1.218,9.876
125045,5001.800,598,-0.50076,9.19934,1,38,62,1.095,9.432
125046,5001.840,598,-0.50438,9.14719,1,41,63,1.073,8.984
125047,5001.880,598,-0.50051,9.09576,1,39,66,1.074,8.979
125048,5001.920,598,-0.50112,9.03839,1,40,65,1.100,8.901
125049,5001.960,598,-0.49686,8.98221,1,39,53,1.099,9.445
125050,5002.000,598,-0.49994,8.92803,1,39,62,1.086,8.741
125051,5002.040,598,-0.49951,8.88159,1,37,50,1.034,8.370
125052,5002.080,598,-0.49475,8.81737,1,39,53,1.025,8.507
125053,5002.120,598,-0.49672,8.77815,1,39,57,1.140,9.544
125054,5002.160,598,-0.49590,8.71532,1,38,46,0.985,8.339
125055,5002.200,598,-0.49637,8.65324,1,37,61,0.960,8.305
125056,5002.240,598,-0.49418,8.61983,1,37,67,1.089,9.764
125057,5002.280,598,-0.49998,8.54479,1,0,72,0.752,8.990
125058,5002.320,598,-0.50273,8.49439,1,0,72,1.028,9.735
125059,5002.360,598,-0.49310,8.46581,1,0,68,1.026,10.703
125060,5002.400,598,-0.50392,8.39847,1,0,69,1.090,10.336
125061,5002.440,598,-0.47993,8.34752,1,21,68,0.980,10.664
125062,5002.480,598,-0.45920,8.28552,1,33,63,1.364,9.823
125063,5002.520,598,-0.49247,8.24012,1,0,72,1.047,10.920
125064,5002.560,598,-0.49024,8.18153,1,0,66,0.842,9.760
125065,5002.600,598,-0.48325,8.09098,0,342,0,63.779,
125066,5002.640,598,-0.47777,8.05482,1,31,72,2.067,10.507
125067,5002.680,598,-0.48618,7.96894,0,313,0,62.841,
125920,5036.800,608,-0.04976,32.72394,1,22,0,1.053,8.793
125922,5036.880,608,-0.06489,32.45971,0,0,0,,
125923,5036.920,608,-0.06458,32.45980,0,0,0,,
125925,5037.000,608,-0.06457,32.28811,0,0,0,,
125926,5037.040,608,-0.07343,32.12253,0,227,0,30.280,
125927,5037.080,608,-0.06938,32.03230,0,0,0,,
125928,5037.120,608,-0.07310,32.01344,0,240,0,29.649,
125929,5037.160,608,-0.07613,31.98546,0,253,0,29.281,
125930,5037.200,608,-0.07933,31.90465,0,1186,0,65.219,
125931,5037.240,608,-0.08622,31.65558,0,0,0,,
125932,5037.280,608,-0.09653,31.65346,0,238,0,29.769,
125933,5037.320,608,-0.09385,31.45503,0,231,0,28.576,
125934,5037.360,608,-0.09208,31.45585,0,231,0,30.177,
125935,5037.400,608,-0.09365,31.31457,0,228,0,30.576,
125936,5037.440,608,-0.10145,31.28807,0,193,0,32.350,
125937,5037.480,608,-0.08396,31.03656,0,241,0,29.961,
125938,5037.520,608,-0.11148,30.86676,0,187,0,31.875,
125939,5037.560,608,-0.10140,30.87729,0,240,0,29.902,
125940,5037.600,608,-0.10865,30.67857,0,241,0,30.376,
125941,5037.640,608,-0.11478,30.67252,0,243,0,29.684,
125942,5037.680,608,-0.11909,30.66086,0,256,0,29.912,
125943,5037.720,608,-0.12344,30.46335,0,250,0,29.485,
125944,5037.760,608,-0.12695,30.46447,0,252,0,29.578,
125945,5037.800,608,-0.12400,30.46694,0,258,0,28.509,
125946,5037.840,608,-0.12812,30.27090,0,253,0,29.677,
125947,5037.880,608,-0.12828,30.27203,0,262,0,28.042,
125948,5037.920,608,-0.12969,30.11164,0,243,0,30.037,
125949,5037.960,608,-0.13079,30.12277,0,240,0,30.423,
125950,5038.000,608,-0.13750,29.90311,0,188,0,28.545,
125951,5038.040,608,-0.13474,29.71578,0,243,0,30.155,
125952,5038.080,608,-0.13590,29.72855,0,196,0,32.947,
125953,5038.120,608,-0.13912,29.54652,0,248,12,31.798,
125954,5038.160,608,-0.13709,29.56759,0,241,0,29.714,
125955,5038.200,608,-0.13986,29.39016,0,253,15,31.983,
125956,5038.240,608,-0.14993,29.34061,0,250,13,31.452,
125957,5038.280,608,-0.15152,29.17227,0,257,15,32.503,
125958,5038.320,608,-0.16283,29.18022,0,261,0,29.453,
125959,5038.360,608,-0.15493,29.01335,0,263,0,29.657,
125960,5038.400,608,-0.15363,29.00290,0,222,0,28.099,
125961,5038.440,608,-0.15791,28.83665,0,243,12,31.016,
125962,5038.480,608,-0.15924,28.74980,0,262,0,30.325,
125963,5038.520,608,-0.16536,28.65157,0,203,0,32.772,
125964,5038.560,608,-0.16803,28.48050,0,249,12,29.611,
125965,5038.600,608,-0.16875,28.54362,0,257,0,29.614,
125966,5038.640,608,-0.17036,28.33330,0,265,0,29.669,
125967,5038.680,608,-0.17744,28.30797,0,257,0,30.136,
125968,5038.720,608,-0.18417,28.14062,0,318,0,28.743,
125969,5038.760,608,-0.18440,28.14232,0,317,0,28.899,
125970,5038.800,608,-0.18467,28.00022,0,281,0,29.467,
125971,5038.840,608,-0.18799,28.00503,0,255,0,30.556,
125972,5038.880,608,-0.18944,27.86723,0,325,0,28.916,
125973,5038.920,608,-0.18258,27.81769,0,293,0,26.348,
125974,5038.960,608,-0.19477,27.65272,0,216,0,32.325,
125975,5039.000,608,-0.20315,27.48298,0,331,0,28.776,
125976,5039.040,608,-0.19667,27.49938,0,254,0,30.926,
125977,5039.080,608,-0.20009,27.36468,0,331,0,28.938,
125978,5039.120,608,-0.19958,27.36925,0,331,0,29.029,
125979,5039.160,608,-0.21140,27.22337,0,327,0,29.221,
125980,5039.200,608,-0.20106,27.19151,0,290,0,27.077,
125981,5039.240,608,-0.21192,27.01175,0,345,0,29.045,
125982,5039.280,608,-0.21727,26.86610,0,334,0,28.675,
125983,5039.320,608,-0.21531,26.89452,0,318,0,26.257,
125984,5039.360,608,-0.20881,26.72434,0,346,0,29.340,
125985,5039.400,608,-0.20660,26.72615,0,355,0,28.774,
125986,5039.440,608,-0.21296,26.54177,0,365,0,28.007,
125987,5039.480,608,-0.22085,26.48121,0,363,0,28.100,
125988,5039.520,608,-0.22658,26.39326,0,369,0,29.707,
125989,5039.560,608,-0.22372,26.24811,0,83,0,12.344,
125990,5039.600,608,-0.22386,26.21280,0,88,0,12.230,
125991,5039.640,608,-0.22329,26.08803,0,91,0,12.337,
125992,5039.680,608,-0.22372,26.01485,0,93,0,12.417,
125993,5039.720,608,-0.22351,25.94137,0,398,0,28.673,
125994,5039.760,608,-0.23263,25.82444,0,413,0,28.578,
125995,5039.800,608,-0.23312,25.82039,0,387,0,29.311,
125996,5039.840,608,-0.22085,25.65595,1,32,0,0.883,8.793
125997,5039.880,608,-0.22457,25.50497,1,31,0,0.914,8.793
125998,5039.920,608,-0.22977,25.48641,1,33,0,0.825,8.793
125999,5039.960,608,-0.23860,25.38107,1,31,0,0.812,8.793
126000,5040.000,608,-0.23493,25.31436,1,32,0,0.802,51.697
126001,5040.040,608,-0.24373,25.20532,1,32,0,0.838,8.793
126002,5040.080,608,-0.24135,25.11886,1,33,0,0.955,17.760
126003,5040.120,608,-0.23850,25.04552,1,32,0,0.856,14.304
126004,5040.160,608,-0.24664,24.95154,1,32,0,0.939,8.793
126005,5040.200,608,-0.24030,24.93837,1,32,0,0.906,13.754
126006,5040.240,608,-0.24324,24.83636,1,31,0,0.897,8.793
126007,5040.280,608,-0.25533,24.66288,1,33,47,0.673,15.416
126008,5040.320,608,-0.24713,24.62157,1,31,0,0.901,15.440
126009,5040.360,608,-0.25093,24.55803,1,32,39,0.629,14.275
126010,5040.400,608,-0.25119,24.41702,1,32,0,0.923,14.464
126011,5040.440,608,-0.25268,24.34822,1,31,0,0.932,12.101
126012,5040.480,608,-0.25583,24.21518,1,33,0,0.918,18.676
126013,5040.520,608,-0.25639,24.14942,1,30,0,0.968,15.327
126014,5040.560,608,-0.26216,24.09529,1,32,70,0.698,14.834
126015,5040.600,608,-0.25970,24.03202,1,33,0,0.944,14.101
126016,5040.640,608,-0.25697,23.89593,1,31,0,0.861,8.793
126017,5040.680,608,-0.25722,23.80819,1,33,0,0.791,12.676
126018,5040.720,608,-0.25758,23.76652,1,31,0,0.804,8.793
126019,5040.760,608,-0.26059,23.62560,1,31,27,0.698,13.664
126020,5040.800,608,-0.26442,23.54355,1,31,0,0.854,12.804
126021,5040.840,608,-0.26459,23.43784,1,32,0,0.857,15.513
126022,5040.880,608,-0.26386,23.36817,1,32,0,0.829,13.344
126023,5040.920,608,-0.26284,23.31796,1,33,33,0.678,10.442
126024,5040.960,608,-0.26728,23.17117,1,32,56,0.605,14.995
126025,5041.000,608,-0.25879,23.14964,1,32,38,0.635,10.188
126026,5041.040,608,-0.27065,23.03178,1,33,0,0.834,15.751
126027,5041.080,608,-0.27734,23.00127,1,33,0,0.838,17.437
126028,5041.120,608,-0.27310,22.86857,1,34,0,0.860,15.012
126029,5041.160,608,-0.27434,22.80383,1,33,58,0.706,16.312
126030,5041.200,608,-0.26786,22.73913,1,34,0,0.960,14.105
126031,5041.240,608,-0.28073,22.61567,1,35,0,0.832,15.944
126032,5041.280,608,-0.27699,22.51735,1,33,0,0.811,17.854
126033,5041.320,608,-0.28350,22.43042,1,36,47,0.707,18.746
126034,5041.360,608,-0.28398,22.37859,1,34,0,0.903,15.579
126035,5041.400,608,-0.28329,22.24717,1,36,18,0.706,11.905
126036,5041.440,608,-0.28460,22.16250,1,36,25,0.768,11.403
126037,5041.480,608,-0.28491,22.12924,1,34,0,0.859,8.793
126038,5041.520,608,-0.28894,22.04304,1,38,0,0.854,16.267
126039,5041.560,608,-0.28236,21.91351,1,38,35,0.706,14.983
126040,5041.600,608,-0.29023,21.85735,1,38,29,0.711,12.503
126041,5041.640,608,-0.28207,21.79698,1,38,0,0.828,8.793
126042,5041.680,608,-0.28181,21.70336,1,21,37,0.735,14.107
126043,5041.720,608,-0.28824,21.58967,1,39,29,0.793,13.763
126044,5041.760,608,-0.28777,21.55560,1,21,42,0.606,12.525
126045,5041.800,608,-0.29690,21.35433,1,36,40,0.716,14.395
126046,5041.840,608,-0.30486,21.25492,1,21,41,0.699,13.164
126047,5041.880,608,-0.28966,21.18127,1,21,32,0.777,13.348
126048,5041.920,608,-0.29646,21.10614,1,34,0,0.825,8.793
126049,5041.960,608,-0.29237,21.03062,1,22,0,0.662,19.109
126050,5042.000,608,-0.29237,21.01471,1,22,0,0.662,8.793
126051,5042.040,608,-0.29031,20.85758,1,22,0,0.906,20.199
126052,5042.080,608,-0.28542,20.90530,1,22,0,0.842,14.942
126053,5042.120,608,-0.29178,20.78517,1,36,0,0.898,8.793
126054,5042.160,608,-0.29840,20.63048,1,23,0,0.889,8.793
126055,5042.200,608,-0.28815,20.58454,1,40,17,0.753,10.292
126056,5042.240,608,-0.29886,20.53703,1,23,30,0.769,14.317
126057,5042.280,608,-0.29952,20.46013,1,24,30,0.764,15.390
126058,5042.320,608,-0.29809,20.36462,1,24,0,0.866,19.663
126059,5042.360,608,-0.29385,20.28550,1,23,29,0.631,12.693
126060,5042.400,608,-0.30480,20.16293,1,24,31,0.691,14.826
126061,5042.440,608,-0.30206,20.17810,1,24,0,0.976,8.793
126062,5042.480,608,-0.29956,20.09903,1,24,0,0.860,12.619
126063,5042.520,608,-0.30320,19.94054,1,23,0,0.718,8.793
126064,5042.560,608,-0.29897,19.94506,1,24,34,0.657,17.337
126065,5042.600,608,-0.30593,19.76393,1,25,36,0.682,16.275
126066,5042.640,608,-0.31032,19.66544,1,24,29,0.759,14.515
126067,5042.680,608,-0.31286,19.63805,1,24,0,0.930,11.148
126068,5042.720,608,-0.30365,19.54875,1,25,0,0.791,8.793
126069,5042.760,608,-0.30488,19.45335,1,37,0,0.939,8.793
126070,5042.800,608,-0.29803,19.36534,1,25,24,0.818,14.005
126071,5042.840,608,-0.30422,19.27920,1,39,0,0.895,8.793
126072,5042.880,608,-0.30208,19.18716,1,25,29,0.798,14.652
126073,5042.920,608,-0.29839,19.14401,1,22,0,0.915,8.793
126074,5042.960,608,-0.30026,19.09357,1,23,0,0.828,8.793
126075,5043.000,608,-0.29220,18.97248,1,39,0,0.775,8.793
126076,5043.040,608,-0.31076,18.85863,1,40,44,0.787,14.278
126077,5043.080,608,-0.30301,18.80335,1,39,42,0.833,9.718
126078,5043.120,608,-0.30658,18.70286,1,39,33,0.711,11.616
126079,5043.160,608,-0.30614,18.68454,1,39,0,0.920,8.793
126080,5043.200,608,-0.30732,18.62184,1,25,0,0.866,13.789
126081,5043.240,608,-0.30395,18.52546,1,40,0,1.071,8.793
126082,5043.280,608,-0.30577,18.42500,1,38,0,0.928,8.793
126083,5043.320,608,-0.29835,18.34846,1,38,0,0.810,8.793
126084,5043.360,608,-0.29725,18.30781,1,24,46,0.759,13.914
126085,5043.400,608,-0.30017,18.21715,1,24,0,0.920,8.793
126086,5043.440,608,-0.30734,18.06063,1,21,49,0.664,9.352
126087,5043.480,608,-0.31044,18.06578,1,24,0,0.868,8.793
126088,5043.520,608,-0.30787,17.97487,1,23,0,0.845,15.946
126089,5043.560,608,-0.30809,17.83280,1,23,51,0.736,11.410
126090,5043.600,608,-0.30600,17.77670,1,24,48,0.647,12.855
126091,5043.640,608,-0.30804,17.68643,1,22,47,0.716,9.300
126092,5043.680,608,-0.30215,17.58061,1,23,59,0.739,9.052
126093,5043.720,608,-0.30076,17.51540,1,24,49,0.703,8.602
126094,5043.760,608,-0.30372,17.44105,1,23,46,0.737,9.441
126095,5043.800,608,-0.30040,17.43809,1,21,32,0.629,8.701
126096,5043.840,608,-0.30079,17.35056,1,22,0,0.743,14.560
126097,5043.880,608,-0.29836,17.35925,1,22,0,0.895,8.793
126098,5043.920,608,-0.30373,17.19354,1,22,23,0.553,14.751
126099,5043.960,608,-0.29322,17.20541,1,22,0,0.770,12.422
126100,5044.000,608,-0.29491,17.07131,1,21,40,0.636,9.585
126101,5044.040,608,-0.29652,16.95740,1,21,40,0.731,10.197
126102,5044.080,608,-0.29860,16.92393,1,22,44,0.690,8.585
126103,5044.120,608,-0.29346,16.91274,1,22,0,0.967,10.115
126104,5044.160,608,-0.28831,16.76746,1,24,45,0.731,8.906
126105,5044.200,608,-0.29507,16.69321,1,23,61,0.623,9.345
126106,5044.240,608,-0.29773,16.61820,1,22,52,0.667,8.294
126107,5044.280,608,-0.28972,16.53732,1,22,22,0.729,12.442
126108,5044.320,608,-0.29682,16.47112,1,23,47,0.652,8.622
126109,5044.360,608,-0.29368,16.44918,1,21,37,0.588,8.083
126110,5044.400,608,-0.29058,16.35389,1,24,49,0.630,9.590
126111,5044.440,608,-0.29487,16.23388,1,22,47,0.673,9.050
126112,5044.480,608,-0.29492,16.13965,1,24,43,0.678,9.616
126113,5044.520,608,-0.29289,16.09176,1,26,46,0.846,10.442
126114,5044.560,608,-0.28773,16.07211,1,25,48,0.670,11.057
126115,5044.600,608,-0.28782,16.00285,1,23,31,0.636,9.651
126116,5044.640,608,-0.29089,15.87244,1,25,51,0.676,9.898
126117,5044.680,608,-0.27943,15.83524,1,26,54,0.823,9.879
126118,5044.720,608,-0.28384,15.77475,1,27,53,0.798,13.070
126119,5044.760,608,-0.28229,15.68321,1,26,48,0.785,10.203
126120,5044.800,608,-0.28679,15.55569,1,26,54,0.780,11.029
126121,5044.840,608,-0.28690,15.54287,1,27,52,0.816,12.689
126122,5044.880,608,-0.28929,15.44333,1,26,54,0.919,13.874
126123,5044.920,608,-0.27930,15.39434,1,27,52,0.951,13.065
126124,5044.960,608,-0.28494,15.27850,1,27,53,0.799,14.053
126125,5045.000,608,-0.27863,15.26299,1,26,50,0.832,12.004
126126,5045.040,608,-0.27713,15.18495,1,28,47,0.955,12.866
126127,5045.080,608,-0.27384,15.12517,1,29,50,0.915,13.974
126128,5045.120,608,-0.27277,15.05945,1,29,56,0.761,15.752
126129,5045.160,608,-0.28024,14.92051,1,29,52,0.990,13.439
126130,5045.200,608,-0.27147,14.91637,1,29,60,0.871,15.153
126131,5045.240,608,-0.27497,14.79842,1,30,49,0.859,14.600
126132,5045.280,608,-0.27488,14.70886,1,29,49,0.929,13.158
126133,5045.320,608,-0.27327,14.67113,1,29,51,0.989,13.450
126134,5045.360,608,-0.27115,14.62856,1,30,52,1.023,14.377
126135,5045.400,608,-0.26927,14.56961,1,30,50,0.903,14.548
126136,5045.440,608,-0.27231,14.44444,1,29,46,0.874,12.728
126137,5045.480,608,-0.27242,14.44337,1,30,51,0.722,14.117
126138,5045.520,608,-0.25966,14.31197,1,33,47,0.875,13.094
126139,5045.560,608,-0.26498,14.24756,1,29,37,0.994,13.682
126140,5045.600,608,-0.26524,14.17680,1,31,36,0.921,13.788
126141,5045.640,608,-0.26105,14.10257,1,31,45,0.937,13.217
126142,5045.680,608,-0.25852,14.07196,1,29,50,0.993,13.470
126143,5045.720,608,-0.26236,14.02556,1,34,56,0.646,15.375
126144,5045.760,608,-0.25594,13.93086,1,33,42,0.808,14.448
126145,5045.800,608,-0.25258,13.88135,1,33,58,0.824,14.824
126146,5045.840,608,-0.24954,13.80432,1,36,50,0.856,15.504
126147,5045.880,608,-0.25189,13.74938,1,34,50,0.761,14.583
126148,5045.920,608,-0.24716,13.67039,1,34,59,0.738,16.913
126149,5045.960,608,-0.24366,13.61061,1,35,57,0.773,16.769
126150,5046.000,608,-0.24051,13.49797,1,33,47,0.704,15.827
126151,5046.040,608,-0.23321,13.48848,1,33,37,0.945,13.060
126152,5046.080,608,-0.23638,13.36893,1,33,53,0.786,16.128
126153,5046.120,608,-0.23655,13.32077,1,36,36,0.895,14.048
126154,5046.160,608,-0.23456,13.27131,1,34,59,0.810,16.427
126155,5046.200,608,-0.23321,13.20130,1,35,61,0.653,16.474
126156,5046.240,608,-0.22602,13.10061,1,35,66,0.653,16.866
126157,5046.280,608,-0.22979,13.06258,1,35,66,0.652,16.788
126158,5046.320,608,-0.23093,12.96278,1,35,51,0.871,13.831
126159,5046.360,608,-0.22782,12.93131,1,35,61,0.699,16.826
126160,5046.400,608,-0.22318,12.82907,1,34,62,0.739,16.272
126161,5046.440,608,-0.22323,12.80666,1,35,64,0.769,16.173
126162,5046.480,608,-0.21987,12.68069,1,35,56,1.034,13.861
126163,5046.520,608,-0.22115,12.66126,1,34,65,0.806,16.180
126164,5046.560,608,-0.21965,12.60424,1,34,68,0.660,16.377
126165,5046.600,608,-0.21241,12.53307,1,36,67,0.636,16.094
126166,5046.640,608,-0.20908,12.46627,1,36,65,0.663,16.518
126167,5046.680,608,-0.20973,12.39757,1,35,66,0.741,16.181
126168,5046.720,608,-0.20714,12.28684,1,30,72,1.047,13.996
126169,5046.760,608,-0.20474,12.25794,1,34,67,0.763,16.465
126170,5046.800,608,-0.20607,12.16512,1,33,62,0.795,15.108
126171,5046.840,608,-0.20221,12.13297,1,34,64,0.819,15.401
126172,5046.880,608,-0.20055,12.02905,1,33,66,0.810,15.803
126173,5046.920,608,-0.19464,12.00907,1,36,68,1.032,14.865
126174,5046.960,608,-0.19285,11.93290,1,28,72,0.793,15.851
126175,5047.000,608,-0.19009,11.86249,1,29,72,0.914,13.989
126176,5047.040,608,-0.18798,11.80023,1,30,72,1.026,14.362
126177,5047.080,608,-0.18535,11.73581,1,30,72,0.958,14.380
126178,5047.120,608,-0.18050,11.67619,1,30,72,1.000,13.828
126179,5047.160,608,-0.17821,11.61043,1,29,72,0.888,14.032
126180,5047.200,608,-0.17750,11.54766,1,29,72,0.993,13.424
126181,5047.240,608,-0.17781,11.48004,1,30,72,1.014,13.478
126182,5047.280,608,-0.17528,11.38735,1,30,72,1.041,13.343
126183,5047.320,608,-0.16771,11.35140,1,32,72,0.937,13.619
126184,5047.360,608,-0.16641,11.25728,1,30,72,1.000,13.076
126185,5047.400,608,-0.16654,11.22047,1,30,72,1.017,12.977
126186,5047.440,608,-0.16236,11.16573,1,31,72,1.021,12.602
126187,5047.480,608,-0.16297,11.09191,1,31,72,1.048,12.667
126188,5047.520,608,-0.15237,10.90051,1,32,72,1.034,12.555
126189,5047.560,608,-0.15230,10.90100,1,32,72,1.035,12.563
126190,5047.600,608,-0.14488,10.85135,1,32,72,0.987,12.101
126191,5047.640,608,-0.15047,10.74223,1,30,72,1.032,11.918
126192,5047.680,608,-0.14388,10.70974,1,33,72,0.978,11.668
126193,5047.720,608,-0.14361,10.61967,1,34,72,0.960,11.899
126194,5047.760,608,-0.13745,10.59639,1,31,72,0.960,11.457
126195,5047.800,608,-0.13835,10.51665,1,35,72,0.906,11.404
126196,5047.840,608,-0.13233,10.45622,1,32,72,0.937,11.658
126197,5047.880,608,-0.12541,10.40418,1,31,72,0.944,11.656
126198,5047.920,608,-0.12522,10.34249,1,35,72,0.873,11.571
126199,5047.960,608,-0.12689,10.27655,1,35,72,0.937,11.406
126200,5048.000,608,-0.12314,10.21509,1,35,72,0.918,11.136
126201,5048.040,608,-0.12016,10.12605,1,32,72,0.946,11.412
126202,5048.080,608,-0.11657,10.09830,1,33,72,0.939,12.110
126203,5048.120,608,-0.11141,10.04736,1,33,72,1.020,11.546
126204,5048.160,608,-0.11381,9.95076,1,37,72,0.970,11.774
126205,5048.200,608,-0.10307,9.92716,1,34,72,0.983,11.568
126206,5048.240,608,-0.10855,9.83809,1,35,72,0.958,11.503
126207,5048.280,608,-0.09957,9.81215,1,36,72,1.012,11.829
126208,5048.320,608,-0.09806,9.74718,1,38,72,1.077,12.056
126209,5048.360,608,-0.09996,9.68671,1,39,72,1.106,12.013
126210,5048.400,608,-0.08778,9.64154,1,37,72,1.140,12.235
126211,5048.440,608,-0.09058,9.57810,1,38,72,1.139,12.396
126212,5048.480,608,-0.08721,9.51134,1,36,72,1.133,12.646
126213,5048.520,608,-0.08701,9.45820,1,36,72,1.043,12.968
126214,5048.560,608,-0.07750,9.40855,1,34,72,1.172,12.408
126215,5048.600,608,-0.07601,9.34681,1,34,72,1.113,12.998
126216,5048.640,608,-0.07234,9.30455,1,38,72,1.021,13.768
126217,5048.680,608,-0.06788,9.23839,1,37,72,1.211,12.512
126218,5048.720,608,-0.06426,9.18097,1,37,72,1.191,13.028
126219,5048.760,608,-0.06503,9.11567,1,36,72,1.202,12.645
126220,5048.800,608,-0.05545,9.06626,1,39,72,1.200,12.983
126221,5048.840,608,-0.05443,9.00531,1,38,72,1.164,12.568
126222,5048.880,608,-0.05863,8.93032,1,36,72,1.143,12.182
126223,5048.920,608,-0.04975,8.88865,1,37,72,1.114,12.748
126224,5048.960,608,-0.04977,8.82875,1,40,72,1.277,12.751
126225,5049.000,608,-0.04948,8.77693,1,41,72,1.273,12.915
126226,5049.040,608,-0.04258,8.71200,1,41,72,1.128,13.010
126227,5049.080,608,-0.04193,8.65754,1,41,72,1.236,12.666
126228,5049.120,608,-0.03510,8.60349,1,40,72,1.276,12.763
126229,5049.160,608,-0.03556,8.46305,1,78,72,3.134,9.906
126230,5049.200,608,-0.03403,8.44332,0,302,0,55.762,
126231,5049.240,608,-0.03036,8.40586,0,286,0,53.941,
126232,5049.280,608,-0.01886,8.35937,1,63,72,2.853,12.275
126233,5049.320,608,-0.02195,8.32663,1,59,72,2.759,12.621
126234,5049.360,608,-0.04378,8.28462,1,67,69,4.384,12.248
126235,5049.400,608,-0.01936,8.21428,1,89,72,2.879,12.530
126236,5049.440,608,-0.00951,8.16304,1,116,72,4.402,12.973
126237,5049.480,608,0.00214,8.07163,1,59,72,3.967,11.944
126239,5049.560,608,-0.00329,7.95556,1,35,57,1.738,8.923
127050,5082.000,627,0.26131,33.38574,0,20,0,1.065,
127051,5082.040,627,0.24571,33.38638,1,25,0,0.790,8.793
127052,5082.080,627,0.24657,33.26542,1,26,0,0.399,8.793
127053,5082.120,627,0.26404,33.32333,0,203,0,31.963,
127054,5082.160,627,0.25414,33.20640,0,216,0,30.507,
127055,5082.200,627,0.25101,33.06723,0,221,0,30.723,
127056,5082.240,627,0.26301,33.01523,0,1193,0,70.045,
127057,5082.280,627,0.25564,32.84680,0,1173,0,61.265,
127058,5082.320,627,0.26082,32.82790,0,1112,0,71.237,
127059,5082.360,627,0.25782,32.67654,0,1088,0,64.013,
127060,5082.400,627,0.25808,32.63592,0,1157,0,67.201,
127061,5082.440,627,0.26689,32.40792,0,583,0,61.830,
127062,5082.480,627,0.26399,32.37945,0,228,0,30.565,
127063,5082.520,627,0.26109,32.37463,0,230,0,30.570,
127064,5082.560,627,0.26730,32.19183,0,226,0,30.854,
127065,5082.600,627,0.26769,32.20482,0,212,0,31.592,
127066,5082.640,627,0.27969,32.11835,0,216,0,31.550,
127067,5082.680,627,0.26292,32.01479,0,213,0,31.764,
127068,5082.720,627,0.27176,31.94490,0,222,0,31.680,
127069,5082.760,627,0.25182,31.99959,0,218,0,31.383,
127070,5082.800,627,0.26833,31.75980,0,223,0,31.026,
127071,5082.840,627,0.26932,31.76225,0,238,0,30.735,
127072,5082.880,627,0.26722,31.61987,0,227,0,30.094,
127073,5082.920,627,0.28245,31.48395,0,249,0,28.822,
127074,5082.960,627,0.29897,31.40693,0,259,0,30.271,
127075,5083.000,627,0.27196,31.37444,0,237,0,30.454,
127076,5083.040,627,0.29617,31.16707,0,221,0,31.375,
127077,5083.080,627,0.30049,30.94696,0,234,0,30.993,
127078,5083.120,627,0.31414,30.96826,0,225,0,31.568,
127079,5083.160,627,0.31022,30.78609,0,227,0,31.203,
127080,5083.200,627,0.31251,30.76718,0,31,0,2.136,
127081,5083.240,627,0.31547,30.58735,0,240,0,30.872,
127082,5083.280,627,0.30553,30.49625,0,234,0,31.104,
127083,5083.320,627,0.31753,30.49395,0,221,0,31.786,
127084,5083.360,627,0.32341,30.35239,0,218,0,31.819,
127085,5083.400,627,0.31298,30.37997,0,218,0,31.360,
127086,5083.440,627,0.32498,30.28471,0,200,0,32.878,
127087,5083.480,627,0.32274,30.20484,0,249,0,30.391,
127088,5083.520,627,0.32078,30.15544,0,244,0,30.793,
127089,5083.560,627,0.32064,30.01244,0,227,0,31.483,
127090,5083.600,627,0.31460,29.98278,0,235,0,30.972,
127091,5083.640,627,0.32033,29.84652,0,281,0,33.124,
127092,5083.680,627,0.31405,29.64783,0,252,0,30.307,
127093,5083.720,627,0.33233,29.64930,0,247,0,29.821,
127094,5083.760,627,0.32956,29.45277,0,238,0,31.280,
127095,5083.800,627,0.33526,29.39967,0,244,0,28.524,
127096,5083.840,627,0.34476,29.23396,0,221,12,31.444,
127097,5083.880,627,0.34374,29.24538,0,248,0,30.696,
127098,5083.920,627,0.34904,29.10382,0,210,0,29.384,
127099,5083.960,627,0.35629,29.05318,0,205,13,31.653,
127100,5084.000,627,0.36228,28.92581,0,290,12,28.587,
127101,5084.040,627,0.35715,28.87357,0,255,0,28.971,
127102,5084.080,627,0.36154,28.70634,0,207,0,29.741,
127103,5084.120,627,0.37354,28.71480,0,288,0,27.243,
127104,5084.160,627,0.37180,28.57475,0,290,0,27.100,
127105,5084.200,627,0.37892,28.52955,0,258,0,27.443,
127106,5084.240,627,0.36884,28.38086,0,308,0,26.621,
127107,5084.280,627,0.37844,28.38217,0,298,0,26.880,
127108,5084.320,627,0.37996,28.24104,0,219,0,28.975,
127109,5084.360,627,0.38695,28.18157,0,293,0,26.092,
127110,5084.400,627,0.37823,28.01342,0,315,0,27.458,
127111,5084.440,627,0.39678,28.03447,0,352,0,28.368,
127112,5084.480,627,0.39207,27.84237,0,297,0,27.295,
127113,5084.520,627,0.40325,27.84363,0,0,0,,
127114,5084.560,627,0.38180,27.74401,0,0,0,,
127115,5084.600,627,0.39380,27.69916,0,0,0,,
127116,5084.640,627,0.39042,27.52387,0,0,0,,
127117,5084.680,627,0.38859,27.35959,0,0,0,,
127118,5084.720,627,0.40059,27.35736,0,0,0,,
127119,5084.760,627,0.39932,27.18621,0,0,0,,
127120,5084.800,627,0.40699,27.23024,0,29,0,1.844,
127121,5084.840,627,0.40225,27.06929,0,0,0,,
127122,5084.880,627,0.39932,27.06364,0,24,0,1.355,
127123,5084.920,627,0.40834,26.87127,0,0,0,,
127124,5084.960,627,0.41656,26.89908,0,667,14,67.393,
127125,5085.000,627,0.40550,26.73967,0,0,0,,
127126,5085.040,627,0.41367,26.73473,0,0,0,,
127127,5085.080,627,0.42259,26.57607,0,681,0,63.339,
127128,5085.120,627,0.41671,26.49566,0,656,0,65.533,
127129,5085.160,627,0.41929,26.41381,0,648,0,64.176,
127130,5085.200,627,0.41097,26.24590,0,645,0,64.054,
127131,5085.240,627,0.42582,26.25158,0,699,0,63.476,
127132,5085.280,627,0.41945,26.10113,0,644,0,66.462,
127133,5085.320,627,0.42650,26.08881,0,673,0,62.590,
127134,5085.360,627,0.41584,25.94753,0,634,0,64.663,
127135,5085.400,627,0.41485,25.81915,0,614,0,67.850,
127136,5085.440,627,0.42985,25.79698,0,664,0,66.708,
127137,5085.480,627,0.43855,25.66144,0,631,0,67.346,
127138,5085.520,627,0.43922,25.66811,0,606,0,68.606,
127139,5085.560,627,0.43269,25.49117,1,31,0,0.489,47.898
127140,5085.600,627,0.44067,25.52284,0,0,0,,
127141,5085.640,627,0.44001,25.37185,0,695,0,66.963,
127142,5085.680,627,0.44457,25.36700,0,0,0,,
127143,5085.720,627,0.44968,25.22017,0,0,0,,
127144,5085.760,627,0.44244,25.09315,0,0,0,,
127145,5085.800,627,0.45591,25.02337,0,0,0,,
127146,5085.840,627,0.45360,24.92888,0,684,0,66.224,
127147,5085.880,627,0.44715,24.78736,0,0,0,,
127148,5085.920,627,0.45271,24.80575,0,0,0,,
127149,5085.960,627,0.44719,24.66360,0,0,0,,
127150,5086.000,627,0.45438,24.65601,0,0,0,,
127151,5086.040,627,0.45101,24.49886,0,0,0,,
127152,5086.080,627,0.44202,24.37697,0,0,0,,
127153,5086.120,627,0.46600,24.37358,0,0,0,,
127154,5086.160,627,0.45506,24.24535,0,0,0,,
127155,5086.200,627,0.46631,24.20764,0,0,0,,
127156,5086.240,627,0.46066,24.14783,0,0,0,,
127157,5086.280,627,0.45649,24.00268,0,0,0,,
127158,5086.320,627,0.46319,24.00176,0,0,0,,
127159,5086.360,627,0.46639,23.86315,0,0,0,,
127160,5086.400,627,0.44235,23.73910,0,0,0,,
127161,5086.440,627,0.46634,23.74272,0,0,0,,
127162,5086.480,627,0.45391,23.59925,0,0,0,,
127163,5086.520,627,0.45105,23.45741,0,0,0,,
127164,5086.560,627,0.45110,23.44909,0,0,0,,
127165,5086.600,627,0.47265,23.37794,0,0,0,,
127166,5086.640,627,0.45538,23.22216,0,0,0,,
127167,5086.680,627,0.47919,23.21144,0,0,0,,
127168,5086.720,627,0.46935,23.09885,0,0,0,,
127169,5086.760,627,0.47580,22.96244,0,0,0,,
127170,5086.800,627,0.47345,23.00164,0,0,0,,
127171,5086.840,627,0.45784,22.84125,0,0,0,,
127172,5086.880,627,0.46984,22.77180,0,0,0,,
127173,5086.920,627,0.47899,22.71228,0,0,0,,
127174,5086.960,627,0.47816,22.58923,0,0,0,,
127175,5087.000,627,0.47891,22.49018,0,0,0,,
127176,5087.040,627,0.48443,22.46414,0,0,0,,
127177,5087.080,627,0.47850,22.33607,0,0,0,,
127178,5087.120,627,0.48191,22.25072,0,0,0,,
127179,5087.160,627,0.47516,22.18838,0,0,0,,
127180,5087.200,627,0.48647,22.14962,0,0,0,,
127181,5087.240,627,0.48311,22.02802,0,0,0,,
127182,5087.280,627,0.47091,21.90697,0,0,0,,
127183,5087.320,627,0.47897,21.87085,0,0,0,,
127184,5087.360,627,0.48809,21.78704,0,0,0,,
127185,5087.400,627,0.47480,21.65041,0,0,0,,
127186,5087.440,627,0.48523,21.64709,0,0,0,,
127187,5087.480,627,0.47451,21.50071,0,0,0,,
127188,5087.520,627,0.48672,21.45493,0,0,0,,
127189,5087.560,627,0.47202,21.30454,0,0,0,,
127190,5087.600,627,0.47562,21.22738,0,0,0,,
127191,5087.640,627,0.48366,21.22002,0,0,0,,
127192,5087.680,627,0.47185,21.10300,0,0,0,,
127193,5087.720,627,0.47571,21.01932,0,0,0,,
127194,5087.760,627,0.47105,21.01080,0,14,0,0.753,
127195,5087.800,627,0.48305,20.90080,0,0,0,,
127196,5087.840,627,0.47140,20.77961,0,0,0,,
127197,5087.880,627,0.48340,20.79063,0,0,0,,
127198,5087.920,627,0.47185,20.56538,0,0,0,,
127199,5087.960,627,0.48385,20.55435,0,0,0,,
127200,5088.000,627,0.47368,20.45762,0,0,0,,
127201,5088.040,627,0.48041,20.34719,0,0,0,,
127202,5088.080,627,0.47899,20.23696,0,0,0,,
127203,5088.120,627,0.48721,20.23969,0,0,0,,
127204,5088.160,627,0.47388,20.14333,0,0,0,,
127205,5088.200,627,0.48218,20.03075,0,0,0,,
127206,5088.240,627,0.47547,19.98081,0,0,0,,
127207,5088.280,627,0.48747,19.92784,0,0,0,,
127208,5088.320,627,0.48148,19.82474,0,0,0,,
127209,5088.360,627,0.47552,19.73439,0,0,0,,
127210,5088.400,627,0.48238,19.64002,0,0,0,,
127211,5088.440,627,0.48768,19.57235,0,0,0,,
127212,5088.480,627,0.48586,19.52750,0,0,0,,
127213,5088.520,627,0.48646,19.44054,0,0,0,,
127214,5088.560,627,0.47550,19.32810,0,0,0,,
127215,5088.600,627,0.47665,19.23141,0,0,0,,
127216,5088.640,627,0.47831,19.18637,0,0,0,,
127217,5088.680,627,0.47481,19.09296,0,0,0,,
127218,5088.720,627,0.48430,19.08902,0,0,0,,
127219,5088.760,627,0.48602,18.98966,0,0,0,,
127220,5088.800,627,0.47375,18.89483,0,0,0,,
127221,5088.840,627,0.47556,18.80573,0,0,0,,
127222,5088.880,627,0.47998,18.75156,0,0,0,,
127223,5088.920,627,0.47187,18.61951,0,0,0,,
127224,5088.960,627,0.47364,18.61618,0,0,0,,
127225,5089.000,627,0.47557,18.52046,0,0,0,,
127226,5089.040,627,0.47752,18.43168,0,0,0,,
127227,5089.080,627,0.47709,18.33494,0,0,0,,
127228,5089.120,627,0.46913,18.25189,0,0,0,,
127229,5089.160,627,0.47603,18.25279,0,0,0,,
127230,5089.200,627,0.47809,18.15653,0,0,0,,
127231,5089.240,627,0.48018,18.08096,0,0,0,,
127232,5089.280,627,0.48229,17.99185,0,0,0,,
127233,5089.320,627,0.47458,17.86777,0,0,0,,
127234,5089.360,627,0.47678,17.82413,0,0,0,,
127235,5089.400,627,0.47161,17.73816,0,0,0,,
127236,5089.440,627,0.48124,17.68368,0,0,0,,
127237,5089.480,627,0.47591,17.60163,0,0,0,,
127238,5089.520,627,0.47820,17.55698,0,0,0,,
127239,5089.560,627,0.47321,17.47142,0,0,0,,
127240,5089.600,627,0.47557,17.39887,0,0,0,,
127241,5089.640,627,0.47305,17.33440,0,0,0,,
127242,5089.680,627,0.48272,17.21476,0,0,0,,
127243,5089.720,627,0.48250,17.17075,0,0,0,,
127244,5089.760,627,0.47777,17.08215,0,0,0,,
127245,5089.800,627,0.48028,16.99374,0,0,0,,
127246,5089.840,627,0.48048,16.91959,0,0,0,,
127247,5089.880,627,0.47788,16.84043,0,0,0,,
127248,5089.920,627,0.47568,16.79937,0,0,0,,
127249,5089.960,627,0.48215,16.74443,0,0,0,,
127250,5090.000,627,0.47541,16.62718,0,0,0,,
127251,5090.040,627,0.47808,16.59239,0,0,0,,
127252,5090.080,627,0.47374,16.51472,0,0,0,,
127253,5090.120,627,0.47647,16.43419,0,0,0,,
127254,5090.160,627,0.47623,16.35796,0,0,0,,
127255,5090.200,627,0.46904,16.27310,0,0,0,,
127256,5090.240,627,0.46717,16.23035,0,0,0,,
127257,5090.280,627,0.47225,16.16346,0,0,0,,
127258,5090.320,627,0.46608,16.08650,0,0,0,,
127259,5090.360,627,0.46512,16.02445,0,0,0,,
127260,5090.400,627,0.47114,15.92658,0,0,0,,
127261,5090.440,627,0.47375,15.84838,0,0,0,,
127262,5090.480,627,0.48160,15.80258,0,0,0,,
127263,5090.520,627,0.47922,15.70191,0,0,0,,
127264,5090.560,627,0.48113,15.65196,0,0,0,,
127265,5090.600,627,0.47023,15.56380,0,24,0,3.595,
127266,5090.640,627,0.46792,15.48961,0,40,0,2.852,
127267,5090.680,627,0.47105,15.43659,0,25,23,17.656,
127268,5090.720,627,0.47091,15.37683,0,0,0,,
127269,5090.760,627,0.46268,15.30127,0,0,0,,
127270,5090.800,627,0.47255,15.22946,0,0,0,,
127271,5090.840,627,0.46580,15.15842,0,0,0,,
127272,5090.880,627,0.46569,15.09168,0,0,0,,
127273,5090.920,627,0.45900,15.01845,0,0,0,,
127274,5090.960,627,0.46233,14.95257,0,0,0,,
127275,5091.000,627,0.45913,14.88135,0,0,0,,
127276,5091.040,627,0.45598,14.82012,0,0,0,,
127277,5091.080,627,0.45940,14.73375,0,0,0,,
127278,5091.120,627,0.45844,14.66640,0,0,0,,
127279,5091.160,627,0.45751,14.62376,0,0,0,,
127280,5091.200,627,0.45250,14.49258,0,0,0,,
127281,5091.240,627,0.45327,14.43008,0,0,0,,
127282,5091.280,627,0.45045,14.34418,0,0,0,,
127283,5091.320,627,0.45608,14.30039,0,0,0,,
127284,5091.360,627,0.44902,14.23526,0,0,0,,
127285,5091.400,627,0.45619,14.18533,0,0,0,,
127286,5091.440,627,0.45100,14.10282,0,0,0,,
127287,5091.480,627,0.44992,14.03899,0,0,0,,
127288,5091.520,627,0.45110,13.96910,0,0,0,,
127289,5091.560,627,0.44684,13.90657,0,0,0,,
127290,5091.600,627,0.45516,13.83852,0,0,0,,
127291,5091.640,627,0.44904,13.74771,0,0,0,,
127292,5091.680,627,0.45113,13.69299,0,0,0,,
127293,5091.720,627,0.45198,13.61816,0,0,0,,
127294,5091.760,627,0.44968,13.58159,0,0,0,,
127295,5091.800,627,0.44547,13.49648,0,0,0,,
127296,5091.840,627,0.43973,13.41446,0,0,0,,
127297,5091.880,627,0.43822,13.34116,0,0,0,,
127298,5091.920,627,0.44596,13.28491,0,0,0,,
127299,5091.960,627,0.44557,13.22585,0,0,0,,
127300,5092.000,627,0.44654,13.17008,1,0,72,0.789,11.664
127301,5092.040,627,0.48674,13.11704,1,0,52,0.588,13.746
127302,5092.080,627,0.43681,13.00667,0,0,0,,
127303,5092.120,627,0.43496,12.94197,0,0,0,,
127304,5092.160,627,0.42882,12.89162,0,0,0,,
127305,5092.200,627,0.48040,12.88741,1,0,59,0.647,13.966
127306,5092.240,627,0.46201,12.82966,1,0,53,0.826,14.368
127307,5092.280,627,0.42452,12.69356,0,0,0,,
127308,5092.320,627,0.42475,12.61636,0,0,0,,
127309,5092.360,627,0.43596,12.61684,1,29,72,0.935,13.171
127310,5092.400,627,0.44011,12.54759,1,0,72,0.959,13.827
127311,5092.440,627,0.42442,12.44899,1,28,72,0.796,14.492
127312,5092.480,627,0.42805,12.43541,1,28,72,0.848,15.198
127313,5092.520,627,0.41970,12.35594,1,28,72,0.926,15.305
127314,5092.560,627,0.42026,12.26250,1,29,70,0.779,15.396
127315,5092.600,627,0.41789,12.19691,1,29,72,0.886,14.247
127316,5092.640,627,0.42470,12.18231,1,29,71,0.761,14.993
127317,5092.680,627,0.42128,12.11310,1,35,66,0.883,14.297
127318,5092.720,627,0.42396,12.06532,1,34,68,0.814,15.544
127319,5092.760,627,0.39889,11.99149,1,34,69,0.796,14.964
127320,5092.800,627,0.41646,11.93893,1,37,68,0.708,15.924
127321,5092.840,627,0.41016,11.86827,1,36,66,0.775,14.902
127322,5092.880,627,0.40878,11.80761,1,38,67,0.801,15.176
127323,5092.920,627,0.40561,11.74003,1,35,68,0.765,15.407
127324,5092.960,627,0.40967,11.68547,1,36,62,0.704,15.942
127325,5093.000,627,0.40548,11.62592,1,38,59,0.769,15.374
127326,5093.040,627,0.39319,11.56534,1,37,61,0.826,14.236
127327,5093.080,627,0.39818,11.48195,1,31,57,0.858,14.622
127328,5093.120,627,0.39720,11.43627,1,38,60,0.766,15.829
127329,5093.160,627,0.38216,11.36599,1,39,57,0.840,15.259
127330,5093.200,627,0.39790,11.31506,1,39,62,0.885,15.448
127331,5093.240,627,0.39422,11.23423,1,32,67,0.785,15.244
127332,5093.280,627,0.38826,11.17162,1,41,54,0.959,13.567
127333,5093.320,627,0.38612,11.11010,1,38,61,0.935,14.304
127334,5093.360,627,0.38630,11.05139,1,37,61,0.893,14.333
127335,5093.400,627,0.38272,10.98514,1,38,65,1.076,13.069
127336,5093.440,627,0.37698,10.89159,1,38,66,1.113,13.620
127337,5093.480,627,0.38206,10.84646,1,38,66,1.154,13.108
127338,5093.520,627,0.37280,10.76408,1,38,64,0.993,14.149
127339,5093.560,627,0.37117,10.71849,1,38,66,1.138,13.156
127340,5093.600,627,0.37337,10.65963,1,38,66,1.145,12.778
127341,5093.640,627,0.36873,10.60395,1,33,64,1.161,12.810
127342,5093.680,627,0.37089,10.56316,1,39,62,0.981,14.983
127343,5093.720,627,0.36510,10.46737,1,36,64,1.170,11.877
127344,5093.760,627,0.36492,10.42110,1,37,65,1.249,12.255
127345,5093.800,627,0.36158,10.35265,1,36,64,1.172,11.616
127346,5093.840,627,0.34140,10.27433,1,0,69,1.198,10.997
127347,5093.880,627,0.35467,10.21432,1,0,67,1.142,10.522
127348,5093.920,627,0.34984,10.15930,1,35,63,1.123,11.106
127349,5093.960,627,0.34514,10.08304,1,35,61,1.029,10.439
127350,5094.000,627,0.34605,10.01348,1,35,71,0.824,10.220
127351,5094.040,627,0.34276,9.95293,1,33,62,0.661,9.518
127352,5094.080,627,0.34586,9.93499,1,42,0,1.196,8.793
127353,5094.120,627,0.34239,9.86733,1,33,0,1.017,8.793
127354,5094.160,627,0.33905,9.79400,1,35,57,0.820,8.406
127355,5094.200,627,0.33317,9.71158,1,0,61,0.459,9.415
127356,5094.240,627,0.32279,9.65646,1,0,60,0.441,9.119
127357,5094.280,627,0.32259,9.59873,1,0,57,0.484,9.242
127358,5094.320,627,0.32407,9.53725,1,0,64,0.598,9.827
127359,5094.360,627,0.32140,9.37908,1,0,65,0.953,9.881
127360,5094.400,627,0.31659,9.31671,1,0,72,0.856,9.215
127361,5094.440,627,0.32492,9.27291,1,0,66,1.256,11.172
127362,5094.480,627,0.32214,9.22433,1,0,65,1.240,11.156
127363,5094.520,627,0.29102,9.16370,1,0,63,1.321,12.012
127364,5094.560,627,0.28879,9.10776,1,0,65,1.385,12.283
127365,5094.600,627,0.29837,9.01719,1,0,72,0.783,9.373
127366,5094.640,627,0.30411,8.98858,1,0,69,1.288,11.976
127367,5094.680,627,0.28247,8.93392,1,0,69,1.350,12.144
127368,5094.720,627,0.28961,8.84633,1,0,72,0.777,10.242
127369,5094.760,627,0.28438,8.80613,1,0,72,1.276,11.114
127370,5094.800,627,0.28994,8.78963,1,0,44,1.176,13.519
127371,5094.840,627,0.27704,8.66635,1,0,72,0.676,10.325
127372,5094.880,627,0.26876,8.63283,1,0,72,1.053,11.850
127373,5094.920,627,0.27073,8.56580,1,0,72,0.913,10.956
127374,5094.960,627,0.27258,8.50947,1,0,72,0.824,10.706
127375,5095.000,627,0.28389,8.56580,1,27,16,30.222,333.605
127376,5095.040,627,0.27142,8.37904,0,28,0,2.099,
127377,5095.080,627,0.27235,8.36012,0,32,0,2.619,
127378,5095.120,627,0.27201,8.31526,0,49,29,30.087,
127379,5095.160,627,0.24222,8.23677,1,0,72,1.230,11.745
127380,5095.200,627,0.22277,8.13220,1,67,64,3.600,12.681
127381,5095.240,627,0.23924,8.12308,1,0,72,1.339,12.170
127382,5095.280,627,0.24532,8.10536,1,0,72,1.285,12.799
127383,5095.320,627,0.24704,8.06641,1,0,72,0.897,13.717
127384,5095.360,627,0.23855,8.03551,1,0,72,0.849,12.135
127385,5095.400,627,0.24546,7.86055,0,0,0,,
127920,5116.800,632,-0.06388,32.66723,1,27,0,0.191,8.793
127921,5116.840,632,-0.06673,32.53465,0,805,0,72.628,
127922,5116.880,632,-0.06877,32.48500,0,1031,0,75.065,
127923,5116.920,632,-0.05983,32.45980,0,862,0,79.907,
127925,5117.000,632,-0.07204,32.25339,0,172,0,26.519,
127926,5117.040,632,-0.07161,32.30771,0,0,0,,
127928,5117.120,632,-0.06987,32.07478,0,1014,0,83.926,
127929,5117.160,632,-0.08920,32.08366,0,876,0,72.022,
127930,5117.200,632,-0.07942,31.87860,0,180,0,28.430,
127931,5117.240,632,-0.07963,31.84214,0,881,0,68.056,
127932,5117.280,632,-0.09504,31.67117,0,895,0,70.462,
127933,5117.320,632,-0.09889,31.66837,0,181,0,29.724,
127934,5117.360,632,-0.10270,31.47621,0,228,0,30.325,
127935,5117.400,632,-0.10786,31.50159,0,186,0,28.457,
127936,5117.440,632,-0.09838,31.27030,0,1012,0,70.473,
127937,5117.480,632,-0.09824,31.26728,0,1049,0,89.601,
127938,5117.520,632,-0.08968,31.08079,0,261,0,33.960,
127939,5117.560,632,-0.11417,30.87866,0,244,0,34.323,
127940,5117.600,632,-0.10813,30.85352,0,962,0,83.618,
127941,5117.640,632,-0.11712,30.68153,0,216,0,33.576,
127942,5117.680,632,-0.11757,30.64838,0,1026,0,81.282,
127943,5117.720,632,-0.12126,30.67138,0,934,0,78.585,
127944,5117.760,632,-0.12455,30.46990,0,933,0,74.856,
127945,5117.800,632,-0.12796,30.50046,0,1021,0,84.114,
127946,5117.840,632,-0.12502,30.49662,0,929,0,77.615,
127947,5117.880,632,-0.12615,30.30642,0,987,0,83.979,
127948,5117.920,632,-0.11867,30.32470,0,998,0,87.247,
127949,5117.960,632,-0.13180,30.15645,0,1076,0,73.902,
127950,5118.000,632,-0.13663,30.10989,0,927,0,89.393,
127951,5118.040,632,-0.13968,30.09239,0,327,0,30.339,
127952,5118.080,632,-0.13651,29.96815,0,1099,0,74.304,
127953,5118.120,632,-0.14517,29.78183,0,35,0,1.529,
127954,5118.160,632,-0.13161,29.76085,0,1013,0,73.445,
127955,5118.200,632,-0.13328,29.53053,0,1028,0,80.413,
127956,5118.240,632,-0.13494,29.54974,0,0,0,,
127957,5118.280,632,-0.14170,29.38837,0,222,0,28.627,
127958,5118.320,632,-0.15261,29.40545,0,0,0,,
127959,5118.360,632,-0.15747,29.20053,0,0,0,,
127960,5118.400,632,-0.16563,29.16495,0,0,0,,
127961,5118.440,632,-0.15550,29.00722,0,214,0,29.542,
127962,5118.480,632,-0.16628,29.02468,0,0,0,,
127963,5118.520,632,-0.16260,28.86946,0,40,0,2.138,
127964,5118.560,632,-0.16762,28.88213,0,0,0,,
127965,5118.600,632,-0.16552,28.70446,0,0,0,,
127966,5118.640,632,-0.17595,28.65722,0,0,0,,
127967,5118.680,632,-0.17818,28.51048,0,0,0,,
127968,5118.720,632,-0.18463,28.44350,0,0,0,,
127969,5118.760,632,-0.18495,28.37916,0,0,0,,
127970,5118.800,632,-0.17729,28.32196,0,0,0,,
127971,5118.840,632,-0.19276,28.14166,0,0,0,,
127972,5118.880,632,-0.19180,28.14117,0,0,0,,
127973,5118.920,632,-0.19513,27.97786,0,0,0,,
127974,5118.960,632,-0.19527,27.93599,0,0,0,,
127975,5119.000,632,-0.18674,27.81534,0,0,0,,
127976,5119.040,632,-0.20181,27.71204,0,0,0,,
127977,5119.080,632,-0.19152,27.68525,0,291,0,28.809,
127978,5119.120,632,-0.22379,27.48710,0,204,0,28.870,
127979,5119.160,632,-0.20328,27.50116,0,316,0,27.763,
127980,5119.200,632,-0.20491,27.32976,0,344,0,27.103,
127981,5119.240,632,-0.21911,27.33411,0,235,0,31.382,
127982,5119.280,632,-0.23055,27.15786,0,291,0,29.333,
127983,5119.320,632,-0.19970,27.17869,1,33,0,0.792,8.793
127984,5119.360,632,-0.21941,27.03829,1,31,0,0.749,8.793
127985,5119.400,632,-0.21174,27.02058,1,30,0,0.771,8.793
127986,5119.440,632,-0.21525,26.85840,0,240,0,25.968,
127987,5119.480,632,-0.22888,26.70649,0,228,0,27.113,
127988,5119.520,632,-0.22528,26.71713,0,305,0,27.524,
127989,5119.560,632,-0.22886,26.55567,0,249,0,27.138,
127990,5119.600,632,-0.22207,26.55207,0,225,0,32.218,
127991,5119.640,632,-0.23558,26.39666,0,0,0,,
127992,5119.680,632,-0.23192,26.40872,0,0,0,,
127993,5119.720,632,-0.23538,26.25396,0,0,0,,
127994,5119.760,632,-0.23602,26.24959,0,0,0,,
127995,5119.800,632,-0.23967,26.09104,0,0,0,,
127996,5119.840,632,-0.24851,26.02993,0,0,0,,
127997,5119.880,632,-0.24362,25.92262,1,31,0,0.791,8.793
127998,5119.920,632,-0.25053,25.79078,1,30,0,0.825,8.793
127999,5119.960,632,-0.24883,25.77994,1,31,0,0.846,8.793
128000,5120.000,632,-0.25199,25.70344,1,31,0,0.834,8.793
128001,5120.040,632,-0.25073,25.68589,1,32,0,0.883,8.793
128002,5120.080,632,-0.25632,25.55910,1,31,0,0.836,8.793
128003,5120.120,632,-0.25332,25.45875,1,29,0,0.928,8.793
128004,5120.160,632,-0.25891,25.40010,1,32,0,0.826,8.793
128005,5120.200,632,-0.26034,25.28752,1,29,0,0.917,8.793
128006,5120.240,632,-0.25737,25.26357,1,31,0,0.632,8.793
128007,5120.280,632,-0.26559,25.12418,1,30,0,0.764,8.793
128008,5120.320,632,-0.25262,25.07343,1,29,0,0.851,8.793
128009,5120.360,632,-0.26143,24.96574,1,31,0,0.759,8.793
128010,5120.400,632,-0.25806,24.84380,1,30,0,0.775,8.793
128011,5120.440,632,-0.26388,24.83391,1,31,0,0.845,8.793
128012,5120.480,632,-0.27853,24.71088,1,30,0,0.760,8.793
128013,5120.520,632,-0.27315,24.64842,1,33,0,0.819,8.793
128014,5120.560,632,-0.27176,24.56329,1,31,0,0.800,8.793
128015,5120.600,632,-0.27431,24.43741,1,31,0,0.808,8.793
128016,5120.640,632,-0.27487,24.40841,1,33,0,0.822,8.793
128017,5120.680,632,-0.27713,24.29130,1,30,0,0.844,8.793
128018,5120.720,632,-0.28129,24.16954,1,33,0,0.880,8.793
128019,5120.760,632,-0.27879,24.14902,1,32,0,0.799,8.793
128020,5120.800,632,-0.28393,24.03953,1,32,0,0.854,8.793
128021,5120.840,632,-0.28406,23.92209,1,34,0,0.797,8.793
128022,5120.880,632,-0.29390,23.89961,1,33,0,0.829,8.793
128023,5120.920,632,-0.29267,23.76496,1,34,0,0.747,8.793
128024,5120.960,632,-0.28728,23.66517,1,34,0,0.828,8.793
128025,5121.000,632,-0.30162,23.60835,1,34,0,0.856,8.793
128026,5121.040,632,-0.29224,23.52478,1,35,0,0.861,8.793
128027,5121.080,632,-0.29098,23.50363,1,36,0,0.933,8.793
128028,5121.120,632,-0.30411,23.36783,1,35,0,0.868,8.793
128029,5121.160,632,-0.30153,23.26092,1,35,0,0.824,8.793
128030,5121.200,632,-0.29805,23.23098,1,38,0,0.922,8.793
128031,5121.240,632,-0.30708,23.13872,1,39,0,0.818,8.793
128032,5121.280,632,-0.30706,23.03625,1,37,0,0.882,8.793
128033,5121.320,632,-0.31200,22.98473,1,39,0,0.885,8.793
128034,5121.360,632,-0.30889,22.88832,1,39,0,0.831,8.793
128035,5121.400,632,-0.31968,22.78424,1,38,0,0.873,8.793
128036,5121.440,632,-0.30792,22.76096,1,39,0,0.920,8.793
128037,5121.480,632,-0.31375,22.64568,1,40,0,0.848,8.793
128038,5121.520,632,-0.31704,22.50763,1,21,0,0.995,8.793
128039,5121.560,632,-0.31310,22.50202,1,21,0,0.947,8.793
128040,5121.600,632,-0.31853,22.41117,1,38,0,0.896,8.793
128041,5121.640,632,-0.31255,22.27088,1,22,0,0.997,8.793
128042,5121.680,632,-0.31902,22.26934,1,22,0,0.797,8.793
128043,5121.720,632,-0.32687,22.15973,1,35,0,0.505,8.793
128044,5121.760,632,-0.33583,22.05253,1,22,0,1.077,8.793
128045,5121.800,632,-0.33004,22.03771,1,22,0,0.787,8.793
128046,5121.840,632,-0.32609,21.95146,1,21,0,0.569,8.793
128047,5121.880,632,-0.32707,21.81201,1,22,0,0.956,8.793
128048,5121.920,632,-0.33032,21.79597,1,21,0,0.923,8.793
128049,5121.960,632,-0.33113,21.72841,1,22,0,0.550,8.793
128050,5122.000,632,-0.32959,21.62874,1,24,0,0.887,8.793
128051,5122.040,632,-0.34599,21.48904,1,21,0,0.877,8.793
128052,5122.080,632,-0.33837,21.48268,1,21,0,0.458,8.793
128053,5122.120,632,-0.33606,21.38250,1,24,0,0.906,8.793
128054,5122.160,632,-0.34837,21.25710,1,23,0,0.943,8.793
128055,5122.200,632,-0.34028,21.24642,1,22,0,0.819,8.793
128056,5122.240,632,-0.34263,21.15429,1,23,0,0.882,8.793
128057,5122.280,632,-0.33945,21.06774,1,36,0,0.905,8.793
128058,5122.320,632,-0.34277,20.98608,1,22,0,0.778,8.793
128059,5122.360,632,-0.35161,20.93402,1,23,0,0.966,8.793
128060,5122.400,632,-0.34698,20.83201,1,23,0,0.903,8.793
128061,5122.440,632,-0.35371,20.73466,1,21,0,0.895,8.793
128062,5122.480,632,-0.35142,20.65043,1,37,0,0.820,8.793
128063,5122.520,632,-0.35500,20.65614,1,22,0,0.793,8.793
128064,5122.560,632,-0.35139,20.52685,1,21,0,0.887,8.793
128065,5122.600,632,-0.35037,20.44107,1,21,0,0.909,8.793
128066,5122.640,632,-0.35328,20.37872,1,22,0,0.988,8.793
128067,5122.680,632,-0.35291,20.34166,1,23,0,0.988,8.793
128068,5122.720,632,-0.35307,20.24170,1,21,0,0.945,8.793
128069,5122.760,632,-0.35445,20.14614,1,21,0,0.976,8.793
128070,5122.800,632,-0.35084,20.03913,1,22,0,0.900,8.793
128071,5122.840,632,-0.36022,20.01990,1,21,0,0.973,8.793
128072,5122.880,632,-0.35752,19.95113,1,39,0,0.897,8.793
128073,5122.920,632,-0.35687,19.85456,1,38,0,0.850,8.793
128074,5122.960,632,-0.36033,19.76184,1,37,0,0.885,8.793
128075,5123.000,632,-0.35158,19.66604,1,37,0,1.013,8.793
128076,5123.040,632,-0.36030,19.64743,1,39,0,0.880,8.793
128077,5123.080,632,-0.35862,19.55804,1,21,0,0.866,8.793
128078,5123.120,632,-0.36494,19.46481,1,39,0,0.836,8.793
128079,5123.160,632,-0.35999,19.38414,1,37,0,0.913,8.793
128080,5123.200,632,-0.36602,19.29644,1,40,0,0.888,8.793
128081,5123.240,632,-0.36870,19.25264,1,38,0,0.918,8.793
128082,5123.280,632,-0.37344,19.18200,1,38,0,0.804,8.793
128083,5123.320,632,-0.37152,19.08985,1,38,0,0.878,8.793
128084,5123.360,632,-0.38205,18.90697,1,38,0,0.820,8.793
128085,5123.400,632,-0.37082,18.90818,1,39,0,0.914,8.793
128086,5123.440,632,-0.36638,18.86750,1,39,0,0.768,8.793
128087,5123.480,632,-0.36806,18.79738,1,40,0,0.790,8.793
128088,5123.520,632,-0.36880,18.70840,1,39,0,0.770,8.793
128089,5123.560,632,-0.37153,18.62029,1,39,0,0.794,8.793
128090,5123.600,632,-0.37384,18.46842,1,21,0,0.820,8.793
128091,5123.640,632,-0.37296,18.49408,1,40,0,0.826,8.793
128092,5123.680,632,-0.37696,18.42248,1,21,0,0.798,8.793
128093,5123.720,632,-0.37054,18.34619,1,21,0,0.844,8.793
128094,5123.760,632,-0.37924,18.17334,1,22,0,0.840,8.793
128095,5123.800,632,-0.37850,18.20069,1,21,0,0.792,8.793
128096,5123.840,632,-0.37916,18.14590,1,22,0,0.872,8.793
128097,5123.880,632,-0.37900,18.05345,1,22,0,0.816,8.793
128098,5123.920,632,-0.37419,17.97310,1,22,0,0.754,8.793
128099,5123.960,632,-0.38092,17.81123,1,22,0,0.907,8.793
128100,5124.000,632,-0.38063,17.82962,1,22,0,0.854,8.793
128101,5124.040,632,-0.38561,17.70422,1,24,0,0.930,8.793
128102,5124.080,632,-0.38038,17.66643,1,23,0,0.900,8.793
128103,5124.120,632,-0.38078,17.63211,1,25,0,0.876,8.793
128104,5124.160,632,-0.38176,17.53987,1,23,0,0.907,8.793
128105,5124.200,632,-0.39059,17.38690,1,24,0,0.856,8.793
128106,5124.240,632,-0.38809,17.39763,1,24,0,0.955,8.793
128107,5124.280,632,-0.38751,17.35855,1,25,0,1.076,8.793
128108,5124.320,632,-0.37276,17.28171,1,25,0,0.894,8.793
128109,5124.360,632,-0.37896,17.21284,1,26,0,0.834,8.793
128110,5124.400,632,-0.38582,17.13978,1,26,0,0.861,8.793
128111,5124.440,632,-0.38310,17.04678,1,26,0,0.902,8.793
128112,5124.480,632,-0.38192,16.99488,1,28,0,0.928,8.793
128113,5124.520,632,-0.38407,16.92262,1,27,0,0.927,8.793
128114,5124.560,632,-0.38472,16.77551,1,27,0,0.920,8.793
128115,5124.600,632,-0.38956,16.78086,1,28,0,1.027,8.793
128116,5124.640,632,-0.38606,16.71249,1,28,0,0.969,8.793
128117,5124.680,632,-0.39046,16.63395,1,28,0,0.982,12.130
128118,5124.720,632,-0.39794,16.49197,1,28,0,0.987,8.793
128119,5124.760,632,-0.39422,16.49639,1,28,0,0.956,8.793
128120,5124.800,632,-0.40203,16.34005,1,28,0,1.042,8.793
128121,5124.840,632,-0.38598,16.27861,1,29,0,0.788,8.793
128122,5124.880,632,-0.38865,16.28564,1,29,0,0.996,8.793
128123,5124.920,632,-0.39337,16.14808,1,28,0,0.803,8.793
128124,5124.960,632,-0.39565,16.06757,1,28,0,0.939,8.793
128125,5125.000,632,-0.38180,16.08782,1,30,0,0.799,8.793
128126,5125.040,632,-0.39670,15.93017,1,29,0,0.972,8.793
128127,5125.080,632,-0.38067,15.94669,1,30,0,0.879,8.793
128128,5125.120,632,-0.40545,15.78995,1,30,0,0.986,8.793
128129,5125.160,632,-0.38198,15.80463,1,30,0,0.958,8.793
128130,5125.200,632,-0.38958,15.74294,1,30,0,0.985,10.961
128131,5125.240,632,-0.39880,15.65926,1,29,0,0.743,8.793
128132,5125.280,632,-0.38718,15.60101,1,31,0,1.024,8.793
128133,5125.320,632,-0.39472,15.52129,1,30,0,0.808,9.032
128134,5125.360,632,-0.39745,15.45068,1,30,0,0.889,8.793
128135,5125.400,632,-0.38549,15.37053,1,29,0,0.844,8.793
128136,5125.440,632,-0.39130,15.31133,1,30,0,0.901,8.793
128137,5125.480,632,-0.38957,15.23623,1,30,0,0.907,8.793
128138,5125.520,632,-0.38792,15.10311,1,29,0,0.631,8.793
128139,5125.560,632,-0.39477,15.00996,1,28,20,0.812,8.178
128140,5125.600,632,-0.39518,14.97051,1,29,24,0.522,9.960
128141,5125.640,632,-0.38308,14.93798,1,29,27,0.791,9.185
128142,5125.680,632,-0.38100,14.90806,1,29,0,0.688,8.793
128143,5125.720,632,-0.39031,14.82175,1,29,0,0.843,8.793
128144,5125.760,632,-0.39244,14.72485,1,29,41,0.855,11.147
128145,5125.800,632,-0.38650,14.66571,1,28,22,0.817,8.534
128146,5125.840,632,-0.39983,14.56234,1,28,0,0.806,8.793
128147,5125.880,632,-0.39573,14.48293,1,29,22,0.809,7.382
128148,5125.920,632,-0.39619,14.38095,1,25,44,0.822,9.709
128149,5125.960,632,-0.38750,14.38514,1,29,39,0.824,10.442
128150,5126.000,632,-0.39621,14.24759,1,29,45,0.776,10.800
128151,5126.040,632,-0.39218,14.24657,1,29,45,0.651,9.917
128152,5126.080,632,-0.39268,14.19137,1,28,32,0.764,10.105
128153,5126.120,632,-0.38752,14.11254,1,25,49,0.805,10.691
128154,5126.160,632,-0.38874,14.03743,1,26,50,0.828,10.583
128155,5126.200,632,-0.38833,13.97370,1,26,50,0.831,11.149
128156,5126.240,632,-0.38934,13.91631,1,26,70,0.898,11.138
128157,5126.280,632,-0.37724,13.83842,1,26,72,0.819,10.667
128158,5126.320,632,-0.38190,13.77825,1,27,72,0.747,9.839
128159,5126.360,632,-0.37909,13.69944,1,26,43,0.826,8.547
128160,5126.400,632,-0.38610,13.63221,1,26,72,0.859,11.474
128161,5126.440,632,-0.37663,13.56919,1,27,72,0.710,9.776
128162,5126.480,632,-0.37942,13.52133,1,26,64,0.644,11.277
128163,5126.520,632,-0.38037,13.44310,1,26,72,0.749,9.496
128164,5126.560,632,-0.38312,13.37185,1,26,72,0.816,10.226
128165,5126.600,632,-0.38366,13.29988,1,25,72,0.725,10.106
128166,5126.640,632,-0.37886,13.24261,1,27,70,0.710,8.303
128167,5126.680,632,-0.38619,13.17039,1,26,52,0.629,7.706
128168,5126.720,632,-0.37917,13.08610,1,26,72,0.501,8.529
128169,5126.760,632,-0.38028,13.01953,1,26,63,0.641,7.407
128170,5126.800,632,-0.37770,12.97342,1,27,72,0.748,8.152
128171,5126.840,632,-0.38055,12.90065,1,27,72,0.774,9.248
128172,5126.880,632,-0.38172,12.83243,1,27,72,0.754,9.862
128173,5126.920,632,-0.37666,12.78889,1,27,72,0.735,9.085
128174,5126.960,632,-0.37417,12.73909,1,27,72,0.752,8.741
128175,5127.000,632,-0.37389,12.65325,1,27,72,0.826,10.300
128176,5127.040,632,-0.38103,12.58518,1,26,72,0.827,10.847
128177,5127.080,632,-0.37373,12.54059,1,27,72,0.725,9.008
128178,5127.120,632,-0.37823,12.47118,1,27,72,0.830,10.175
128179,5127.160,632,-0.37422,12.41857,1,28,72,0.755,9.990
128180,5127.200,632,-0.37884,12.35265,1,28,72,0.929,11.477
128181,5127.240,632,-0.36980,12.28583,1,28,72,0.922,11.354
128182,5127.280,632,-0.37118,12.21091,1,28,69,0.802,11.097
128183,5127.320,632,-0.37128,12.15641,1,28,70,0.863,10.925
128184,5127.360,632,-0.37396,12.09005,1,28,72,0.880,11.448
128185,5127.400,632,-0.37310,12.02529,1,28,72,0.812,10.957
128186,5127.440,632,-0.36733,11.95286,1,28,59,0.887,9.933
128187,5127.480,632,-0.36672,11.89747,1,30,62,0.953,11.049
128188,5127.520,632,-0.36647,11.84272,1,29,62,0.908,10.421
128189,5127.560,632,-0.36716,11.78229,1,29,62,0.800,9.850
128190,5127.600,632,-0.36778,11.72123,1,30,59,0.930,10.619
128191,5127.640,632,-0.36434,11.66262,1,30,62,0.867,11.768
128192,5127.680,632,-0.37146,11.58417,1,29,61,0.897,10.567
128193,5127.720,632,-0.37007,11.52365,1,29,54,0.960,10.527
128194,5127.760,632,-0.36370,11.47060,1,29,60,0.995,11.562
128195,5127.800,632,-0.37214,11.34862,1,30,55,0.972,10.122
128196,5127.840,632,-0.36637,11.33103,1,30,59,1.026,11.144
128197,5127.880,632,-0.36728,11.25528,1,31,58,0.939,10.554
128198,5127.920,632,-0.36623,11.20671,1,30,51,0.905,9.154
128199,5127.960,632,-0.35639,11.15463,1,32,63,1.005,10.857
128200,5128.000,632,-0.36104,11.08604,1,29,57,1.003,9.711
128201,5128.040,632,-0.36098,11.02174,1,31,53,0.899,8.962
128202,5128.080,632,-0.36382,10.96573,1,30,51,0.903,8.892
128203,5128.120,632,-0.36070,10.88725,1,31,60,0.890,9.270
128204,5128.160,632,-0.36626,10.80204,1,32,50,0.844,8.702
128205,5128.200,632,-0.35775,10.78044,1,33,50,0.943,8.883
128206,5128.240,632,-0.35505,10.71096,1,40,58,0.997,8.206
128207,5128.280,632,-0.35838,10.65462,1,38,57,0.991,8.642
128208,5128.320,632,-0.35036,10.59553,1,33,50,1.058,9.179
128209,5128.360,632,-0.35614,10.52108,1,39,61,0.856,8.087
128210,5128.400,632,-0.35427,10.48229,1,40,55,0.936,8.778
128211,5128.440,632,-0.35547,10.41513,1,38,49,1.104,10.240
128212,5128.480,632,-0.35642,10.35370,1,40,45,1.034,9.544
128213,5128.520,632,-0.34692,10.29746,1,40,42,0.983,9.109
128214,5128.560,632,-0.34632,10.23023,1,36,40,1.027,8.840
128215,5128.600,632,-0.35164,10.16905,1,40,40,0.987,8.770
128216,5128.640,632,-0.35034,10.11843,1,35,43,0.955,8.536
128217,5128.680,632,-0.34991,10.05189,1,41,49,0.954,8.196
128218,5128.720,632,-0.34579,9.99509,1,36,47,0.983,8.989
128219,5128.760,632,-0.34842,9.94166,1,35,46,1.012,9.043
128220,5128.800,632,-0.35183,9.83421,1,41,51,0.993,8.433
128221,5128.840,632,-0.34231,9.81584,1,40,51,1.035,8.245
128222,5128.880,632,-0.34526,9.75217,1,40,72,0.887,7.683
128223,5128.920,632,-0.34487,9.69065,1,38,72,0.948,8.587
128224,5128.960,632,-0.34214,9.64287,1,38,70,1.032,8.722
128225,5129.000,632,-0.33934,9.58190,1,38,72,0.956,8.612
128226,5129.040,632,-0.34187,9.51557,1,37,72,0.969,8.602
128227,5129.080,632,-0.33726,9.46790,1,40,67,0.982,8.890
128228,5129.120,632,-0.33489,9.40910,1,37,70,0.988,9.210
128229,5129.160,632,-0.33189,9.35221,1,36,67,1.092,10.100
128230,5129.200,632,-0.33745,9.28409,1,38,72,1.030,8.929
128231,5129.240,632,-0.33574,9.22451,1,38,67,1.121,9.480
128232,5129.280,632,-0.33180,9.16536,1,38,70,0.973,8.645
128233,5129.320,632,-0.32824,9.11336,1,38,72,1.012,8.894
128234,5129.360,632,-0.32623,9.05708,1,38,72,0.959,8.945
128235,5129.400,632,-0.32862,8.99134,1,39,72,0.856,8.981
128236,5129.440,632,-0.32522,8.93359,1,37,72,0.966,9.149
128237,5129.480,632,-0.33009,8.87274,1,38,72,0.917,8.676
128238,5129.520,632,-0.32325,8.82145,1,37,72,1.020,9.134
128239,5129.560,632,-0.32157,8.76382,1,39,72,1.014,9.437
128240,5129.600,632,-0.32392,8.70076,1,38,70,0.979,9.101
128241,5129.640,632,-0.32112,8.64472,1,38,72,1.115,9.166
128242,5129.680,632,-0.32217,8.59357,1,37,65,1.102,8.810
128243,5129.720,632,-0.32291,8.47556,0,304,0,56.897,
128244,5129.760,632,-0.32217,8.44580,0,315,0,56.154,
128245,5129.800,632,-0.31954,8.41413,0,282,0,56.585,
128246,5129.840,632,-0.32015,8.39100,0,275,0,56.400,
128248,5129.920,632,-0.30500,8.25536,1,23,72,1.047,8.335
128249,5129.960,632,-0.31940,8.22882,1,27,67,1.781,8.810
128250,5130.000,632,-0.28202,8.16376,1,50,53,2.921,9.320
128251,5130.040,632,-0.30831,8.07065,0,306,0,56.997,
128252,5130.080,632,-0.31301,7.99887,0,311,0,57.592,
128253,5130.120,632,-0.30898,7.90907,0,314,0,58.750,
139710,5588.400,728,0.29147,33.27276,1,28,0,0.569,8.793
139712,5588.480,728,0.29337,33.07037,0,1103,0,80.667,
139714,5588.560,728,0.29879,32.84780,0,1120,0,76.325,
139715,5588.600,728,0.29328,32.65279,0,978,0,77.774,
139716,5588.640,728,0.31664,32.61779,0,1030,0,77.188,
139717,5588.680,728,0.31359,32.39286,0,1074,0,73.407,
139718,5588.720,728,0.31643,32.39257,0,1065,0,77.012,
139719,5588.760,728,0.30850,32.38519,0,1102,0,73.860,
139720,5588.800,728,0.31886,32.22027,0,1110,0,79.530,
139721,5588.840,728,0.31590,32.15783,0,249,0,32.965,
139722,5588.880,728,0.32282,32.00564,0,1102,0,63.142,
139723,5588.920,728,0.29898,32.00969,0,251,0,32.116,
139724,5588.960,728,0.27749,32.02326,0,237,0,33.041,
139726,5589.040,728,0.32411,31.80589,0,223,0,33.804,
139727,5589.080,728,0.33162,31.58033,0,315,0,30.414,
139728,5589.120,728,0.32885,31.54967,0,309,0,28.720,
139729,5589.160,728,0.34895,31.35169,0,292,0,28.835,
139730,5589.200,728,0.34231,31.13334,0,215,0,33.290,
139731,5589.240,728,0.34541,31.13247,0,317,0,29.205,
139732,5589.280,728,0.34284,30.93171,0,305,0,29.450,
139733,5589.320,728,0.34917,30.96507,0,216,0,33.411,
139734,5589.360,728,0.35756,30.74589,0,321,0,29.058,
139735,5589.400,728,0.34715,30.69801,0,207,0,33.317,
139736,5589.440,728,0.34706,30.53770,0,208,0,33.450,
139737,5589.480,728,0.35906,30.52297,0,239,0,32.839,
139738,5589.520,728,0.36324,30.55913,0,249,0,33.347,
139739,5589.560,728,0.35743,30.34205,0,17,0,1.025,
139740,5589.600,728,0.37529,30.34105,0,320,0,29.002,
139741,5589.640,728,0.37624,30.28093,0,345,0,30.073,
139742,5589.680,728,0.35766,30.17673,0,266,0,33.019,
139743,5589.720,728,0.37231,30.20753,0,329,0,29.685,
139744,5589.760,728,0.36475,30.00136,0,305,0,29.836,
139745,5589.800,728,0.38423,29.97266,0,321,0,30.018,
139746,5589.840,728,0.38622,29.79520,0,322,0,29.851,
139747,5589.880,728,0.37099,29.59194,0,333,0,29.411,
139748,5589.920,728,0.38334,29.62746,0,266,0,27.929,
139749,5589.960,728,0.36450,29.42627,0,244,0,27.653,
139750,5590.000,728,0.36946,29.47605,0,194,0,32.141,
139751,5590.040,728,0.37855,29.25233,0,335,0,29.391,
139752,5590.080,728,0.39764,29.25130,0,232,0,30.925,
139753,5590.120,728,0.37863,29.09453,0,364,0,29.576,
139754,5590.160,728,0.40452,29.10634,0,352,0,29.197,
139755,5590.200,728,0.39998,28.90355,0,308,0,27.651,
139756,5590.240,728,0.40056,28.83130,0,308,0,28.120,
139757,5590.280,728,0.39196,28.75879,0,196,0,30.577,
139758,5590.320,728,0.40815,28.72515,0,315,0,27.864,
139759,5590.360,728,0.39311,28.51602,0,313,0,28.397,
139760,5590.400,728,0.41116,28.50701,0,277,0,29.406,
139761,5590.440,728,0.41196,28.37260,0,310,0,27.333,
139762,5590.480,728,0.41020,28.38136,0,259,0,28.548,
139763,5590.520,728,0.41796,28.21337,0,269,0,28.767,
139764,5590.560,728,0.42673,28.13556,0,274,0,29.141,
139765,5590.600,728,0.42810,27.98441,0,266,0,28.500,
139766,5590.640,728,0.42325,27.97741,0,301,0,30.723,
139767,5590.680,728,0.43203,27.84036,0,322,0,30.520,
139768,5590.720,728,0.44403,27.85904,0,250,0,31.536,
139769,5590.760,728,0.44245,27.71319,0,265,0,30.858,
139770,5590.800,728,0.44093,27.59096,0,0,0,,
139771,5590.840,728,0.43827,27.54687,0,328,0,28.505,
139772,5590.880,728,0.45221,27.38202,0,0,0,,
139773,5590.920,728,0.45356,27.38271,0,0,0,,
139774,5590.960,728,0.43866,27.17304,0,336,0,28.993,
139775,5591.000,728,0.44052,27.17601,0,0,0,,
139776,5591.040,728,0.43920,27.08326,0,373,0,30.406,
139777,5591.080,728,0.44802,27.03717,0,0,0,,
139778,5591.120,728,0.45374,26.87375,0,0,0,,
139779,5591.160,728,0.46189,26.88794,0,0,0,,
139780,5591.200,728,0.46338,26.72795,0,663,0,67.593,
139781,5591.240,728,0.46127,26.55862,0,667,0,66.115,
139782,5591.280,728,0.46242,26.54562,0,0,0,,
139783,5591.320,728,0.46441,26.39946,0,684,0,67.567,
139784,5591.360,728,0.46679,26.39953,0,618,0,72.304,
139785,5591.400,728,0.46775,26.24075,0,721,0,74.923,
139786,5591.440,728,0.47636,26.24018,0,628,0,70.643,
139787,5591.480,728,0.48272,26.09420,1,35,0,0.836,8.793
139788,5591.520,728,0.47506,25.98250,1,33,0,0.924,8.793
139789,5591.560,728,0.46802,25.91261,1,30,0,0.587,8.793
139790,5591.600,728,0.47402,25.78625,1,32,0,0.839,8.793
139791,5591.640,728,0.48257,25.76088,1,33,0,0.781,8.793
139792,5591.680,728,0.48518,25.63169,1,36,0,0.792,8.793
139793,5591.720,728,0.47166,25.52568,1,30,0,0.697,8.793
139794,5591.760,728,0.48447,25.46949,1,31,0,0.805,8.793
139795,5591.800,728,0.48018,25.36954,1,31,0,0.945,8.793
139796,5591.840,728,0.48643,25.32419,1,31,0,0.682,8.793
139797,5591.880,728,0.49310,25.25930,1,34,0,0.765,8.793
139798,5591.920,728,0.48850,25.13677,1,32,0,0.923,8.793
139799,5591.960,728,0.49322,25.10138,1,32,0,0.859,8.793
139800,5592.000,728,0.48011,24.92047,1,30,0,0.725,8.793
139801,5592.040,728,0.49804,24.94657,1,31,0,0.779,8.793
139802,5592.080,728,0.50865,24.81798,1,31,0,0.929,8.793
139803,5592.120,728,0.50590,24.77685,1,31,0,0.843,8.793
139804,5592.160,728,0.49663,24.66837,1,30,0,0.848,8.793
139805,5592.200,728,0.48939,24.49406,1,31,0,0.841,8.793
139806,5592.240,728,0.50552,24.52377,1,32,0,0.923,8.793
139807,5592.280,728,0.51322,24.38456,1,30,0,0.842,8.793
139808,5592.320,728,0.49819,24.24520,1,32,0,0.781,8.793
139809,5592.360,728,0.51236,24.25134,1,30,0,0.923,8.793
139810,5592.400,728,0.51372,24.12875,1,34,0,0.827,8.793
139811,5592.440,728,0.50521,23.99058,1,34,0,0.825,8.793
139812,5592.480,728,0.51410,23.97754,1,32,0,0.827,8.793
139813,5592.520,728,0.51929,23.85238,1,31,0,0.867,8.793
139814,5592.560,728,0.51143,23.73099,1,32,0,0.859,8.793
139815,5592.600,728,0.52024,23.72162,1,32,0,0.777,8.793
139816,5592.640,728,0.51500,23.59057,1,33,0,0.867,8.793
139817,5592.680,728,0.51541,23.46181,1,31,0,0.857,8.793
139818,5592.720,728,0.52017,23.45410,1,31,0,0.839,8.793
139819,5592.760,728,0.51162,23.31482,1,32,0,0.868,8.793
139820,5592.800,728,0.50982,23.22767,1,35,0,0.886,8.793
139821,5592.840,728,0.51740,23.19259,1,32,0,0.705,8.793
139822,5592.880,728,0.52245,23.05890,1,32,0,0.842,8.793
139823,5592.920,728,0.51658,22.96318,1,33,0,0.786,8.793
139824,5592.960,728,0.52501,22.95165,1,34,0,0.640,8.793
139825,5593.000,728,0.53147,22.86367,1,32,0,0.864,8.793
139826,5593.040,728,0.52558,22.71147,1,33,0,0.893,8.793
139827,5593.080,728,0.53148,22.71645,1,34,0,0.778,8.793
139828,5593.120,728,0.52632,22.56697,1,35,0,0.878,8.793
139829,5593.160,728,0.53158,22.45728,1,35,0,0.880,8.793
139830,5593.200,728,0.53928,22.46880,1,35,0,0.848,8.793
139831,5593.240,728,0.54198,22.37556,1,34,0,0.792,8.793
139832,5593.280,728,0.52949,22.20340,1,36,0,0.756,8.793
139833,5593.320,728,0.53850,22.21444,1,38,0,0.862,8.793
139834,5593.360,728,0.53967,22.13498,1,36,0,0.831,8.793
139835,5593.400,728,0.53606,21.98271,1,40,0,0.745,8.793
139836,5593.440,728,0.54136,21.96674,1,40,0,0.963,8.793
139837,5593.480,728,0.54137,21.89569,1,39,0,0.860,8.793
139838,5593.520,728,0.53873,21.78940,1,36,0,0.762,8.793
139839,5593.560,728,0.53877,21.63619,1,39,0,0.883,8.793
139840,5593.600,728,0.54482,21.55429,1,21,0,0.867,8.793
139841,5593.640,728,0.55049,21.50613,1,22,0,0.766,8.793
139842,5593.680,728,0.54274,21.40898,1,39,0,0.888,8.793
139843,5593.720,728,0.53576,21.33336,1,36,0,0.999,8.793
139844,5593.760,728,0.53782,21.30676,1,21,0,0.900,8.793
139845,5593.800,728,0.54081,21.20504,1,21,0,0.915,8.793
139846,5593.840,728,0.54682,21.08822,1,22,0,0.882,8.793
139847,5593.880,728,0.55324,21.00697,1,23,0,0.728,8.793
139848,5593.920,728,0.54201,20.94912,1,21,0,0.858,8.793
139849,5593.960,728,0.54445,20.86028,1,22,0,0.666,8.793
139850,5594.000,728,0.54764,20.77150,1,24,0,0.804,8.793
139851,5594.040,728,0.55144,20.68619,1,23,0,0.811,8.793
139852,5594.080,728,0.54487,20.55350,1,24,0,0.864,8.793
139853,5594.120,728,0.54759,20.53949,1,22,0,0.782,8.793
139854,5594.160,728,0.54836,20.46216,1,24,0,0.725,8.793
139855,5594.200,728,0.55055,20.36420,1,24,0,0.779,8.793
139856,5594.240,728,0.54478,20.24039,1,24,0,0.910,8.793
139857,5594.280,728,0.55359,20.24665,1,22,0,0.852,8.793
139858,5594.320,728,0.55265,20.13492,1,24,0,0.887,8.793
139859,5594.360,728,0.56116,20.04012,1,24,0,0.813,8.793
139860,5594.400,728,0.55128,19.96101,1,24,0,0.884,8.793
139861,5594.440,728,0.55113,19.94098,1,24,0,0.871,8.793
139862,5594.480,728,0.55607,19.84504,1,24,0,0.923,8.793
139863,5594.520,728,0.55697,19.77368,1,24,0,0.841,8.793
139864,5594.560,728,0.56033,19.68318,1,24,0,0.883,8.793
139865,5594.600,728,0.56239,19.63143,1,25,0,0.883,8.793
139866,5594.640,728,0.56053,19.54427,1,24,0,0.869,8.793
139867,5594.680,728,0.55719,19.44950,1,23,0,0.888,8.793
139868,5594.720,728,0.54876,19.34591,1,22,0,0.895,8.793
139869,5594.760,728,0.56141,19.29745,1,23,0,0.621,8.793
139870,5594.800,728,0.56047,19.22300,1,23,0,0.824,8.793
139871,5594.840,728,0.56018,19.11880,1,24,0,0.931,8.793
139872,5594.880,728,0.55961,19.04453,1,23,0,0.828,8.793
139873,5594.920,728,0.56868,18.93993,1,24,0,1.005,8.793
139874,5594.960,728,0.56692,18.88443,1,23,0,0.804,8.793
139875,5595.000,728,0.56008,18.80594,1,23,0,0.856,8.793
139876,5595.040,728,0.56104,18.72462,1,25,0,0.863,8.793
139877,5595.080,728,0.55808,18.66146,1,23,0,0.861,8.793
139878,5595.120,728,0.56937,18.56262,1,23,0,0.591,8.793
139879,5595.160,728,0.56426,18.49106,1,24,0,0.896,8.793
139880,5595.200,728,0.55930,18.42353,1,23,0,0.975,8.793
139881,5595.240,728,0.56367,18.31874,1,23,0,0.922,7.388
139882,5595.280,728,0.56282,18.25217,1,23,0,0.859,8.793
139883,5595.320,728,0.56164,18.17321,1,24,0,0.926,8.793
139884,5595.360,728,0.56585,18.08025,1,24,0,0.731,8.793
139885,5595.400,728,0.56347,18.01014,1,22,0,0.736,8.793
139886,5595.440,728,0.56247,17.89922,1,22,0,0.899,8.793
139887,5595.480,728,0.56136,17.84575,1,22,0,0.787,8.793
139888,5595.520,728,0.56619,17.77048,1,23,0,0.779,8.793
139889,5595.560,728,0.56391,17.68746,1,21,0,0.879,8.793
139890,5595.600,728,0.56192,17.62542,1,22,0,0.789,8.793
139891,5595.640,728,0.56694,17.54059,1,22,0,0.934,8.793
139892,5595.680,728,0.55459,17.42881,1,22,0,0.730,8.793
139893,5595.720,728,0.56172,17.36856,1,21,0,0.767,8.793
139894,5595.760,728,0.55790,17.26618,1,21,0,0.904,8.793
139895,5595.800,728,0.55942,17.21108,1,21,0,0.891,8.793
139896,5595.840,728,0.56590,17.12647,1,22,0,0.789,8.793
139897,5595.880,728,0.56031,17.09077,1,22,0,0.781,8.793
139898,5595.920,728,0.56805,17.00472,1,22,0,0.870,8.793
139899,5595.960,728,0.56916,16.93511,1,22,0,0.740,8.793
139900,5596.000,728,0.56169,16.84923,1,23,0,0.853,8.793
139901,5596.040,728,0.56450,16.77442,1,23,0,0.992,8.793
139902,5596.080,728,0.57247,16.69938,1,23,0,0.257,8.793
139903,5596.120,728,0.56143,16.62259,1,24,0,0.814,8.793
139904,5596.160,728,0.56130,16.53046,1,22,0,0.813,8.793
139905,5596.200,728,0.55325,16.46799,1,23,0,0.627,8.793
139906,5596.240,728,0.56036,16.38358,1,24,0,0.847,8.793
139907,5596.280,728,0.56587,16.30959,1,24,0,0.660,8.793
139908,5596.320,728,0.56405,16.25504,1,24,0,0.882,8.793
139909,5596.360,728,0.56390,16.20354,1,25,0,0.910,8.793
139910,5596.400,728,0.56143,16.10319,1,25,0,0.794,8.793
139911,5596.440,728,0.56063,16.03710,1,24,0,0.750,8.793
139912,5596.480,728,0.55870,15.93891,1,26,0,1.027,8.793
139913,5596.520,728,0.56198,15.89119,1,25,0,1.019,8.793
139914,5596.560,728,0.56151,15.81990,1,26,0,0.817,8.793
139915,5596.600,728,0.55652,15.72988,1,26,0,0.836,8.793
139916,5596.640,728,0.56261,15.65864,1,27,0,1.004,8.793
139917,5596.680,728,0.55934,15.58694,1,27,0,0.995,8.793
139918,5596.720,728,0.55521,15.52723,1,27,0,0.883,8.793
139919,5596.760,728,0.56064,15.45127,1,28,0,0.909,8.793
139920,5596.800,728,0.55365,15.36968,1,27,0,0.998,8.793
139921,5596.840,728,0.55885,15.30711,1,28,0,0.967,8.793
139922,5596.880,728,0.55089,15.22833,1,28,0,0.869,8.793
139923,5596.920,728,0.55532,15.14273,1,30,0,0.964,8.793
139924,5596.960,728,0.55412,15.06697,1,29,0,0.992,8.793
139925,5597.000,728,0.54965,14.99731,1,30,0,0.973,8.793
139926,5597.040,728,0.55127,14.92755,1,29,0,0.961,8.793
139927,5597.080,728,0.55375,14.85807,1,32,0,1.038,8.793
139928,5597.120,728,0.55066,14.78458,1,31,0,1.024,8.793
139929,5597.160,728,0.55440,14.71993,1,31,0,0.838,8.793
139930,5597.200,728,0.55329,14.65898,1,30,0,0.839,8.793
139931,5597.240,728,0.55602,14.58071,1,31,0,0.892,8.793
139932,5597.280,728,0.54697,14.51548,1,30,0,0.886,8.793
139933,5597.320,728,0.54622,14.43631,1,32,0,1.008,8.793
139934,5597.360,728,0.54915,14.37396,1,32,0,0.883,8.793
139935,5597.400,728,0.54877,14.29976,1,32,0,0.920,8.793
139936,5597.440,728,0.54171,14.22012,1,31,0,0.959,8.793
139937,5597.480,728,0.53665,14.12890,1,33,0,1.029,8.793
139938,5597.520,728,0.54441,14.06369,1,31,0,0.921,8.793
139939,5597.560,728,0.54191,14.01290,1,32,0,0.897,8.793
139940,5597.600,728,0.53954,13.93255,1,32,0,0.994,8.793
139941,5597.640,728,0.54407,13.86692,1,32,0,1.058,8.793
139942,5597.680,728,0.54124,13.80517,1,33,0,1.030,8.793
139943,5597.720,728,0.54404,13.73258,1,33,0,0.782,8.793
139944,5597.760,728,0.54265,13.65763,1,33,0,0.988,8.793
139945,5597.800,728,0.53625,13.57706,1,33,0,0.936,8.793
139946,5597.840,728,0.53503,13.50357,1,33,0,0.900,8.793
139947,5597.880,728,0.53738,13.44023,1,33,0,0.926,8.793
139948,5597.920,728,0.52760,13.34495,1,34,0,0.919,8.793
139949,5597.960,728,0.53170,13.29450,1,33,0,0.885,8.793
139950,5598.000,728,0.53133,13.22226,1,34,0,0.916,8.793
139951,5598.040,728,0.52945,13.16422,1,34,0,0.937,8.793
139952,5598.080,728,0.53486,13.09290,1,34,0,0.896,8.793
139953,5598.120,728,0.53167,13.02250,1,33,0,0.990,8.793
139954,5598.160,728,0.53151,12.95888,1,34,0,0.926,8.793
139955,5598.200,728,0.53063,12.88569,1,33,0,0.857,8.793
139956,5598.240,728,0.53179,12.81221,1,33,0,0.881,8.793
139957,5598.280,728,0.53034,12.73871,1,34,0,0.829,8.793
139958,5598.320,728,0.52187,12.66389,1,34,0,0.953,8.793
139959,5598.360,728,0.52239,12.60225,1,35,0,0.900,8.793
139960,5598.400,728,0.52555,12.53852,1,34,0,0.993,9.810
139961,5598.440,728,0.51725,12.46272,1,34,0,0.950,11.577
139962,5598.480,728,0.51416,12.36669,1,34,39,0.831,9.676
139963,5598.520,728,0.52322,12.32766,1,34,0,0.831,8.793
139964,5598.560,728,0.51642,12.24298,1,34,34,0.775,10.091
139965,5598.600,728,0.51015,12.18121,1,34,0,0.920,8.793
139966,5598.640,728,0.51599,12.12135,1,28,0,1.039,8.793
139967,5598.680,728,0.51477,12.04419,1,34,31,0.829,10.196
139968,5598.720,728,0.51784,11.97423,1,33,43,0.791,10.347
139969,5598.760,728,0.51184,11.90644,1,34,41,0.859,10.970
139970,5598.800,728,0.51182,11.85896,1,28,0,0.966,8.793
139971,5598.840,728,0.51220,11.77328,1,31,0,1.073,8.793
139972,5598.880,728,0.51267,11.71704,1,30,0,1.090,8.793
139973,5598.920,728,0.51279,11.65466,1,30,0,0.996,8.793
139974,5598.960,728,0.50740,11.57599,1,34,58,0.746,11.013
139975,5599.000,728,0.50194,11.51078,1,30,0,0.935,8.793
139976,5599.040,728,0.50430,11.45541,1,29,42,0.693,11.574
139977,5599.080,728,0.50275,11.37670,1,30,35,0.809,11.403
139978,5599.120,728,0.50034,11.31334,1,32,52,0.856,11.497
139979,5599.160,728,0.49849,11.24492,1,31,65,0.779,10.435
139980,5599.200,728,0.49423,11.16626,1,31,49,0.830,10.505
139981,5599.240,728,0.49476,11.10455,1,30,57,0.772,11.079
139982,5599.280,728,0.49743,11.04518,1,32,55,0.746,10.579
139983,5599.320,728,0.49439,10.96881,1,33,47,0.854,10.727
139984,5599.360,728,0.48988,10.90064,1,32,72,0.948,9.671
139985,5599.400,728,0.48895,10.83709,1,31,48,0.850,9.065
139986,5599.440,728,0.48624,10.76267,1,31,64,0.855,9.528
139987,5599.480,728,0.48510,10.68524,1,30,72,0.883,8.942
139988,5599.520,728,0.48021,10.61960,1,32,72,0.862,8.703
139989,5599.560,728,0.47978,10.54932,1,31,72,0.785,9.385
139990,5599.600,728,0.47837,10.48674,1,31,72,0.728,8.549
139991,5599.640,728,0.47179,10.41100,1,31,67,0.690,7.842
139992,5599.680,728,0.47238,10.35983,1,31,72,0.794,8.830
139993,5599.720,728,0.47244,10.29392,1,32,72,0.729,8.098
139994,5599.760,728,0.47174,10.22942,1,32,72,0.823,9.102
139995,5599.800,728,0.47152,10.16937,1,32,72,0.838,9.302
139996,5599.840,728,0.47011,10.10699,1,32,72,0.871,9.948
139997,5599.880,728,0.46635,10.04391,1,35,72,0.915,10.271
139998,5599.920,728,0.46926,9.98433,1,32,72,0.830,9.891
139999,5599.960,728,0.46182,9.92386,1,32,72,0.922,9.808
140000,5600.000,728,0.46452,9.85756,1,36,66,0.869,9.318
140001,5600.040,728,0.46288,9.79334,1,33,72,0.943,10.595
140002,5600.080,728,0.46248,9.73152,1,32,72,0.977,10.875
140003,5600.120,728,0.45983,9.67270,1,32,72,1.015,11.242
140004,5600.160,728,0.45908,9.60659,1,32,72,0.974,10.904
140005,5600.200,728,0.45666,9.54368,1,34,72,1.058,11.340
140006,5600.240,728,0.44856,9.47876,1,33,72,0.888,10.709
140007,5600.280,728,0.45002,9.42271,1,33,72,1.079,11.421
140008,5600.320,728,0.45224,9.36443,1,34,72,1.019,11.213
140009,5600.360,728,0.45075,9.30408,1,35,72,0.878,12.340
140010,5600.400,728,0.44854,9.23525,1,33,72,1.093,11.748
140011,5600.440,728,0.44286,9.17032,1,33,72,0.986,12.114
140012,5600.480,728,0.44464,9.10540,1,36,68,1.107,11.447
140013,5600.520,728,0.44070,9.04599,1,35,65,1.027,11.379
140014,5600.560,728,0.43768,8.97856,1,35,70,1.077,10.723
140015,5600.600,728,0.43175,8.91507,1,34,71,1.040,10.711
140016,5600.640,728,0.43354,8.85903,1,35,69,1.078,11.161
140017,5600.680,728,0.43548,8.80483,1,37,69,0.799,12.992
140018,5600.720,728,0.42957,8.73303,1,35,72,1.023,10.417
140019,5600.760,728,0.42942,8.67336,1,36,72,1.101,10.824
140020,5600.800,728,0.42573,8.61987,1,36,72,1.035,11.871
140021,5600.840,728,0.41859,8.47988,0,119,0,15.425,
140022,5600.880,728,0.45955,8.41902,1,64,48,3.547,11.813
140023,5600.920,728,0.41832,8.39234,0,101,0,14.908,
140025,5601.000,728,0.42420,8.32190,1,46,63,1.806,11.215
140028,5601.120,728,0.42721,8.09341,1,53,52,2.587,10.288
140029,5601.160,728,0.39678,8.04211,1,29,72,2.168,10.413
140030,5601.200,728,0.40536,7.98235,1,34,72,1.737,9.223
160630,6425.200,782,-0.02945,33.13569,1,27,0,0.340,8.793
160632,6425.280,782,-0.04150,32.92807,0,127,0,22.161,
160636,6425.440,782,-0.04966,32.45007,0,273,0,28.410,
160637,6425.480,782,-0.05166,32.36786,0,304,0,28.227,
160638,6425.520,782,-0.06763,32.24597,0,255,0,23.295,
160639,6425.560,782,-0.06725,32.23227,0,191,0,26.390,
160640,6425.600,782,-0.06572,32.03599,0,296,0,27.334,
160641,6425.640,782,-0.07302,32.07662,0,236,0,24.913,
160642,6425.680,782,-0.07258,32.01123,0,0,0,,
160643,6425.720,782,-0.06993,31.90932,0,31,0,1.721,
160644,6425.760,782,-0.07377,31.87854,0,0,0,,
160645,6425.800,782,-0.08701,31.68323,0,185,0,21.637,
160646,6425.840,782,-0.07963,31.67091,0,0,0,,
160647,6425.880,782,-0.09000,31.43524,0,282,0,28.333,
160648,6425.920,782,-0.09065,31.35327,0,173,0,28.295,
160649,6425.960,782,-0.08835,31.23938,0,193,0,26.961,
160650,6426.000,782,-0.08901,31.25333,0,242,0,28.836,
160651,6426.040,782,-0.09389,31.05061,0,171,0,28.786,
160652,6426.080,782,-0.10797,30.89966,0,283,0,28.555,
160653,6426.120,782,-0.11657,30.89796,0,170,0,28.258,
160654,6426.160,782,-0.10717,30.69214,0,230,0,29.846,
160655,6426.200,782,-0.11037,30.68990,0,175,0,27.971,
160656,6426.240,782,-0.10752,30.68685,0,179,0,28.392,
160657,6426.280,782,-0.12155,30.46922,0,28,0,1.616,
160658,6426.320,782,-0.12247,30.47205,0,26,0,1.565,
160659,6426.360,782,-0.12649,30.49396,0,28,0,1.592,
160660,6426.400,782,-0.12968,30.30342,0,26,0,1.636,
160661,6426.440,782,-0.13079,30.26468,0,26,0,1.648,
160662,6426.480,782,-0.13370,30.08701,0,34,0,2.071,
160663,6426.520,782,-0.12932,30.02441,0,37,0,2.271,
160664,6426.560,782,-0.13138,29.94289,0,32,0,2.005,
160665,6426.600,782,-0.14362,29.77695,0,33,0,2.116,
160666,6426.640,782,-0.14450,29.73176,0,31,0,1.902,
160667,6426.680,782,-0.15649,29.54675,0,255,0,29.353,
160668,6426.720,782,-0.15295,29.55310,0,279,0,27.427,
160669,6426.760,782,-0.14970,29.36283,0,276,0,27.378,
160670,6426.800,782,-0.15498,29.41961,0,222,0,24.171,
160671,6426.840,782,-0.15706,29.23400,0,227,0,25.262,
160672,6426.880,782,-0.15892,29.17866,0,270,0,31.158,
160673,6426.920,782,-0.16605,29.00233,0,223,0,26.725,
160674,6426.960,782,-0.16559,29.01011,0,215,0,25.539,
160675,6427.000,782,-0.16873,28.83817,0,211,0,26.754,
160676,6427.040,782,-0.17476,28.83529,0,220,0,30.392,
160677,6427.080,782,-0.17519,28.66930,0,64,0,9.687,
160678,6427.120,782,-0.18621,28.62065,0,296,0,28.119,
160679,6427.160,782,-0.17668,28.52127,0,64,0,9.665,
160680,6427.200,782,-0.18758,28.44658,0,62,0,9.699,
160681,6427.240,782,-0.18216,28.33120,0,64,0,9.484,
160682,6427.280,782,-0.19294,28.27363,0,271,0,28.846,
160683,6427.320,782,-0.19199,28.14717,0,315,0,25.620,
160684,6427.360,782,-0.19914,27.99562,0,246,0,24.026,
160685,6427.400,782,-0.19991,27.96399,0,255,0,23.375,
160686,6427.440,782,-0.19388,27.81888,0,22,0,3.617,
160687,6427.480,782,-0.20256,27.83348,0,23,0,3.756,
160688,6427.520,782,-0.20622,27.64933,0,274,0,31.048,
160689,6427.560,782,-0.20451,27.62872,0,336,0,27.618,
160690,6427.600,782,-0.20387,27.53895,0,210,0,28.218,
160691,6427.640,782,-0.20381,27.41060,0,220,0,28.457,
160692,6427.680,782,-0.21940,27.33413,0,200,0,29.440,
160693,6427.720,782,-0.20721,27.28166,0,208,0,32.460,
160694,6427.760,782,-0.23932,27.15733,0,220,0,27.771,
160695,6427.800,782,-0.22891,27.05570,0,36,0,2.499,
160696,6427.840,782,-0.22203,27.03517,0,36,0,2.522,
160697,6427.880,782,-0.22174,26.88754,0,26,0,1.498,
160698,6427.920,782,-0.23218,26.88991,0,328,0,28.569,
160699,6427.960,782,-0.23574,26.73067,0,215,0,28.409,
160700,6428.000,782,-0.22725,26.71792,0,0,0,,
160701,6428.040,782,-0.22787,26.56435,0,338,0,28.701,
160702,6428.080,782,-0.23745,26.45741,1,29,0,0.794,8.793
160703,6428.120,782,-0.23669,26.41224,1,30,0,0.864,8.793
160704,6428.160,782,-0.23688,26.24417,0,0,0,,
160705,6428.200,782,-0.24858,26.19874,1,30,0,0.821,8.793
160706,6428.240,782,-0.24429,26.13964,1,30,0,0.769,8.793
160707,6428.280,782,-0.24186,26.01858,1,32,0,0.814,8.793
160708,6428.320,782,-0.25485,25.96011,1,32,0,0.927,8.793
160709,6428.360,782,-0.26112,25.82793,0,0,0,,
160710,6428.400,782,-0.26160,25.84790,1,31,0,0.881,8.793
160711,6428.440,782,-0.26480,25.67571,0,0,0,,
160712,6428.480,782,-0.25826,25.52735,0,0,0,,
160713,6428.520,782,-0.26408,25.53243,0,0,0,,
160714,6428.560,782,-0.27931,25.36070,1,33,0,0.799,8.793
160715,6428.600,782,-0.26873,25.23583,0,0,0,,
160716,6428.640,782,-0.27634,25.26963,1,33,0,0.777,8.793
160717,6428.680,782,-0.27678,25.12726,0,0,0,,
160718,6428.720,782,-0.27632,25.10859,1,33,0,0.802,8.793
160719,6428.760,782,-0.28711,24.99649,1,32,0,0.783,8.793
160720,6428.800,782,-0.29172,24.87244,1,32,0,0.837,8.793
160721,6428.840,782,-0.29934,24.85618,1,32,0,0.859,8.793
160722,6428.880,782,-0.30247,24.70400,1,33,0,0.889,8.793
160723,6428.920,782,-0.31047,24.55284,1,33,0,0.808,8.793
160724,6428.960,782,-0.30891,24.52736,1,35,0,0.834,8.793
160725,6429.000,782,-0.30217,24.44594,1,33,0,0.884,8.793
160726,6429.040,782,-0.30086,24.40665,0,0,0,,
160727,6429.080,782,-0.32139,24.27511,0,0,0,,
160728,6429.120,782,-0.32803,24.14411,0,0,0,,
160729,6429.160,782,-0.31051,24.12213,0,0,0,,
160730,6429.200,782,-0.33208,23.99189,0,0,0,,
160731,6429.240,782,-0.32133,23.88432,0,0,0,,
160732,6429.280,782,-0.32520,23.86150,0,0,0,,
160733,6429.320,782,-0.32364,23.79875,0,0,0,,
160734,6429.360,782,-0.33947,23.65428,0,0,0,,
160735,6429.400,782,-0.32869,23.62577,0,0,0,,
160736,6429.440,782,-0.32371,23.51882,0,26,0,1.089,
160737,6429.480,782,-0.32329,23.39404,0,0,0,,
160738,6429.520,782,-0.32529,23.37472,0,0,0,,
160739,6429.560,782,-0.33729,23.26777,0,0,0,,
160740,6429.600,782,-0.32972,23.16142,0,0,0,,
160741,6429.640,782,-0.34186,23.03958,0,0,0,,
160742,6429.680,782,-0.33759,23.01680,0,0,0,,
160743,6429.720,782,-0.34501,22.92656,0,0,0,,
160744,6429.760,782,-0.36329,22.76596,0,0,0,,
160745,6429.800,782,-0.35900,22.79148,0,0,0,,
160746,6429.840,782,-0.36582,22.64820,0,149,0,20.885,
160747,6429.880,782,-0.36150,22.64447,0,153,0,20.787,
160748,6429.920,782,-0.35944,22.52331,0,153,18,23.653,
160749,6429.960,782,-0.35849,22.39354,0,157,0,21.195,
160750,6430.000,782,-0.34840,22.30124,0,0,0,,
160751,6430.040,782,-0.35124,22.18076,0,0,0,,
160752,6430.080,782,-0.34408,22.17558,0,0,0,,
160753,6430.120,782,-0.35476,22.06670,0,0,0,,
160754,6430.160,782,-0.35651,21.93859,0,0,0,,
160755,6430.200,782,-0.35704,21.93358,0,0,0,,
160756,6430.240,782,-0.35594,21.85741,0,0,0,,
160757,6430.280,782,-0.35734,21.74159,0,0,0,,
160758,6430.320,782,-0.37497,21.69406,0,0,0,,
160759,6430.360,782,-0.37227,21.57735,1,39,0,0.726,8.793
160760,6430.400,782,-0.39239,21.47410,1,39,0,0.881,8.793
160761,6430.440,782,-0.39301,21.36550,1,40,0,0.889,8.793
160762,6430.480,782,-0.39264,21.37576,1,37,0,0.828,8.793
160763,6430.520,782,-0.38334,21.24691,1,39,0,0.703,8.793
160764,6430.560,782,-0.37761,21.18846,1,39,0,0.723,8.793
160765,6430.600,782,-0.40056,21.06549,0,0,0,,
160766,6430.640,782,-0.40524,21.00881,0,0,0,,
160767,6430.680,782,-0.40224,20.95235,0,0,0,,
160768,6430.720,782,-0.39854,20.86070,0,0,0,,
160769,6430.760,782,-0.39482,20.78565,0,0,0,,
160770,6430.800,782,-0.39934,20.73749,0,0,0,,
160771,6430.840,782,-0.39974,20.62613,0,0,0,,
160772,6430.880,782,-0.40058,20.51646,0,0,0,,
160773,6430.920,782,-0.39041,20.41535,0,0,0,,
160774,6430.960,782,-0.39974,20.36536,0,0,0,,
160775,6431.000,782,-0.38774,20.31100,0,0,0,,
160776,6431.040,782,-0.39948,20.22063,0,0,0,,
160777,6431.080,782,-0.39753,20.11125,0,0,0,,
160778,6431.120,782,-0.39077,20.02211,0,0,0,,
160779,6431.160,782,-0.40370,19.96255,0,0,0,,
160780,6431.200,782,-0.41577,19.91572,0,0,0,,
160781,6431.240,782,-0.42176,19.82129,0,0,0,,
160782,6431.280,782,-0.42511,19.71906,0,0,0,,
160783,6431.320,782,-0.40606,19.65185,0,0,0,,
160784,6431.360,782,-0.41086,19.55536,0,0,0,,
160785,6431.400,782,-0.41559,19.47082,0,0,0,,
160786,6431.440,782,-0.41146,19.40926,0,0,0,,
160787,6431.480,782,-0.41641,19.36218,0,0,0,,
160788,6431.520,782,-0.42100,19.26215,0,0,0,,
160789,6431.560,782,-0.41772,19.17252,0,0,0,,
160790,6431.600,782,-0.41863,19.07305,0,0,0,,
160791,6431.640,782,-0.42305,18.98556,0,0,0,,
160792,6431.680,782,-0.41675,18.88661,0,0,0,,
160793,6431.720,782,-0.42020,18.88926,0,0,0,,
160794,6431.760,782,-0.42031,18.70904,0,0,0,,
160795,6431.800,782,-0.42455,18.69860,0,0,0,,
160796,6431.840,782,-0.42872,18.60637,0,0,0,,
160797,6431.880,782,-0.42735,18.52116,0,0,0,,
160798,6431.920,782,-0.42394,18.42669,0,0,0,,
160799,6431.960,782,-0.42520,18.33593,0,0,0,,
160800,6432.000,782,-0.42764,18.28955,0,0,0,,
160801,6432.040,782,-0.42652,18.17976,0,0,0,,
160802,6432.080,782,-0.44120,18.17494,0,0,0,,
160803,6432.120,782,-0.45637,18.09229,0,0,0,,
160804,6432.160,782,-0.44357,18.01585,0,0,0,,
160805,6432.200,782,-0.44228,17.90777,0,0,0,,
160806,6432.240,782,-0.44117,17.82256,0,0,0,,
160807,6432.280,782,-0.44890,17.75559,0,0,0,,
160808,6432.320,782,-0.43770,17.65200,0,0,0,,
160809,6432.360,782,-0.44970,17.56970,0,0,0,,
160810,6432.400,782,-0.43770,17.52092,0,0,0,,
160811,6432.440,782,-0.45180,17.41423,0,0,0,,
160812,6432.480,782,-0.44058,17.33006,0,0,0,,
160813,6432.520,782,-0.45559,17.26649,0,0,0,,
160814,6432.560,782,-0.44514,17.17779,0,0,0,,
160815,6432.600,782,-0.45589,17.09830,0,0,0,,
160816,6432.640,782,-0.44748,17.01583,0,0,0,,
160817,6432.680,782,-0.45537,16.94199,0,0,0,,
160818,6432.720,782,-0.44545,16.89687,0,0,0,,
160819,6432.760,782,-0.45288,16.81899,0,0,0,,
160820,6432.800,782,-0.45281,16.74043,0,0,0,,
160821,6432.840,782,-0.45156,16.65674,0,0,0,,
160822,6432.880,782,-0.46136,16.60878,0,0,0,,
160823,6432.920,782,-0.45599,16.53462,0,0,0,,
160824,6432.960,782,-0.45717,16.41853,0,0,0,,
160825,6433.000,782,-0.46290,16.33901,0,0,0,,
160826,6433.040,782,-0.45701,16.26701,0,0,0,,
160827,6433.080,782,-0.46072,16.21583,0,0,0,,
160828,6433.120,782,-0.45625,16.09933,0,0,0,,
160829,6433.160,782,-0.45785,16.02671,0,0,0,,
160830,6433.200,782,-0.46817,15.96284,0,0,0,,
160831,6433.240,782,-0.47400,15.88460,0,0,0,,
160832,6433.280,782,-0.46340,15.80754,0,0,0,,
160833,6433.320,782,-0.47361,15.74180,0,0,0,,
160834,6433.360,782,-0.48337,15.65056,0,0,0,,
160835,6433.400,782,-0.46284,15.58079,0,0,0,,
160836,6433.440,782,-0.46955,15.53641,0,0,0,,
160837,6433.480,782,-0.47282,15.43918,0,0,0,,
160838,6433.520,782,-0.46822,15.39531,0,0,0,,
160839,6433.560,782,-0.47098,15.30578,0,0,0,,
160840,6433.600,782,-0.46703,15.23418,0,0,0,,
160841,6433.640,782,-0.47634,15.15890,0,0,0,,
160842,6433.680,782,-0.46903,15.09806,0,0,0,,
160843,6433.720,782,-0.45841,15.08919,1,0,63,0.360,13.879
160844,6433.760,782,-0.46834,14.91286,0,0,0,,
160845,6433.800,782,-0.46962,14.92065,1,0,68,0.583,12.591
160846,6433.840,782,-0.47014,14.79605,0,0,0,,
160847,6433.880,782,-0.47268,14.71982,0,0,0,,
160848,6433.920,782,-0.47432,14.65610,0,0,0,,
160849,6433.960,782,-0.48071,14.56160,0,0,0,,
160850,6434.000,782,-0.46907,14.54430,1,0,59,0.690,13.457
160851,6434.040,782,-0.48233,14.40438,0,0,0,,
160852,6434.080,782,-0.48377,14.35006,0,0,0,,
160853,6434.120,782,-0.48239,14.28041,0,0,0,,
160854,6434.160,782,-0.48383,14.25530,1,26,52,0.763,10.247
160855,6434.200,782,-0.49241,14.18018,1,27,48,0.672,9.343
160856,6434.240,782,-0.48527,14.11958,1,27,33,0.644,8.744
160857,6434.280,782,-0.48346,14.20637,1,27,32,2.229,29.433
160859,6434.360,782,-0.48965,13.88861,1,27,55,0.798,10.113
160860,6434.400,782,-0.48917,13.80697,1,28,47,0.710,10.675
160861,6434.440,782,-0.48915,13.73517,1,28,40,0.842,10.594
160862,6434.480,782,-0.48615,13.66760,1,28,52,0.882,10.476
160863,6434.520,782,-0.48415,13.57419,0,0,0,,
160864,6434.560,782,-0.48627,13.51439,0,0,0,,
160865,6434.600,782,-0.48536,13.42640,0,0,0,,
160866,6434.640,782,-0.50076,13.34175,0,0,0,,
160867,6434.680,782,-0.48934,13.28842,0,0,0,,
160868,6434.720,782,-0.49400,13.22608,0,0,0,,
160869,6434.760,782,-0.48863,13.14910,0,0,0,,
160870,6434.800,782,-0.49053,13.07623,0,0,0,,
160871,6434.840,782,-0.49045,13.01003,0,0,0,,
160872,6434.880,782,-0.49245,12.92579,0,0,0,,
160873,6434.920,782,-0.49722,12.85950,1,0,42,0.471,8.014
160874,6434.960,782,-0.48102,12.77756,1,0,34,0.258,7.877
160875,6435.000,782,-0.48952,12.71382,0,0,0,,
160876,6435.040,782,-0.48852,12.66903,0,0,0,,
160877,6435.080,782,-0.49301,12.56125,0,0,0,,
160878,6435.120,782,-0.49659,12.50543,0,0,0,,
160879,6435.160,782,-0.51468,12.44753,1,0,60,0.505,9.251
160880,6435.200,782,-0.51436,12.38279,1,0,59,0.667,8.861
160881,6435.240,782,-0.49527,12.31259,1,34,54,0.853,8.904
160882,6435.280,782,-0.49691,12.26227,1,32,46,0.884,10.507
160883,6435.320,782,-0.49542,12.20742,1,33,39,0.908,11.006
160884,6435.360,782,-0.49602,12.09399,1,35,57,0.842,8.132
160885,6435.400,782,-0.49797,12.05103,1,34,65,0.935,10.848
160886,6435.440,782,-0.49673,12.00675,1,33,54,0.776,11.949
160887,6435.480,782,-0.49630,11.88722,1,33,63,0.877,9.406
160888,6435.520,782,-0.50118,11.83684,1,34,59,0.929,9.640
160889,6435.560,782,-0.49795,11.76151,1,33,49,0.860,7.951
160890,6435.600,782,-0.50173,11.68543,1,33,65,0.798,7.992
160891,6435.640,782,-0.49813,11.63198,1,34,52,0.871,8.575
160892,6435.680,782,-0.49262,11.58000,1,33,60,1.014,10.727
160893,6435.720,782,-0.49603,11.49656,1,33,60,0.971,9.274
160894,6435.760,782,-0.49370,11.41773,1,33,64,0.859,9.271
160895,6435.800,782,-0.49995,11.34471,1,33,63,0.920,9.488
160896,6435.840,782,-0.49766,11.27022,1,33,58,0.803,7.890
160897,6435.880,782,-0.49268,11.21767,1,33,61,0.851,8.536
160898,6435.920,782,-0.49337,11.14618,1,33,68,0.828,8.759
160899,6435.960,782,-0.49051,11.07900,1,33,71,0.833,8.449
160900,6436.000,782,-0.48977,11.00474,1,34,72,0.669,7.053
160901,6436.040,782,-0.49202,10.94969,1,32,72,0.759,8.053
160902,6436.080,782,-0.49309,10.87763,1,32,57,0.816,8.595
160903,6436.120,782,-0.49233,10.80621,1,33,63,0.760,8.152
160904,6436.160,782,-0.48992,10.72867,1,33,52,0.605,8.668
160905,6436.200,782,-0.49266,10.66976,1,33,54,0.644,8.204
160906,6436.240,782,-0.48988,10.60547,1,33,54,0.665,8.481
160907,6436.280,782,-0.49324,10.54727,1,34,51,0.696,7.831
160908,6436.320,782,-0.48790,10.48703,1,35,57,0.690,7.814
160909,6436.360,782,-0.48657,10.40274,1,34,58,0.617,8.282
160910,6436.400,782,-0.48968,10.33997,1,33,57,0.734,7.977
160911,6436.440,782,-0.49172,10.27290,1,33,59,0.668,8.569
160912,6436.480,782,-0.49135,10.20364,1,34,62,0.695,8.519
160913,6436.520,782,-0.49197,10.14881,1,34,67,0.702,7.675
160914,6436.560,782,-0.49020,10.08259,1,34,72,0.802,8.202
160915,6436.600,782,-0.48971,10.01404,1,35,68,0.768,7.871
160916,6436.640,782,-0.49136,9.95630,1,34,72,0.837,7.904
160917,6436.680,782,-0.48964,9.87567,1,35,72,0.905,9.126
160918,6436.720,782,-0.48764,9.81142,1,35,72,0.741,8.550
160919,6436.760,782,-0.48421,9.75349,1,35,72,0.841,8.499
160920,6436.800,782,-0.48275,9.68532,1,37,69,0.913,9.023
160921,6436.840,782,-0.48227,9.62545,1,36,71,0.867,9.057
160922,6436.880,782,-0.48268,9.56058,1,38,72,0.894,9.229
160923,6436.920,782,-0.47897,9.49123,1,38,72,0.911,9.191
160924,6436.960,782,-0.48056,9.43008,1,37,72,1.082,9.980
160925,6437.000,782,-0.47932,9.36149,1,38,72,1.020,9.331
160926,6437.040,782,-0.48198,9.30697,1,37,62,1.081,9.901
160927,6437.080,782,-0.47636,9.23772,1,38,63,1.032,9.712
160928,6437.120,782,-0.47836,9.17768,1,40,69,1.030,9.613
160929,6437.160,782,-0.47626,9.11058,1,38,67,1.052,10.150
160930,6437.200,782,-0.47463,9.04977,1,37,72,1.050,9.781
160931,6437.240,782,-0.47822,8.98025,1,38,72,1.050,9.897
160932,6437.280,782,-0.47405,8.93027,1,39,72,1.226,11.071
160933,6437.320,782,-0.47337,8.84321,1,39,68,0.939,9.274
160934,6437.360,782,-0.47310,8.78694,1,37,67,0.992,9.531
160935,6437.400,782,-0.47485,8.73643,1,38,72,1.084,10.779
160936,6437.440,782,-0.47086,8.66798,1,39,72,1.093,9.747
160937,6437.480,782,-0.46935,8.60917,1,40,72,1.170,10.604
160938,6437.520,782,-0.47765,8.47838,0,441,0,101.009,
160939,6437.560,782,-0.47191,8.43608,0,441,0,102.799,
160941,6437.640,782,-0.47223,8.34079,0,330,0,71.639,
160945,6437.800,782,-0.46336,8.08497,1,29,64,2.275,10.734
160947,6437.880,782,-0.46295,7.94731,0,237,16,51.607,
165050,6602.000,800,0.21736,33.04418,1,25,0,0.367,8.793
165051,6602.040,800,0.22851,33.02723,0,225,0,29.955,
165053,6602.120,800,0.23749,32.88082,0,225,0,29.902,
165055,6602.200,800,0.22367,32.64897,0,234,0,29.756,
165056,6602.240,800,0.23310,32.42365,0,307,0,27.234,
165057,6602.280,800,0.24198,32.41509,0,194,0,31.448,
165058,6602.320,800,0.24811,32.45619,0,306,0,27.270,
165059,6602.360,800,0.24185,32.23066,0,319,0,27.399,
165060,6602.400,800,0.23378,32.24381,0,307,0,27.452,
165061,6602.440,800,0.25215,32.01588,0,306,0,27.538,
165062,6602.480,800,0.23570,32.00446,0,311,0,27.054,
165063,6602.520,800,0.23146,31.96754,0,198,0,31.313,
165064,6602.560,800,0.24573,31.76133,0,204,0,31.314,
165065,6602.600,800,0.24937,31.74762,0,333,0,27.722,
165066,6602.640,800,0.23536,31.55811,0,284,0,30.596,
165067,6602.680,800,0.26250,31.58643,0,255,0,28.256,
165068,6602.720,800,0.25086,31.34662,0,221,0,29.992,
165069,6602.760,800,0.25459,31.35252,0,246,0,28.149,
165070,6602.800,800,0.25218,31.15151,0,264,0,27.958,
165071,6602.840,800,0.27851,31.15412,0,213,0,31.018,
165073,6602.920,800,0.25872,30.76446,0,224,0,31.150,
165074,6602.960,800,0.26069,30.76772,0,212,0,31.092,
165075,6603.000,800,0.28080,30.55774,0,29,0,1.757,
165076,6603.040,800,0.27433,30.57353,0,254,0,30.061,
165077,6603.080,800,0.26627,30.50002,0,273,0,27.272,
165078,6603.120,800,0.28409,30.37276,0,354,0,27.859,
165079,6603.160,800,0.28915,30.38529,0,279,0,28.515,
165080,6603.200,800,0.27811,30.18901,0,259,0,29.472,
165081,6603.240,800,0.27738,30.19932,0,262,0,29.663,
165082,6603.280,800,0.27637,29.99405,0,265,0,26.736,
165083,6603.320,800,0.26969,29.96556,0,275,0,27.103,
165084,6603.360,800,0.29681,29.86434,0,235,0,30.511,
165085,6603.400,800,0.29079,29.67057,0,360,0,27.126,
165086,6603.440,800,0.30331,29.65253,0,257,0,29.936,
165087,6603.480,800,0.30663,29.66088,0,282,0,26.343,
165088,6603.520,800,0.30257,29.44791,0,29,0,1.846,
165089,6603.560,800,0.30833,29.24525,0,30,0,2.026,
165090,6603.600,800,0.31429,29.29515,0,29,0,1.815,
165091,6603.640,800,0.31005,29.25030,0,27,0,1.762,
165092,6603.680,800,0.31652,29.08002,0,237,0,30.534,
165093,6603.720,800,0.32073,28.91085,0,26,0,1.483,
165094,6603.760,800,0.33002,28.89233,0,27,0,1.481,
165095,6603.800,800,0.31051,28.77062,0,28,0,1.571,
165096,6603.840,800,0.30436,28.77039,0,28,0,1.669,
165097,6603.880,800,0.31499,28.57293,0,25,0,1.450,
165098,6603.920,800,0.33156,28.58968,0,26,0,1.417,
165099,6603.960,800,0.34052,28.40110,0,968,0,79.554,
165100,6604.000,800,0.34747,28.41343,0,984,0,80.424,
165101,6604.040,800,0.31556,28.20892,0,212,0,32.190,
165102,6604.080,800,0.32012,28.24087,0,0,0,,
165103,6604.120,800,0.31403,28.03411,0,0,0,,
165104,6604.160,800,0.34420,27.86202,0,0,0,,
165105,6604.200,800,0.34968,27.85923,0,0,0,,
165106,6604.240,800,0.34503,27.73198,0,0,0,,
165107,6604.280,800,0.35401,27.68790,0,0,0,,
165108,6604.320,800,0.34854,27.53136,0,0,0,,
165109,6604.360,800,0.33948,27.53148,0,0,0,,
165110,6604.400,800,0.31409,27.37221,0,0,0,,
165111,6604.440,800,0.32900,27.39147,0,0,0,,
165112,6604.480,800,0.33325,27.22767,0,0,0,,
165113,6604.520,800,0.33728,27.21255,0,0,0,,
165114,6604.560,800,0.32365,27.05293,0,0,0,,
165115,6604.600,800,0.35291,26.88032,0,0,0,,
165116,6604.640,800,0.33153,26.89306,0,0,0,,
165117,6604.680,800,0.32766,26.73319,0,0,0,,
165118,6604.720,800,0.32965,26.73074,0,0,0,,
165119,6604.760,800,0.33876,26.58465,0,0,0,,
165120,6604.800,800,0.33593,26.50088,0,0,0,,
165121,6604.840,800,0.35334,26.42183,0,79,0,11.623,
165122,6604.880,800,0.36826,26.26324,0,0,0,,
165123,6604.920,800,0.33996,26.24293,0,0,0,,
165124,6604.960,800,0.37582,26.10199,0,0,0,,
165125,6605.000,800,0.34417,26.10223,0,83,22,10.598,
165126,6605.040,800,0.35143,25.98715,0,0,0,,
165127,6605.080,800,0.34789,25.81256,0,0,0,,
165128,6605.120,800,0.35742,25.80791,0,0,0,,
165129,6605.160,800,0.36121,25.68870,0,0,0,,
165130,6605.200,800,0.35425,25.54504,0,0,0,,
165131,6605.240,800,0.36498,25.56139,0,0,0,,
165132,6605.280,800,0.35895,25.40807,0,0,0,,
165133,6605.320,800,0.35695,25.34105,0,0,0,,
165134,6605.360,800,0.37433,25.28447,1,31,0,0.698,8.793
165135,6605.400,800,0.36505,25.09211,1,30,0,0.716,15.098
165136,6605.440,800,0.38581,25.04136,1,30,0,0.840,22.206
165137,6605.480,800,0.38263,24.97397,1,30,41,0.621,12.979
165138,6605.520,800,0.39470,24.95611,1,30,29,0.593,14.159
165139,6605.560,800,0.38578,24.84628,1,30,48,0.511,11.629
165140,6605.600,800,0.39071,24.70662,1,30,0,0.869,12.498
165141,6605.640,800,0.39753,24.62358,1,32,0,0.885,15.021
165142,6605.680,800,0.38949,24.56864,1,31,29,0.649,13.521
165143,6605.720,800,0.37636,24.50834,1,33,61,0.607,15.381
165144,6605.760,800,0.39227,24.36004,1,32,0,0.795,15.332
165145,6605.800,800,0.39871,24.24134,1,33,0,0.898,14.905
165146,6605.840,800,0.39278,24.17111,1,33,0,0.841,12.938
165147,6605.880,800,0.39614,24.09565,1,32,0,0.672,8.793
165148,6605.920,800,0.40264,24.00678,1,32,0,0.873,8.793
165149,6605.960,800,0.39489,23.90995,1,34,25,0.762,13.424
165150,6606.000,800,0.39171,23.89460,1,32,0,0.775,8.793
165151,6606.040,800,0.39042,23.76050,1,36,0,0.823,8.793
165152,6606.080,800,0.39345,23.75399,1,34,0,0.782,8.793
165153,6606.120,800,0.38570,23.60516,1,34,0,0.883,8.793
165154,6606.160,800,0.39236,23.50276,1,34,25,0.633,9.313
165155,6606.200,800,0.38736,23.41578,1,36,0,0.852,8.793
165156,6606.240,800,0.39264,23.33437,1,34,0,0.841,8.793
165157,6606.280,800,0.39937,23.23887,1,36,0,0.879,8.793
165158,6606.320,800,0.39530,23.15879,1,37,0,0.733,8.793
165159,6606.360,800,0.39443,23.07321,1,21,0,0.885,8.793
165160,6606.400,800,0.40267,23.00971,1,40,0,0.771,8.793
165161,6606.440,800,0.38749,22.88366,1,22,0,0.846,8.793
165162,6606.480,800,0.40186,22.85146,1,21,0,0.858,8.793
165163,6606.520,800,0.40278,22.74648,1,21,0,0.946,8.793
165164,6606.560,800,0.38677,22.65925,1,38,0,0.903,8.793
165165,6606.600,800,0.40597,22.59945,1,21,0,0.853,8.793
165166,6606.640,800,0.39834,22.49518,1,21,0,0.749,8.793
165167,6606.680,800,0.38345,22.36333,1,21,0,0.898,8.793
165168,6606.720,800,0.40429,22.35905,1,23,0,0.860,8.793
165169,6606.760,800,0.39539,22.25375,1,21,0,0.842,8.793
165170,6606.800,800,0.39566,22.13742,1,22,0,0.877,8.793
165171,6606.840,800,0.38976,22.01167,1,21,0,0.932,8.793
165172,6606.880,800,0.40204,21.99617,1,22,0,0.853,8.793
165173,6606.920,800,0.39824,21.92571,1,21,0,0.897,8.793
165174,6606.960,800,0.39925,21.81929,1,23,0,0.920,8.793
165175,6607.000,800,0.40115,21.79785,1,22,0,0.794,8.793
165176,6607.040,800,0.40171,21.70229,1,22,0,0.864,8.793
165177,6607.080,800,0.40940,21.58516,1,22,0,1.037,8.793
165178,6607.120,800,0.39384,21.44287,1,23,0,0.953,8.793
165179,6607.160,800,0.39118,21.33478,1,22,0,0.950,8.793
165180,6607.200,800,0.40216,21.34149,1,21,0,0.878,8.793
165181,6607.240,800,0.39979,21.24965,1,23,0,0.891,8.793
165182,6607.280,800,0.39958,21.14495,1,22,0,0.882,8.793
165183,6607.320,800,0.41081,21.03112,1,21,37,0.812,16.539
165184,6607.360,800,0.41145,21.01679,1,22,0,0.862,8.793
165185,6607.400,800,0.39300,20.86936,1,22,36,0.743,16.274
165186,6607.440,800,0.40122,20.81765,1,22,0,0.929,8.793
165187,6607.480,800,0.41112,20.70993,1,22,39,0.696,15.482
165188,6607.520,800,0.39889,20.64152,1,21,0,0.835,8.793
165189,6607.560,800,0.39903,20.59849,1,22,0,0.871,13.155
165190,6607.600,800,0.39941,20.47352,1,39,43,0.666,14.265
165191,6607.640,800,0.40292,20.37054,1,21,0,0.938,15.082
165192,6607.680,800,0.39269,20.31666,1,38,0,0.887,8.793
165193,6607.720,800,0.40596,20.24165,1,21,43,0.696,12.499
165194,6607.760,800,0.40206,20.19517,1,21,0,0.931,13.709
165195,6607.800,800,0.40247,20.08238,1,21,0,0.962,8.793
165196,6607.840,800,0.40200,19.97251,1,39,47,0.705,11.616
165197,6607.880,800,0.39725,19.93027,1,39,34,0.777,12.405
165198,6607.920,800,0.39898,19.85137,1,36,0,0.872,8.793
165199,6607.960,800,0.40303,19.76249,1,40,39,0.735,8.450
165200,6608.000,800,0.39386,19.71987,1,38,0,0.771,9.389
165201,6608.040,800,0.38779,19.62033,1,39,44,0.603,11.141
165202,6608.080,800,0.40329,19.52564,1,39,0,0.776,8.793
165203,6608.120,800,0.39693,19.42336,1,39,33,0.710,9.149
165204,6608.160,800,0.39182,19.34826,1,40,0,0.883,8.793
165205,6608.200,800,0.39628,19.28885,1,38,29,0.783,8.733
165206,6608.240,800,0.39681,19.22272,1,37,0,0.786,8.793
165207,6608.280,800,0.39368,19.13083,1,39,0,0.768,8.793
165208,6608.320,800,0.39930,19.04325,1,38,0,0.887,8.793
165209,6608.360,800,0.39022,18.93116,1,40,28,0.757,6.290
165210,6608.400,800,0.39811,18.91613,1,39,0,0.819,8.793
165211,6608.440,800,0.39710,18.84210,1,21,0,0.701,6.035
165212,6608.480,800,0.39779,18.74296,1,39,0,0.906,8.793
165213,6608.520,800,0.39809,18.64804,1,40,26,0.666,11.482
165214,6608.560,800,0.39668,18.58556,1,40,42,0.616,9.127
165215,6608.600,800,0.39813,18.52007,1,22,0,0.873,13.037
165216,6608.640,800,0.39359,18.43218,1,22,0,1.009,8.793
165217,6608.680,800,0.40604,18.33946,1,22,0,1.016,8.793
165218,6608.720,800,0.39195,18.25953,1,22,46,0.601,8.697
165219,6608.760,800,0.39201,18.17819,1,22,44,0.663,11.955
165220,6608.800,800,0.39406,18.09449,1,24,40,0.659,9.085
165221,6608.840,800,0.39478,18.06976,1,22,0,0.887,8.793
165222,6608.880,800,0.38927,17.90687,1,24,51,0.808,10.440
165223,6608.920,800,0.38811,17.86434,1,23,46,0.724,10.910
165224,6608.960,800,0.38727,17.76386,1,24,46,0.726,10.498
165225,6609.000,800,0.38604,17.71076,1,25,51,0.768,13.305
165226,6609.040,800,0.39771,17.62877,1,24,38,0.762,11.192
165227,6609.080,800,0.39212,17.55454,1,25,44,0.797,13.998
165228,6609.120,800,0.38909,17.49341,1,21,0,0.930,8.793
165229,6609.160,800,0.38935,17.40713,1,27,42,0.770,13.312
165230,6609.200,800,0.38334,17.33395,1,26,41,0.682,12.512
165231,6609.240,800,0.39108,17.29109,1,26,0,0.994,13.280
165232,6609.280,800,0.38686,17.21295,1,26,0,0.972,8.793
165233,6609.320,800,0.38637,17.14055,1,27,0,0.962,17.644
165234,6609.360,800,0.38594,17.05646,1,26,0,0.828,13.595
165235,6609.400,800,0.38370,16.97695,1,28,0,0.916,8.793
165236,6609.440,800,0.38209,16.89864,1,27,0,1.004,8.793
165237,6609.480,800,0.38699,16.82616,1,28,0,0.961,13.991
165238,6609.520,800,0.38277,16.74541,1,28,0,0.858,8.793
165239,6609.560,800,0.37791,16.67400,1,28,0,1.036,8.793
165240,6609.600,800,0.38076,16.59582,1,29,0,0.917,8.793
165241,6609.640,800,0.37924,16.51740,1,29,0,1.016,8.793
165242,6609.680,800,0.37906,16.43260,1,29,0,0.973,8.793
165243,6609.720,800,0.37286,16.33489,1,29,29,0.890,12.680
165244,6609.760,800,0.37920,16.26276,1,28,24,0.788,12.397
165245,6609.800,800,0.37520,16.18541,1,29,25,0.817,12.188
165246,6609.840,800,0.37541,16.11715,1,30,23,0.828,12.083
165247,6609.880,800,0.37241,16.04025,1,29,30,0.905,13.391
165248,6609.920,800,0.36627,15.95487,1,28,31,0.860,12.640
165249,6609.960,800,0.37272,15.87952,1,30,29,0.831,11.743
165250,6610.000,800,0.36938,15.80385,1,29,25,0.843,10.977
165251,6610.040,800,0.36611,15.73457,1,29,32,0.866,12.523
165252,6610.080,800,0.36945,15.64628,1,29,35,0.834,13.273
165253,6610.120,800,0.36956,15.58528,1,31,43,0.757,13.974
165254,6610.160,800,0.36254,15.51733,1,29,30,0.666,13.571
165255,6610.200,800,0.36130,15.43722,1,29,46,0.768,14.000
165256,6610.240,800,0.36047,15.36774,1,31,47,0.814,15.214
165257,6610.280,800,0.37183,15.30074,1,29,42,0.685,15.589
165258,6610.320,800,0.36036,15.21181,1,29,49,0.829,14.659
165259,6610.360,800,0.35781,15.13347,1,28,45,0.868,14.206
165260,6610.400,800,0.35560,15.06048,1,30,48,0.859,14.603
165261,6610.440,800,0.35739,14.99050,1,31,47,0.825,14.840
165262,6610.480,800,0.35404,14.92450,1,29,51,0.757,15.400
165263,6610.520,800,0.35359,14.84407,1,29,49,0.847,14.826
165264,6610.560,800,0.35078,14.76147,1,29,49,0.725,16.171
165265,6610.600,800,0.35339,14.70039,1,30,49,0.793,15.765
165266,6610.640,800,0.36464,14.62720,1,28,47,0.620,17.148
165267,6610.680,800,0.35397,14.55748,1,26,52,0.691,16.637
165268,6610.720,800,0.34505,14.48536,1,28,54,0.724,16.769
165269,6610.760,800,0.34622,14.40491,1,28,60,0.839,16.138
165270,6610.800,800,0.34615,14.32807,1,27,64,0.717,15.897
165271,6610.840,800,0.34054,14.25857,1,27,65,0.678,16.977
165272,6610.880,800,0.34294,14.18646,1,27,63,0.724,15.379
165273,6610.920,800,0.34180,14.09674,1,25,69,0.926,13.068
165274,6610.960,800,0.33730,14.02284,1,25,72,0.923,13.173
165275,6611.000,800,0.33589,13.93849,1,27,72,0.898,12.680
165276,6611.040,800,0.33196,13.86674,1,26,72,0.843,13.219
165277,6611.080,800,0.33270,13.80883,1,26,70,0.894,12.657
165278,6611.120,800,0.32825,13.72744,1,27,67,0.862,13.277
165279,6611.160,800,0.32712,13.63608,1,26,72,0.874,11.913
165280,6611.200,800,0.32938,13.58671,1,26,62,0.795,14.222
165281,6611.240,800,0.32776,13.50371,1,26,61,0.767,14.316
165282,6611.280,800,0.32374,13.43507,1,27,61,0.825,12.469
165283,6611.320,800,0.31959,13.34341,1,28,72,0.805,11.233
165284,6611.360,800,0.32693,13.28527,1,25,61,0.700,13.334
165285,6611.400,800,0.32467,13.19903,1,27,72,0.702,11.113
165286,6611.440,800,0.31890,13.13669,1,27,72,0.813,11.208
165287,6611.480,800,0.31549,13.06173,1,29,67,0.862,11.367
165288,6611.520,800,0.31270,12.99161,1,26,72,0.869,11.080
165289,6611.560,800,0.31842,12.92435,1,27,72,0.819,11.253
165290,6611.600,800,0.31208,12.85954,1,27,63,0.928,11.865
165291,6611.640,800,0.31046,12.79397,1,27,72,0.943,12.045
165292,6611.680,800,0.31221,12.72898,1,28,71,0.939,12.201
165293,6611.720,800,0.31244,12.65373,1,28,72,0.940,12.225
165294,6611.760,800,0.30879,12.58432,1,28,72,0.972,12.476
165295,6611.800,800,0.30513,12.52306,1,28,72,0.975,12.701
165296,6611.840,800,0.30610,12.45826,1,29,72,1.023,13.167
165297,6611.880,800,0.30449,12.38428,1,28,72,1.012,12.935
165298,6611.920,800,0.30054,12.32444,1,29,72,1.043,13.162
165299,6611.960,800,0.30595,12.24828,1,29,72,0.959,13.202
165300,6612.000,800,0.30077,12.18714,1,29,72,0.955,13.277
165301,6612.040,800,0.29799,12.11766,1,30,72,1.044,13.170
165302,6612.080,800,0.29448,12.04053,1,29,72,0.980,13.158
165303,6612.120,800,0.29548,11.97732,1,30,69,0.911,14.190
165304,6612.160,800,0.29521,11.91396,1,29,70,0.842,14.730
165305,6612.200,800,0.29527,11.85297,1,31,72,0.848,14.752
165306,6612.240,800,0.29113,11.78966,1,34,67,0.858,14.964
165307,6612.280,800,0.28673,11.71934,1,36,67,0.840,14.595
165308,6612.320,800,0.28491,11.64685,1,35,67,0.747,15.500
165309,6612.360,800,0.28017,11.58143,1,35,65,0.779,15.491
165310,6612.400,800,0.28791,11.51263,1,36,67,0.796,15.228
165311,6612.440,800,0.28086,11.44354,1,37,60,0.789,14.857
165312,6612.480,800,0.27886,11.38593,1,35,65,0.862,15.612
165313,6612.520,800,0.27594,11.31182,1,36,64,0.908,14.227
165314,6612.560,800,0.27596,11.24892,1,38,67,0.840,14.911
165315,6612.600,800,0.27593,11.18296,1,37,65,0.924,14.566
165316,6612.640,800,0.27293,11.10672,1,39,66,0.855,14.843
165317,6612.680,800,0.26886,11.02519,1,39,59,1.063,12.967
165318,6612.720,800,0.27173,10.97228,1,38,60,0.892,14.304
165319,6612.760,800,0.26334,10.91796,1,40,65,0.818,15.050
165320,6612.800,800,0.26664,10.84859,1,40,61,0.917,14.719
165321,6612.840,800,0.26384,10.77181,1,32,62,0.813,15.531
165322,6612.880,800,0.26121,10.72000,1,41,66,0.911,15.733
165323,6612.920,800,0.25834,10.64144,1,31,64,0.835,15.088
165324,6612.960,800,0.25953,10.58538,1,40,67,0.909,14.590
165325,6613.000,800,0.26088,10.50403,1,40,60,0.831,15.423
165326,6613.040,800,0.26055,10.44830,1,41,62,0.919,15.053
165327,6613.080,800,0.25224,10.37250,1,39,60,0.784,15.690
165328,6613.120,800,0.24947,10.31505,1,39,60,0.908,15.395
165329,6613.160,800,0.24945,10.24388,1,39,64,0.826,15.099
165330,6613.200,800,0.24725,10.18453,1,42,65,0.951,14.780
165331,6613.240,800,0.24487,10.11244,1,35,67,0.851,14.776
165332,6613.280,800,0.24422,10.04747,1,42,67,1.079,13.298
165333,6613.320,800,0.24479,9.96351,1,39,69,1.154,12.404
165334,6613.360,800,0.24343,9.91421,1,40,65,1.132,12.622
165335,6613.400,800,0.23878,9.85404,1,43,64,1.035,13.445
165336,6613.440,800,0.23624,9.78000,1,41,66,1.083,13.511
165337,6613.480,800,0.23668,9.71946,1,42,65,0.998,14.313
165338,6613.520,800,0.23367,9.63979,1,40,68,1.219,12.118
165339,6613.560,800,0.23015,9.58271,1,34,66,0.920,14.156
165340,6613.600,800,0.22907,9.50607,1,36,70,1.246,11.835
165341,6613.640,800,0.22650,9.44247,1,39,68,1.141,12.588
165342,6613.680,800,0.22442,9.37391,1,38,67,1.292,12.221
165343,6613.720,800,0.22428,9.30637,1,41,71,1.359,12.159
165344,6613.760,800,0.21836,9.24482,1,41,68,1.254,11.928
165345,6613.800,800,0.21939,9.17714,1,38,70,1.322,12.045
165346,6613.840,800,0.21593,9.11055,1,39,69,1.279,11.515
165347,6613.880,800,0.21494,9.04992,1,40,68,1.325,11.452
165348,6613.920,800,0.21291,8.98974,1,43,67,1.340,11.657
165349,6613.960,800,0.20889,8.90999,1,38,72,1.215,10.259
165350,6614.000,800,0.20739,8.83803,1,41,72,1.171,9.622
165351,6614.040,800,0.20605,8.78638,1,39,69,1.329,10.803
165352,6614.080,800,0.20025,8.72015,1,43,66,1.350,10.334
165353,6614.120,800,0.20258,8.65092,1,40,68,1.175,9.822
165354,6614.160,800,0.19721,8.58312,1,41,72,1.102,9.436
165355,6614.200,800,0.19500,8.47048,0,140,0,23.188,
165356,6614.240,800,0.19872,8.42886,0,131,0,22.861,
165357,6614.280,800,0.19241,8.36926,0,131,0,23.610,
165359,6614.360,800,0.16922,8.09224,1,208,0,41.908,19.486
165360,6614.400,800,0.13988,8.08264,1,215,0,42.846,12.777
165361,6614.440,800,0.18429,8.11462,0,124,0,23.210,
165362,6614.480,800,0.18302,8.03920,1,32,59,2.233,9.666
165363,6614.520,800,0.18030,7.98573,1,35,62,1.777,9.204
